date,currency,tenor,floating_rate,rate
2025-11-13,AUD,4Y,6M BBSW,4.1225
2025-11-12,AUD,4Y,6M BBSW,3.892217042182323
2025-11-11,AUD,4Y,6M BBSW,3.871488729935296
2025-11-10,AUD,4Y,6M BBSW,3.86832438393256
2025-11-07,AUD,4Y,6M BBSW,3.827041206381641
2025-11-06,AUD,4Y,6M BBSW,3.819979320059688
2025-11-05,AUD,4Y,6M BBSW,3.845655473168202
2025-11-04,AUD,4Y,6M BBSW,3.833856045889873
2025-11-03,AUD,4Y,6M BBSW,3.847051838260436
2025-10-31,AUD,4Y,6M BBSW,3.817786347625142
2025-10-30,AUD,4Y,6M BBSW,3.808224413592221
2025-10-29,AUD,4Y,6M BBSW,3.825320790892729
2025-10-28,AUD,4Y,6M BBSW,3.668026756878195
2025-10-27,AUD,4Y,6M BBSW,3.655582281358334
2025-10-24,AUD,4Y,6M BBSW,3.598294753202016
2025-10-23,AUD,4Y,6M BBSW,3.611372436932209
2025-10-22,AUD,4Y,6M BBSW,3.565443667662182
2025-10-21,AUD,4Y,6M BBSW,3.590447709195344
2025-10-20,AUD,4Y,6M BBSW,3.555764024711209
2025-10-17,AUD,4Y,6M BBSW,3.580612106127878
2025-10-16,AUD,4Y,6M BBSW,3.554755332226839
2025-10-15,AUD,4Y,6M BBSW,3.679096992549582
2025-10-14,AUD,4Y,6M BBSW,3.690546696310616
2025-10-13,AUD,4Y,6M BBSW,3.6971758991977
2025-10-10,AUD,4Y,6M BBSW,3.752831240509058
2025-10-09,AUD,4Y,6M BBSW,3.769617301695195
2025-10-08,AUD,4Y,6M BBSW,3.719747967201361
2025-10-07,AUD,4Y,6M BBSW,3.722911951729214
2025-10-03,AUD,4Y,6M BBSW,3.713192856044162
2025-10-02,AUD,4Y,6M BBSW,3.704702533187362
2025-10-01,AUD,4Y,6M BBSW,3.72335925775929
2025-09-30,AUD,4Y,6M BBSW,3.758643806704479
2025-09-29,AUD,4Y,6M BBSW,3.710865780779132
2025-09-26,AUD,4Y,6M BBSW,3.740828380017413
2025-09-25,AUD,4Y,6M BBSW,3.754578325185989
2025-09-24,AUD,4Y,6M BBSW,3.70046974425525
2025-09-23,AUD,4Y,6M BBSW,3.600738659931126
2025-09-22,AUD,4Y,6M BBSW,3.627369942390206
2025-09-19,AUD,4Y,6M BBSW,3.60003966153588
2025-09-18,AUD,4Y,6M BBSW,3.590032781330676
2025-09-17,AUD,4Y,6M BBSW,3.590321323734151
2025-09-16,AUD,4Y,6M BBSW,3.574875495697327
2025-09-15,AUD,4Y,6M BBSW,3.587293516611918
2025-09-12,AUD,4Y,6M BBSW,3.603813963080075
2025-09-11,AUD,4Y,6M BBSW,3.566929901854384
2025-09-10,AUD,4Y,6M BBSW,3.560753832671086
2025-09-09,AUD,4Y,6M BBSW,3.600214785763217
2025-09-08,AUD,4Y,6M BBSW,3.557920836429296
2025-09-05,AUD,4Y,6M BBSW,3.563645230365239
2025-09-04,AUD,4Y,6M BBSW,3.614847061450436
2025-09-03,AUD,4Y,6M BBSW,3.632838824139007
2025-09-02,AUD,4Y,6M BBSW,3.58439328456268
2025-09-01,AUD,4Y,6M BBSW,3.581059994935093
2025-08-29,AUD,4Y,6M BBSW,3.527921518921508
2025-08-28,AUD,4Y,6M BBSW,3.519475153824297
2025-08-27,AUD,4Y,6M BBSW,3.537621661185304
2025-08-26,AUD,4Y,6M BBSW,3.53983273242928
2025-08-25,AUD,4Y,6M BBSW,3.535667230588268
2025-08-22,AUD,4Y,6M BBSW,3.545209737194638
2025-08-21,AUD,4Y,6M BBSW,3.553976253923024
2025-08-20,AUD,4Y,6M BBSW,3.519278776384552
2025-08-19,AUD,4Y,6M BBSW,3.556594665383689
2025-08-18,AUD,4Y,6M BBSW,3.541028623619172
2025-08-15,AUD,4Y,6M BBSW,3.503841450148441
2025-08-14,AUD,4Y,6M BBSW,3.513676573422048
2025-08-13,AUD,4Y,6M BBSW,3.47364684986399
2025-08-12,AUD,4Y,6M BBSW,3.519465732700237
2025-08-11,AUD,4Y,6M BBSW,3.556606718273166
2025-08-08,AUD,4Y,6M BBSW,3.553790567991118
2025-08-07,AUD,4Y,6M BBSW,3.543205232739994
2025-08-06,AUD,4Y,6M BBSW,3.524185292598569
2025-08-05,AUD,4Y,6M BBSW,3.51371250160363
2025-08-01,AUD,4Y,6M BBSW,3.489034196414551
2025-07-31,AUD,4Y,6M BBSW,3.582011774578845
2025-07-30,AUD,4Y,6M BBSW,3.56673632586207
2025-07-29,AUD,4Y,6M BBSW,3.578651413669578
2025-07-28,AUD,4Y,6M BBSW,3.610893809065454
2025-07-25,AUD,4Y,6M BBSW,3.614686354304028
2025-07-24,AUD,4Y,6M BBSW,3.6185186580231
2025-07-23,AUD,4Y,6M BBSW,3.569459927477704
2025-07-22,AUD,4Y,6M BBSW,3.54060662944942
2025-07-21,AUD,4Y,6M BBSW,3.535868026550745
2025-07-18,AUD,4Y,6M BBSW,3.560526439097864
2025-07-17,AUD,4Y,6M BBSW,3.54188572946835
2025-07-16,AUD,4Y,6M BBSW,3.626602241552064
2025-07-15,AUD,4Y,6M BBSW,3.665623088129707
2025-07-14,AUD,4Y,6M BBSW,3.606837578734871
2025-07-11,AUD,4Y,6M BBSW,3.610841605511053
2025-07-10,AUD,4Y,6M BBSW,3.587532704508217
2025-07-09,AUD,4Y,6M BBSW,3.558906550871986
2025-07-08,AUD,4Y,6M BBSW,3.57757138483543
2025-07-07,AUD,4Y,6M BBSW,3.488042077591644
2025-07-04,AUD,4Y,6M BBSW,3.465363563502741
2025-07-03,AUD,4Y,6M BBSW,3.493776944838691
2025-07-02,AUD,4Y,6M BBSW,3.45729838325419
2025-07-01,AUD,4Y,6M BBSW,3.431526065601211
2025-06-30,AUD,4Y,6M BBSW,3.434501316352557
2025-06-27,AUD,4Y,6M BBSW,3.445728119829354
2025-06-26,AUD,4Y,6M BBSW,3.418215024943739
2025-06-25,AUD,4Y,6M BBSW,3.427365444287586
2025-06-24,AUD,4Y,6M BBSW,3.44023156042125
2025-06-23,AUD,4Y,6M BBSW,3.482224336177822
2025-06-20,AUD,4Y,6M BBSW,3.494613815879754
2025-06-19,AUD,4Y,6M BBSW,3.499738725567489
2025-06-18,AUD,4Y,6M BBSW,3.537653526082601
2025-06-17,AUD,4Y,6M BBSW,3.504344518426485
2025-06-16,AUD,4Y,6M BBSW,3.521561112461303
2025-06-13,AUD,4Y,6M BBSW,3.488778704643226
2025-06-12,AUD,4Y,6M BBSW,3.45751913671677
2025-06-11,AUD,4Y,6M BBSW,3.507907804593364
2025-06-10,AUD,4Y,6M BBSW,3.549075517650722
2025-06-06,AUD,4Y,6M BBSW,3.587332702209452
2025-06-05,AUD,4Y,6M BBSW,3.522846200548287
2025-06-04,AUD,4Y,6M BBSW,3.455732952806326
2025-06-03,AUD,4Y,6M BBSW,3.4678965205621
2025-06-02,AUD,4Y,6M BBSW,3.514896648383211
2025-05-30,AUD,4Y,6M BBSW,3.484401842916757
2025-05-29,AUD,4Y,6M BBSW,3.526105626614731
2025-05-28,AUD,4Y,6M BBSW,3.607798888441699
2025-05-27,AUD,4Y,6M BBSW,3.512789131717435
2025-05-26,AUD,4Y,6M BBSW,3.542812968343137
2025-05-23,AUD,4Y,6M BBSW,3.573614378895849
2025-05-22,AUD,4Y,6M BBSW,3.600284300091636
2025-05-21,AUD,4Y,6M BBSW,3.66123107945837
2025-05-20,AUD,4Y,6M BBSW,3.594494783344711
2025-05-19,AUD,4Y,6M BBSW,3.738574595666708
2025-05-16,AUD,4Y,6M BBSW,3.758760544172392
2025-05-15,AUD,4Y,6M BBSW,3.715277743057252
2025-05-14,AUD,4Y,6M BBSW,3.772052386125815
2025-05-13,AUD,4Y,6M BBSW,3.728233128693252
2025-05-12,AUD,4Y,6M BBSW,3.688217496143275
2025-05-09,AUD,4Y,6M BBSW,3.529402311237346
2025-05-08,AUD,4Y,6M BBSW,3.539898063415409
2025-05-07,AUD,4Y,6M BBSW,3.466326281764329
2025-05-06,AUD,4Y,6M BBSW,3.531272244055363
2025-05-05,AUD,4Y,6M BBSW,3.532041270508657
2025-05-02,AUD,4Y,6M BBSW,3.515438845277134
2025-05-01,AUD,4Y,6M BBSW,3.461081415029278
2025-04-30,AUD,4Y,6M BBSW,3.428611110010035
2025-04-29,AUD,4Y,6M BBSW,3.432608874788225
2025-04-28,AUD,4Y,6M BBSW,3.428374863374785
2025-04-24,AUD,4Y,6M BBSW,3.486937840802446
2025-04-23,AUD,4Y,6M BBSW,3.56203321742001
2025-04-22,AUD,4Y,6M BBSW,3.490129881226308
2025-04-17,AUD,4Y,6M BBSW,3.486001944962347
2025-04-16,AUD,4Y,6M BBSW,3.503982796928934
2025-04-15,AUD,4Y,6M BBSW,3.559934327035798
2025-04-14,AUD,4Y,6M BBSW,3.567596477542565
2025-04-11,AUD,4Y,6M BBSW,3.686539169955891
2025-04-10,AUD,4Y,6M BBSW,3.508111115661471
2025-04-09,AUD,4Y,6M BBSW,3.562633612999377
2025-04-08,AUD,4Y,6M BBSW,3.472768255181922
2025-04-07,AUD,4Y,6M BBSW,3.635272150463134
2025-04-04,AUD,4Y,6M BBSW,3.521492058687618
2025-03-28,AUD,4Y,6M BBSW,3.838300003574424
2025-03-27,AUD,4Y,6M BBSW,3.889866740969226
2025-03-26,AUD,4Y,6M BBSW,3.893654850424358
2025-03-25,AUD,4Y,6M BBSW,3.90144069130943
2025-03-24,AUD,4Y,6M BBSW,3.860069527450233
2025-03-21,AUD,4Y,6M BBSW,3.851274599878125
2025-03-20,AUD,4Y,6M BBSW,3.867905268764808
2025-03-19,AUD,4Y,6M BBSW,3.876624694011957
2025-03-18,AUD,4Y,6M BBSW,3.89052577280445
2025-03-17,AUD,4Y,6M BBSW,3.875422293173413
2025-03-14,AUD,4Y,6M BBSW,3.893434140943157
2025-03-13,AUD,4Y,6M BBSW,3.863820974130736
2025-03-12,AUD,4Y,6M BBSW,3.901176645604457
2025-03-11,AUD,4Y,6M BBSW,3.881142305866078
2025-03-10,AUD,4Y,6M BBSW,3.841669613413107
2025-03-07,AUD,4Y,6M BBSW,3.901479266833997
2025-03-06,AUD,4Y,6M BBSW,3.925666287432922
2025-03-05,AUD,4Y,6M BBSW,3.954961058384113
2025-03-04,AUD,4Y,6M BBSW,3.891126269543905
2025-03-03,AUD,4Y,6M BBSW,3.830926180031891
2025-02-28,AUD,4Y,6M BBSW,3.878552041920479
2025-02-27,AUD,4Y,6M BBSW,3.886863525073912
2025-02-26,AUD,4Y,6M BBSW,3.904516090402291
2025-02-25,AUD,4Y,6M BBSW,3.93037882991703
2025-02-24,AUD,4Y,6M BBSW,3.969369933247054
2025-02-21,AUD,4Y,6M BBSW,4.038686097395529
2025-02-20,AUD,4Y,6M BBSW,4.076124091570757
2025-02-19,AUD,4Y,6M BBSW,4.067276412459645
2025-02-18,AUD,4Y,6M BBSW,4.088848199375069
2025-02-17,AUD,4Y,6M BBSW,4.001101198991832
2025-02-14,AUD,4Y,6M BBSW,3.969630892487676
2025-02-13,AUD,4Y,6M BBSW,3.969019108399122
2025-02-12,AUD,4Y,6M BBSW,4.068371254569677
2025-02-11,AUD,4Y,6M BBSW,3.997163702505186
2025-02-10,AUD,4Y,6M BBSW,3.929340493808135
2025-02-07,AUD,4Y,6M BBSW,3.946813335623241
2025-02-06,AUD,4Y,6M BBSW,3.882189398309958
2025-02-05,AUD,4Y,6M BBSW,3.853395707274372
2025-02-04,AUD,4Y,6M BBSW,3.958518381210349
2025-02-03,AUD,4Y,6M BBSW,3.957637337245491
2025-01-31,AUD,4Y,6M BBSW,3.924174892583032
2025-01-30,AUD,4Y,6M BBSW,3.933254984961881
2025-01-29,AUD,4Y,6M BBSW,3.937290095381841
2025-01-28,AUD,4Y,6M BBSW,3.985796468344176
2025-01-24,AUD,4Y,6M BBSW,4.024702425385761
2025-01-23,AUD,4Y,6M BBSW,4.056147908895285
2025-01-22,AUD,4Y,6M BBSW,4.068955584376973
2025-01-21,AUD,4Y,6M BBSW,4.047247836041054
2025-01-20,AUD,4Y,6M BBSW,4.036965993106167
2025-01-17,AUD,4Y,6M BBSW,4.104870135354314
2025-01-16,AUD,4Y,6M BBSW,4.086786918473974
2025-01-15,AUD,4Y,6M BBSW,4.084088216805222
2025-01-14,AUD,4Y,6M BBSW,4.190414671323304
2025-01-13,AUD,4Y,6M BBSW,4.171577660291582
2025-01-10,AUD,4Y,6M BBSW,4.125680758592941
2025-01-09,AUD,4Y,6M BBSW,4.024565984284236
2025-01-08,AUD,4Y,6M BBSW,4.075940631086006
2025-01-07,AUD,4Y,6M BBSW,4.11011214361479
2025-01-06,AUD,4Y,6M BBSW,4.027380039310629
2025-01-03,AUD,4Y,6M BBSW,3.974891448908938
2025-01-02,AUD,4Y,6M BBSW,3.967631533894634
2024-12-31,AUD,4Y,6M BBSW,3.940922188014624
2024-12-30,AUD,4Y,6M BBSW,3.965372905754785
2024-12-27,AUD,4Y,6M BBSW,3.972373634917756
2024-12-24,AUD,4Y,6M BBSW,4.038619643356559
2024-12-23,AUD,4Y,6M BBSW,4.039336757742127
2024-12-20,AUD,4Y,6M BBSW,4.067432836612944
2024-12-19,AUD,4Y,6M BBSW,4.103206559966312
2024-12-18,AUD,4Y,6M BBSW,4.014485775841969
2024-12-17,AUD,4Y,6M BBSW,3.948359225315365
2024-12-16,AUD,4Y,6M BBSW,3.969470505777587
2024-12-13,AUD,4Y,6M BBSW,3.998834902344952
2024-12-12,AUD,4Y,6M BBSW,3.977286779557442
2024-12-11,AUD,4Y,6M BBSW,3.85254939012261
2024-12-10,AUD,4Y,6M BBSW,3.855263849038958
2024-12-09,AUD,4Y,6M BBSW,3.955518410868625
2024-12-06,AUD,4Y,6M BBSW,3.942309474310266
2024-12-05,AUD,4Y,6M BBSW,3.975403746741113
2024-12-04,AUD,4Y,6M BBSW,3.930749098513146
2024-12-03,AUD,4Y,6M BBSW,4.073852873363794
2024-12-02,AUD,4Y,6M BBSW,4.034552334697601
2024-11-29,AUD,4Y,6M BBSW,4.038392429901625
2024-11-28,AUD,4Y,6M BBSW,4.08339896143754
2024-11-27,AUD,4Y,6M BBSW,4.095547798977324
2024-11-26,AUD,4Y,6M BBSW,4.12187102373393
2024-11-25,AUD,4Y,6M BBSW,4.126296787932582
2024-11-22,AUD,4Y,6M BBSW,4.182480203590659
2024-11-21,AUD,4Y,6M BBSW,4.219446858823464
2024-11-20,AUD,4Y,6M BBSW,4.201118259641499
2024-11-19,AUD,4Y,6M BBSW,4.180310010023939
2024-11-18,AUD,4Y,6M BBSW,4.170842820811065
2024-11-15,AUD,4Y,6M BBSW,4.220975206075273
2024-11-14,AUD,4Y,6M BBSW,4.287905126276209
2024-11-13,AUD,4Y,6M BBSW,4.304002359766216
2024-11-12,AUD,4Y,6M BBSW,4.30948976554751
2024-11-11,AUD,4Y,6M BBSW,4.227199580506176
2024-11-08,AUD,4Y,6M BBSW,4.179771220185448
2024-11-07,AUD,4Y,6M BBSW,4.206129111275197
2024-11-06,AUD,4Y,6M BBSW,4.244227492243543
2024-11-05,AUD,4Y,6M BBSW,4.215840711840791
2024-11-04,AUD,4Y,6M BBSW,4.178847627138469
2024-11-01,AUD,4Y,6M BBSW,4.200633195407324
2024-10-31,AUD,4Y,6M BBSW,4.208190637279251
2024-10-30,AUD,4Y,6M BBSW,4.200735793077451
2024-10-29,AUD,4Y,6M BBSW,4.115146298835244
2024-10-28,AUD,4Y,6M BBSW,4.098869259601782
2024-10-24,AUD,4Y,6M BBSW,4.070020016448288
2024-10-23,AUD,4Y,6M BBSW,4.131864466445704
2024-10-22,AUD,4Y,6M BBSW,4.11337396052947
2024-10-21,AUD,4Y,6M BBSW,4.050067178333096
2024-10-17,AUD,4Y,6M BBSW,4.01205643695499
2024-10-16,AUD,4Y,6M BBSW,3.894395984367996
2024-10-15,AUD,4Y,6M BBSW,3.921401747101025
2024-10-14,AUD,4Y,6M BBSW,3.950089844248503
2024-10-11,AUD,4Y,6M BBSW,3.941482165845008
2024-10-10,AUD,4Y,6M BBSW,3.925584685999047
2024-10-09,AUD,4Y,6M BBSW,3.934713411121613
2024-10-08,AUD,4Y,6M BBSW,3.896916631236679
2024-10-04,AUD,4Y,6M BBSW,3.875106446008257
2024-10-03,AUD,4Y,6M BBSW,3.751972716262051
2024-10-02,AUD,4Y,6M BBSW,3.706594900923677
2024-10-01,AUD,4Y,6M BBSW,3.679328731249215
2024-09-30,AUD,4Y,6M BBSW,3.706311568148815
2024-09-27,AUD,4Y,6M BBSW,3.642645555579157
2024-09-26,AUD,4Y,6M BBSW,3.654309401232037
2024-09-25,AUD,4Y,6M BBSW,3.613076933729265
2024-09-24,AUD,4Y,6M BBSW,3.577441308849086
2024-09-23,AUD,4Y,6M BBSW,3.667310211680253
2024-09-20,AUD,4Y,6M BBSW,3.653125988348451
2024-09-19,AUD,4Y,6M BBSW,3.646109862473753
2024-09-18,AUD,4Y,6M BBSW,3.60947989632088
2024-09-17,AUD,4Y,6M BBSW,3.566258952262906
2024-09-16,AUD,4Y,6M BBSW,3.51449400004994
2024-09-13,AUD,4Y,6M BBSW,3.551587713673693
2024-09-12,AUD,4Y,6M BBSW,3.590757356685334
2024-09-11,AUD,4Y,6M BBSW,3.619362141936914
2024-09-10,AUD,4Y,6M BBSW,3.607820959927377
2024-09-09,AUD,4Y,6M BBSW,3.658150395493728
2024-09-06,AUD,4Y,6M BBSW,3.650545009707266
2024-09-05,AUD,4Y,6M BBSW,3.696394153122595
2024-09-04,AUD,4Y,6M BBSW,3.6463288272797
2024-09-03,AUD,4Y,6M BBSW,3.707060691252241
2024-09-02,AUD,4Y,6M BBSW,3.782022074373072
2024-08-30,AUD,4Y,6M BBSW,3.739893066999231
2024-08-29,AUD,4Y,6M BBSW,3.707236633290334
2024-08-27,AUD,4Y,6M BBSW,3.64115011599381
2024-08-26,AUD,4Y,6M BBSW,3.630365861319011
2024-08-23,AUD,4Y,6M BBSW,3.671815080048069
2024-08-22,AUD,4Y,6M BBSW,3.710764961586066
2024-08-21,AUD,4Y,6M BBSW,3.678090267311782
2024-08-20,AUD,4Y,6M BBSW,3.688931668648463
2024-08-19,AUD,4Y,6M BBSW,3.731661721063399
2024-08-16,AUD,4Y,6M BBSW,3.735184417274992
2024-08-15,AUD,4Y,6M BBSW,3.770212375563346
2024-08-14,AUD,4Y,6M BBSW,3.66523766740746
2024-08-13,AUD,4Y,6M BBSW,3.728614532808382
2024-08-12,AUD,4Y,6M BBSW,3.783154626380012
2024-08-09,AUD,4Y,6M BBSW,3.812242814893763
2024-08-08,AUD,4Y,6M BBSW,3.86536951023628
2024-08-07,AUD,4Y,6M BBSW,3.837815288923182
2024-08-06,AUD,4Y,6M BBSW,3.846586370588186
2024-08-02,AUD,4Y,6M BBSW,3.72706321848537
2024-08-01,AUD,4Y,6M BBSW,3.830834705575885
2024-07-31,AUD,4Y,6M BBSW,3.890678903020887
2024-07-30,AUD,4Y,6M BBSW,4.124846843366097
2024-07-29,AUD,4Y,6M BBSW,4.159386847799107
2024-07-26,AUD,4Y,6M BBSW,4.114667287346734
2024-07-24,AUD,4Y,6M BBSW,4.200781795140172
2024-07-23,AUD,4Y,6M BBSW,4.213763886300018
2024-07-22,AUD,4Y,6M BBSW,4.184377226995728
2024-07-19,AUD,4Y,6M BBSW,4.193706989733863
2024-07-18,AUD,4Y,6M BBSW,4.14836801471792
2024-07-17,AUD,4Y,6M BBSW,4.103279539549231
2024-07-16,AUD,4Y,6M BBSW,4.115259744574935
2024-07-15,AUD,4Y,6M BBSW,4.194558719336763
2024-07-12,AUD,4Y,6M BBSW,4.226416210554613
2024-07-11,AUD,4Y,6M BBSW,4.272172750575774
2024-07-10,AUD,4Y,6M BBSW,4.296214763838078
2024-07-09,AUD,4Y,6M BBSW,4.308937433101437
2024-07-08,AUD,4Y,6M BBSW,4.308750092770684
2024-07-05,AUD,4Y,6M BBSW,4.312304354643727
2024-07-04,AUD,4Y,6M BBSW,4.370580736503365
2024-07-03,AUD,4Y,6M BBSW,4.339808689445057
2024-07-02,AUD,4Y,6M BBSW,4.354096760386325
2024-07-01,AUD,4Y,6M BBSW,4.37943877242158
2024-06-28,AUD,4Y,6M BBSW,4.375507132840762
2024-06-27,AUD,4Y,6M BBSW,4.309312776341077
2024-06-26,AUD,4Y,6M BBSW,4.395382883225335
2024-06-24,AUD,4Y,6M BBSW,4.167128241477898
2024-06-21,AUD,4Y,6M BBSW,4.157826991986842
2024-06-20,AUD,4Y,6M BBSW,4.177581736500667
2024-06-19,AUD,4Y,6M BBSW,4.136826394360448
2024-06-18,AUD,4Y,6M BBSW,4.111820918515692
2024-06-17,AUD,4Y,6M BBSW,4.077903532819223
2024-06-14,AUD,4Y,6M BBSW,4.038402849561863
2024-06-13,AUD,4Y,6M BBSW,4.087979878655165
2024-06-12,AUD,4Y,6M BBSW,4.17191526484004
2024-06-11,AUD,4Y,6M BBSW,4.208386266047168
2024-06-07,AUD,4Y,6M BBSW,4.224870360376593
2024-06-06,AUD,4Y,6M BBSW,4.159544428038067
2024-06-05,AUD,4Y,6M BBSW,4.137551598666363
2024-06-04,AUD,4Y,6M BBSW,4.138598940579211
2024-06-03,AUD,4Y,6M BBSW,4.210638579193381
2024-05-31,AUD,4Y,6M BBSW,4.285377321638978
2024-05-30,AUD,4Y,6M BBSW,4.280541274801411
2024-05-29,AUD,4Y,6M BBSW,4.334721302285247
2024-05-28,AUD,4Y,6M BBSW,4.256555260971377
2024-05-27,AUD,4Y,6M BBSW,4.18970322606988
2024-05-24,AUD,4Y,6M BBSW,4.222676888557581
2024-05-23,AUD,4Y,6M BBSW,4.219273257854547
2024-05-22,AUD,4Y,6M BBSW,4.196184169666087
2024-05-21,AUD,4Y,6M BBSW,4.140710418791968
2024-05-20,AUD,4Y,6M BBSW,4.158691950703583
2024-05-17,AUD,4Y,6M BBSW,4.155109834557906
2024-05-16,AUD,4Y,6M BBSW,4.14402954508456
2024-05-15,AUD,4Y,6M BBSW,4.163034137841583
2024-05-14,AUD,4Y,6M BBSW,4.25373944255584
2024-05-13,AUD,4Y,6M BBSW,4.249003009349436
2024-05-10,AUD,4Y,6M BBSW,4.293598892658333
2024-05-09,AUD,4Y,6M BBSW,4.290690255730034
2024-05-08,AUD,4Y,6M BBSW,4.269373312538438
2024-05-07,AUD,4Y,6M BBSW,4.189534908440276
2024-05-06,AUD,4Y,6M BBSW,4.332473383922799
2024-05-03,AUD,4Y,6M BBSW,4.314815927235196
2024-05-02,AUD,4Y,6M BBSW,4.35611924459105
2024-05-01,AUD,4Y,6M BBSW,4.404285409407581
2024-04-30,AUD,4Y,6M BBSW,4.395938036617986
2024-04-29,AUD,4Y,6M BBSW,4.397402944762249
2024-04-26,AUD,4Y,6M BBSW,4.426775705651723
2024-04-24,AUD,4Y,6M BBSW,4.35133541139034
2024-04-23,AUD,4Y,6M BBSW,4.179941441489504
2024-04-22,AUD,4Y,6M BBSW,4.181297722632952
2024-04-19,AUD,4Y,6M BBSW,4.209498526828918
2024-04-18,AUD,4Y,6M BBSW,4.225117801788928
2024-04-17,AUD,4Y,6M BBSW,4.23188202250776
2024-04-16,AUD,4Y,6M BBSW,4.258823855491581
2024-04-15,AUD,4Y,6M BBSW,4.195319378400217
2024-04-12,AUD,4Y,6M BBSW,4.124043388554977
2024-04-11,AUD,4Y,6M BBSW,4.180344834542393
2024-04-10,AUD,4Y,6M BBSW,4.126729999406466
2024-04-09,AUD,4Y,6M BBSW,3.984580328261988
2024-04-08,AUD,4Y,6M BBSW,4.060321371366584
2024-04-04,AUD,4Y,6M BBSW,3.99230368526851
2024-04-03,AUD,4Y,6M BBSW,4.010868335583852
2024-04-02,AUD,4Y,6M BBSW,3.994024033425178
2024-03-28,AUD,4Y,6M BBSW,3.910196485374666
2024-03-27,AUD,4Y,6M BBSW,3.90174454696668
2024-03-26,AUD,4Y,6M BBSW,3.943354606617781
2024-03-25,AUD,4Y,6M BBSW,3.928670813336609
2024-03-22,AUD,4Y,6M BBSW,3.942034687894999
2024-03-21,AUD,4Y,6M BBSW,3.984936438575065
2024-03-20,AUD,4Y,6M BBSW,3.916288633339446
2024-03-19,AUD,4Y,6M BBSW,3.973770666062356
2024-03-18,AUD,4Y,6M BBSW,4.031368570030414
2024-03-15,AUD,4Y,6M BBSW,4.051254452749407
2024-03-14,AUD,4Y,6M BBSW,4.030775494809742
2024-03-13,AUD,4Y,6M BBSW,3.969095904154738
2024-03-12,AUD,4Y,6M BBSW,3.938040974099794
2024-03-11,AUD,4Y,6M BBSW,3.895619351549308
2024-03-08,AUD,4Y,6M BBSW,3.926708321010989
2024-03-07,AUD,4Y,6M BBSW,3.954786125890195
2024-03-06,AUD,4Y,6M BBSW,3.935715441132103
2024-03-05,AUD,4Y,6M BBSW,3.956204815390289
2024-03-04,AUD,4Y,6M BBSW,4.031845110393145
2024-03-01,AUD,4Y,6M BBSW,4.00319790925522
2024-02-29,AUD,4Y,6M BBSW,4.032900910456957
2024-02-28,AUD,4Y,6M BBSW,4.026148216657892
2024-02-27,AUD,4Y,6M BBSW,4.084896896902602
2024-02-26,AUD,4Y,6M BBSW,4.058855781161288
2024-02-23,AUD,4Y,6M BBSW,4.071659893383445
2024-02-22,AUD,4Y,6M BBSW,4.077434922599356
2024-02-21,AUD,4Y,6M BBSW,4.077594054304455
2024-02-20,AUD,4Y,6M BBSW,4.03740984428182
2024-02-19,AUD,4Y,6M BBSW,4.077953426817936
2024-02-16,AUD,4Y,6M BBSW,4.106134126756452
2024-02-15,AUD,4Y,6M BBSW,4.063176628666532
2024-02-14,AUD,4Y,6M BBSW,4.113688186326583
2024-02-13,AUD,4Y,6M BBSW,4.173945553656353
2024-02-12,AUD,4Y,6M BBSW,4.068987247459285
2024-02-09,AUD,4Y,6M BBSW,4.055447742325306
2024-02-08,AUD,4Y,6M BBSW,4.004420863134729
2024-02-07,AUD,4Y,6M BBSW,3.98133540397822
2024-02-06,AUD,4Y,6M BBSW,3.952814313483297
2024-02-05,AUD,4Y,6M BBSW,3.998576669849125
2024-02-02,AUD,4Y,6M BBSW,3.932682841714076
2024-02-01,AUD,4Y,6M BBSW,3.841017686355948
2024-01-31,AUD,4Y,6M BBSW,3.842053995697593
2024-01-30,AUD,4Y,6M BBSW,3.99193723210724
2024-01-29,AUD,4Y,6M BBSW,4.017195008073175
2024-01-25,AUD,4Y,6M BBSW,4.055586487351394
2024-01-24,AUD,4Y,6M BBSW,4.127692133769171
2024-01-23,AUD,4Y,6M BBSW,4.088776053733197
2024-01-22,AUD,4Y,6M BBSW,4.084148844798905
2024-01-19,AUD,4Y,6M BBSW,4.156227781642138
2024-01-18,AUD,4Y,6M BBSW,4.156067335190864
2024-01-17,AUD,4Y,6M BBSW,4.146689107055326
2024-01-16,AUD,4Y,6M BBSW,4.049873920056787
2024-01-15,AUD,4Y,6M BBSW,3.998677800166434
2024-01-12,AUD,4Y,6M BBSW,3.95310806403485
2024-01-11,AUD,4Y,6M BBSW,3.951775809099743
2024-01-10,AUD,4Y,6M BBSW,4.029314750959913
2024-01-09,AUD,4Y,6M BBSW,3.955352574105708
2024-01-08,AUD,4Y,6M BBSW,4.020673017562191
2024-01-05,AUD,4Y,6M BBSW,4.089618045788576
2024-01-04,AUD,4Y,6M BBSW,4.014425989170941
2024-01-03,AUD,4Y,6M BBSW,3.930444600590163
2024-01-02,AUD,4Y,6M BBSW,3.91648348484366
2023-12-29,AUD,4Y,6M BBSW,3.862654125955071
2023-12-28,AUD,4Y,6M BBSW,3.841377067901752
2023-12-27,AUD,4Y,6M BBSW,3.831934751700191
2023-12-22,AUD,4Y,6M BBSW,3.931714589098791
2023-12-21,AUD,4Y,6M BBSW,3.922674787031873
2023-12-20,AUD,4Y,6M BBSW,3.938018774981829
2023-12-19,AUD,4Y,6M BBSW,3.993030310264292
2023-12-18,AUD,4Y,6M BBSW,3.99663321721131
2023-12-15,AUD,4Y,6M BBSW,3.984848570828198
2023-12-14,AUD,4Y,6M BBSW,4.042108500146028
2023-12-13,AUD,4Y,6M BBSW,4.029610315753243
2023-12-12,AUD,4Y,6M BBSW,4.218878241907627
2023-12-11,AUD,4Y,6M BBSW,4.241634939316364
2023-12-07,AUD,4Y,6M BBSW,4.180413502452539
2023-12-06,AUD,4Y,6M BBSW,4.145288207693096
2023-12-05,AUD,4Y,6M BBSW,4.202369155074698
2023-12-04,AUD,4Y,6M BBSW,4.34566250655357
2023-12-01,AUD,4Y,6M BBSW,4.3267977338132
2023-11-30,AUD,4Y,6M BBSW,4.373043823417401
2023-11-29,AUD,4Y,6M BBSW,4.294287135481832
2023-11-28,AUD,4Y,6M BBSW,4.408111377918536
2023-11-27,AUD,4Y,6M BBSW,4.468352185544804
2023-11-24,AUD,4Y,6M BBSW,4.5062035908984
2023-11-23,AUD,4Y,6M BBSW,4.485885585084273
2023-11-22,AUD,4Y,6M BBSW,4.474475332972004
2023-11-21,AUD,4Y,6M BBSW,4.39837599976555
2023-11-20,AUD,4Y,6M BBSW,4.443780731006678
2023-11-17,AUD,4Y,6M BBSW,4.426293299675225
2023-11-16,AUD,4Y,6M BBSW,4.405971036027569
2023-11-15,AUD,4Y,6M BBSW,4.541834315390101
2023-11-14,AUD,4Y,6M BBSW,4.521932978892034
2023-11-13,AUD,4Y,6M BBSW,4.628488333828897
2023-11-10,AUD,4Y,6M BBSW,4.567872583700164
2023-11-09,AUD,4Y,6M BBSW,4.571586434766206
2023-11-08,AUD,4Y,6M BBSW,4.465534978979643
2023-11-07,AUD,4Y,6M BBSW,4.493091887655461
2023-11-06,AUD,4Y,6M BBSW,4.650177232488666
2023-11-03,AUD,4Y,6M BBSW,4.594319239327829
2023-11-02,AUD,4Y,6M BBSW,4.640676687082312
2023-11-01,AUD,4Y,6M BBSW,4.683039297771313
2023-10-31,AUD,4Y,6M BBSW,4.840263470992605
2023-10-30,AUD,4Y,6M BBSW,4.781703976932231
2023-10-26,AUD,4Y,6M BBSW,4.673237584615029
2023-10-25,AUD,4Y,6M BBSW,4.642811805710862
2023-10-24,AUD,4Y,6M BBSW,4.538523820245985
2023-10-23,AUD,4Y,6M BBSW,4.550810168104063
2023-10-20,AUD,4Y,6M BBSW,4.559511801562274
2023-10-19,AUD,4Y,6M BBSW,4.588440984340509
2023-10-18,AUD,4Y,6M BBSW,4.609930991669462
2023-10-17,AUD,4Y,6M BBSW,4.53716400655406
2023-10-16,AUD,4Y,6M BBSW,4.347125643278503
2023-10-13,AUD,4Y,6M BBSW,4.311363592929229
2023-10-12,AUD,4Y,6M BBSW,4.31630731224797
2023-10-11,AUD,4Y,6M BBSW,4.248221530840161
2023-10-10,AUD,4Y,6M BBSW,4.307170335987023
2023-10-09,AUD,4Y,6M BBSW,4.275478204746897
2023-10-05,AUD,4Y,6M BBSW,4.409288905357254
2023-10-04,AUD,4Y,6M BBSW,4.422336488191689
2023-10-03,AUD,4Y,6M BBSW,4.446709034970326
2023-09-29,AUD,4Y,6M BBSW,4.367878602665856
2023-09-28,AUD,4Y,6M BBSW,4.373338185949597
2023-09-27,AUD,4Y,6M BBSW,4.356350104462798
2023-09-26,AUD,4Y,6M BBSW,4.337896348659386
2023-09-25,AUD,4Y,6M BBSW,4.341424310133809
2023-09-22,AUD,4Y,6M BBSW,4.299035418528306
2023-09-21,AUD,4Y,6M BBSW,4.338860741097792
2023-09-20,AUD,4Y,6M BBSW,4.319801319102262
2023-09-19,AUD,4Y,6M BBSW,4.249668127362332
2023-09-18,AUD,4Y,6M BBSW,4.216778012404358
2023-09-15,AUD,4Y,6M BBSW,4.16193629205681
2023-09-14,AUD,4Y,6M BBSW,4.141897043655878
2023-09-13,AUD,4Y,6M BBSW,4.159239621367244
2023-09-12,AUD,4Y,6M BBSW,4.181746369319178
2023-09-11,AUD,4Y,6M BBSW,4.163889954735208
2023-09-08,AUD,4Y,6M BBSW,4.138582495094835
2023-09-07,AUD,4Y,6M BBSW,4.098325443001574
2023-09-06,AUD,4Y,6M BBSW,4.110316243108546
2023-09-05,AUD,4Y,6M BBSW,4.1334147100963
2023-09-04,AUD,4Y,6M BBSW,4.146470328007175
2023-09-01,AUD,4Y,6M BBSW,4.068326397224229
2023-08-31,AUD,4Y,6M BBSW,4.044307336056728
2023-08-30,AUD,4Y,6M BBSW,4.080008991977929
2023-08-28,AUD,4Y,6M BBSW,4.187798706512222
2023-08-25,AUD,4Y,6M BBSW,4.192881296308857
2023-08-24,AUD,4Y,6M BBSW,4.187210360235658
2023-08-23,AUD,4Y,6M BBSW,4.156240183373934
2023-08-22,AUD,4Y,6M BBSW,4.246489936074795
2023-08-21,AUD,4Y,6M BBSW,4.29651636509046
2023-08-18,AUD,4Y,6M BBSW,4.251770175772421
2023-08-17,AUD,4Y,6M BBSW,4.280697574634996
2023-08-16,AUD,4Y,6M BBSW,4.259799763140311
2023-08-15,AUD,4Y,6M BBSW,4.266052974676135
2023-08-14,AUD,4Y,6M BBSW,4.290328289445487
2023-08-11,AUD,4Y,6M BBSW,4.203109799675967
2023-08-10,AUD,4Y,6M BBSW,4.157242385484845
2023-08-09,AUD,4Y,6M BBSW,4.134727367374314
2023-08-08,AUD,4Y,6M BBSW,4.074345711115452
2023-08-04,AUD,4Y,6M BBSW,4.097462933398353
2023-08-03,AUD,4Y,6M BBSW,4.182709896725688
2023-08-02,AUD,4Y,6M BBSW,4.123642079247307
2023-08-01,AUD,4Y,6M BBSW,4.141544955843759
2023-07-31,AUD,4Y,6M BBSW,4.220734178643905
2023-07-28,AUD,4Y,6M BBSW,4.194948413691933
2023-07-27,AUD,4Y,6M BBSW,4.30917412121553
2023-07-25,AUD,4Y,6M BBSW,4.36723741090764
2023-07-24,AUD,4Y,6M BBSW,4.337661898285945
2023-07-21,AUD,4Y,6M BBSW,4.339790557595545
2023-07-20,AUD,4Y,6M BBSW,4.343501623929057
2023-07-19,AUD,4Y,6M BBSW,4.235371695259958
2023-07-18,AUD,4Y,6M BBSW,4.245822120882998
2023-07-17,AUD,4Y,6M BBSW,4.2733154332229
2023-07-14,AUD,4Y,6M BBSW,4.289139389043254
2023-07-13,AUD,4Y,6M BBSW,4.247329370444312
2023-07-12,AUD,4Y,6M BBSW,4.324979301673331
2023-07-11,AUD,4Y,6M BBSW,4.460501953128994
2023-07-10,AUD,4Y,6M BBSW,4.532185338154955
2023-07-07,AUD,4Y,6M BBSW,4.645566103863763
2023-07-06,AUD,4Y,6M BBSW,4.5785150780637
2023-07-05,AUD,4Y,6M BBSW,4.386586038301292
2023-07-04,AUD,4Y,6M BBSW,4.31477898310733
2023-07-03,AUD,4Y,6M BBSW,4.322394350740844
2023-06-30,AUD,4Y,6M BBSW,4.333101144560106
2023-06-29,AUD,4Y,6M BBSW,4.28910011009603
2023-06-28,AUD,4Y,6M BBSW,4.146046241630612
2023-06-27,AUD,4Y,6M BBSW,4.215427227132704
2023-06-26,AUD,4Y,6M BBSW,4.213063984953362
2023-06-22,AUD,4Y,6M BBSW,4.331963091208743
2023-06-21,AUD,4Y,6M BBSW,4.255244162030587
2023-06-20,AUD,4Y,6M BBSW,4.247293883175082
2023-06-19,AUD,4Y,6M BBSW,4.352412562669981
2023-06-15,AUD,4Y,6M BBSW,4.268403262539733
2023-06-14,AUD,4Y,6M BBSW,4.231946358513772
2023-06-13,AUD,4Y,6M BBSW,4.232284353373726
2023-06-09,AUD,4Y,6M BBSW,4.173138822005831
2023-06-08,AUD,4Y,6M BBSW,4.156031849831618
2023-06-07,AUD,4Y,6M BBSW,4.177126269366828
2023-06-06,AUD,4Y,6M BBSW,3.999602151634888
2023-06-05,AUD,4Y,6M BBSW,3.924281475699189
2023-06-01,AUD,4Y,6M BBSW,3.782357449494446
2023-05-31,AUD,4Y,6M BBSW,3.776625536184551
2023-05-30,AUD,4Y,6M BBSW,3.776157072353957
2023-05-29,AUD,4Y,6M BBSW,3.78349058212763
2023-05-26,AUD,4Y,6M BBSW,3.844672882999038
2023-05-25,AUD,4Y,6M BBSW,3.880170566576487
2023-05-24,AUD,4Y,6M BBSW,3.81040846196937
2023-05-23,AUD,4Y,6M BBSW,3.810431208860318
2023-05-22,AUD,4Y,6M BBSW,3.755672246068306
2023-05-19,AUD,4Y,6M BBSW,3.772686263579666
2023-05-18,AUD,4Y,6M BBSW,3.777399312130285
2023-05-17,AUD,4Y,6M BBSW,3.645021165174565
2023-05-16,AUD,4Y,6M BBSW,3.583558554792128
2023-05-15,AUD,4Y,6M BBSW,3.596683793358385
2023-05-12,AUD,4Y,6M BBSW,3.513488974839844
2023-05-11,AUD,4Y,6M BBSW,3.465669036844147
2023-05-10,AUD,4Y,6M BBSW,3.516311706318227
2023-05-09,AUD,4Y,6M BBSW,3.574597297332019
2023-05-08,AUD,4Y,6M BBSW,3.594020088621726
2023-05-05,AUD,4Y,6M BBSW,3.535556502289877
2023-05-04,AUD,4Y,6M BBSW,3.432104143649116
2023-05-03,AUD,4Y,6M BBSW,3.50936107508787
2023-05-02,AUD,4Y,6M BBSW,3.590188012185936
2023-05-01,AUD,4Y,6M BBSW,3.556237349569267
2023-04-28,AUD,4Y,6M BBSW,3.429851234689268
2023-04-27,AUD,4Y,6M BBSW,3.545359137962754
2023-04-26,AUD,4Y,6M BBSW,3.487242225058558
2023-04-24,AUD,4Y,6M BBSW,3.607747673709484
2023-04-21,AUD,4Y,6M BBSW,3.64993055157469
2023-04-20,AUD,4Y,6M BBSW,3.649807656740596
2023-04-19,AUD,4Y,6M BBSW,3.677510748248636
2023-04-18,AUD,4Y,6M BBSW,3.680307687891381
2023-04-17,AUD,4Y,6M BBSW,3.564558323120844
2023-04-14,AUD,4Y,6M BBSW,3.542953206381046
2023-04-13,AUD,4Y,6M BBSW,3.476187675108126
2023-04-12,AUD,4Y,6M BBSW,3.410393359136784
2023-04-11,AUD,4Y,6M BBSW,3.368430797248855
2023-04-06,AUD,4Y,6M BBSW,3.286835776558796
2023-04-05,AUD,4Y,6M BBSW,3.327377153616343
2023-04-04,AUD,4Y,6M BBSW,3.356744378310606
2023-04-03,AUD,4Y,6M BBSW,3.415607210408768
2023-03-31,AUD,4Y,6M BBSW,3.443912036006068
2023-03-30,AUD,4Y,6M BBSW,3.50915850525761
2023-03-29,AUD,4Y,6M BBSW,3.530872344233997
2023-03-28,AUD,4Y,6M BBSW,3.548185272648744
2023-03-27,AUD,4Y,6M BBSW,3.499935944322594
2023-03-24,AUD,4Y,6M BBSW,3.450840720072272
2023-03-23,AUD,4Y,6M BBSW,3.472580688540138
2023-03-22,AUD,4Y,6M BBSW,3.491245044891547
2023-03-21,AUD,4Y,6M BBSW,3.547876716609847
2023-03-20,AUD,4Y,6M BBSW,3.488637186100783
2023-03-17,AUD,4Y,6M BBSW,3.549058814220891
2023-03-16,AUD,4Y,6M BBSW,3.690464976182642
2023-03-15,AUD,4Y,6M BBSW,3.570850133302202
2023-03-14,AUD,4Y,6M BBSW,3.805814823616623
2023-03-13,AUD,4Y,6M BBSW,3.65260418379692
2023-03-10,AUD,4Y,6M BBSW,3.752336854027938
2023-03-09,AUD,4Y,6M BBSW,3.869141738555511
2023-03-08,AUD,4Y,6M BBSW,3.930852648800052
2023-03-07,AUD,4Y,6M BBSW,3.942707736880047
2023-03-06,AUD,4Y,6M BBSW,4.039611588950174
2023-03-03,AUD,4Y,6M BBSW,4.12077418675584
2023-03-02,AUD,4Y,6M BBSW,4.186702356863595
2023-03-01,AUD,4Y,6M BBSW,4.097890298536667
2023-02-28,AUD,4Y,6M BBSW,4.189366820916372
2023-02-27,AUD,4Y,6M BBSW,4.11141630958276
2023-02-24,AUD,4Y,6M BBSW,4.164984753832179
2023-02-23,AUD,4Y,6M BBSW,4.161890269128153
2023-02-22,AUD,4Y,6M BBSW,4.127889131372189
2023-02-21,AUD,4Y,6M BBSW,4.058515194365542
2023-02-20,AUD,4Y,6M BBSW,4.020644465553341
2023-02-17,AUD,4Y,6M BBSW,4.003842958160186
2023-02-16,AUD,4Y,6M BBSW,3.946844453100831
2023-02-15,AUD,4Y,6M BBSW,3.992332633206134
2023-02-14,AUD,4Y,6M BBSW,3.971364782928196
2023-02-13,AUD,4Y,6M BBSW,3.996417004914853
2023-02-10,AUD,4Y,6M BBSW,3.989215636387189
2023-02-09,AUD,4Y,6M BBSW,3.830838313733067
2023-02-08,AUD,4Y,6M BBSW,3.792922673845639
2023-02-07,AUD,4Y,6M BBSW,3.771196195089766
2023-02-06,AUD,4Y,6M BBSW,3.617258682502873
2023-02-03,AUD,4Y,6M BBSW,3.637956900482465
2023-02-02,AUD,4Y,6M BBSW,3.656597511220129
2023-02-01,AUD,4Y,6M BBSW,3.736852399368304
2023-01-31,AUD,4Y,6M BBSW,3.695925309595411
2023-01-30,AUD,4Y,6M BBSW,3.734343518690092
2023-01-27,AUD,4Y,6M BBSW,3.741320469291072
2023-01-25,AUD,4Y,6M BBSW,3.679588936210144
2023-01-24,AUD,4Y,6M BBSW,3.584578372599117
2023-01-23,AUD,4Y,6M BBSW,3.578574512930518
2023-01-20,AUD,4Y,6M BBSW,3.601463117118365
2023-01-19,AUD,4Y,6M BBSW,3.48910691885004
2023-01-18,AUD,4Y,6M BBSW,3.694388867623465
2023-01-17,AUD,4Y,6M BBSW,3.734285737506214
2023-01-16,AUD,4Y,6M BBSW,3.746194521063301
2023-01-13,AUD,4Y,6M BBSW,3.766111013076038
2023-01-12,AUD,4Y,6M BBSW,3.759828573663434
2023-01-11,AUD,4Y,6M BBSW,3.8954126270494
2023-01-10,AUD,4Y,6M BBSW,3.916869591085312
2023-01-09,AUD,4Y,6M BBSW,3.939947065505937
2023-01-06,AUD,4Y,6M BBSW,3.905171911268283
2023-01-05,AUD,4Y,6M BBSW,4.017851105982897
2023-01-04,AUD,4Y,6M BBSW,4.03113451435985
2023-01-03,AUD,4Y,6M BBSW,4.096538059486265
2022-12-30,AUD,4Y,6M BBSW,4.12588015859262
2022-12-29,AUD,4Y,6M BBSW,4.118018932458269
2022-12-28,AUD,4Y,6M BBSW,4.128482765741963
2022-12-23,AUD,4Y,6M BBSW,3.964910418160039
2022-12-22,AUD,4Y,6M BBSW,3.933699779952008
2022-12-21,AUD,4Y,6M BBSW,3.824931072645304
2022-12-20,AUD,4Y,6M BBSW,3.92889813758976
2022-12-19,AUD,4Y,6M BBSW,3.780076773389906
2022-12-16,AUD,4Y,6M BBSW,3.750735954085519
2022-12-15,AUD,4Y,6M BBSW,3.753338430904335
2022-12-14,AUD,4Y,6M BBSW,3.65937477407246
2022-12-13,AUD,4Y,6M BBSW,3.71233139370202
2022-12-12,AUD,4Y,6M BBSW,3.673148089422769
2022-12-09,AUD,4Y,6M BBSW,3.658468546855741
2022-12-08,AUD,4Y,6M BBSW,3.682235688546472
2022-12-07,AUD,4Y,6M BBSW,3.664533537347219
2022-12-06,AUD,4Y,6M BBSW,3.68275306235258
2022-12-05,AUD,4Y,6M BBSW,3.628974314027008
2022-12-02,AUD,4Y,6M BBSW,3.622061708947293
2022-12-01,AUD,4Y,6M BBSW,3.725465030732601
2022-11-30,AUD,4Y,6M BBSW,3.78434490746752
2022-11-29,AUD,4Y,6M BBSW,3.863146009934725
2022-11-28,AUD,4Y,6M BBSW,3.831532416280231
2022-11-25,AUD,4Y,6M BBSW,3.927335597869715
2022-11-24,AUD,4Y,6M BBSW,3.887612634529631
2022-11-23,AUD,4Y,6M BBSW,3.866470368666881
2022-11-22,AUD,4Y,6M BBSW,3.828570957293799
2022-11-21,AUD,4Y,6M BBSW,3.815247390595885
2022-11-18,AUD,4Y,6M BBSW,3.851756993731381
2022-11-17,AUD,4Y,6M BBSW,3.816953211497049
2022-11-16,AUD,4Y,6M BBSW,3.904700424519157
2022-11-15,AUD,4Y,6M BBSW,3.980767260258902
2022-11-14,AUD,4Y,6M BBSW,4.056996314245229
2022-11-11,AUD,4Y,6M BBSW,3.955496961645935
2022-11-10,AUD,4Y,6M BBSW,4.04315305333272
2022-11-09,AUD,4Y,6M BBSW,4.192213874836849
2022-11-08,AUD,4Y,6M BBSW,4.290679685461747
2022-11-07,AUD,4Y,6M BBSW,4.178396811732521
2022-11-04,AUD,4Y,6M BBSW,4.171163912106087
2022-11-03,AUD,4Y,6M BBSW,4.303672954030306
2022-11-02,AUD,4Y,6M BBSW,4.209182628973113
2022-11-01,AUD,4Y,6M BBSW,4.102009809592574
2022-10-31,AUD,4Y,6M BBSW,4.063489975309548
2022-10-28,AUD,4Y,6M BBSW,4.097411905142891
2022-10-27,AUD,4Y,6M BBSW,4.151721431203844
2022-10-26,AUD,4Y,6M BBSW,4.292047329365352
2022-10-25,AUD,4Y,6M BBSW,4.377761749924587
2022-10-24,AUD,4Y,6M BBSW,4.432850503713601
2022-10-21,AUD,4Y,6M BBSW,4.412071492550481
2022-10-20,AUD,4Y,6M BBSW,4.343176479984153
2022-10-19,AUD,4Y,6M BBSW,4.19514256577702
2022-10-18,AUD,4Y,6M BBSW,4.172964640404484
2022-10-17,AUD,4Y,6M BBSW,4.240033870593456
2022-10-14,AUD,4Y,6M BBSW,4.183966491228616
2022-10-13,AUD,4Y,6M BBSW,4.131474953810656
2022-10-12,AUD,4Y,6M BBSW,4.130592302757321
2022-10-11,AUD,4Y,6M BBSW,4.133806938611045
2022-10-10,AUD,4Y,6M BBSW,4.07278182314281
2022-10-07,AUD,4Y,6M BBSW,4.060778710351844
2022-10-06,AUD,4Y,6M BBSW,3.953651339920696
2022-10-05,AUD,4Y,6M BBSW,3.802599416562168
2022-10-04,AUD,4Y,6M BBSW,3.787117111713576
2022-09-30,AUD,4Y,6M BBSW,4.137707202503411
2022-09-29,AUD,4Y,6M BBSW,4.142612528588529
2022-09-28,AUD,4Y,6M BBSW,4.327083080689179
2022-09-27,AUD,4Y,6M BBSW,4.294392021535427
2022-09-26,AUD,4Y,6M BBSW,4.211897349512512
2022-09-23,AUD,4Y,6M BBSW,4.203362252463608
2022-09-21,AUD,4Y,6M BBSW,3.8851545958399
2022-09-20,AUD,4Y,6M BBSW,3.78200621692331
2022-09-19,AUD,4Y,6M BBSW,3.854135843443882
2022-09-16,AUD,4Y,6M BBSW,3.873672159428781
2022-09-15,AUD,4Y,6M BBSW,3.807556824924735
2022-09-14,AUD,4Y,6M BBSW,3.807598591830617
2022-09-13,AUD,4Y,6M BBSW,3.677767209704169
2022-09-12,AUD,4Y,6M BBSW,3.668668762781887
2022-09-09,AUD,4Y,6M BBSW,3.611814987755303
2022-09-08,AUD,4Y,6M BBSW,3.673606387278662
2022-09-07,AUD,4Y,6M BBSW,3.833443598363491
2022-09-06,AUD,4Y,6M BBSW,3.730058965984677
2022-09-05,AUD,4Y,6M BBSW,3.791308922144213
2022-09-02,AUD,4Y,6M BBSW,3.75267927798393
2022-09-01,AUD,4Y,6M BBSW,3.85789342984552
2022-08-31,AUD,4Y,6M BBSW,3.79311974366118
2022-08-30,AUD,4Y,6M BBSW,3.857127553933066
2022-08-29,AUD,4Y,6M BBSW,3.965115678187392
2022-08-26,AUD,4Y,6M BBSW,3.767377709879471
2022-08-25,AUD,4Y,6M BBSW,3.867010148226072
2022-08-24,AUD,4Y,6M BBSW,3.808800299312821
2022-08-23,AUD,4Y,6M BBSW,3.848698184288453
2022-08-22,AUD,4Y,6M BBSW,3.707578781252231
2022-08-19,AUD,4Y,6M BBSW,3.606378688985115
2022-08-18,AUD,4Y,6M BBSW,3.492245949734006
2022-08-17,AUD,4Y,6M BBSW,3.436705761533833
2022-08-16,AUD,4Y,6M BBSW,3.407800335240818
2022-08-15,AUD,4Y,6M BBSW,3.56950836158347
2022-08-12,AUD,4Y,6M BBSW,3.617643252360275
2022-08-11,AUD,4Y,6M BBSW,3.533180440013552
2022-08-10,AUD,4Y,6M BBSW,3.467246327025923
2022-08-09,AUD,4Y,6M BBSW,3.399984298616301
2022-08-08,AUD,4Y,6M BBSW,3.394640740825171
2022-08-05,AUD,4Y,6M BBSW,3.419529044417478
2022-08-04,AUD,4Y,6M BBSW,3.298109777875012
2022-08-03,AUD,4Y,6M BBSW,3.206500321058899
2022-08-02,AUD,4Y,6M BBSW,3.159513485322665
2022-07-29,AUD,4Y,6M BBSW,3.127745820467949
2022-07-28,AUD,4Y,6M BBSW,3.293586149526812
2022-07-27,AUD,4Y,6M BBSW,3.437852025300707
2022-07-26,AUD,4Y,6M BBSW,3.559990378077277
2022-07-25,AUD,4Y,6M BBSW,3.529407652279975
2022-07-22,AUD,4Y,6M BBSW,3.538920769660656
2022-07-21,AUD,4Y,6M BBSW,3.740972184130788
2022-07-20,AUD,4Y,6M BBSW,3.77027805805474
2022-07-19,AUD,4Y,6M BBSW,3.720528168867143
2022-07-18,AUD,4Y,6M BBSW,3.6144665213326
2022-07-15,AUD,4Y,6M BBSW,3.620964018051636
2022-07-14,AUD,4Y,6M BBSW,3.634102432092828
2022-07-13,AUD,4Y,6M BBSW,3.555246941100988
2022-07-12,AUD,4Y,6M BBSW,3.575131708694447
2022-07-11,AUD,4Y,6M BBSW,3.740243161611728
2022-07-08,AUD,4Y,6M BBSW,3.670328050006145
2022-07-07,AUD,4Y,6M BBSW,3.590926160758289
2022-07-06,AUD,4Y,6M BBSW,3.51569207136308
2022-07-05,AUD,4Y,6M BBSW,3.700820167771336
2022-07-04,AUD,4Y,6M BBSW,3.536696367809035
2022-07-01,AUD,4Y,6M BBSW,3.535831193597177
2022-06-30,AUD,4Y,6M BBSW,3.850451757915837
2022-06-29,AUD,4Y,6M BBSW,3.920397637744352
2022-06-28,AUD,4Y,6M BBSW,3.890030755084234
2022-06-27,AUD,4Y,6M BBSW,3.890534823595487
2022-06-24,AUD,4Y,6M BBSW,3.831366317846594
2022-06-23,AUD,4Y,6M BBSW,3.97092768597529
2022-06-22,AUD,4Y,6M BBSW,4.089605263527885
2022-06-21,AUD,4Y,6M BBSW,4.241229133081537
2022-06-20,AUD,4Y,6M BBSW,4.252148671776498
2022-06-17,AUD,4Y,6M BBSW,4.349041557775496
2022-06-16,AUD,4Y,6M BBSW,4.297457843538028
2022-06-15,AUD,4Y,6M BBSW,4.305004495707649
2022-06-14,AUD,4Y,6M BBSW,4.09070871134847
2022-06-10,AUD,4Y,6M BBSW,3.824277477390603
2022-06-09,AUD,4Y,6M BBSW,3.664648240460862
2022-06-08,AUD,4Y,6M BBSW,3.682299181082752
2022-06-07,AUD,4Y,6M BBSW,3.629254924795656
2022-06-06,AUD,4Y,6M BBSW,3.551234214999999
2022-06-03,AUD,4Y,6M BBSW,3.538628028294928
2022-06-02,AUD,4Y,6M BBSW,3.550648566370531
2022-06-01,AUD,4Y,6M BBSW,3.445380846381298
2022-05-31,AUD,4Y,6M BBSW,3.362561289905079
2022-05-30,AUD,4Y,6M BBSW,3.199421770495737
2022-05-27,AUD,4Y,6M BBSW,3.219416179475621
2022-05-26,AUD,4Y,6M BBSW,3.189088389253389
2022-05-25,AUD,4Y,6M BBSW,3.204008571419871
2022-05-24,AUD,4Y,6M BBSW,3.286380356930158
2022-05-23,AUD,4Y,6M BBSW,3.260412936904126
2022-05-20,AUD,4Y,6M BBSW,3.237407675218557
2022-05-19,AUD,4Y,6M BBSW,3.363715883458759
2022-05-18,AUD,4Y,6M BBSW,3.388486939683973
2022-05-17,AUD,4Y,6M BBSW,3.368817916825056
2022-05-16,AUD,4Y,6M BBSW,3.289400961698539
2022-05-13,AUD,4Y,6M BBSW,3.327708433750749
2022-05-12,AUD,4Y,6M BBSW,3.418383948664529
2022-05-11,AUD,4Y,6M BBSW,3.453397872176826
2022-05-10,AUD,4Y,6M BBSW,3.465043241358656
2022-05-09,AUD,4Y,6M BBSW,3.518305304244269
2022-05-06,AUD,4Y,6M BBSW,3.51783809855922
2022-05-05,AUD,4Y,6M BBSW,3.445575078861419
2022-05-04,AUD,4Y,6M BBSW,3.576346795210551
2022-05-03,AUD,4Y,6M BBSW,3.331550399315323
2022-05-02,AUD,4Y,6M BBSW,3.298585919664866
2022-04-29,AUD,4Y,6M BBSW,3.320997072823128
2022-04-28,AUD,4Y,6M BBSW,3.192092767231136
2022-04-27,AUD,4Y,6M BBSW,3.17266166344141
2022-04-26,AUD,4Y,6M BBSW,3.106741953987651
2022-04-22,AUD,4Y,6M BBSW,3.180642691611008
2022-04-21,AUD,4Y,6M BBSW,2.989696658666715
2022-04-20,AUD,4Y,6M BBSW,2.961611095532045
2022-04-19,AUD,4Y,6M BBSW,2.84708992329057
2022-04-14,AUD,4Y,6M BBSW,2.788206810049493
2022-04-13,AUD,4Y,6M BBSW,2.850673977843643
2022-04-12,AUD,4Y,6M BBSW,2.929675097443734
2022-04-11,AUD,4Y,6M BBSW,2.94733058086843
2022-04-08,AUD,4Y,6M BBSW,2.974722826698422
2022-04-07,AUD,4Y,6M BBSW,2.929229254592268
2022-04-06,AUD,4Y,6M BBSW,3.001344859720052
2022-04-05,AUD,4Y,6M BBSW,2.78135530092546
2022-04-04,AUD,4Y,6M BBSW,2.849343943709746
2022-04-01,AUD,4Y,6M BBSW,2.89883872327108
2022-03-31,AUD,4Y,6M BBSW,2.769600808684588
2022-03-30,AUD,4Y,6M BBSW,2.837094929446584
2022-03-29,AUD,4Y,6M BBSW,2.969460221762405
2022-03-28,AUD,4Y,6M BBSW,2.85093842903323
2022-03-25,AUD,4Y,6M BBSW,2.786367735470556
2022-03-24,AUD,4Y,6M BBSW,2.653029660740246
2022-03-23,AUD,4Y,6M BBSW,2.679101912337354
2022-03-22,AUD,4Y,6M BBSW,2.585892045984592
2022-03-21,AUD,4Y,6M BBSW,2.399351855243114
2022-03-18,AUD,4Y,6M BBSW,2.419843794792103
2022-03-17,AUD,4Y,6M BBSW,2.359768870575934
2022-03-16,AUD,4Y,6M BBSW,2.308349577863866
2022-03-15,AUD,4Y,6M BBSW,2.38390854480322
2022-03-14,AUD,4Y,6M BBSW,2.333916442090915
2022-03-11,AUD,4Y,6M BBSW,2.284730043520934
2022-03-10,AUD,4Y,6M BBSW,2.272150738971585
2022-03-09,AUD,4Y,6M BBSW,2.26049446903638
2022-03-08,AUD,4Y,6M BBSW,2.183114435385748
2022-03-07,AUD,4Y,6M BBSW,2.062824973603396
2022-03-04,AUD,4Y,6M BBSW,2.038038684135262
2022-03-03,AUD,4Y,6M BBSW,1.998441016375673
2022-03-02,AUD,4Y,6M BBSW,1.913366684576738
2022-03-01,AUD,4Y,6M BBSW,2.012636434198005
2022-02-28,AUD,4Y,6M BBSW,2.021838106987785
2022-02-25,AUD,4Y,6M BBSW,2.109580698501744
2022-02-24,AUD,4Y,6M BBSW,2.087176606757548
2022-02-23,AUD,4Y,6M BBSW,2.138038403228525
2022-02-22,AUD,4Y,6M BBSW,2.100601110221332
2022-02-21,AUD,4Y,6M BBSW,2.086349814786363
2022-02-18,AUD,4Y,6M BBSW,2.082368338030439
2022-02-17,AUD,4Y,6M BBSW,2.098152053714843
2022-02-16,AUD,4Y,6M BBSW,2.143459266577321
2022-02-15,AUD,4Y,6M BBSW,2.150951863869756
2022-02-14,AUD,4Y,6M BBSW,2.072617237684405
2022-02-11,AUD,4Y,6M BBSW,2.107981537681681
2022-02-10,AUD,4Y,6M BBSW,1.979887890536236
2022-02-09,AUD,4Y,6M BBSW,1.995216393375295
2022-02-08,AUD,4Y,6M BBSW,2.009711644020061
2022-02-07,AUD,4Y,6M BBSW,1.89832349595076
2022-02-04,AUD,4Y,6M BBSW,1.934412865283426
2022-02-03,AUD,4Y,6M BBSW,1.7513508433445
2022-02-02,AUD,4Y,6M BBSW,1.750564416805639
2022-02-01,AUD,4Y,6M BBSW,1.723231282891527
2022-01-31,AUD,4Y,6M BBSW,1.766011375937811
2022-01-28,AUD,4Y,6M BBSW,1.804379838166693
2022-01-27,AUD,4Y,6M BBSW,1.873271508468568
2022-01-25,AUD,4Y,6M BBSW,1.789322745834423
2022-01-24,AUD,4Y,6M BBSW,1.759536015843978
2022-01-21,AUD,4Y,6M BBSW,1.730327498504504
2022-01-20,AUD,4Y,6M BBSW,1.793577354881602
2022-01-19,AUD,4Y,6M BBSW,1.762530266220025
2022-01-18,AUD,4Y,6M BBSW,1.71507202893689
2022-01-17,AUD,4Y,6M BBSW,1.681569789383244
2022-01-14,AUD,4Y,6M BBSW,1.639844723978576
2022-01-13,AUD,4Y,6M BBSW,1.606190273123902
2022-01-12,AUD,4Y,6M BBSW,1.591274881307515
2022-01-11,AUD,4Y,6M BBSW,1.627994900310999
2022-01-10,AUD,4Y,6M BBSW,1.645112373526309
2022-01-07,AUD,4Y,6M BBSW,1.594479743917434
2022-01-06,AUD,4Y,6M BBSW,1.601799402274107
2022-01-05,AUD,4Y,6M BBSW,1.551168289145196
2022-01-04,AUD,4Y,6M BBSW,1.542025327119083
2021-12-31,AUD,4Y,6M BBSW,1.497312665158231
2021-12-30,AUD,4Y,6M BBSW,1.486813466425261
2021-12-29,AUD,4Y,6M BBSW,1.43678531638127
2021-12-24,AUD,4Y,6M BBSW,1.48275278524673
2021-12-23,AUD,4Y,6M BBSW,1.499799085654284
2021-12-22,AUD,4Y,6M BBSW,1.499293586314793
2021-12-21,AUD,4Y,6M BBSW,1.533938551170781
2021-12-20,AUD,4Y,6M BBSW,1.524788483560189
2021-12-17,AUD,4Y,6M BBSW,1.567127342286321
2021-12-16,AUD,4Y,6M BBSW,1.585677967518316
2021-12-15,AUD,4Y,6M BBSW,1.48464189671191
2021-12-14,AUD,4Y,6M BBSW,1.457582236720726
2021-12-13,AUD,4Y,6M BBSW,1.480962594635001
2021-12-10,AUD,4Y,6M BBSW,1.475427531269655
2021-12-09,AUD,4Y,6M BBSW,1.519693377787523
2021-12-08,AUD,4Y,6M BBSW,1.579752558968683
2021-12-07,AUD,4Y,6M BBSW,1.515824699338894
2021-12-06,AUD,4Y,6M BBSW,1.520845768409403
2021-12-03,AUD,4Y,6M BBSW,1.502578702840194
2021-12-02,AUD,4Y,6M BBSW,1.589965584027572
2021-12-01,AUD,4Y,6M BBSW,1.581065344439441
2021-11-30,AUD,4Y,6M BBSW,1.548784973496757
2021-11-29,AUD,4Y,6M BBSW,1.573341017532652
2021-11-26,AUD,4Y,6M BBSW,1.463148673064265
2021-11-25,AUD,4Y,6M BBSW,1.650881072160335
2021-11-24,AUD,4Y,6M BBSW,1.624626183879688
2021-11-23,AUD,4Y,6M BBSW,1.698431248587916
2021-11-22,AUD,4Y,6M BBSW,1.613842946208688
2021-11-19,AUD,4Y,6M BBSW,1.597402841675925
2021-11-18,AUD,4Y,6M BBSW,1.560073824097404
2021-11-17,AUD,4Y,6M BBSW,1.572118712175352
2021-11-16,AUD,4Y,6M BBSW,1.582148884738746
2021-11-15,AUD,4Y,6M BBSW,1.529927482359841
2021-11-12,AUD,4Y,6M BBSW,1.530130084047816
2021-11-11,AUD,4Y,6M BBSW,1.534601646450747
2021-11-10,AUD,4Y,6M BBSW,1.407626069668617
2021-11-09,AUD,4Y,6M BBSW,1.419164632815644
2021-11-08,AUD,4Y,6M BBSW,1.388585880354237
2021-11-05,AUD,4Y,6M BBSW,1.436728131864427
2021-11-04,AUD,4Y,6M BBSW,1.483299710474483
2021-11-03,AUD,4Y,6M BBSW,1.392303163018853
2021-11-02,AUD,4Y,6M BBSW,1.532517439447477
2021-11-01,AUD,4Y,6M BBSW,1.529431994896184
2021-10-29,AUD,4Y,6M BBSW,1.611628943275859
2021-10-28,AUD,4Y,6M BBSW,1.600281978872347
2021-10-27,AUD,4Y,6M BBSW,1.41603972041505
2021-10-26,AUD,4Y,6M BBSW,1.238791651762224
2021-10-25,AUD,4Y,6M BBSW,1.19606698947159
2021-10-22,AUD,4Y,6M BBSW,1.224295637286834
2021-10-21,AUD,4Y,6M BBSW,1.189145099509044
2021-10-20,AUD,4Y,6M BBSW,1.153408381198993
2021-10-19,AUD,4Y,6M BBSW,1.165306848039985
2021-10-18,AUD,4Y,6M BBSW,1.143524430222161
2021-10-15,AUD,4Y,6M BBSW,1.065191958574085
2021-10-14,AUD,4Y,6M BBSW,0.9394077425311188
2021-10-13,AUD,4Y,6M BBSW,0.9472186316891862
2021-10-12,AUD,4Y,6M BBSW,0.9695396255682128
2021-10-11,AUD,4Y,6M BBSW,0.9407224208354128
2021-10-08,AUD,4Y,6M BBSW,0.9140512583420364
2021-10-07,AUD,4Y,6M BBSW,0.8357741593538175
2021-10-06,AUD,4Y,6M BBSW,0.813762282024566
2021-10-05,AUD,4Y,6M BBSW,0.7941971328099935
2021-10-01,AUD,4Y,6M BBSW,0.7821993218776271
2021-09-30,AUD,4Y,6M BBSW,0.7669344508617612
2021-09-29,AUD,4Y,6M BBSW,0.7763460059546503
2021-09-28,AUD,4Y,6M BBSW,0.7706282606601094
2021-09-27,AUD,4Y,6M BBSW,0.7332929113479488
2021-09-24,AUD,4Y,6M BBSW,0.7397793971720242
2021-09-23,AUD,4Y,6M BBSW,0.6458340132069043
2021-09-22,AUD,4Y,6M BBSW,0.6405421663098696
2021-09-21,AUD,4Y,6M BBSW,0.639207179912693
2021-09-20,AUD,4Y,6M BBSW,0.6582061412974922
2021-09-17,AUD,4Y,6M BBSW,0.6529064276864168
2021-09-16,AUD,4Y,6M BBSW,0.6299887098021401
2021-09-15,AUD,4Y,6M BBSW,0.6049130263265035
2021-09-14,AUD,4Y,6M BBSW,0.6506755828521529
2021-09-13,AUD,4Y,6M BBSW,0.6359782648060628
2021-09-10,AUD,4Y,6M BBSW,0.605411697234342
2021-09-09,AUD,4Y,6M BBSW,0.6567599243311222
2021-09-08,AUD,4Y,6M BBSW,0.6583181409694709
2021-09-07,AUD,4Y,6M BBSW,0.6560151690010313
2021-09-06,AUD,4Y,6M BBSW,0.6346103406319054
2021-09-03,AUD,4Y,6M BBSW,0.6191691167283617
2021-09-02,AUD,4Y,6M BBSW,0.6208905826812984
2021-09-01,AUD,4Y,6M BBSW,0.6466920563336753
2021-08-31,AUD,4Y,6M BBSW,0.5929756126573469
2021-08-30,AUD,4Y,6M BBSW,0.6060475884500927
2021-08-27,AUD,4Y,6M BBSW,0.6345414837773504
2021-08-26,AUD,4Y,6M BBSW,0.6013711396015222
2021-08-25,AUD,4Y,6M BBSW,0.5928242826052449
2021-08-24,AUD,4Y,6M BBSW,0.5627961218341925
2021-08-23,AUD,4Y,6M BBSW,0.5437671445887221
2021-08-20,AUD,4Y,6M BBSW,0.5277533889192242
2021-08-19,AUD,4Y,6M BBSW,0.5514642637462319
2021-08-18,AUD,4Y,6M BBSW,0.561434770715107
2021-08-17,AUD,4Y,6M BBSW,0.5679672133743332
2021-08-16,AUD,4Y,6M BBSW,0.585692057732028
2021-08-13,AUD,4Y,6M BBSW,0.6113539963495195
2021-08-12,AUD,4Y,6M BBSW,0.597369604961592
2021-08-11,AUD,4Y,6M BBSW,0.6266169974442272
2021-08-10,AUD,4Y,6M BBSW,0.622596068542438
2021-08-09,AUD,4Y,6M BBSW,0.6433134881365068
2021-08-06,AUD,4Y,6M BBSW,0.6406522453335971
2021-08-05,AUD,4Y,6M BBSW,0.563869994854042
2021-08-04,AUD,4Y,6M BBSW,0.5578022496166655
2021-08-03,AUD,4Y,6M BBSW,0.5159896261697203
2021-07-30,AUD,4Y,6M BBSW,0.5439268279515754
2021-07-29,AUD,4Y,6M BBSW,0.5201041335124081
2021-07-28,AUD,4Y,6M BBSW,0.5500312046630984
2021-07-27,AUD,4Y,6M BBSW,0.5561478600550032
2021-07-26,AUD,4Y,6M BBSW,0.5627127459162985
2021-07-23,AUD,4Y,6M BBSW,0.5747513602726277
2021-07-22,AUD,4Y,6M BBSW,0.559746495551413
2021-07-21,AUD,4Y,6M BBSW,0.5544260650672237
2021-07-20,AUD,4Y,6M BBSW,0.5554065466339224
2021-07-19,AUD,4Y,6M BBSW,0.6136017687279387
2021-07-16,AUD,4Y,6M BBSW,0.6297453830244715
2021-07-15,AUD,4Y,6M BBSW,0.6105665320136862
2021-07-14,AUD,4Y,6M BBSW,0.6335229177394333
2021-07-13,AUD,4Y,6M BBSW,0.5919279462537199
2021-07-12,AUD,4Y,6M BBSW,0.593792504572245
2021-07-09,AUD,4Y,6M BBSW,0.6295138356335119
2021-07-08,AUD,4Y,6M BBSW,0.6479693410964955
2021-07-07,AUD,4Y,6M BBSW,0.6807219630151101
2021-07-06,AUD,4Y,6M BBSW,0.7010553588050618
2021-07-05,AUD,4Y,6M BBSW,0.6852605797043644
2021-07-02,AUD,4Y,6M BBSW,0.6721900429822643
2021-07-01,AUD,4Y,6M BBSW,0.7107798239428521
2021-06-30,AUD,4Y,6M BBSW,0.7029596187560698
2021-06-29,AUD,4Y,6M BBSW,0.6900535020368452
2021-06-28,AUD,4Y,6M BBSW,0.7118168789989033
2021-06-25,AUD,4Y,6M BBSW,0.7012156658054671
2021-06-24,AUD,4Y,6M BBSW,0.6783363418489962
2021-06-23,AUD,4Y,6M BBSW,0.6886238551678404
2021-06-22,AUD,4Y,6M BBSW,0.7252685725881173
2021-06-21,AUD,4Y,6M BBSW,0.7145346934024123
2021-06-18,AUD,4Y,6M BBSW,0.7636886087067751
2021-06-17,AUD,4Y,6M BBSW,0.6492818863589246
2021-06-16,AUD,4Y,6M BBSW,0.5577338826348307
2021-06-15,AUD,4Y,6M BBSW,0.5451913228095226
2021-06-11,AUD,4Y,6M BBSW,0.5220086195544226
2021-06-10,AUD,4Y,6M BBSW,0.5243411133119948
2021-06-09,AUD,4Y,6M BBSW,0.5592227009556743
2021-06-08,AUD,4Y,6M BBSW,0.6027938392428864
2021-06-07,AUD,4Y,6M BBSW,0.5923921494745372
2021-06-04,AUD,4Y,6M BBSW,0.6146436800149914
2021-06-03,AUD,4Y,6M BBSW,0.5816344100735279
2021-06-02,AUD,4Y,6M BBSW,0.6281796326214305
2021-06-01,AUD,4Y,6M BBSW,0.6354010334870344
2021-05-31,AUD,4Y,6M BBSW,0.6274318550798637
2021-05-28,AUD,4Y,6M BBSW,0.6289786179613112
2021-05-27,AUD,4Y,6M BBSW,0.5669355383591524
2021-05-26,AUD,4Y,6M BBSW,0.55580519413716
2021-05-25,AUD,4Y,6M BBSW,0.5680453903016771
2021-05-24,AUD,4Y,6M BBSW,0.5775974113446828
2021-05-21,AUD,4Y,6M BBSW,0.5916348921673454
2021-05-20,AUD,4Y,6M BBSW,0.5923271754469356
2021-05-19,AUD,4Y,6M BBSW,0.6052117708574001
2021-05-18,AUD,4Y,6M BBSW,0.5971384326126202
2021-05-17,AUD,4Y,6M BBSW,0.589512158942231
2021-05-14,AUD,4Y,6M BBSW,0.5893217057462007
2021-05-13,AUD,4Y,6M BBSW,0.5886291139849155
2021-05-12,AUD,4Y,6M BBSW,0.5696379986486602
2021-05-11,AUD,4Y,6M BBSW,0.5711380937698531
2021-05-10,AUD,4Y,6M BBSW,0.5753145872431
2021-05-07,AUD,4Y,6M BBSW,0.5796557945481503
2021-05-06,AUD,4Y,6M BBSW,0.5855521190346307
2021-05-05,AUD,4Y,6M BBSW,0.566262993666845
2021-05-04,AUD,4Y,6M BBSW,0.5818696909004013
2021-05-03,AUD,4Y,6M BBSW,0.5857762065263682
2021-04-30,AUD,4Y,6M BBSW,0.5769873664729117
2021-04-29,AUD,4Y,6M BBSW,0.5704950049916703
2021-04-28,AUD,4Y,6M BBSW,0.5715119065670373
2021-04-27,AUD,4Y,6M BBSW,0.5893750845484473
2021-04-26,AUD,4Y,6M BBSW,0.5819913971119032
2021-04-23,AUD,4Y,6M BBSW,0.5884137962170074
2021-04-22,AUD,4Y,6M BBSW,0.5597062879387018
2021-04-21,AUD,4Y,6M BBSW,0.5677102904194323
2021-04-20,AUD,4Y,6M BBSW,0.5839944622378267
2021-04-19,AUD,4Y,6M BBSW,0.5655526553927231
2021-04-16,AUD,4Y,6M BBSW,0.5685623063493555
2021-04-15,AUD,4Y,6M BBSW,0.5768476789067174
2021-04-14,AUD,4Y,6M BBSW,0.5742053830906247
2021-04-13,AUD,4Y,6M BBSW,0.5833813361845699
2021-04-12,AUD,4Y,6M BBSW,0.5571374850343886
2021-04-09,AUD,4Y,6M BBSW,0.5515910784176924
2021-04-08,AUD,4Y,6M BBSW,0.5472102591501389
2021-04-07,AUD,4Y,6M BBSW,0.5651532092918455
2021-04-06,AUD,4Y,6M BBSW,0.5908364812319152
2021-04-01,AUD,4Y,6M BBSW,0.6171479700391777
2021-03-31,AUD,4Y,6M BBSW,0.6318556274135387
2021-03-30,AUD,4Y,6M BBSW,0.5949492692186861
2021-03-29,AUD,4Y,6M BBSW,0.5280919460955755
2021-03-26,AUD,4Y,6M BBSW,0.512979749629133
2021-03-25,AUD,4Y,6M BBSW,0.5338948284779679
2021-03-24,AUD,4Y,6M BBSW,0.5059422219119529
2021-03-23,AUD,4Y,6M BBSW,0.5417298479269392
2021-03-22,AUD,4Y,6M BBSW,0.5862235118431776
2021-03-19,AUD,4Y,6M BBSW,0.5856785239168147
2021-03-18,AUD,4Y,6M BBSW,0.5944734537012865
2021-03-17,AUD,4Y,6M BBSW,0.5607147634176819
2021-03-16,AUD,4Y,6M BBSW,0.5667410145705112
2021-03-15,AUD,4Y,6M BBSW,0.6236262373855911
2021-03-12,AUD,4Y,6M BBSW,0.5669049150412407
2021-03-11,AUD,4Y,6M BBSW,0.5753102768208291
2021-03-10,AUD,4Y,6M BBSW,0.6087498874524429
2021-03-09,AUD,4Y,6M BBSW,0.6490471605455128
2021-03-08,AUD,4Y,6M BBSW,0.660739349081476
2021-03-05,AUD,4Y,6M BBSW,0.655507007350752
2021-03-04,AUD,4Y,6M BBSW,0.6525339198547371
2021-03-03,AUD,4Y,6M BBSW,0.5485365285769185
2021-03-02,AUD,4Y,6M BBSW,0.5636265391580315
2021-03-01,AUD,4Y,6M BBSW,0.5288510153226514
2021-02-26,AUD,4Y,6M BBSW,0.6354462792317651
2021-02-25,AUD,4Y,6M BBSW,0.523773744248051
2021-02-24,AUD,4Y,6M BBSW,0.4742043775962011
2021-02-23,AUD,4Y,6M BBSW,0.4669692129471849
2021-02-22,AUD,4Y,6M BBSW,0.5059850460187917
2021-02-19,AUD,4Y,6M BBSW,0.4013869316238153
2021-02-18,AUD,4Y,6M BBSW,0.3586770024326415
2021-02-17,AUD,4Y,6M BBSW,0.3632777090916146
2021-02-16,AUD,4Y,6M BBSW,0.3345305626314552
2021-02-15,AUD,4Y,6M BBSW,0.3266071943579522
2021-02-12,AUD,4Y,6M BBSW,0.2987916510754935
2021-02-11,AUD,4Y,6M BBSW,0.2883399898172039
2021-02-10,AUD,4Y,6M BBSW,0.2941779211584953
2021-02-09,AUD,4Y,6M BBSW,0.3034315777791032
2021-02-08,AUD,4Y,6M BBSW,0.3102520428426368
2021-02-05,AUD,4Y,6M BBSW,0.2748070546462439
2021-02-04,AUD,4Y,6M BBSW,0.3026833448223971
2021-02-03,AUD,4Y,6M BBSW,0.2863343133463252
2021-02-02,AUD,4Y,6M BBSW,0.2868636972161116
2021-02-01,AUD,4Y,6M BBSW,0.3006535447031656
2021-01-29,AUD,4Y,6M BBSW,0.2860188769583438
2021-01-28,AUD,4Y,6M BBSW,0.2841697000911907
2021-01-27,AUD,4Y,6M BBSW,0.2904141867330914
2021-01-25,AUD,4Y,6M BBSW,0.2934604857534557
2021-01-22,AUD,4Y,6M BBSW,0.2970047779478752
2021-01-21,AUD,4Y,6M BBSW,0.2733187684188537
2021-01-20,AUD,4Y,6M BBSW,0.2790077229227372
2021-01-19,AUD,4Y,6M BBSW,0.2753871514040978
2021-01-18,AUD,4Y,6M BBSW,0.2727857724608307
2021-01-15,AUD,4Y,6M BBSW,0.2787478779445119
2021-01-14,AUD,4Y,6M BBSW,0.2726188970699445
2021-01-13,AUD,4Y,6M BBSW,0.2791351313930407
2021-01-12,AUD,4Y,6M BBSW,0.2816147328166301
2021-01-11,AUD,4Y,6M BBSW,0.2810777890934184
2021-01-08,AUD,4Y,6M BBSW,0.2746195251742294
2021-01-07,AUD,4Y,6M BBSW,0.2673149623355915
2021-01-06,AUD,4Y,6M BBSW,0.2507444661842634
2021-01-05,AUD,4Y,6M BBSW,0.2302551855568855
2021-01-04,AUD,4Y,6M BBSW,0.2585941814568043
2020-12-31,AUD,4Y,6M BBSW,0.2606780954664763
2020-12-30,AUD,4Y,6M BBSW,0.2605162963314484
2020-12-29,AUD,4Y,6M BBSW,0.25424964571998
2020-12-24,AUD,4Y,6M BBSW,0.265499214319544
2020-12-23,AUD,4Y,6M BBSW,0.2411665427871898
2020-12-22,AUD,4Y,6M BBSW,0.2550084776847865
2020-12-21,AUD,4Y,6M BBSW,0.2695883056893128
2020-12-18,AUD,4Y,6M BBSW,0.2834431507661872
2020-12-17,AUD,4Y,6M BBSW,0.2839229259088902
2020-12-16,AUD,4Y,6M BBSW,0.2682782741767093
2020-12-15,AUD,4Y,6M BBSW,0.2680885899581972
2020-12-14,AUD,4Y,6M BBSW,0.2656484182703141
2020-12-11,AUD,4Y,6M BBSW,0.2656100117959078
2020-12-10,AUD,4Y,6M BBSW,0.2616593032471501
2020-12-09,AUD,4Y,6M BBSW,0.2587504072581261
2020-12-08,AUD,4Y,6M BBSW,0.2527712632212155
2020-12-07,AUD,4Y,6M BBSW,0.2505828814541175
2020-12-04,AUD,4Y,6M BBSW,0.2234492101067381
2020-12-03,AUD,4Y,6M BBSW,0.2406960376331923
2020-12-02,AUD,4Y,6M BBSW,0.2393041578524765
2020-12-01,AUD,4Y,6M BBSW,0.2271525854324198
2020-11-30,AUD,4Y,6M BBSW,0.2306373956870715
2020-11-27,AUD,4Y,6M BBSW,0.221058741377671
2020-11-26,AUD,4Y,6M BBSW,0.2218229273578776
2020-11-25,AUD,4Y,6M BBSW,0.2312362649723589
2020-11-24,AUD,4Y,6M BBSW,0.2230775810565043
2020-11-23,AUD,4Y,6M BBSW,0.2124802767176737
2020-11-20,AUD,4Y,6M BBSW,0.2065692653784357
2020-11-19,AUD,4Y,6M BBSW,0.2105042395534797
2020-11-18,AUD,4Y,6M BBSW,0.206214996624823
2020-11-17,AUD,4Y,6M BBSW,0.2000888473495242
2020-11-16,AUD,4Y,6M BBSW,0.1899848616571737
2020-11-13,AUD,4Y,6M BBSW,0.1839181187800645
2020-11-12,AUD,4Y,6M BBSW,0.194382400516857
2020-11-11,AUD,4Y,6M BBSW,0.2191576201424953
2020-11-10,AUD,4Y,6M BBSW,0.1856619842028686
2020-11-09,AUD,4Y,6M BBSW,0.1452563980462926
2020-11-06,AUD,4Y,6M BBSW,0.1478652847171111
2020-11-05,AUD,4Y,6M BBSW,0.1372230909380347
2020-11-04,AUD,4Y,6M BBSW,0.1557877765882141
2020-11-03,AUD,4Y,6M BBSW,0.1421997972561813
2020-11-02,AUD,4Y,6M BBSW,0.1674385624440565
2020-10-30,AUD,4Y,6M BBSW,0.1631896966270696
2020-10-29,AUD,4Y,6M BBSW,0.1629648360241872
2020-10-28,AUD,4Y,6M BBSW,0.162801337497085
2020-10-27,AUD,4Y,6M BBSW,0.1588593517513021
2020-10-26,AUD,4Y,6M BBSW,0.1589125200625506
2020-10-23,AUD,4Y,6M BBSW,0.1859132613229772
2020-10-22,AUD,4Y,6M BBSW,0.1691440717606077
2020-10-21,AUD,4Y,6M BBSW,0.166484243544537
2020-10-20,AUD,4Y,6M BBSW,0.1643392289036878
2020-10-19,AUD,4Y,6M BBSW,0.1744710027112735
2020-10-16,AUD,4Y,6M BBSW,0.1562327113561676
2020-10-15,AUD,4Y,6M BBSW,0.1782932313798436
2020-10-14,AUD,4Y,6M BBSW,0.1843811702205194
2020-10-13,AUD,4Y,6M BBSW,0.1930467616843536
2020-10-12,AUD,4Y,6M BBSW,0.2059846928415345
2020-10-09,AUD,4Y,6M BBSW,0.197612755172492
2020-10-08,AUD,4Y,6M BBSW,0.1972308394346072
2020-10-07,AUD,4Y,6M BBSW,0.1781213707230517
2020-10-06,AUD,4Y,6M BBSW,0.2104774982121679
2020-10-02,AUD,4Y,6M BBSW,0.1981151487908665
2020-10-01,AUD,4Y,6M BBSW,0.213970121510662
2020-09-30,AUD,4Y,6M BBSW,0.2065902228752483
2020-09-29,AUD,4Y,6M BBSW,0.2036090441673164
2020-09-28,AUD,4Y,6M BBSW,0.1996671434099706
2020-09-25,AUD,4Y,6M BBSW,0.1956906301071762
2020-09-24,AUD,4Y,6M BBSW,0.2008044756329891
2020-09-23,AUD,4Y,6M BBSW,0.2068820859213789
2020-09-22,AUD,4Y,6M BBSW,0.2407854644511594
2020-09-21,AUD,4Y,6M BBSW,0.2367726778564359
2020-09-18,AUD,4Y,6M BBSW,0.2449448229762032
2020-09-17,AUD,4Y,6M BBSW,0.2192437729445276
2020-09-16,AUD,4Y,6M BBSW,0.2091812997659977
2020-09-15,AUD,4Y,6M BBSW,0.2180636651955843
2020-09-14,AUD,4Y,6M BBSW,0.2375468104594772
2020-09-11,AUD,4Y,6M BBSW,0.2463323983160278
2020-09-10,AUD,4Y,6M BBSW,0.2529538867606977
2020-09-09,AUD,4Y,6M BBSW,0.2526619623373725
2020-09-08,AUD,4Y,6M BBSW,0.2662482481554991
2020-09-07,AUD,4Y,6M BBSW,0.266570011806061
2020-09-04,AUD,4Y,6M BBSW,0.231679216550611
2020-09-03,AUD,4Y,6M BBSW,0.2534828607157521
2020-09-02,AUD,4Y,6M BBSW,0.2598752272545437
2020-09-01,AUD,4Y,6M BBSW,0.2861239311219659
2020-08-31,AUD,4Y,6M BBSW,0.2805201825844539
2020-08-28,AUD,4Y,6M BBSW,0.2867377689715421
2020-08-27,AUD,4Y,6M BBSW,0.2769111308548813
2020-08-26,AUD,4Y,6M BBSW,0.28747089073698
2020-08-25,AUD,4Y,6M BBSW,0.2763849629309711
2020-08-24,AUD,4Y,6M BBSW,0.2755494523345652
2020-08-21,AUD,4Y,6M BBSW,0.2793125262422015
2020-08-20,AUD,4Y,6M BBSW,0.2866118327428321
2020-08-19,AUD,4Y,6M BBSW,0.2862532572870401
2020-08-18,AUD,4Y,6M BBSW,0.2920350575235982
2020-08-17,AUD,4Y,6M BBSW,0.3029386741934963
2020-08-14,AUD,4Y,6M BBSW,0.3051447482061004
2020-08-13,AUD,4Y,6M BBSW,0.29045043851917
2020-08-12,AUD,4Y,6M BBSW,0.2927125406956488
2020-08-11,AUD,4Y,6M BBSW,0.2793066042490442
2020-08-10,AUD,4Y,6M BBSW,0.2573965054301078
2020-08-07,AUD,4Y,6M BBSW,0.2678742385988281
2020-08-06,AUD,4Y,6M BBSW,0.2723202105847269
2020-08-05,AUD,4Y,6M BBSW,0.2667685529275418
2020-08-04,AUD,4Y,6M BBSW,0.2747136416848403
2020-07-31,AUD,4Y,6M BBSW,0.263702924122669
2020-07-30,AUD,4Y,6M BBSW,0.2837633187848486
2020-07-29,AUD,4Y,6M BBSW,0.2864875706959952
2020-07-28,AUD,4Y,6M BBSW,0.307393685468206
2020-07-27,AUD,4Y,6M BBSW,0.2891796860711573
2020-07-24,AUD,4Y,6M BBSW,0.289048691993899
2020-07-23,AUD,4Y,6M BBSW,0.2898831687606757
2020-07-22,AUD,4Y,6M BBSW,0.2961803120066619
2020-07-21,AUD,4Y,6M BBSW,0.2898100713352236
2020-07-20,AUD,4Y,6M BBSW,0.2920740793741442
2020-07-17,AUD,4Y,6M BBSW,0.3006139827499063
2020-07-16,AUD,4Y,6M BBSW,0.3005862726472036
2020-07-15,AUD,4Y,6M BBSW,0.3147899550162605
2020-07-14,AUD,4Y,6M BBSW,0.3015064479626468
2020-07-13,AUD,4Y,6M BBSW,0.2860586216385744
2020-07-10,AUD,4Y,6M BBSW,0.2644337574169507
2020-07-09,AUD,4Y,6M BBSW,0.2932739786154665
2020-07-08,AUD,4Y,6M BBSW,0.2956792219282619
2020-07-07,AUD,4Y,6M BBSW,0.3017585042646789
2020-07-06,AUD,4Y,6M BBSW,0.3172709272494678
2020-07-03,AUD,4Y,6M BBSW,0.3096654639630825
2020-07-02,AUD,4Y,6M BBSW,0.3141370607812336
2020-07-01,AUD,4Y,6M BBSW,0.3283966897391022
2020-06-30,AUD,4Y,6M BBSW,0.3181394661236822
2020-06-29,AUD,4Y,6M BBSW,0.3179780117482645
2020-06-26,AUD,4Y,6M BBSW,0.3218034176796624
2020-06-25,AUD,4Y,6M BBSW,0.3309278406656492
2020-06-24,AUD,4Y,6M BBSW,0.3357169100373539
2020-06-23,AUD,4Y,6M BBSW,0.3235799033715174
2020-06-22,AUD,4Y,6M BBSW,0.3228774013965551
2020-06-19,AUD,4Y,6M BBSW,0.3266889242826667
2020-06-18,AUD,4Y,6M BBSW,0.3281199124312038
2020-06-17,AUD,4Y,6M BBSW,0.3367399589818194
2020-06-16,AUD,4Y,6M BBSW,0.3628957146920769
2020-06-15,AUD,4Y,6M BBSW,0.3643345087985395
2020-06-12,AUD,4Y,6M BBSW,0.3678302243301071
2020-06-11,AUD,4Y,6M BBSW,0.3682271858566448
2020-06-10,AUD,4Y,6M BBSW,0.3937449772070306
2020-06-09,AUD,4Y,6M BBSW,0.3968249266057905
2020-06-05,AUD,4Y,6M BBSW,0.4066162995445238
2020-06-04,AUD,4Y,6M BBSW,0.3822723343176737
2020-06-03,AUD,4Y,6M BBSW,0.3629435523370982
2020-06-02,AUD,4Y,6M BBSW,0.3552701472739495
2020-06-01,AUD,4Y,6M BBSW,0.3659520717948734
2020-05-29,AUD,4Y,6M BBSW,0.3632301285835956
2020-05-28,AUD,4Y,6M BBSW,0.3572269662984316
2020-05-27,AUD,4Y,6M BBSW,0.358713506810893
2020-05-26,AUD,4Y,6M BBSW,0.3511719873220898
2020-05-25,AUD,4Y,6M BBSW,0.3584945353535561
2020-05-22,AUD,4Y,6M BBSW,0.3400958053636424
2020-05-21,AUD,4Y,6M BBSW,0.3291174039194367
2020-05-20,AUD,4Y,6M BBSW,0.3338538814911415
2020-05-19,AUD,4Y,6M BBSW,0.3306750947937195
2020-05-18,AUD,4Y,6M BBSW,0.3066519058084079
2020-05-15,AUD,4Y,6M BBSW,0.3050647608305541
2020-05-14,AUD,4Y,6M BBSW,0.2896324789178142
2020-05-13,AUD,4Y,6M BBSW,0.322664379589848
2020-05-12,AUD,4Y,6M BBSW,0.3295495074117853
2020-05-11,AUD,4Y,6M BBSW,0.368834580041975
2020-05-08,AUD,4Y,6M BBSW,0.3154817687551145
2020-05-07,AUD,4Y,6M BBSW,0.35518652333409
2020-05-06,AUD,4Y,6M BBSW,0.3574050915969292
2020-05-05,AUD,4Y,6M BBSW,0.3696613415344388
2020-05-04,AUD,4Y,6M BBSW,0.3691287692498674
2020-05-01,AUD,4Y,6M BBSW,0.3935742706978891
2020-04-30,AUD,4Y,6M BBSW,0.404985212961801
2020-04-29,AUD,4Y,6M BBSW,0.4251177132691047
2020-04-28,AUD,4Y,6M BBSW,0.4244080429680618
2020-04-27,AUD,4Y,6M BBSW,0.427534314482875
2020-04-24,AUD,4Y,6M BBSW,0.4254422584495876
2020-04-23,AUD,4Y,6M BBSW,0.4279101827521114
2020-04-22,AUD,4Y,6M BBSW,0.4183744724599796
2020-04-21,AUD,4Y,6M BBSW,0.4174904352541989
2020-04-20,AUD,4Y,6M BBSW,0.421135784073675
2020-04-17,AUD,4Y,6M BBSW,0.4291645381780548
2020-04-16,AUD,4Y,6M BBSW,0.4422873273667454
2020-04-15,AUD,4Y,6M BBSW,0.4874220821909917
2020-04-14,AUD,4Y,6M BBSW,0.4942159031513605
2020-04-09,AUD,4Y,6M BBSW,0.5013282330442178
2020-04-08,AUD,4Y,6M BBSW,0.4919523390124518
2020-04-07,AUD,4Y,6M BBSW,0.4606065936467823
2020-04-06,AUD,4Y,6M BBSW,0.427133377654024
2020-04-03,AUD,4Y,6M BBSW,0.4217937421838486
2020-04-02,AUD,4Y,6M BBSW,0.4393698998458879
2020-04-01,AUD,4Y,6M BBSW,0.4375121178050365
2020-03-31,AUD,4Y,6M BBSW,0.4841715997550719
2020-03-30,AUD,4Y,6M BBSW,0.4566063701604599
2020-03-27,AUD,4Y,6M BBSW,0.4992995982480406
2020-03-26,AUD,4Y,6M BBSW,0.5219525869412961
2020-03-25,AUD,4Y,6M BBSW,0.5973875673325111
2020-03-24,AUD,4Y,6M BBSW,0.5565214603859645
2020-03-23,AUD,4Y,6M BBSW,0.5500326079557114
2020-03-20,AUD,4Y,6M BBSW,0.6092845960203344
2020-03-19,AUD,4Y,6M BBSW,0.7561102859218661
2020-03-18,AUD,4Y,6M BBSW,0.7635059095798192
2020-03-17,AUD,4Y,6M BBSW,0.7622341557226033
2020-03-16,AUD,4Y,6M BBSW,0.653663643143131
2020-03-13,AUD,4Y,6M BBSW,0.7862609710221315
2020-03-12,AUD,4Y,6M BBSW,0.648934982042865
2020-03-11,AUD,4Y,6M BBSW,0.6291889418847174
2020-03-10,AUD,4Y,6M BBSW,0.6312233227734773
2020-03-09,AUD,4Y,6M BBSW,0.5985783974328484
2020-03-06,AUD,4Y,6M BBSW,0.6055863686490689
2020-03-05,AUD,4Y,6M BBSW,0.5545069845014547
2020-03-04,AUD,4Y,6M BBSW,0.5393719255740969
2020-03-03,AUD,4Y,6M BBSW,0.5865589529183365
2020-03-02,AUD,4Y,6M BBSW,0.6058598056896889
2020-02-28,AUD,4Y,6M BBSW,0.5401778993145763
2020-02-27,AUD,4Y,6M BBSW,0.6611111904372129
2020-02-26,AUD,4Y,6M BBSW,0.7113285208112423
2020-02-25,AUD,4Y,6M BBSW,0.7138772532213317
2020-02-24,AUD,4Y,6M BBSW,0.7127659590869032
2020-02-21,AUD,4Y,6M BBSW,0.7138322338443353
2020-02-20,AUD,4Y,6M BBSW,0.7466285796440115
2020-02-19,AUD,4Y,6M BBSW,0.7999158898248485
2020-02-18,AUD,4Y,6M BBSW,0.7975802102344023
2020-02-17,AUD,4Y,6M BBSW,0.8312893083791253
2020-02-14,AUD,4Y,6M BBSW,0.8075086472528834
2020-02-13,AUD,4Y,6M BBSW,0.8403516693910151
2020-02-12,AUD,4Y,6M BBSW,0.8461496918047352
2020-02-11,AUD,4Y,6M BBSW,0.8132477806732152
2020-02-10,AUD,4Y,6M BBSW,0.8004524029003799
2020-02-07,AUD,4Y,6M BBSW,0.7951991265923087
2020-02-06,AUD,4Y,6M BBSW,0.8646812172992991
2020-02-05,AUD,4Y,6M BBSW,0.8148833495552944
2020-02-04,AUD,4Y,6M BBSW,0.683071272718478
2020-02-03,AUD,4Y,6M BBSW,0.7000374702026118
2020-01-31,AUD,4Y,6M BBSW,0.7195934664912695
2020-01-30,AUD,4Y,6M BBSW,0.7493834661665106
2020-01-29,AUD,4Y,6M BBSW,0.8061086332620069
2020-01-28,AUD,4Y,6M BBSW,0.7441100006670038
2020-01-24,AUD,4Y,6M BBSW,0.8241301045079326
2020-01-23,AUD,4Y,6M BBSW,0.8677780942622403
2020-01-22,AUD,4Y,6M BBSW,0.8440020670463715
2020-01-21,AUD,4Y,6M BBSW,0.885133730658232
2020-01-20,AUD,4Y,6M BBSW,0.8947016202447817
2020-01-17,AUD,4Y,6M BBSW,0.8981931925215857
2020-01-16,AUD,4Y,6M BBSW,0.9117019692835784
2020-01-15,AUD,4Y,6M BBSW,0.935549457352897
2020-01-14,AUD,4Y,6M BBSW,0.948470858070646
2020-01-13,AUD,4Y,6M BBSW,0.9169257472195572
2020-01-10,AUD,4Y,6M BBSW,0.9311386137990028
2020-01-09,AUD,4Y,6M BBSW,0.9254766381317016
2020-01-08,AUD,4Y,6M BBSW,0.8916069556472481
2020-01-07,AUD,4Y,6M BBSW,0.9013582766232588
2020-01-06,AUD,4Y,6M BBSW,0.9294782622109056
2020-01-03,AUD,4Y,6M BBSW,0.950887395052231
2020-01-02,AUD,4Y,6M BBSW,1.067205572759766
2019-12-31,AUD,4Y,6M BBSW,1.069268918916277
2019-12-30,AUD,4Y,6M BBSW,1.043472926943782
2019-12-27,AUD,4Y,6M BBSW,1.053700195031069
2019-12-24,AUD,4Y,6M BBSW,1.036244695662106
2019-12-23,AUD,4Y,6M BBSW,1.026185551176973
2019-12-20,AUD,4Y,6M BBSW,1.036141597911732
2019-12-19,AUD,4Y,6M BBSW,0.9570249136687244
2019-12-18,AUD,4Y,6M BBSW,0.8961516216317411
2019-12-17,AUD,4Y,6M BBSW,0.863987944367071
2019-12-16,AUD,4Y,6M BBSW,0.897497774320934
2019-12-13,AUD,4Y,6M BBSW,0.9084942961217902
2019-12-12,AUD,4Y,6M BBSW,0.8592620946134842
2019-12-11,AUD,4Y,6M BBSW,0.8551513271980036
2019-12-10,AUD,4Y,6M BBSW,0.8408349148343368
2019-12-09,AUD,4Y,6M BBSW,0.8583508610664158
2019-12-06,AUD,4Y,6M BBSW,0.8488239544725419
2019-12-05,AUD,4Y,6M BBSW,0.8322137979994222
2019-12-04,AUD,4Y,6M BBSW,0.8150274568238871
2019-12-03,AUD,4Y,6M BBSW,0.9134705661793024
2019-12-02,AUD,4Y,6M BBSW,0.8284160316585548
2019-11-29,AUD,4Y,6M BBSW,0.823483907293394
2019-11-28,AUD,4Y,6M BBSW,0.7895309438131499
2019-11-27,AUD,4Y,6M BBSW,0.8118232940710745
2019-11-26,AUD,4Y,6M BBSW,0.8778840252317861
2019-11-25,AUD,4Y,6M BBSW,0.8665756396201599
2019-11-22,AUD,4Y,6M BBSW,0.8644645828966669
2019-11-21,AUD,4Y,6M BBSW,0.848595189664763
2019-11-20,AUD,4Y,6M BBSW,0.8476828553897426
2019-11-19,AUD,4Y,6M BBSW,0.8647089135335257
2019-11-18,AUD,4Y,6M BBSW,0.8992655625509737
2019-11-15,AUD,4Y,6M BBSW,0.9006890430921257
2019-11-14,AUD,4Y,6M BBSW,0.9139000625065152
2019-11-13,AUD,4Y,6M BBSW,0.9923219426443108
2019-11-12,AUD,4Y,6M BBSW,1.004725684555266
2019-11-11,AUD,4Y,6M BBSW,1.024207597965814
2019-11-08,AUD,4Y,6M BBSW,1.03617812597665
2019-11-07,AUD,4Y,6M BBSW,1.005478329026643
2019-11-06,AUD,4Y,6M BBSW,1.03554293071253
2019-11-05,AUD,4Y,6M BBSW,1.02866665183142
2019-11-04,AUD,4Y,6M BBSW,0.9783592869787852
2019-11-01,AUD,4Y,6M BBSW,0.970554655046438
2019-10-31,AUD,4Y,6M BBSW,0.9472425970624724
2019-10-30,AUD,4Y,6M BBSW,0.9337545278399748
2019-10-29,AUD,4Y,6M BBSW,0.935761501311691
2019-10-28,AUD,4Y,6M BBSW,0.8823334348610694
2019-10-25,AUD,4Y,6M BBSW,0.8488546108684155
2019-10-24,AUD,4Y,6M BBSW,0.8928885546189886
2019-10-23,AUD,4Y,6M BBSW,0.8985037757367809
2019-10-22,AUD,4Y,6M BBSW,0.94375465346137
2019-10-21,AUD,4Y,6M BBSW,0.9149029798588344
2019-10-18,AUD,4Y,6M BBSW,0.9097587297865968
2019-10-17,AUD,4Y,6M BBSW,0.8451256401709486
2019-10-16,AUD,4Y,6M BBSW,0.8269079396930792
2019-10-15,AUD,4Y,6M BBSW,0.8028183473209761
2019-10-14,AUD,4Y,6M BBSW,0.8162991293270059
2019-10-11,AUD,4Y,6M BBSW,0.8367188339000982
2019-10-10,AUD,4Y,6M BBSW,0.6848966610943509
2019-10-09,AUD,4Y,6M BBSW,0.6913799252168386
2019-10-08,AUD,4Y,6M BBSW,0.6896386242223936
2019-10-04,AUD,4Y,6M BBSW,0.7065185453800246
2019-10-03,AUD,4Y,6M BBSW,0.7284314411309802
2019-10-02,AUD,4Y,6M BBSW,0.7476151584156713
2019-10-01,AUD,4Y,6M BBSW,0.8339826944138249
2019-09-30,AUD,4Y,6M BBSW,0.7299497184706392
2019-09-27,AUD,4Y,6M BBSW,0.8220053204940261
2019-09-26,AUD,4Y,6M BBSW,0.8234943405032835
2019-09-25,AUD,4Y,6M BBSW,0.8348593883536068
2019-09-24,AUD,4Y,6M BBSW,0.8512468250743831
2019-09-23,AUD,4Y,6M BBSW,0.8533083176374717
2019-09-20,AUD,4Y,6M BBSW,0.8570210097600083
2019-09-19,AUD,4Y,6M BBSW,0.9068838011774182
2019-09-18,AUD,4Y,6M BBSW,0.9660170648639173
2019-09-17,AUD,4Y,6M BBSW,0.9751306466940284
2019-09-16,AUD,4Y,6M BBSW,0.9991947076814136
2019-09-13,AUD,4Y,6M BBSW,0.9769462334951076
2019-09-12,AUD,4Y,6M BBSW,0.9551897216156264
2019-09-11,AUD,4Y,6M BBSW,0.9419050895949356
2019-09-10,AUD,4Y,6M BBSW,0.9065498553820186
2019-09-09,AUD,4Y,6M BBSW,0.8747269429036596
2019-09-06,AUD,4Y,6M BBSW,0.8993149434321044
2019-09-05,AUD,4Y,6M BBSW,0.8287058669305215
2019-09-04,AUD,4Y,6M BBSW,0.7899317906430336
2019-09-03,AUD,4Y,6M BBSW,0.7844359494777815
2019-09-02,AUD,4Y,6M BBSW,0.767856912012883
2019-08-30,AUD,4Y,6M BBSW,0.7679200159338404
2019-08-29,AUD,4Y,6M BBSW,0.7522634518958488
2019-08-28,AUD,4Y,6M BBSW,0.7569908323297077
2019-08-27,AUD,4Y,6M BBSW,0.793493500043288
2019-08-26,AUD,4Y,6M BBSW,0.7662837064882907
2019-08-23,AUD,4Y,6M BBSW,0.7670424832506368
2019-08-22,AUD,4Y,6M BBSW,0.7862040581198924
2019-08-21,AUD,4Y,6M BBSW,0.7663944337902753
2019-08-20,AUD,4Y,6M BBSW,0.773115840382152
2019-08-19,AUD,4Y,6M BBSW,0.7750624018624377
2019-08-16,AUD,4Y,6M BBSW,0.7403044757671756
2019-08-15,AUD,4Y,6M BBSW,0.7639397112362931
2019-08-14,AUD,4Y,6M BBSW,0.7754127942931489
2019-08-13,AUD,4Y,6M BBSW,0.7591726754301351
2019-08-12,AUD,4Y,6M BBSW,0.7801002777223385
2019-08-09,AUD,4Y,6M BBSW,0.8000535891670311
2019-08-08,AUD,4Y,6M BBSW,0.7827090960670201
2019-08-07,AUD,4Y,6M BBSW,0.7681520073916811
2019-08-06,AUD,4Y,6M BBSW,0.7955483843534626
2019-08-02,AUD,4Y,6M BBSW,0.8497911190049001
2019-08-01,AUD,4Y,6M BBSW,0.9485902866774528
2019-07-31,AUD,4Y,6M BBSW,0.9473457138631498
2019-07-30,AUD,4Y,6M BBSW,0.9585314383834131
2019-07-29,AUD,4Y,6M BBSW,0.9440645370665712
2019-07-26,AUD,4Y,6M BBSW,0.972678647552958
2019-07-25,AUD,4Y,6M BBSW,1.023283421521426
2019-07-24,AUD,4Y,6M BBSW,1.040186913621184
2019-07-23,AUD,4Y,6M BBSW,1.094948306308984
2019-07-22,AUD,4Y,6M BBSW,1.103417886240336
2019-07-19,AUD,4Y,6M BBSW,1.10406535769411
2019-07-18,AUD,4Y,6M BBSW,1.092679079901508
2019-07-17,AUD,4Y,6M BBSW,1.117538111570312
2019-07-16,AUD,4Y,6M BBSW,1.109610402897809
2019-07-15,AUD,4Y,6M BBSW,1.154334899513756
2019-07-12,AUD,4Y,6M BBSW,1.143170907481754
2019-07-11,AUD,4Y,6M BBSW,1.07140106113279
2019-07-10,AUD,4Y,6M BBSW,1.087681238222531
2019-07-09,AUD,4Y,6M BBSW,1.102711826469202
2019-07-08,AUD,4Y,6M BBSW,1.119005862792096
2019-07-05,AUD,4Y,6M BBSW,1.080548344836235
2019-07-04,AUD,4Y,6M BBSW,1.072910056838144
2019-07-03,AUD,4Y,6M BBSW,1.058370847887704
2019-07-02,AUD,4Y,6M BBSW,1.091670023586968
2019-07-01,AUD,4Y,6M BBSW,1.097688351666704
2019-06-28,AUD,4Y,6M BBSW,1.107550823845355
2019-06-27,AUD,4Y,6M BBSW,1.102557790115849
2019-06-26,AUD,4Y,6M BBSW,1.061833753216954
2019-06-25,AUD,4Y,6M BBSW,1.045614671032651
2019-06-24,AUD,4Y,6M BBSW,1.058536198399589
2019-06-21,AUD,4Y,6M BBSW,1.045231792521808
2019-06-20,AUD,4Y,6M BBSW,1.039004832913388
2019-06-19,AUD,4Y,6M BBSW,1.109960513093031
2019-06-18,AUD,4Y,6M BBSW,1.150976684852386
2019-06-17,AUD,4Y,6M BBSW,1.184169754663752
2019-06-14,AUD,4Y,6M BBSW,1.164427064513773
2019-06-13,AUD,4Y,6M BBSW,1.192280118989836
2019-06-12,AUD,4Y,6M BBSW,1.244548367872891
2019-06-11,AUD,4Y,6M BBSW,1.254354780237668
2019-06-07,AUD,4Y,6M BBSW,1.242348531163188
2019-06-06,AUD,4Y,6M BBSW,1.258040319143898
2019-06-05,AUD,4Y,6M BBSW,1.303936769528007
2019-06-04,AUD,4Y,6M BBSW,1.305828169469589
2019-06-03,AUD,4Y,6M BBSW,1.289682977053869
2019-05-31,AUD,4Y,6M BBSW,1.274456495834518
2019-05-30,AUD,4Y,6M BBSW,1.320079241095744
2019-05-29,AUD,4Y,6M BBSW,1.286593143889995
2019-05-28,AUD,4Y,6M BBSW,1.318776733887599
2019-05-27,AUD,4Y,6M BBSW,1.321235512680732
2019-05-24,AUD,4Y,6M BBSW,1.326379235719902
2019-05-23,AUD,4Y,6M BBSW,1.355400084067454
2019-05-22,AUD,4Y,6M BBSW,1.394648726427932
2019-05-21,AUD,4Y,6M BBSW,1.402986412570083
2019-05-20,AUD,4Y,6M BBSW,1.448614853148943
2019-05-17,AUD,4Y,6M BBSW,1.400012495006091
2019-05-16,AUD,4Y,6M BBSW,1.41636356753029
2019-05-15,AUD,4Y,6M BBSW,1.447356989249264
2019-05-14,AUD,4Y,6M BBSW,1.455733330917845
2019-05-13,AUD,4Y,6M BBSW,1.474282346873812
2019-05-10,AUD,4Y,6M BBSW,1.49532814748336
2019-05-09,AUD,4Y,6M BBSW,1.488459882801807
2019-05-08,AUD,4Y,6M BBSW,1.508704173575251
2019-05-07,AUD,4Y,6M BBSW,1.451589759840113
2019-05-06,AUD,4Y,6M BBSW,1.466251151767945
2019-05-03,AUD,4Y,6M BBSW,1.514088444670644
2019-05-02,AUD,4Y,6M BBSW,1.503778459739694
2019-05-01,AUD,4Y,6M BBSW,1.492771773269088
2019-04-30,AUD,4Y,6M BBSW,1.516423279930486
2019-04-29,AUD,4Y,6M BBSW,1.521406314587421
2019-04-26,AUD,4Y,6M BBSW,1.497824638296434
2019-04-24,AUD,4Y,6M BBSW,1.484180221855829
2019-04-23,AUD,4Y,6M BBSW,1.629973031252306
2019-04-18,AUD,4Y,6M BBSW,1.683155546148438
2019-04-17,AUD,4Y,6M BBSW,1.66942450052442
2019-04-16,AUD,4Y,6M BBSW,1.653937806151812
2019-04-15,AUD,4Y,6M BBSW,1.676130754894865
2019-04-12,AUD,4Y,6M BBSW,1.706232925722514
2019-04-11,AUD,4Y,6M BBSW,1.622855119419615
2019-04-10,AUD,4Y,6M BBSW,1.588236877133411
2019-04-09,AUD,4Y,6M BBSW,1.637870511161745
2019-04-08,AUD,4Y,6M BBSW,1.654159130833355
2019-04-05,AUD,4Y,6M BBSW,1.650856227705165
2019-04-04,AUD,4Y,6M BBSW,1.669080678683401
2019-04-03,AUD,4Y,6M BBSW,1.623870336919086
2019-04-02,AUD,4Y,6M BBSW,1.63022119661545
2019-04-01,AUD,4Y,6M BBSW,1.627967934181982
2019-03-29,AUD,4Y,6M BBSW,1.58889626116393
2019-03-28,AUD,4Y,6M BBSW,1.559127051664936
2019-03-27,AUD,4Y,6M BBSW,1.576983831280075
2019-03-26,AUD,4Y,6M BBSW,1.613880625262432
2019-03-25,AUD,4Y,6M BBSW,1.598177411220889
2019-03-22,AUD,4Y,6M BBSW,1.590499807227403
2019-03-21,AUD,4Y,6M BBSW,1.709479226594221
2019-03-20,AUD,4Y,6M BBSW,1.698007501137677
2019-03-19,AUD,4Y,6M BBSW,1.72616240856748
2019-03-18,AUD,4Y,6M BBSW,1.751319253921165
2019-03-15,AUD,4Y,6M BBSW,1.743802157957001
2019-03-14,AUD,4Y,6M BBSW,1.730108712064331
2019-03-13,AUD,4Y,6M BBSW,1.746981190166975
2019-03-12,AUD,4Y,6M BBSW,1.824508743212268
2019-03-11,AUD,4Y,6M BBSW,1.805556090242937
2019-03-08,AUD,4Y,6M BBSW,1.834012387183237
2019-03-07,AUD,4Y,6M BBSW,1.847048774213602
2019-03-06,AUD,4Y,6M BBSW,1.898681226605233
2019-03-05,AUD,4Y,6M BBSW,1.93033539649773
2019-03-04,AUD,4Y,6M BBSW,1.939636374489251
2019-03-01,AUD,4Y,6M BBSW,1.921979551793323
2019-02-28,AUD,4Y,6M BBSW,1.880832185254828
2019-02-27,AUD,4Y,6M BBSW,1.866224670379944
2019-02-26,AUD,4Y,6M BBSW,1.890799244334084
2019-02-25,AUD,4Y,6M BBSW,1.891352924038225
2019-02-22,AUD,4Y,6M BBSW,1.891689216538073
2019-02-21,AUD,4Y,6M BBSW,1.867884855931399
2019-02-20,AUD,4Y,6M BBSW,1.898136087029092
2019-02-19,AUD,4Y,6M BBSW,1.920999456467558
2019-02-18,AUD,4Y,6M BBSW,1.925245356114944
2019-02-15,AUD,4Y,6M BBSW,1.934370166055461
2019-02-14,AUD,4Y,6M BBSW,1.937998836532164
2019-02-13,AUD,4Y,6M BBSW,1.926042550562388
2019-02-12,AUD,4Y,6M BBSW,1.896631877863341
2019-02-11,AUD,4Y,6M BBSW,1.874019430406985
2019-02-08,AUD,4Y,6M BBSW,1.846263623227186
2019-02-07,AUD,4Y,6M BBSW,1.892221905068395
2019-02-06,AUD,4Y,6M BBSW,1.932253829290196
2019-02-05,AUD,4Y,6M BBSW,2.031888594960856
2019-02-04,AUD,4Y,6M BBSW,2.001471259285019
2019-02-01,AUD,4Y,6M BBSW,2.017960958503635
2019-01-31,AUD,4Y,6M BBSW,2.011899245368673
2019-01-30,AUD,4Y,6M BBSW,2.037221797981618
2019-01-29,AUD,4Y,6M BBSW,2.010359339669297
2019-01-25,AUD,4Y,6M BBSW,2.040243906377793
2019-01-24,AUD,4Y,6M BBSW,2.072734334764404
2019-01-23,AUD,4Y,6M BBSW,2.08242921148952
2019-01-22,AUD,4Y,6M BBSW,2.088807044228635
2019-01-21,AUD,4Y,6M BBSW,2.100642293728451
2019-01-18,AUD,4Y,6M BBSW,2.109406361062812
2019-01-17,AUD,4Y,6M BBSW,2.063479610580765
2019-01-16,AUD,4Y,6M BBSW,2.044002142019819
2019-01-15,AUD,4Y,6M BBSW,2.049511024901454
2019-01-14,AUD,4Y,6M BBSW,2.046738851727338
2019-01-11,AUD,4Y,6M BBSW,2.053464573672373
2019-01-10,AUD,4Y,6M BBSW,2.053854501302838
2019-01-09,AUD,4Y,6M BBSW,2.077448124022164
2019-01-08,AUD,4Y,6M BBSW,2.053647450727035
2019-01-07,AUD,4Y,6M BBSW,2.052049354562196
2019-01-04,AUD,4Y,6M BBSW,2.058432253981477
2019-01-03,AUD,4Y,6M BBSW,1.978286141877314
2019-01-02,AUD,4Y,6M BBSW,2.038504618644003
2018-12-31,AUD,4Y,6M BBSW,2.071132912711421
2018-12-28,AUD,4Y,6M BBSW,2.090419293564564
2018-12-27,AUD,4Y,6M BBSW,2.111493510083087
2018-12-24,AUD,4Y,6M BBSW,2.110995632131142
2018-12-21,AUD,4Y,6M BBSW,2.134306684814141
2018-12-20,AUD,4Y,6M BBSW,2.159579353355799
2018-12-19,AUD,4Y,6M BBSW,2.158849500907312
2018-12-18,AUD,4Y,6M BBSW,2.175486026582516
2018-12-17,AUD,4Y,6M BBSW,2.193191752246012
2018-12-14,AUD,4Y,6M BBSW,2.194992636499126
2018-12-13,AUD,4Y,6M BBSW,2.217173362399198
2018-12-12,AUD,4Y,6M BBSW,2.199395444857839
2018-12-11,AUD,4Y,6M BBSW,2.183847522417006
2018-12-10,AUD,4Y,6M BBSW,2.16112899492914
2018-12-07,AUD,4Y,6M BBSW,2.163433971919659
2018-12-06,AUD,4Y,6M BBSW,2.207350589533788
2018-12-05,AUD,4Y,6M BBSW,2.228396085714293
2018-12-04,AUD,4Y,6M BBSW,2.262058178766498
2018-12-03,AUD,4Y,6M BBSW,2.213486921820622
2018-11-30,AUD,4Y,6M BBSW,2.296527350071485
2018-11-29,AUD,4Y,6M BBSW,2.321171131646085
2018-11-28,AUD,4Y,6M BBSW,2.323668066929554
2018-11-27,AUD,4Y,6M BBSW,2.323082938038131
2018-11-26,AUD,4Y,6M BBSW,2.342476120627335
2018-11-23,AUD,4Y,6M BBSW,2.347330377793756
2018-11-22,AUD,4Y,6M BBSW,2.356356647108756
2018-11-21,AUD,4Y,6M BBSW,2.385036396977458
2018-11-20,AUD,4Y,6M BBSW,2.379359079189437
2018-11-19,AUD,4Y,6M BBSW,2.358523494412981
2018-11-16,AUD,4Y,6M BBSW,2.385243292952346
2018-11-15,AUD,4Y,6M BBSW,2.394970949434148
2018-11-14,AUD,4Y,6M BBSW,2.388860564933854
2018-11-13,AUD,4Y,6M BBSW,2.392801814007676
2018-11-12,AUD,4Y,6M BBSW,2.396916381408521
2018-11-09,AUD,4Y,6M BBSW,2.384240393262329
2018-11-08,AUD,4Y,6M BBSW,2.401932601822094
2018-11-07,AUD,4Y,6M BBSW,2.384844415684273
2018-11-06,AUD,4Y,6M BBSW,2.357304960705888
2018-11-05,AUD,4Y,6M BBSW,2.378058722922999
2018-11-02,AUD,4Y,6M BBSW,2.36035385653054
2018-11-01,AUD,4Y,6M BBSW,2.315716150733945
2018-10-31,AUD,4Y,6M BBSW,2.261425064287391
2018-10-30,AUD,4Y,6M BBSW,2.263135296889431
2018-10-29,AUD,4Y,6M BBSW,2.261224109930836
2018-10-26,AUD,4Y,6M BBSW,2.271897856548009
2018-10-25,AUD,4Y,6M BBSW,2.284802599897101
2018-10-24,AUD,4Y,6M BBSW,2.310867503315134
2018-10-23,AUD,4Y,6M BBSW,2.344811876420791
2018-10-22,AUD,4Y,6M BBSW,2.34162296556698
2018-10-19,AUD,4Y,6M BBSW,2.364341796638222
2018-10-18,AUD,4Y,6M BBSW,2.373952722893618
2018-10-17,AUD,4Y,6M BBSW,2.349263651158219
2018-10-16,AUD,4Y,6M BBSW,2.365103877764208
2018-10-15,AUD,4Y,6M BBSW,2.343192079541744
2018-10-12,AUD,4Y,6M BBSW,2.340615641008936
2018-10-11,AUD,4Y,6M BBSW,2.336613718425238
2018-10-10,AUD,4Y,6M BBSW,2.357161461899123
2018-10-09,AUD,4Y,6M BBSW,2.352923261496582
2018-10-08,AUD,4Y,6M BBSW,2.35293555863638
2018-10-05,AUD,4Y,6M BBSW,2.331076983661457
2018-10-04,AUD,4Y,6M BBSW,2.32949058114366
2018-10-03,AUD,4Y,6M BBSW,2.28678775607919
2018-10-02,AUD,4Y,6M BBSW,2.307691686280198
2018-09-28,AUD,4Y,6M BBSW,2.31467155302214
2018-09-27,AUD,4Y,6M BBSW,2.353329319703518
2018-09-26,AUD,4Y,6M BBSW,2.38681894678787
2018-09-25,AUD,4Y,6M BBSW,2.38610852644026
2018-09-24,AUD,4Y,6M BBSW,2.359402656792306
2018-09-21,AUD,4Y,6M BBSW,2.36198158380428
2018-09-20,AUD,4Y,6M BBSW,2.379974709166399
2018-09-19,AUD,4Y,6M BBSW,2.367007661028226
2018-09-18,AUD,4Y,6M BBSW,2.306746870456862
2018-09-17,AUD,4Y,6M BBSW,2.276594582155826
2018-09-14,AUD,4Y,6M BBSW,2.281371938314321
2018-09-13,AUD,4Y,6M BBSW,2.279596775806799
2018-09-12,AUD,4Y,6M BBSW,2.245035124618645
2018-09-11,AUD,4Y,6M BBSW,2.243471194797092
2018-09-10,AUD,4Y,6M BBSW,2.25013742162682
2018-09-07,AUD,4Y,6M BBSW,2.236957316291543
2018-09-06,AUD,4Y,6M BBSW,2.264291473290369
2018-09-05,AUD,4Y,6M BBSW,2.261100703448425
2018-09-04,AUD,4Y,6M BBSW,2.210325233623713
2018-09-03,AUD,4Y,6M BBSW,2.204603116657803
2018-08-31,AUD,4Y,6M BBSW,2.193587745423827
2018-08-30,AUD,4Y,6M BBSW,2.253517311512516
2018-08-29,AUD,4Y,6M BBSW,2.301576157877636
2018-08-28,AUD,4Y,6M BBSW,2.299764786620326
2018-08-27,AUD,4Y,6M BBSW,2.273835878284185
2018-08-24,AUD,4Y,6M BBSW,2.283174639701663
2018-08-23,AUD,4Y,6M BBSW,2.25077315378495
2018-08-22,AUD,4Y,6M BBSW,2.266745734072666
2018-08-21,AUD,4Y,6M BBSW,2.263715747513282
2018-08-20,AUD,4Y,6M BBSW,2.253460535867547
2018-08-17,AUD,4Y,6M BBSW,2.27173338559839
2018-08-16,AUD,4Y,6M BBSW,2.248141665041794
2018-08-15,AUD,4Y,6M BBSW,2.265433568235567
2018-08-14,AUD,4Y,6M BBSW,2.283272556965904
2018-08-13,AUD,4Y,6M BBSW,2.289892486543069
2018-08-10,AUD,4Y,6M BBSW,2.299330696214925
2018-08-09,AUD,4Y,6M BBSW,2.339731352073819
2018-08-08,AUD,4Y,6M BBSW,2.357149451587362
2018-08-07,AUD,4Y,6M BBSW,2.353674788644976
2018-08-03,AUD,4Y,6M BBSW,2.384224664556418
2018-08-02,AUD,4Y,6M BBSW,2.398339891870651
2018-08-01,AUD,4Y,6M BBSW,2.375951048183756
2018-07-31,AUD,4Y,6M BBSW,2.368433833526759
2018-07-30,AUD,4Y,6M BBSW,2.338307530487169
2018-07-27,AUD,4Y,6M BBSW,2.347661616718427
2018-07-26,AUD,4Y,6M BBSW,2.367612831131474
2018-07-25,AUD,4Y,6M BBSW,2.38606165829528
2018-07-24,AUD,4Y,6M BBSW,2.403634492086914
2018-07-23,AUD,4Y,6M BBSW,2.384152637682926
2018-07-20,AUD,4Y,6M BBSW,2.367938364410261
2018-07-19,AUD,4Y,6M BBSW,2.380236364551388
2018-07-18,AUD,4Y,6M BBSW,2.36954609191624
2018-07-17,AUD,4Y,6M BBSW,2.363959206454666
2018-07-16,AUD,4Y,6M BBSW,2.334241172051006
2018-07-13,AUD,4Y,6M BBSW,2.326030059027186
2018-07-12,AUD,4Y,6M BBSW,2.341554455974915
2018-07-11,AUD,4Y,6M BBSW,2.344351928438305
2018-07-10,AUD,4Y,6M BBSW,2.375416043414612
2018-07-09,AUD,4Y,6M BBSW,2.346755166273062
2018-07-06,AUD,4Y,6M BBSW,2.349473419972379
2018-07-05,AUD,4Y,6M BBSW,2.31138761515251
2018-07-04,AUD,4Y,6M BBSW,2.316972399504093
2018-07-03,AUD,4Y,6M BBSW,2.303543929898178
2018-07-02,AUD,4Y,6M BBSW,2.334610073247826
2018-06-29,AUD,4Y,6M BBSW,2.336688180524554
2018-06-28,AUD,4Y,6M BBSW,2.33636671096238
2018-06-27,AUD,4Y,6M BBSW,2.320293507701157
2018-06-26,AUD,4Y,6M BBSW,2.340040317378554
2018-06-25,AUD,4Y,6M BBSW,2.359594180912209
2018-06-22,AUD,4Y,6M BBSW,2.365879774153632
2018-06-21,AUD,4Y,6M BBSW,2.387456748472504
2018-06-20,AUD,4Y,6M BBSW,2.355930256232122
2018-06-19,AUD,4Y,6M BBSW,2.358484467533537
2018-06-18,AUD,4Y,6M BBSW,2.37286229307898
2018-06-15,AUD,4Y,6M BBSW,2.396384226327796
2018-06-14,AUD,4Y,6M BBSW,2.417440799984758
2018-06-13,AUD,4Y,6M BBSW,2.441221353401794
2018-06-12,AUD,4Y,6M BBSW,2.456070259013324
2018-06-08,AUD,4Y,6M BBSW,2.439914381960107
2018-06-07,AUD,4Y,6M BBSW,2.484874467449683
2018-06-06,AUD,4Y,6M BBSW,2.445664909600207
2018-06-05,AUD,4Y,6M BBSW,2.438510597495441
2018-06-04,AUD,4Y,6M BBSW,2.405406604245587
2025-11-13,AUD,5Y,6M BBSW,4.1793
2025-11-12,AUD,5Y,6M BBSW,4.047000000001773
2025-11-11,AUD,5Y,6M BBSW,4.023200000001609
2025-11-10,AUD,5Y,6M BBSW,4.020995216295765
2025-11-07,AUD,5Y,6M BBSW,3.977499999978145
2025-11-06,AUD,5Y,6M BBSW,3.972599999994515
2025-11-05,AUD,5Y,6M BBSW,4.001800000001395
2025-11-04,AUD,5Y,6M BBSW,3.986200000001709
2025-11-03,AUD,5Y,6M BBSW,4.000795111919245
2025-10-31,AUD,5Y,6M BBSW,3.968599999991049
2025-10-30,AUD,5Y,6M BBSW,3.959200000019689
2025-10-29,AUD,5Y,6M BBSW,3.984600000001486
2025-10-28,AUD,5Y,6M BBSW,3.822100000001371
2025-10-27,AUD,5Y,6M BBSW,3.815700000001775
2025-10-24,AUD,5Y,6M BBSW,3.757200000000359
2025-10-23,AUD,5Y,6M BBSW,3.772700000001515
2025-10-22,AUD,5Y,6M BBSW,3.725000000001902
2025-10-21,AUD,5Y,6M BBSW,3.750100000001598
2025-10-20,AUD,5Y,6M BBSW,3.716100000001616
2025-10-17,AUD,5Y,6M BBSW,3.728399999989537
2025-10-16,AUD,5Y,6M BBSW,3.707600000002316
2025-10-15,AUD,5Y,6M BBSW,3.831789556374737
2025-10-14,AUD,5Y,6M BBSW,3.845190202222898
2025-10-13,AUD,5Y,6M BBSW,3.854100000001671
2025-10-10,AUD,5Y,6M BBSW,3.909999999989437
2025-10-09,AUD,5Y,6M BBSW,3.926599999994478
2025-10-08,AUD,5Y,6M BBSW,3.876100000001909
2025-10-07,AUD,5Y,6M BBSW,3.88779804418997
2025-10-03,AUD,5Y,6M BBSW,3.867965354827027
2025-10-02,AUD,5Y,6M BBSW,3.8661608044601
2025-10-01,AUD,5Y,6M BBSW,3.886701743315767
2025-09-30,AUD,5Y,6M BBSW,3.915725778204813
2025-09-29,AUD,5Y,6M BBSW,3.864540240894043
2025-09-26,AUD,5Y,6M BBSW,3.896689289276162
2025-09-25,AUD,5Y,6M BBSW,3.90879531544942
2025-09-24,AUD,5Y,6M BBSW,3.870223650857081
2025-09-23,AUD,5Y,6M BBSW,3.765694251800222
2025-09-22,AUD,5Y,6M BBSW,3.787780844555593
2025-09-19,AUD,5Y,6M BBSW,3.760156944114255
2025-09-18,AUD,5Y,6M BBSW,3.750212616173561
2025-09-17,AUD,5Y,6M BBSW,3.755233803380868
2025-09-16,AUD,5Y,6M BBSW,3.73939726439622
2025-09-15,AUD,5Y,6M BBSW,3.749807130685634
2025-09-12,AUD,5Y,6M BBSW,3.760156930040136
2025-09-11,AUD,5Y,6M BBSW,3.720516479482938
2025-09-10,AUD,5Y,6M BBSW,3.727136203617182
2025-09-09,AUD,5Y,6M BBSW,3.773492312260021
2025-09-08,AUD,5Y,6M BBSW,3.7219140304867
2025-09-05,AUD,5Y,6M BBSW,3.746262001713537
2025-09-04,AUD,5Y,6M BBSW,3.782809890251881
2025-09-03,AUD,5Y,6M BBSW,3.809527953347004
2025-09-02,AUD,5Y,6M BBSW,3.77129048057875
2025-09-01,AUD,5Y,6M BBSW,3.760094150978494
2025-08-29,AUD,5Y,6M BBSW,3.709824106519164
2025-08-28,AUD,5Y,6M BBSW,3.699095343508828
2025-08-27,AUD,5Y,6M BBSW,3.717558662588396
2025-08-26,AUD,5Y,6M BBSW,3.72380680393678
2025-08-25,AUD,5Y,6M BBSW,3.714615810153056
2025-08-22,AUD,5Y,6M BBSW,3.723763560013075
2025-08-21,AUD,5Y,6M BBSW,3.732425061422026
2025-08-20,AUD,5Y,6M BBSW,3.697659551268674
2025-08-19,AUD,5Y,6M BBSW,3.737205162834062
2025-08-18,AUD,5Y,6M BBSW,3.718214098194958
2025-08-15,AUD,5Y,6M BBSW,3.678075434494917
2025-08-14,AUD,5Y,6M BBSW,3.685819635679261
2025-08-13,AUD,5Y,6M BBSW,3.644664267267713
2025-08-12,AUD,5Y,6M BBSW,3.6932114351593
2025-08-11,AUD,5Y,6M BBSW,3.719513653614747
2025-08-08,AUD,5Y,6M BBSW,3.719263339638127
2025-08-07,AUD,5Y,6M BBSW,3.712590546496548
2025-08-06,AUD,5Y,6M BBSW,3.694280458897241
2025-08-05,AUD,5Y,6M BBSW,3.690485708134643
2025-08-01,AUD,5Y,6M BBSW,3.678196310065069
2025-07-31,AUD,5Y,6M BBSW,3.753839418981785
2025-07-30,AUD,5Y,6M BBSW,3.739958324303135
2025-07-29,AUD,5Y,6M BBSW,3.753004294160398
2025-07-28,AUD,5Y,6M BBSW,3.782337759599812
2025-07-25,AUD,5Y,6M BBSW,3.785421605592898
2025-07-24,AUD,5Y,6M BBSW,3.789379973474361
2025-07-23,AUD,5Y,6M BBSW,3.748955418237015
2025-07-22,AUD,5Y,6M BBSW,3.718407844956814
2025-07-21,AUD,5Y,6M BBSW,3.716614524203322
2025-07-18,AUD,5Y,6M BBSW,3.742563516399293
2025-07-17,AUD,5Y,6M BBSW,3.721825400449308
2025-07-16,AUD,5Y,6M BBSW,3.803051152870017
2025-07-15,AUD,5Y,6M BBSW,3.84256188586405
2025-07-14,AUD,5Y,6M BBSW,3.780111695615315
2025-07-11,AUD,5Y,6M BBSW,3.78036046936684
2025-07-10,AUD,5Y,6M BBSW,3.753521597788778
2025-07-09,AUD,5Y,6M BBSW,3.726257910615765
2025-07-08,AUD,5Y,6M BBSW,3.756204003499333
2025-07-07,AUD,5Y,6M BBSW,3.656746021687965
2025-07-04,AUD,5Y,6M BBSW,3.633071311718965
2025-07-03,AUD,5Y,6M BBSW,3.655899905759694
2025-07-02,AUD,5Y,6M BBSW,3.626331060367095
2025-07-01,AUD,5Y,6M BBSW,3.593282870435445
2025-06-30,AUD,5Y,6M BBSW,3.602156256552527
2025-06-27,AUD,5Y,6M BBSW,3.605110120098107
2025-06-26,AUD,5Y,6M BBSW,3.576968775551594
2025-06-25,AUD,5Y,6M BBSW,3.585019014318044
2025-06-24,AUD,5Y,6M BBSW,3.609970364716858
2025-06-23,AUD,5Y,6M BBSW,3.647693162298009
2025-06-20,AUD,5Y,6M BBSW,3.656999795934508
2025-06-19,AUD,5Y,6M BBSW,3.662532264554311
2025-06-18,AUD,5Y,6M BBSW,3.700290738220893
2025-06-17,AUD,5Y,6M BBSW,3.675342974557148
2025-06-16,AUD,5Y,6M BBSW,3.686749129795978
2025-06-13,AUD,5Y,6M BBSW,3.666763688217837
2025-06-12,AUD,5Y,6M BBSW,3.62056711966014
2025-06-11,AUD,5Y,6M BBSW,3.678213979985189
2025-06-10,AUD,5Y,6M BBSW,3.72409538135172
2025-06-06,AUD,5Y,6M BBSW,3.7624538464698
2025-06-05,AUD,5Y,6M BBSW,3.696528516916681
2025-06-04,AUD,5Y,6M BBSW,3.631294812951724
2025-06-03,AUD,5Y,6M BBSW,3.65594281518659
2025-06-02,AUD,5Y,6M BBSW,3.699839657454398
2025-05-30,AUD,5Y,6M BBSW,3.667796422818524
2025-05-29,AUD,5Y,6M BBSW,3.708700233002528
2025-05-28,AUD,5Y,6M BBSW,3.79025198860873
2025-05-27,AUD,5Y,6M BBSW,3.689811799139277
2025-05-26,AUD,5Y,6M BBSW,3.722311733173651
2025-05-23,AUD,5Y,6M BBSW,3.758462007365457
2025-05-22,AUD,5Y,6M BBSW,3.78702019981514
2025-05-21,AUD,5Y,6M BBSW,3.860046457632755
2025-05-20,AUD,5Y,6M BBSW,3.774001886296034
2025-05-19,AUD,5Y,6M BBSW,3.899121094484409
2025-05-16,AUD,5Y,6M BBSW,3.922747226208981
2025-05-15,AUD,5Y,6M BBSW,3.883209448396088
2025-05-14,AUD,5Y,6M BBSW,3.947355634435162
2025-05-13,AUD,5Y,6M BBSW,3.892190063038868
2025-05-12,AUD,5Y,6M BBSW,3.853444491560715
2025-05-09,AUD,5Y,6M BBSW,3.70426530355623
2025-05-08,AUD,5Y,6M BBSW,3.708527561340476
2025-05-07,AUD,5Y,6M BBSW,3.637866625771949
2025-05-06,AUD,5Y,6M BBSW,3.710509385229718
2025-05-05,AUD,5Y,6M BBSW,3.702122224523298
2025-05-02,AUD,5Y,6M BBSW,3.685868362353639
2025-05-01,AUD,5Y,6M BBSW,3.631635631591827
2025-04-30,AUD,5Y,6M BBSW,3.59710539274378
2025-04-29,AUD,5Y,6M BBSW,3.602158166340425
2025-04-28,AUD,5Y,6M BBSW,3.60139553506326
2025-04-24,AUD,5Y,6M BBSW,3.664034607744397
2025-04-23,AUD,5Y,6M BBSW,3.726088755974332
2025-04-22,AUD,5Y,6M BBSW,3.669205297441694
2025-04-17,AUD,5Y,6M BBSW,3.66869757769269
2025-04-16,AUD,5Y,6M BBSW,3.686654577839898
2025-04-15,AUD,5Y,6M BBSW,3.744038653434707
2025-04-14,AUD,5Y,6M BBSW,3.753996072772864
2025-04-11,AUD,5Y,6M BBSW,3.864187798197115
2025-04-10,AUD,5Y,6M BBSW,3.727034424878866
2025-04-09,AUD,5Y,6M BBSW,3.737089599936082
2025-04-08,AUD,5Y,6M BBSW,3.664643473511812
2025-04-07,AUD,5Y,6M BBSW,3.793489737060994
2025-04-04,AUD,5Y,6M BBSW,3.667056152151481
2025-03-28,AUD,5Y,6M BBSW,3.975893304408782
2025-03-27,AUD,5Y,6M BBSW,4.022545080126648
2025-03-26,AUD,5Y,6M BBSW,4.032963981586356
2025-03-25,AUD,5Y,6M BBSW,4.031179708451395
2025-03-24,AUD,5Y,6M BBSW,3.994471570570354
2025-03-21,AUD,5Y,6M BBSW,3.984239965264047
2025-03-20,AUD,5Y,6M BBSW,3.993996530220868
2025-03-19,AUD,5Y,6M BBSW,4.004134708345148
2025-03-18,AUD,5Y,6M BBSW,4.02278195178001
2025-03-17,AUD,5Y,6M BBSW,4.006765570591316
2025-03-14,AUD,5Y,6M BBSW,4.022160965606189
2025-03-13,AUD,5Y,6M BBSW,3.993896581081185
2025-03-12,AUD,5Y,6M BBSW,4.039431172528312
2025-03-11,AUD,5Y,6M BBSW,4.023980918812783
2025-03-10,AUD,5Y,6M BBSW,3.976780801303462
2025-03-07,AUD,5Y,6M BBSW,4.03603537473248
2025-03-06,AUD,5Y,6M BBSW,4.056389008967296
2025-03-05,AUD,5Y,6M BBSW,4.089826234559213
2025-03-04,AUD,5Y,6M BBSW,4.018982870581403
2025-03-03,AUD,5Y,6M BBSW,3.948495986775503
2025-02-28,AUD,5Y,6M BBSW,3.992441087262117
2025-02-27,AUD,5Y,6M BBSW,4.00925166696056
2025-02-26,AUD,5Y,6M BBSW,4.030173685650391
2025-02-25,AUD,5Y,6M BBSW,4.053560002706738
2025-02-24,AUD,5Y,6M BBSW,4.09372218018344
2025-02-21,AUD,5Y,6M BBSW,4.162775714803232
2025-02-20,AUD,5Y,6M BBSW,4.206510199515649
2025-02-19,AUD,5Y,6M BBSW,4.199353185141148
2025-02-18,AUD,5Y,6M BBSW,4.216049241474565
2025-02-17,AUD,5Y,6M BBSW,4.126405590494127
2025-02-14,AUD,5Y,6M BBSW,4.099848299350737
2025-02-13,AUD,5Y,6M BBSW,4.098620494615623
2025-02-12,AUD,5Y,6M BBSW,4.204052092084052
2025-02-11,AUD,5Y,6M BBSW,4.126054743217083
2025-02-10,AUD,5Y,6M BBSW,4.054642084934525
2025-02-07,AUD,5Y,6M BBSW,4.07434035959731
2025-02-06,AUD,5Y,6M BBSW,4.013635775469082
2025-02-05,AUD,5Y,6M BBSW,3.976888768091955
2025-02-04,AUD,5Y,6M BBSW,4.084859927027724
2025-02-03,AUD,5Y,6M BBSW,4.076539555960741
2025-01-31,AUD,5Y,6M BBSW,4.050266306407704
2025-01-30,AUD,5Y,6M BBSW,4.050549745343756
2025-01-29,AUD,5Y,6M BBSW,4.056970128472155
2025-01-28,AUD,5Y,6M BBSW,4.104416719123646
2025-01-24,AUD,5Y,6M BBSW,4.14273529136459
2025-01-23,AUD,5Y,6M BBSW,4.172416121363769
2025-01-22,AUD,5Y,6M BBSW,4.186755819826224
2025-01-21,AUD,5Y,6M BBSW,4.158555062891231
2025-01-20,AUD,5Y,6M BBSW,4.150892343093157
2025-01-17,AUD,5Y,6M BBSW,4.217170571673526
2025-01-16,AUD,5Y,6M BBSW,4.197813660309015
2025-01-15,AUD,5Y,6M BBSW,4.199692803810616
2025-01-14,AUD,5Y,6M BBSW,4.313700492034169
2025-01-13,AUD,5Y,6M BBSW,4.288157730385754
2025-01-10,AUD,5Y,6M BBSW,4.245571176268076
2025-01-09,AUD,5Y,6M BBSW,4.145618974279285
2025-01-08,AUD,5Y,6M BBSW,4.19835406424934
2025-01-07,AUD,5Y,6M BBSW,4.221850928656291
2025-01-06,AUD,5Y,6M BBSW,4.134043234553373
2025-01-03,AUD,5Y,6M BBSW,4.087942680264743
2025-01-02,AUD,5Y,6M BBSW,4.076581856266369
2024-12-31,AUD,5Y,6M BBSW,4.049339400280207
2024-12-30,AUD,5Y,6M BBSW,4.073265901275216
2024-12-27,AUD,5Y,6M BBSW,4.088912656890594
2024-12-24,AUD,5Y,6M BBSW,4.141112186401157
2024-12-23,AUD,5Y,6M BBSW,4.139857083423454
2024-12-20,AUD,5Y,6M BBSW,4.163932422860136
2024-12-19,AUD,5Y,6M BBSW,4.198170452407203
2024-12-18,AUD,5Y,6M BBSW,4.107362535651768
2024-12-17,AUD,5Y,6M BBSW,4.040918795588653
2024-12-16,AUD,5Y,6M BBSW,4.062292327684772
2024-12-13,AUD,5Y,6M BBSW,4.093601075616954
2024-12-12,AUD,5Y,6M BBSW,4.075999913136432
2024-12-11,AUD,5Y,6M BBSW,3.954785142361406
2024-12-10,AUD,5Y,6M BBSW,3.947741346734347
2024-12-09,AUD,5Y,6M BBSW,4.044456439106216
2024-12-06,AUD,5Y,6M BBSW,4.02941049801928
2024-12-05,AUD,5Y,6M BBSW,4.065290405624178
2024-12-04,AUD,5Y,6M BBSW,4.019869849249864
2024-12-03,AUD,5Y,6M BBSW,4.153911083012273
2024-12-02,AUD,5Y,6M BBSW,4.112267036283695
2024-11-29,AUD,5Y,6M BBSW,4.123917631455614
2024-11-28,AUD,5Y,6M BBSW,4.172820161679574
2024-11-27,AUD,5Y,6M BBSW,4.19036038082371
2024-11-26,AUD,5Y,6M BBSW,4.216853491649986
2024-11-25,AUD,5Y,6M BBSW,4.215301639937614
2024-11-22,AUD,5Y,6M BBSW,4.278663552664727
2024-11-21,AUD,5Y,6M BBSW,4.31540600145804
2024-11-20,AUD,5Y,6M BBSW,4.304745938543754
2024-11-19,AUD,5Y,6M BBSW,4.282348305610687
2024-11-18,AUD,5Y,6M BBSW,4.271772231062525
2024-11-15,AUD,5Y,6M BBSW,4.32392536304222
2024-11-14,AUD,5Y,6M BBSW,4.383849527072051
2024-11-13,AUD,5Y,6M BBSW,4.407533720679506
2024-11-12,AUD,5Y,6M BBSW,4.40474148208633
2024-11-11,AUD,5Y,6M BBSW,4.32654144825213
2024-11-08,AUD,5Y,6M BBSW,4.277964272663974
2024-11-07,AUD,5Y,6M BBSW,4.308206950785109
2024-11-06,AUD,5Y,6M BBSW,4.356338381283458
2024-11-05,AUD,5Y,6M BBSW,4.317246235399776
2024-11-04,AUD,5Y,6M BBSW,4.279465869665698
2024-11-01,AUD,5Y,6M BBSW,4.308961911864085
2024-10-31,AUD,5Y,6M BBSW,4.308251463143111
2024-10-30,AUD,5Y,6M BBSW,4.301754717960654
2024-10-29,AUD,5Y,6M BBSW,4.217651689582905
2024-10-28,AUD,5Y,6M BBSW,4.200518277054821
2024-10-24,AUD,5Y,6M BBSW,4.17097784323089
2024-10-23,AUD,5Y,6M BBSW,4.241252967264781
2024-10-22,AUD,5Y,6M BBSW,4.21380267768191
2024-10-21,AUD,5Y,6M BBSW,4.14753307377105
2024-10-17,AUD,5Y,6M BBSW,4.103937754923098
2024-10-16,AUD,5Y,6M BBSW,3.98502205726107
2024-10-15,AUD,5Y,6M BBSW,4.010067931584429
2024-10-14,AUD,5Y,6M BBSW,4.04372075148123
2024-10-11,AUD,5Y,6M BBSW,4.03295212937413
2024-10-10,AUD,5Y,6M BBSW,4.01369665172798
2024-10-09,AUD,5Y,6M BBSW,4.02676908188317
2024-10-08,AUD,5Y,6M BBSW,3.984324663669696
2024-10-04,AUD,5Y,6M BBSW,3.956401242620548
2024-10-03,AUD,5Y,6M BBSW,3.841795265141293
2024-10-02,AUD,5Y,6M BBSW,3.800764416043998
2024-10-01,AUD,5Y,6M BBSW,3.764772077958858
2024-09-30,AUD,5Y,6M BBSW,3.792546665728974
2024-09-27,AUD,5Y,6M BBSW,3.732193101083946
2024-09-26,AUD,5Y,6M BBSW,3.743816871542197
2024-09-25,AUD,5Y,6M BBSW,3.710211568698931
2024-09-24,AUD,5Y,6M BBSW,3.671186119401263
2024-09-23,AUD,5Y,6M BBSW,3.755825881830799
2024-09-20,AUD,5Y,6M BBSW,3.74322739726328
2024-09-19,AUD,5Y,6M BBSW,3.7306591668728
2024-09-18,AUD,5Y,6M BBSW,3.701013383436554
2024-09-17,AUD,5Y,6M BBSW,3.650588429287363
2024-09-16,AUD,5Y,6M BBSW,3.598910219307221
2024-09-13,AUD,5Y,6M BBSW,3.63943769196631
2024-09-12,AUD,5Y,6M BBSW,3.667064273930162
2024-09-11,AUD,5Y,6M BBSW,3.703413851337405
2024-09-10,AUD,5Y,6M BBSW,3.695885456416514
2024-09-09,AUD,5Y,6M BBSW,3.744725666241681
2024-09-06,AUD,5Y,6M BBSW,3.741025961074412
2024-09-05,AUD,5Y,6M BBSW,3.778655627063825
2024-09-04,AUD,5Y,6M BBSW,3.734809766159107
2024-09-03,AUD,5Y,6M BBSW,3.789280842620757
2024-09-02,AUD,5Y,6M BBSW,3.867356455532985
2024-08-30,AUD,5Y,6M BBSW,3.826928061545929
2024-08-29,AUD,5Y,6M BBSW,3.798757200926838
2024-08-27,AUD,5Y,6M BBSW,3.733756133263769
2024-08-26,AUD,5Y,6M BBSW,3.721046726635392
2024-08-23,AUD,5Y,6M BBSW,3.754254051418332
2024-08-22,AUD,5Y,6M BBSW,3.790413730043925
2024-08-21,AUD,5Y,6M BBSW,3.75732179083236
2024-08-20,AUD,5Y,6M BBSW,3.765452464701126
2024-08-19,AUD,5Y,6M BBSW,3.810427089234717
2024-08-16,AUD,5Y,6M BBSW,3.811048779789503
2024-08-15,AUD,5Y,6M BBSW,3.84902668227971
2024-08-14,AUD,5Y,6M BBSW,3.748841782299964
2024-08-13,AUD,5Y,6M BBSW,3.809848589383273
2024-08-12,AUD,5Y,6M BBSW,3.866995954868775
2024-08-09,AUD,5Y,6M BBSW,3.896041323956269
2024-08-08,AUD,5Y,6M BBSW,3.952300713120597
2024-08-07,AUD,5Y,6M BBSW,3.940958871853002
2024-08-06,AUD,5Y,6M BBSW,3.939024289589422
2024-08-02,AUD,5Y,6M BBSW,3.797840878841992
2024-08-01,AUD,5Y,6M BBSW,3.890944650898085
2024-07-31,AUD,5Y,6M BBSW,3.946357321548941
2024-07-30,AUD,5Y,6M BBSW,4.178049922689526
2024-07-29,AUD,5Y,6M BBSW,4.209615524850102
2024-07-26,AUD,5Y,6M BBSW,4.170685719683127
2024-07-24,AUD,5Y,6M BBSW,4.240922852171015
2024-07-23,AUD,5Y,6M BBSW,4.268611928582297
2024-07-22,AUD,5Y,6M BBSW,4.240798431394284
2024-07-19,AUD,5Y,6M BBSW,4.248606892105294
2024-07-18,AUD,5Y,6M BBSW,4.200370336132589
2024-07-17,AUD,5Y,6M BBSW,4.158577787818472
2024-07-16,AUD,5Y,6M BBSW,4.167321830308151
2024-07-15,AUD,5Y,6M BBSW,4.252198438144187
2024-07-12,AUD,5Y,6M BBSW,4.274203682971287
2024-07-11,AUD,5Y,6M BBSW,4.31856064105259
2024-07-10,AUD,5Y,6M BBSW,4.343554796820139
2024-07-09,AUD,5Y,6M BBSW,4.356004060800983
2024-07-08,AUD,5Y,6M BBSW,4.35014174895196
2024-07-05,AUD,5Y,6M BBSW,4.360393523557729
2024-07-04,AUD,5Y,6M BBSW,4.416634229998441
2024-07-03,AUD,5Y,6M BBSW,4.398498409258917
2024-07-02,AUD,5Y,6M BBSW,4.403548582428211
2024-07-01,AUD,5Y,6M BBSW,4.426668331192271
2024-06-28,AUD,5Y,6M BBSW,4.41337120238277
2024-06-27,AUD,5Y,6M BBSW,4.348958347136975
2024-06-26,AUD,5Y,6M BBSW,4.438727416411092
2024-06-24,AUD,5Y,6M BBSW,4.210772390244992
2024-06-21,AUD,5Y,6M BBSW,4.204710190161109
2024-06-20,AUD,5Y,6M BBSW,4.220924548243099
2024-06-19,AUD,5Y,6M BBSW,4.186674361684868
2024-06-18,AUD,5Y,6M BBSW,4.161761187508523
2024-06-17,AUD,5Y,6M BBSW,4.132803350391076
2024-06-14,AUD,5Y,6M BBSW,4.090380248019568
2024-06-13,AUD,5Y,6M BBSW,4.143492074360714
2024-06-12,AUD,5Y,6M BBSW,4.189176392884709
2024-06-11,AUD,5Y,6M BBSW,4.268584146393451
2024-06-07,AUD,5Y,6M BBSW,4.283400372199746
2024-06-06,AUD,5Y,6M BBSW,4.211582155347175
2024-06-05,AUD,5Y,6M BBSW,4.197871487808302
2024-06-04,AUD,5Y,6M BBSW,4.194858454073209
2024-06-03,AUD,5Y,6M BBSW,4.272131959768447
2024-05-31,AUD,5Y,6M BBSW,4.354706726141816
2024-05-30,AUD,5Y,6M BBSW,4.350095293023156
2024-05-29,AUD,5Y,6M BBSW,4.403698602335107
2024-05-28,AUD,5Y,6M BBSW,4.315405907469504
2024-05-27,AUD,5Y,6M BBSW,4.244597684532375
2024-05-24,AUD,5Y,6M BBSW,4.277302540901259
2024-05-23,AUD,5Y,6M BBSW,4.269150784831404
2024-05-22,AUD,5Y,6M BBSW,4.254764422273668
2024-05-21,AUD,5Y,6M BBSW,4.204816971893714
2024-05-20,AUD,5Y,6M BBSW,4.220809846865045
2024-05-17,AUD,5Y,6M BBSW,4.216010095350637
2024-05-16,AUD,5Y,6M BBSW,4.199168121040282
2024-05-15,AUD,5Y,6M BBSW,4.217094229831232
2024-05-14,AUD,5Y,6M BBSW,4.314948563803004
2024-05-13,AUD,5Y,6M BBSW,4.315758714574954
2024-05-10,AUD,5Y,6M BBSW,4.357896259263759
2024-05-09,AUD,5Y,6M BBSW,4.350346103948418
2024-05-08,AUD,5Y,6M BBSW,4.338555691529929
2024-05-07,AUD,5Y,6M BBSW,4.252914027219061
2024-05-06,AUD,5Y,6M BBSW,4.392618226886881
2024-05-03,AUD,5Y,6M BBSW,4.380994428116367
2024-05-02,AUD,5Y,6M BBSW,4.422238355322722
2024-05-01,AUD,5Y,6M BBSW,4.482837845187309
2024-04-30,AUD,5Y,6M BBSW,4.471364166028049
2024-04-29,AUD,5Y,6M BBSW,4.468993972284663
2024-04-26,AUD,5Y,6M BBSW,4.501567979286644
2024-04-24,AUD,5Y,6M BBSW,4.442244845678575
2024-04-23,AUD,5Y,6M BBSW,4.257351808820339
2024-04-22,AUD,5Y,6M BBSW,4.260236965765192
2024-04-19,AUD,5Y,6M BBSW,4.279054160826576
2024-04-18,AUD,5Y,6M BBSW,4.304509064411962
2024-04-17,AUD,5Y,6M BBSW,4.315906341900175
2024-04-16,AUD,5Y,6M BBSW,4.340993864788183
2024-04-15,AUD,5Y,6M BBSW,4.275600171635255
2024-04-12,AUD,5Y,6M BBSW,4.193517152818014
2024-04-11,AUD,5Y,6M BBSW,4.261619808798028
2024-04-10,AUD,5Y,6M BBSW,4.205370309677566
2024-04-09,AUD,5Y,6M BBSW,4.057965459980919
2024-04-08,AUD,5Y,6M BBSW,4.135301442834212
2024-04-04,AUD,5Y,6M BBSW,4.064578477926567
2024-04-03,AUD,5Y,6M BBSW,4.085727779721852
2024-04-02,AUD,5Y,6M BBSW,4.07464187946449
2024-03-28,AUD,5Y,6M BBSW,3.980333619853524
2024-03-27,AUD,5Y,6M BBSW,3.980357457824842
2024-03-26,AUD,5Y,6M BBSW,4.031560436861898
2024-03-25,AUD,5Y,6M BBSW,4.01781518644579
2024-03-22,AUD,5Y,6M BBSW,4.016030021562167
2024-03-21,AUD,5Y,6M BBSW,4.058576180152574
2024-03-20,AUD,5Y,6M BBSW,4.006695454461141
2024-03-19,AUD,5Y,6M BBSW,4.057927765496271
2024-03-18,AUD,5Y,6M BBSW,4.113964781674075
2024-03-15,AUD,5Y,6M BBSW,4.137089764684246
2024-03-14,AUD,5Y,6M BBSW,4.116840705463718
2024-03-13,AUD,5Y,6M BBSW,4.051389660411831
2024-03-12,AUD,5Y,6M BBSW,4.014031641763706
2024-03-11,AUD,5Y,6M BBSW,3.970042080015741
2024-03-08,AUD,5Y,6M BBSW,3.998232192810165
2024-03-07,AUD,5Y,6M BBSW,4.026679196882385
2024-03-06,AUD,5Y,6M BBSW,4.014794165795396
2024-03-05,AUD,5Y,6M BBSW,4.038630357089621
2024-03-04,AUD,5Y,6M BBSW,4.116563244165029
2024-03-01,AUD,5Y,6M BBSW,4.092323366155508
2024-02-29,AUD,5Y,6M BBSW,4.119024074275091
2024-02-28,AUD,5Y,6M BBSW,4.116939590745527
2024-02-27,AUD,5Y,6M BBSW,4.177450066343101
2024-02-26,AUD,5Y,6M BBSW,4.148610697516252
2024-02-23,AUD,5Y,6M BBSW,4.153619759578235
2024-02-22,AUD,5Y,6M BBSW,4.163526892060779
2024-02-21,AUD,5Y,6M BBSW,4.169173192927188
2024-02-20,AUD,5Y,6M BBSW,4.138614694385502
2024-02-19,AUD,5Y,6M BBSW,4.170408410349697
2024-02-16,AUD,5Y,6M BBSW,4.197316285717063
2024-02-15,AUD,5Y,6M BBSW,4.161487624290523
2024-02-14,AUD,5Y,6M BBSW,4.206945747377361
2024-02-13,AUD,5Y,6M BBSW,4.264203732602549
2024-02-12,AUD,5Y,6M BBSW,4.154810913923789
2024-02-09,AUD,5Y,6M BBSW,4.139222097873682
2024-02-08,AUD,5Y,6M BBSW,4.096637371538097
2024-02-07,AUD,5Y,6M BBSW,4.075338811791189
2024-02-06,AUD,5Y,6M BBSW,4.051677076641257
2024-02-05,AUD,5Y,6M BBSW,4.090934648021402
2024-02-02,AUD,5Y,6M BBSW,4.024707413954838
2024-02-01,AUD,5Y,6M BBSW,3.934678274703341
2024-01-31,AUD,5Y,6M BBSW,3.933962431180162
2024-01-30,AUD,5Y,6M BBSW,4.084951897991314
2024-01-29,AUD,5Y,6M BBSW,4.111013097377826
2024-01-25,AUD,5Y,6M BBSW,4.157741128689739
2024-01-24,AUD,5Y,6M BBSW,4.220325124263931
2024-01-23,AUD,5Y,6M BBSW,4.188610442365668
2024-01-22,AUD,5Y,6M BBSW,4.171709188767279
2024-01-19,AUD,5Y,6M BBSW,4.249211510543066
2024-01-18,AUD,5Y,6M BBSW,4.256614830635325
2024-01-17,AUD,5Y,6M BBSW,4.237865247374216
2024-01-16,AUD,5Y,6M BBSW,4.148613650417328
2024-01-15,AUD,5Y,6M BBSW,4.096296305501061
2024-01-12,AUD,5Y,6M BBSW,4.048632774877415
2024-01-11,AUD,5Y,6M BBSW,4.044144757643919
2024-01-10,AUD,5Y,6M BBSW,4.118579973395716
2024-01-09,AUD,5Y,6M BBSW,4.045424183172893
2024-01-08,AUD,5Y,6M BBSW,4.101716159639864
2024-01-05,AUD,5Y,6M BBSW,4.17541861956628
2024-01-04,AUD,5Y,6M BBSW,4.098536512236757
2024-01-03,AUD,5Y,6M BBSW,4.008548412000828
2024-01-02,AUD,5Y,6M BBSW,3.999785001880504
2023-12-29,AUD,5Y,6M BBSW,3.932424477984472
2023-12-28,AUD,5Y,6M BBSW,3.915281583704391
2023-12-27,AUD,5Y,6M BBSW,3.907744963256672
2023-12-22,AUD,5Y,6M BBSW,4.007327781762101
2023-12-21,AUD,5Y,6M BBSW,4.007253240168895
2023-12-20,AUD,5Y,6M BBSW,4.017253367820938
2023-12-19,AUD,5Y,6M BBSW,4.078574106024266
2023-12-18,AUD,5Y,6M BBSW,4.077363260232866
2023-12-15,AUD,5Y,6M BBSW,4.07623163394287
2023-12-14,AUD,5Y,6M BBSW,4.13147812210483
2023-12-13,AUD,5Y,6M BBSW,4.114592139766176
2023-12-12,AUD,5Y,6M BBSW,4.311845462308852
2023-12-11,AUD,5Y,6M BBSW,4.330195505930269
2023-12-07,AUD,5Y,6M BBSW,4.281519759826275
2023-12-06,AUD,5Y,6M BBSW,4.235278035822142
2023-12-05,AUD,5Y,6M BBSW,4.296649458743904
2023-12-04,AUD,5Y,6M BBSW,4.439238205127644
2023-12-01,AUD,5Y,6M BBSW,4.423596122482033
2023-11-30,AUD,5Y,6M BBSW,4.470751122892737
2023-11-29,AUD,5Y,6M BBSW,4.391091392587556
2023-11-28,AUD,5Y,6M BBSW,4.49788464353661
2023-11-27,AUD,5Y,6M BBSW,4.54977748531429
2023-11-24,AUD,5Y,6M BBSW,4.589174976117961
2023-11-23,AUD,5Y,6M BBSW,4.571566424344812
2023-11-22,AUD,5Y,6M BBSW,4.554129294289735
2023-11-21,AUD,5Y,6M BBSW,4.480386672249216
2023-11-20,AUD,5Y,6M BBSW,4.523580176984361
2023-11-17,AUD,5Y,6M BBSW,4.510983473807627
2023-11-16,AUD,5Y,6M BBSW,4.489678875205
2023-11-15,AUD,5Y,6M BBSW,4.624028291099255
2023-11-14,AUD,5Y,6M BBSW,4.598044181837461
2023-11-13,AUD,5Y,6M BBSW,4.712262237059063
2023-11-10,AUD,5Y,6M BBSW,4.647868884976866
2023-11-09,AUD,5Y,6M BBSW,4.657752666626196
2023-11-08,AUD,5Y,6M BBSW,4.541632279501203
2023-11-07,AUD,5Y,6M BBSW,4.58917516900858
2023-11-06,AUD,5Y,6M BBSW,4.750955146659559
2023-11-03,AUD,5Y,6M BBSW,4.688566077497438
2023-11-02,AUD,5Y,6M BBSW,4.747139677366122
2023-11-01,AUD,5Y,6M BBSW,4.790897519084439
2023-10-31,AUD,5Y,6M BBSW,4.957837274171554
2023-10-30,AUD,5Y,6M BBSW,4.909000361559111
2023-10-26,AUD,5Y,6M BBSW,4.788432344716652
2023-10-25,AUD,5Y,6M BBSW,4.766258576720714
2023-10-24,AUD,5Y,6M BBSW,4.67849666373909
2023-10-23,AUD,5Y,6M BBSW,4.670418585981005
2023-10-20,AUD,5Y,6M BBSW,4.679721699506367
2023-10-19,AUD,5Y,6M BBSW,4.718986256648979
2023-10-18,AUD,5Y,6M BBSW,4.730607412888055
2023-10-17,AUD,5Y,6M BBSW,4.653442482150735
2023-10-16,AUD,5Y,6M BBSW,4.456680395102582
2023-10-12,AUD,5Y,6M BBSW,4.431514998769594
2023-10-11,AUD,5Y,6M BBSW,4.345906004546442
2023-10-10,AUD,5Y,6M BBSW,4.427230121437636
2023-10-09,AUD,5Y,6M BBSW,4.391038494681339
2023-10-05,AUD,5Y,6M BBSW,4.533256706791028
2023-10-04,AUD,5Y,6M BBSW,4.536959455590102
2023-10-03,AUD,5Y,6M BBSW,4.556288900860755
2023-09-29,AUD,5Y,6M BBSW,4.460338015558944
2023-09-28,AUD,5Y,6M BBSW,4.460827626833793
2023-09-27,AUD,5Y,6M BBSW,4.439089543482948
2023-09-26,AUD,5Y,6M BBSW,4.420779042160976
2023-09-25,AUD,5Y,6M BBSW,4.424788268765026
2023-09-22,AUD,5Y,6M BBSW,4.371693382309205
2023-09-21,AUD,5Y,6M BBSW,4.407187650607429
2023-09-20,AUD,5Y,6M BBSW,4.382850925461613
2023-09-19,AUD,5Y,6M BBSW,4.318603659445295
2023-09-18,AUD,5Y,6M BBSW,4.281004316109802
2023-09-15,AUD,5Y,6M BBSW,4.225867191836111
2023-09-14,AUD,5Y,6M BBSW,4.200023513311353
2023-09-13,AUD,5Y,6M BBSW,4.218669752046145
2023-09-12,AUD,5Y,6M BBSW,4.246708163323755
2023-09-11,AUD,5Y,6M BBSW,4.235406775026944
2023-09-08,AUD,5Y,6M BBSW,4.208610255748257
2023-09-07,AUD,5Y,6M BBSW,4.200925120596337
2023-09-06,AUD,5Y,6M BBSW,4.21287105296401
2023-09-05,AUD,5Y,6M BBSW,4.221010437938258
2023-09-04,AUD,5Y,6M BBSW,4.222307053877531
2023-09-01,AUD,5Y,6M BBSW,4.139217717878233
2023-08-31,AUD,5Y,6M BBSW,4.116466704016501
2023-08-30,AUD,5Y,6M BBSW,4.156270844243243
2023-08-28,AUD,5Y,6M BBSW,4.25064682700959
2023-08-25,AUD,5Y,6M BBSW,4.254882382890105
2023-08-24,AUD,5Y,6M BBSW,4.253549555510185
2023-08-23,AUD,5Y,6M BBSW,4.214216943862377
2023-08-22,AUD,5Y,6M BBSW,4.318505602583578
2023-08-21,AUD,5Y,6M BBSW,4.372249024913358
2023-08-18,AUD,5Y,6M BBSW,4.322397223400746
2023-08-17,AUD,5Y,6M BBSW,4.365339134277217
2023-08-16,AUD,5Y,6M BBSW,4.327307322607582
2023-08-15,AUD,5Y,6M BBSW,4.33280264398856
2023-08-14,AUD,5Y,6M BBSW,4.350049410534402
2023-08-11,AUD,5Y,6M BBSW,4.266798366612594
2023-08-10,AUD,5Y,6M BBSW,4.207854640588585
2023-08-09,AUD,5Y,6M BBSW,4.180422105846233
2023-08-08,AUD,5Y,6M BBSW,4.133535326159342
2023-08-04,AUD,5Y,6M BBSW,4.156008145720984
2023-08-03,AUD,5Y,6M BBSW,4.252705693212516
2023-08-02,AUD,5Y,6M BBSW,4.184088462641
2023-08-01,AUD,5Y,6M BBSW,4.190236780184986
2023-07-31,AUD,5Y,6M BBSW,4.258287737727014
2023-07-28,AUD,5Y,6M BBSW,4.226099676747272
2023-07-27,AUD,5Y,6M BBSW,4.329084600017034
2023-07-25,AUD,5Y,6M BBSW,4.396502187976907
2023-07-24,AUD,5Y,6M BBSW,4.347808361350472
2023-07-21,AUD,5Y,6M BBSW,4.349292359020719
2023-07-20,AUD,5Y,6M BBSW,4.35913196204727
2023-07-19,AUD,5Y,6M BBSW,4.244813712496695
2023-07-18,AUD,5Y,6M BBSW,4.264120493839508
2023-07-17,AUD,5Y,6M BBSW,4.285969300866152
2023-07-14,AUD,5Y,6M BBSW,4.306093378173938
2023-07-13,AUD,5Y,6M BBSW,4.262843599233558
2023-07-12,AUD,5Y,6M BBSW,4.3429049061964
2023-07-11,AUD,5Y,6M BBSW,4.480885932591116
2023-07-10,AUD,5Y,6M BBSW,4.549736927476134
2023-07-07,AUD,5Y,6M BBSW,4.656078293824137
2023-07-06,AUD,5Y,6M BBSW,4.585303551089845
2023-07-05,AUD,5Y,6M BBSW,4.403599246113401
2023-07-04,AUD,5Y,6M BBSW,4.320910552539744
2023-07-03,AUD,5Y,6M BBSW,4.324720097035516
2023-06-30,AUD,5Y,6M BBSW,4.340781122650774
2023-06-29,AUD,5Y,6M BBSW,4.294957824865356
2023-06-28,AUD,5Y,6M BBSW,4.154648629484549
2023-06-27,AUD,5Y,6M BBSW,4.239593202959568
2023-06-26,AUD,5Y,6M BBSW,4.228220527963337
2023-06-22,AUD,5Y,6M BBSW,4.346685838800834
2023-06-21,AUD,5Y,6M BBSW,4.272232888279434
2023-06-20,AUD,5Y,6M BBSW,4.277222031394266
2023-06-19,AUD,5Y,6M BBSW,4.367856232161663
2023-06-15,AUD,5Y,6M BBSW,4.296475202487643
2023-06-14,AUD,5Y,6M BBSW,4.258768902995216
2023-06-13,AUD,5Y,6M BBSW,4.268473988814127
2023-06-09,AUD,5Y,6M BBSW,4.200946980253406
2023-06-08,AUD,5Y,6M BBSW,4.198865237525255
2023-06-07,AUD,5Y,6M BBSW,4.210839630319958
2023-06-06,AUD,5Y,6M BBSW,4.052209695745437
2023-06-05,AUD,5Y,6M BBSW,3.974790228252477
2023-06-01,AUD,5Y,6M BBSW,3.845440746479514
2023-05-31,AUD,5Y,6M BBSW,3.835221658184389
2023-05-30,AUD,5Y,6M BBSW,3.831309455053803
2023-05-29,AUD,5Y,6M BBSW,3.839917924864794
2023-05-26,AUD,5Y,6M BBSW,3.904313849507377
2023-05-25,AUD,5Y,6M BBSW,3.937283598426677
2023-05-24,AUD,5Y,6M BBSW,3.876747173983514
2023-05-23,AUD,5Y,6M BBSW,3.872266211292133
2023-05-22,AUD,5Y,6M BBSW,3.818613140608993
2023-05-19,AUD,5Y,6M BBSW,3.831116506266417
2023-05-18,AUD,5Y,6M BBSW,3.832294231722059
2023-05-17,AUD,5Y,6M BBSW,3.700462956990101
2023-05-16,AUD,5Y,6M BBSW,3.656694883094484
2023-05-15,AUD,5Y,6M BBSW,3.668240526456991
2023-05-12,AUD,5Y,6M BBSW,3.584927181933836
2023-05-11,AUD,5Y,6M BBSW,3.536725940202254
2023-05-10,AUD,5Y,6M BBSW,3.59867215740695
2023-05-09,AUD,5Y,6M BBSW,3.664792203812014
2023-05-08,AUD,5Y,6M BBSW,3.679823578791995
2023-05-05,AUD,5Y,6M BBSW,3.616826712155172
2023-05-04,AUD,5Y,6M BBSW,3.504832001429098
2023-05-03,AUD,5Y,6M BBSW,3.585472691344652
2023-05-02,AUD,5Y,6M BBSW,3.669190673498194
2023-05-01,AUD,5Y,6M BBSW,3.646725485631672
2023-04-28,AUD,5Y,6M BBSW,3.506099536665245
2023-04-27,AUD,5Y,6M BBSW,3.632358608387425
2023-04-26,AUD,5Y,6M BBSW,3.573606472271676
2023-04-24,AUD,5Y,6M BBSW,3.68671302890117
2023-04-21,AUD,5Y,6M BBSW,3.722351908667218
2023-04-20,AUD,5Y,6M BBSW,3.726716989504447
2023-04-19,AUD,5Y,6M BBSW,3.755348228717431
2023-04-18,AUD,5Y,6M BBSW,3.773431965763414
2023-04-17,AUD,5Y,6M BBSW,3.664169834444104
2023-04-14,AUD,5Y,6M BBSW,3.634286600883568
2023-04-13,AUD,5Y,6M BBSW,3.566065812898458
2023-04-12,AUD,5Y,6M BBSW,3.503615979883449
2023-04-11,AUD,5Y,6M BBSW,3.457912350949356
2023-04-06,AUD,5Y,6M BBSW,3.379194009411261
2023-04-05,AUD,5Y,6M BBSW,3.417203050863502
2023-04-04,AUD,5Y,6M BBSW,3.455285807417475
2023-04-03,AUD,5Y,6M BBSW,3.523423668716819
2023-03-31,AUD,5Y,6M BBSW,3.542039304426891
2023-03-30,AUD,5Y,6M BBSW,3.61124033405915
2023-03-29,AUD,5Y,6M BBSW,3.639261823708431
2023-03-28,AUD,5Y,6M BBSW,3.658549755145626
2023-03-27,AUD,5Y,6M BBSW,3.603589232751719
2023-03-24,AUD,5Y,6M BBSW,3.551133055295165
2023-03-23,AUD,5Y,6M BBSW,3.57733012753342
2023-03-22,AUD,5Y,6M BBSW,3.606067482086642
2023-03-21,AUD,5Y,6M BBSW,3.663586801177529
2023-03-20,AUD,5Y,6M BBSW,3.602325730846133
2023-03-17,AUD,5Y,6M BBSW,3.661830547476551
2023-03-16,AUD,5Y,6M BBSW,3.795411236960502
2023-03-15,AUD,5Y,6M BBSW,3.678279182166853
2023-03-14,AUD,5Y,6M BBSW,3.915500034522028
2023-03-13,AUD,5Y,6M BBSW,3.730615641234159
2023-03-10,AUD,5Y,6M BBSW,3.840117863780212
2023-03-09,AUD,5Y,6M BBSW,3.956882621889743
2023-03-08,AUD,5Y,6M BBSW,4.01863444080477
2023-03-07,AUD,5Y,6M BBSW,4.03594334480098
2023-03-06,AUD,5Y,6M BBSW,4.122878375545506
2023-03-03,AUD,5Y,6M BBSW,4.20240030646807
2023-03-02,AUD,5Y,6M BBSW,4.270943253511149
2023-03-01,AUD,5Y,6M BBSW,4.183618339549769
2023-02-28,AUD,5Y,6M BBSW,4.267551100860794
2023-02-27,AUD,5Y,6M BBSW,4.193516837290141
2023-02-24,AUD,5Y,6M BBSW,4.244149181688921
2023-02-23,AUD,5Y,6M BBSW,4.242912981849056
2023-02-22,AUD,5Y,6M BBSW,4.205920615672227
2023-02-21,AUD,5Y,6M BBSW,4.143572348572973
2023-02-20,AUD,5Y,6M BBSW,4.109010640440669
2023-02-17,AUD,5Y,6M BBSW,4.087268399961657
2023-02-16,AUD,5Y,6M BBSW,4.037934997763282
2023-02-15,AUD,5Y,6M BBSW,4.068366813097809
2023-02-14,AUD,5Y,6M BBSW,4.05314196826567
2023-02-13,AUD,5Y,6M BBSW,4.079727154035147
2023-02-10,AUD,5Y,6M BBSW,4.067272198685306
2023-02-09,AUD,5Y,6M BBSW,3.922892879629804
2023-02-08,AUD,5Y,6M BBSW,3.889759986952762
2023-02-07,AUD,5Y,6M BBSW,3.877854253529276
2023-02-06,AUD,5Y,6M BBSW,3.721074568101296
2023-02-03,AUD,5Y,6M BBSW,3.740901451616153
2023-02-02,AUD,5Y,6M BBSW,3.765339552930939
2023-02-01,AUD,5Y,6M BBSW,3.840281674294631
2023-01-31,AUD,5Y,6M BBSW,3.803962549422886
2023-01-30,AUD,5Y,6M BBSW,3.838080041989544
2023-01-27,AUD,5Y,6M BBSW,3.847862182971189
2023-01-25,AUD,5Y,6M BBSW,3.789696552276573
2023-01-24,AUD,5Y,6M BBSW,3.703572580826577
2023-01-23,AUD,5Y,6M BBSW,3.698024690377079
2023-01-20,AUD,5Y,6M BBSW,3.717316117007056
2023-01-19,AUD,5Y,6M BBSW,3.60296775058954
2023-01-18,AUD,5Y,6M BBSW,3.807268367981958
2023-01-17,AUD,5Y,6M BBSW,3.857293792835725
2023-01-16,AUD,5Y,6M BBSW,3.863539537338909
2023-01-13,AUD,5Y,6M BBSW,3.875396559497495
2023-01-12,AUD,5Y,6M BBSW,3.872945405870164
2023-01-11,AUD,5Y,6M BBSW,4.005341691458976
2023-01-10,AUD,5Y,6M BBSW,4.032876159893782
2023-01-09,AUD,5Y,6M BBSW,4.052842830458129
2023-01-06,AUD,5Y,6M BBSW,4.027277649158464
2023-01-05,AUD,5Y,6M BBSW,4.127321724546134
2023-01-04,AUD,5Y,6M BBSW,4.144722405716807
2023-01-03,AUD,5Y,6M BBSW,4.223862070912295
2022-12-30,AUD,5Y,6M BBSW,4.256352603518073
2022-12-29,AUD,5Y,6M BBSW,4.241857164242693
2022-12-28,AUD,5Y,6M BBSW,4.258754567510652
2022-12-23,AUD,5Y,6M BBSW,4.085961443453292
2022-12-22,AUD,5Y,6M BBSW,4.054226704245097
2022-12-21,AUD,5Y,6M BBSW,3.952255735191919
2022-12-20,AUD,5Y,6M BBSW,4.045325457437084
2022-12-19,AUD,5Y,6M BBSW,3.891683672068474
2022-12-16,AUD,5Y,6M BBSW,3.86237064640815
2022-12-15,AUD,5Y,6M BBSW,3.850399539715522
2022-12-14,AUD,5Y,6M BBSW,3.755160104633303
2022-12-13,AUD,5Y,6M BBSW,3.803921611489948
2022-12-12,AUD,5Y,6M BBSW,3.765670459348849
2022-12-09,AUD,5Y,6M BBSW,3.75480446314487
2022-12-08,AUD,5Y,6M BBSW,3.769733909285095
2022-12-07,AUD,5Y,6M BBSW,3.755307811191
2022-12-06,AUD,5Y,6M BBSW,3.779124960240018
2022-12-05,AUD,5Y,6M BBSW,3.727973281423833
2022-12-02,AUD,5Y,6M BBSW,3.713681800257929
2022-12-01,AUD,5Y,6M BBSW,3.828645278036435
2022-11-30,AUD,5Y,6M BBSW,3.885120000238103
2022-11-29,AUD,5Y,6M BBSW,3.954912002846745
2022-11-28,AUD,5Y,6M BBSW,3.917915633460156
2022-11-25,AUD,5Y,6M BBSW,4.010972526331273
2022-11-24,AUD,5Y,6M BBSW,3.976035011553833
2022-11-23,AUD,5Y,6M BBSW,3.963548032102361
2022-11-22,AUD,5Y,6M BBSW,3.938586945076537
2022-11-21,AUD,5Y,6M BBSW,3.92790898093152
2022-11-18,AUD,5Y,6M BBSW,3.962281389140943
2022-11-17,AUD,5Y,6M BBSW,3.941138225032673
2022-11-16,AUD,5Y,6M BBSW,4.032236347021117
2022-11-15,AUD,5Y,6M BBSW,4.118991417021984
2022-11-14,AUD,5Y,6M BBSW,4.192929019549283
2022-11-11,AUD,5Y,6M BBSW,4.089769111313723
2022-11-10,AUD,5Y,6M BBSW,4.167314113332065
2022-11-09,AUD,5Y,6M BBSW,4.312196397003912
2022-11-08,AUD,5Y,6M BBSW,4.440925640377974
2022-11-07,AUD,5Y,6M BBSW,4.321508675278875
2022-11-04,AUD,5Y,6M BBSW,4.320941240699092
2022-11-03,AUD,5Y,6M BBSW,4.434790053776972
2022-11-02,AUD,5Y,6M BBSW,4.34089167374669
2022-11-01,AUD,5Y,6M BBSW,4.250948266316837
2022-10-31,AUD,5Y,6M BBSW,4.199310706114795
2022-10-28,AUD,5Y,6M BBSW,4.224847551282256
2022-10-27,AUD,5Y,6M BBSW,4.287306279804842
2022-10-26,AUD,5Y,6M BBSW,4.417189983449322
2022-10-25,AUD,5Y,6M BBSW,4.516886779079523
2022-10-24,AUD,5Y,6M BBSW,4.583714352935135
2022-10-21,AUD,5Y,6M BBSW,4.559764248095
2022-10-20,AUD,5Y,6M BBSW,4.464731740268213
2022-10-19,AUD,5Y,6M BBSW,4.318346518820275
2022-10-18,AUD,5Y,6M BBSW,4.300691319077606
2022-10-17,AUD,5Y,6M BBSW,4.372630318925684
2022-10-14,AUD,5Y,6M BBSW,4.325002895663481
2022-10-13,AUD,5Y,6M BBSW,4.281003434257689
2022-10-12,AUD,5Y,6M BBSW,4.263503572322859
2022-10-11,AUD,5Y,6M BBSW,4.275887838486516
2022-10-10,AUD,5Y,6M BBSW,4.195174937719028
2022-10-07,AUD,5Y,6M BBSW,4.193315450119541
2022-10-06,AUD,5Y,6M BBSW,4.079683020437617
2022-10-05,AUD,5Y,6M BBSW,3.925778068992201
2022-10-04,AUD,5Y,6M BBSW,3.921349327759522
2022-09-30,AUD,5Y,6M BBSW,4.248907458736451
2022-09-29,AUD,5Y,6M BBSW,4.23861075947168
2022-09-28,AUD,5Y,6M BBSW,4.433427093097675
2022-09-27,AUD,5Y,6M BBSW,4.398386664957889
2022-09-26,AUD,5Y,6M BBSW,4.292525966025232
2022-09-23,AUD,5Y,6M BBSW,4.269741501593816
2022-09-21,AUD,5Y,6M BBSW,3.975944445219949
2022-09-20,AUD,5Y,6M BBSW,3.877294424921703
2022-09-19,AUD,5Y,6M BBSW,3.942903109511459
2022-09-16,AUD,5Y,6M BBSW,3.964779729245717
2022-09-15,AUD,5Y,6M BBSW,3.906203214615133
2022-09-14,AUD,5Y,6M BBSW,3.915000629134205
2022-09-13,AUD,5Y,6M BBSW,3.795798762642288
2022-09-12,AUD,5Y,6M BBSW,3.780986429130927
2022-09-09,AUD,5Y,6M BBSW,3.730808982247302
2022-09-08,AUD,5Y,6M BBSW,3.789846132633921
2022-09-07,AUD,5Y,6M BBSW,3.952243048179594
2022-09-06,AUD,5Y,6M BBSW,3.840995058634574
2022-09-05,AUD,5Y,6M BBSW,3.891730823012103
2022-09-02,AUD,5Y,6M BBSW,3.854792152955837
2022-09-01,AUD,5Y,6M BBSW,3.964831038031147
2022-08-31,AUD,5Y,6M BBSW,3.882749967533015
2022-08-30,AUD,5Y,6M BBSW,3.94382848235979
2022-08-29,AUD,5Y,6M BBSW,4.035533098967809
2022-08-26,AUD,5Y,6M BBSW,3.864870545425954
2022-08-25,AUD,5Y,6M BBSW,3.972324855321958
2022-08-24,AUD,5Y,6M BBSW,3.895993963984231
2022-08-23,AUD,5Y,6M BBSW,3.932332040629966
2022-08-22,AUD,5Y,6M BBSW,3.792907231083187
2022-08-19,AUD,5Y,6M BBSW,3.696085362535008
2022-08-18,AUD,5Y,6M BBSW,3.559863850217016
2022-08-17,AUD,5Y,6M BBSW,3.497336038887057
2022-08-16,AUD,5Y,6M BBSW,3.477368683220498
2022-08-15,AUD,5Y,6M BBSW,3.63174718309071
2022-08-12,AUD,5Y,6M BBSW,3.672388563238692
2022-08-11,AUD,5Y,6M BBSW,3.5998618809103
2022-08-10,AUD,5Y,6M BBSW,3.522333705618681
2022-08-09,AUD,5Y,6M BBSW,3.459869281270748
2022-08-08,AUD,5Y,6M BBSW,3.463089431268329
2022-08-05,AUD,5Y,6M BBSW,3.492329250937566
2022-08-04,AUD,5Y,6M BBSW,3.384818151625806
2022-08-03,AUD,5Y,6M BBSW,3.287270952397757
2022-08-02,AUD,5Y,6M BBSW,3.248177342342377
2022-07-29,AUD,5Y,6M BBSW,3.232409631421018
2022-07-28,AUD,5Y,6M BBSW,3.39107346395742
2022-07-27,AUD,5Y,6M BBSW,3.531002049998099
2022-07-26,AUD,5Y,6M BBSW,3.653400936327325
2022-07-25,AUD,5Y,6M BBSW,3.629128094782414
2022-07-22,AUD,5Y,6M BBSW,3.623693873709134
2022-07-21,AUD,5Y,6M BBSW,3.841044953849074
2022-07-20,AUD,5Y,6M BBSW,3.873599408830729
2022-07-19,AUD,5Y,6M BBSW,3.82983704070698
2022-07-18,AUD,5Y,6M BBSW,3.722943437605029
2022-07-15,AUD,5Y,6M BBSW,3.73631302891588
2022-07-14,AUD,5Y,6M BBSW,3.732466242081742
2022-07-13,AUD,5Y,6M BBSW,3.691118040618105
2022-07-12,AUD,5Y,6M BBSW,3.716043283618105
2022-07-11,AUD,5Y,6M BBSW,3.881654426326762
2022-07-08,AUD,5Y,6M BBSW,3.803682587652631
2022-07-07,AUD,5Y,6M BBSW,3.723651508598576
2022-07-06,AUD,5Y,6M BBSW,3.647322944345401
2022-07-05,AUD,5Y,6M BBSW,3.839831768398537
2022-07-04,AUD,5Y,6M BBSW,3.68296624910673
2022-07-01,AUD,5Y,6M BBSW,3.682118586270623
2022-06-30,AUD,5Y,6M BBSW,3.997634202061319
2022-06-29,AUD,5Y,6M BBSW,4.056254999192186
2022-06-28,AUD,5Y,6M BBSW,4.020882060546232
2022-06-27,AUD,5Y,6M BBSW,4.018880367775098
2022-06-24,AUD,5Y,6M BBSW,3.969614726762353
2022-06-23,AUD,5Y,6M BBSW,4.09476521971098
2022-06-22,AUD,5Y,6M BBSW,4.222302487875078
2022-06-21,AUD,5Y,6M BBSW,4.362177961130766
2022-06-20,AUD,5Y,6M BBSW,4.347593399697628
2022-06-17,AUD,5Y,6M BBSW,4.443433744091142
2022-06-16,AUD,5Y,6M BBSW,4.411138645781876
2022-06-15,AUD,5Y,6M BBSW,4.403772026676525
2022-06-14,AUD,5Y,6M BBSW,4.175935762895578
2022-06-10,AUD,5Y,6M BBSW,3.940699942176937
2022-06-09,AUD,5Y,6M BBSW,3.790797959633089
2022-06-08,AUD,5Y,6M BBSW,3.792220881094188
2022-06-07,AUD,5Y,6M BBSW,3.755877546872889
2022-06-06,AUD,5Y,6M BBSW,3.674125818083836
2022-06-03,AUD,5Y,6M BBSW,3.669821634932657
2022-06-02,AUD,5Y,6M BBSW,3.672384896049802
2022-06-01,AUD,5Y,6M BBSW,3.558557020111157
2022-05-31,AUD,5Y,6M BBSW,3.477712436078149
2022-05-30,AUD,5Y,6M BBSW,3.322253210200135
2022-05-27,AUD,5Y,6M BBSW,3.336210553362584
2022-05-26,AUD,5Y,6M BBSW,3.307383419714268
2022-05-25,AUD,5Y,6M BBSW,3.322343608527436
2022-05-24,AUD,5Y,6M BBSW,3.411166370221999
2022-05-23,AUD,5Y,6M BBSW,3.384332731478715
2022-05-20,AUD,5Y,6M BBSW,3.347411167282929
2022-05-19,AUD,5Y,6M BBSW,3.491068580073315
2022-05-18,AUD,5Y,6M BBSW,3.521024086193818
2022-05-17,AUD,5Y,6M BBSW,3.499859471526324
2022-05-16,AUD,5Y,6M BBSW,3.413115309127587
2022-05-13,AUD,5Y,6M BBSW,3.456104904608898
2022-05-12,AUD,5Y,6M BBSW,3.547364192444955
2022-05-11,AUD,5Y,6M BBSW,3.579816147622692
2022-05-10,AUD,5Y,6M BBSW,3.601049619231316
2022-05-09,AUD,5Y,6M BBSW,3.637991091240926
2022-05-06,AUD,5Y,6M BBSW,3.649889492656775
2022-05-05,AUD,5Y,6M BBSW,3.559864416413786
2022-05-04,AUD,5Y,6M BBSW,3.681100805435479
2022-05-03,AUD,5Y,6M BBSW,3.446061119633415
2022-05-02,AUD,5Y,6M BBSW,3.40941617556012
2022-04-29,AUD,5Y,6M BBSW,3.443652340845139
2022-04-28,AUD,5Y,6M BBSW,3.303700424559221
2022-04-27,AUD,5Y,6M BBSW,3.269873688998971
2022-04-26,AUD,5Y,6M BBSW,3.233620256830377
2022-04-22,AUD,5Y,6M BBSW,3.281059510468241
2022-04-21,AUD,5Y,6M BBSW,3.118677629675088
2022-04-20,AUD,5Y,6M BBSW,3.087355690453604
2022-04-19,AUD,5Y,6M BBSW,2.992310573895456
2022-04-14,AUD,5Y,6M BBSW,2.920004214020457
2022-04-13,AUD,5Y,6M BBSW,2.991092297876168
2022-04-12,AUD,5Y,6M BBSW,3.059831085266289
2022-04-11,AUD,5Y,6M BBSW,3.064607679946132
2022-04-08,AUD,5Y,6M BBSW,3.087349448746165
2022-04-07,AUD,5Y,6M BBSW,3.035969655134935
2022-04-06,AUD,5Y,6M BBSW,3.102293913599222
2022-04-05,AUD,5Y,6M BBSW,2.903536514139935
2022-04-04,AUD,5Y,6M BBSW,2.963285209380983
2022-04-01,AUD,5Y,6M BBSW,3.008620093065793
2022-03-31,AUD,5Y,6M BBSW,2.892610239508358
2022-03-30,AUD,5Y,6M BBSW,2.956258959869691
2022-03-29,AUD,5Y,6M BBSW,3.078357280018642
2022-03-28,AUD,5Y,6M BBSW,2.966857277719751
2022-03-25,AUD,5Y,6M BBSW,2.912443238410956
2022-03-24,AUD,5Y,6M BBSW,2.784920214259475
2022-03-23,AUD,5Y,6M BBSW,2.808571945104627
2022-03-22,AUD,5Y,6M BBSW,2.721086553240952
2022-03-21,AUD,5Y,6M BBSW,2.544794715501173
2022-03-18,AUD,5Y,6M BBSW,2.549959112824371
2022-03-17,AUD,5Y,6M BBSW,2.502435181113745
2022-03-16,AUD,5Y,6M BBSW,2.472402515370034
2022-03-15,AUD,5Y,6M BBSW,2.537103368059811
2022-03-14,AUD,5Y,6M BBSW,2.469755620310033
2022-03-11,AUD,5Y,6M BBSW,2.412962183284578
2022-03-10,AUD,5Y,6M BBSW,2.410939257587311
2022-03-09,AUD,5Y,6M BBSW,2.398908980724512
2022-03-08,AUD,5Y,6M BBSW,2.321128566286885
2022-03-07,AUD,5Y,6M BBSW,2.188792053748525
2022-03-04,AUD,5Y,6M BBSW,2.161171308289553
2022-03-03,AUD,5Y,6M BBSW,2.143753043392635
2022-03-02,AUD,5Y,6M BBSW,2.064931236403331
2022-03-01,AUD,5Y,6M BBSW,2.167436732845606
2022-02-28,AUD,5Y,6M BBSW,2.168446338113125
2022-02-25,AUD,5Y,6M BBSW,2.256140375199625
2022-02-24,AUD,5Y,6M BBSW,2.211217879321933
2022-02-23,AUD,5Y,6M BBSW,2.277431146360283
2022-02-22,AUD,5Y,6M BBSW,2.242417536463586
2022-02-21,AUD,5Y,6M BBSW,2.232606768318578
2022-02-18,AUD,5Y,6M BBSW,2.221243562763926
2022-02-17,AUD,5Y,6M BBSW,2.23611589371403
2022-02-16,AUD,5Y,6M BBSW,2.282430929982518
2022-02-15,AUD,5Y,6M BBSW,2.285071099787778
2022-02-14,AUD,5Y,6M BBSW,2.207669226294936
2022-02-11,AUD,5Y,6M BBSW,2.257441060155977
2022-02-10,AUD,5Y,6M BBSW,2.11872449942686
2022-02-09,AUD,5Y,6M BBSW,2.13993785701894
2022-02-08,AUD,5Y,6M BBSW,2.149923269672616
2022-02-07,AUD,5Y,6M BBSW,2.036397361258508
2022-02-04,AUD,5Y,6M BBSW,2.061122553015732
2022-02-03,AUD,5Y,6M BBSW,1.888703413513238
2022-02-02,AUD,5Y,6M BBSW,1.897425214172614
2022-02-01,AUD,5Y,6M BBSW,1.869919814077709
2022-01-31,AUD,5Y,6M BBSW,1.909505332536698
2022-01-28,AUD,5Y,6M BBSW,1.942458026525721
2022-01-27,AUD,5Y,6M BBSW,2.014918077087301
2022-01-25,AUD,5Y,6M BBSW,1.932411128592009
2022-01-24,AUD,5Y,6M BBSW,1.903966397648492
2022-01-21,AUD,5Y,6M BBSW,1.87246155879489
2022-01-20,AUD,5Y,6M BBSW,1.937436679612685
2022-01-19,AUD,5Y,6M BBSW,1.916148477860134
2022-01-18,AUD,5Y,6M BBSW,1.869939280544471
2022-01-17,AUD,5Y,6M BBSW,1.835214522792743
2022-01-14,AUD,5Y,6M BBSW,1.794980926874945
2022-01-13,AUD,5Y,6M BBSW,1.76874756825693
2022-01-12,AUD,5Y,6M BBSW,1.756155394132071
2022-01-11,AUD,5Y,6M BBSW,1.797442251018542
2022-01-10,AUD,5Y,6M BBSW,1.815224733537709
2022-01-07,AUD,5Y,6M BBSW,1.769966875666964
2022-01-06,AUD,5Y,6M BBSW,1.768747530150977
2022-01-05,AUD,5Y,6M BBSW,1.712457617274592
2022-01-04,AUD,5Y,6M BBSW,1.692449019198713
2021-12-31,AUD,5Y,6M BBSW,1.655042231198571
2021-12-30,AUD,5Y,6M BBSW,1.645027829465583
2021-12-29,AUD,5Y,6M BBSW,1.5849906061612
2021-12-24,AUD,5Y,6M BBSW,1.62373841499968
2021-12-23,AUD,5Y,6M BBSW,1.637455264252245
2021-12-22,AUD,5Y,6M BBSW,1.643761639379431
2021-12-21,AUD,5Y,6M BBSW,1.669940555273688
2021-12-20,AUD,5Y,6M BBSW,1.651598577237278
2021-12-17,AUD,5Y,6M BBSW,1.691161621226757
2021-12-16,AUD,5Y,6M BBSW,1.692471091557379
2021-12-15,AUD,5Y,6M BBSW,1.611545875217528
2021-12-14,AUD,5Y,6M BBSW,1.585000752954492
2021-12-13,AUD,5Y,6M BBSW,1.612114331542565
2021-12-10,AUD,5Y,6M BBSW,1.614948281052465
2021-12-09,AUD,5Y,6M BBSW,1.656952475498063
2021-12-08,AUD,5Y,6M BBSW,1.702429041888268
2021-12-07,AUD,5Y,6M BBSW,1.652422481248052
2021-12-06,AUD,5Y,6M BBSW,1.655287038237583
2021-12-03,AUD,5Y,6M BBSW,1.628663155171933
2021-12-02,AUD,5Y,6M BBSW,1.731168532761077
2021-12-01,AUD,5Y,6M BBSW,1.73245751038712
2021-11-30,AUD,5Y,6M BBSW,1.700041729438428
2021-11-29,AUD,5Y,6M BBSW,1.724105956829428
2021-11-26,AUD,5Y,6M BBSW,1.604971381185205
2021-11-25,AUD,5Y,6M BBSW,1.799943542140887
2021-11-24,AUD,5Y,6M BBSW,1.789953695419426
2021-11-23,AUD,5Y,6M BBSW,1.85873887179482
2021-11-22,AUD,5Y,6M BBSW,1.767850989442448
2021-11-19,AUD,5Y,6M BBSW,1.744966729144209
2021-11-18,AUD,5Y,6M BBSW,1.716148272701841
2021-11-17,AUD,5Y,6M BBSW,1.742455506174656
2021-11-16,AUD,5Y,6M BBSW,1.744945596675435
2021-11-15,AUD,5Y,6M BBSW,1.686603055648727
2021-11-12,AUD,5Y,6M BBSW,1.692468741334507
2021-11-11,AUD,5Y,6M BBSW,1.69875021676025
2021-11-10,AUD,5Y,6M BBSW,1.578762835428907
2021-11-09,AUD,5Y,6M BBSW,1.593752622096849
2021-11-08,AUD,5Y,6M BBSW,1.56035927979562
2021-11-05,AUD,5Y,6M BBSW,1.601272726493504
2021-11-04,AUD,5Y,6M BBSW,1.637453594861723
2021-11-03,AUD,5Y,6M BBSW,1.57116298058271
2021-11-02,AUD,5Y,6M BBSW,1.722445474161705
2021-11-01,AUD,5Y,6M BBSW,1.704082441391589
2021-10-29,AUD,5Y,6M BBSW,1.754986317199502
2021-10-28,AUD,5Y,6M BBSW,1.719970109126219
2021-10-27,AUD,5Y,6M BBSW,1.592464315789764
2021-10-26,AUD,5Y,6M BBSW,1.432451471632475
2021-10-25,AUD,5Y,6M BBSW,1.389200451910182
2021-10-22,AUD,5Y,6M BBSW,1.413778092077718
2021-10-21,AUD,5Y,6M BBSW,1.391174209774368
2021-10-20,AUD,5Y,6M BBSW,1.359965719916224
2021-10-19,AUD,5Y,6M BBSW,1.354948485671283
2021-10-18,AUD,5Y,6M BBSW,1.333036594445265
2021-10-15,AUD,5Y,6M BBSW,1.25249941815988
2021-10-14,AUD,5Y,6M BBSW,1.146197920861856
2021-10-13,AUD,5Y,6M BBSW,1.164980032886482
2021-10-12,AUD,5Y,6M BBSW,1.189963713028436
2021-10-11,AUD,5Y,6M BBSW,1.165558890001105
2021-10-08,AUD,5Y,6M BBSW,1.133785907717829
2021-10-07,AUD,5Y,6M BBSW,1.051178339244417
2021-10-06,AUD,5Y,6M BBSW,1.04246873175177
2021-10-05,AUD,5Y,6M BBSW,1.016918916539905
2021-10-01,AUD,5Y,6M BBSW,1.006185468372042
2021-09-30,AUD,5Y,6M BBSW,0.9900041154375088
2021-09-29,AUD,5Y,6M BBSW,1.001184809349055
2021-09-28,AUD,5Y,6M BBSW,0.9899773258740856
2021-09-27,AUD,5Y,6M BBSW,0.9432871341056988
2021-09-24,AUD,5Y,6M BBSW,0.9462933456585814
2021-09-23,AUD,5Y,6M BBSW,0.8349889846950075
2021-09-22,AUD,5Y,6M BBSW,0.8399862741138759
2021-09-21,AUD,5Y,6M BBSW,0.83748332893873
2021-09-20,AUD,5Y,6M BBSW,0.8558342375054366
2021-09-17,AUD,5Y,6M BBSW,0.8562946810390274
2021-09-16,AUD,5Y,6M BBSW,0.8249892493724382
2021-09-15,AUD,5Y,6M BBSW,0.7940130729633316
2021-09-14,AUD,5Y,6M BBSW,0.841002139385914
2021-09-13,AUD,5Y,6M BBSW,0.8205534071172523
2021-09-10,AUD,5Y,6M BBSW,0.7989952076971181
2021-09-09,AUD,5Y,6M BBSW,0.838988663863538
2021-09-08,AUD,5Y,6M BBSW,0.8437870437460651
2021-09-07,AUD,5Y,6M BBSW,0.8361839174902207
2021-09-06,AUD,5Y,6M BBSW,0.8183545469329524
2021-09-03,AUD,5Y,6M BBSW,0.803695044969931
2021-09-02,AUD,5Y,6M BBSW,0.7949899058252111
2021-09-01,AUD,5Y,6M BBSW,0.8274875901840336
2021-08-31,AUD,5Y,6M BBSW,0.7625110896872854
2021-08-30,AUD,5Y,6M BBSW,0.7782823237563016
2021-08-27,AUD,5Y,6M BBSW,0.7949960067213692
2021-08-26,AUD,5Y,6M BBSW,0.7674930731457342
2021-08-25,AUD,5Y,6M BBSW,0.7524938547508467
2021-08-24,AUD,5Y,6M BBSW,0.7261900128569501
2021-08-23,AUD,5Y,6M BBSW,0.6984191144820142
2021-08-20,AUD,5Y,6M BBSW,0.6799971417881471
2021-08-19,AUD,5Y,6M BBSW,0.7061942077623913
2021-08-18,AUD,5Y,6M BBSW,0.7224944393169526
2021-08-17,AUD,5Y,6M BBSW,0.731289781706725
2021-08-16,AUD,5Y,6M BBSW,0.7383974500384093
2021-08-13,AUD,5Y,6M BBSW,0.7674963546342811
2021-08-12,AUD,5Y,6M BBSW,0.757492961693844
2021-08-11,AUD,5Y,6M BBSW,0.7899931724755924
2021-08-10,AUD,5Y,6M BBSW,0.7837884383858011
2021-08-09,AUD,5Y,6M BBSW,0.8045616474899996
2021-08-06,AUD,5Y,6M BBSW,0.7924944306878484
2021-08-05,AUD,5Y,6M BBSW,0.721190732237674
2021-08-04,AUD,5Y,6M BBSW,0.7161900765910154
2021-08-03,AUD,5Y,6M BBSW,0.6758254185276549
2021-07-30,AUD,5Y,6M BBSW,0.7124982891106534
2021-07-29,AUD,5Y,6M BBSW,0.6811952384014004
2021-07-28,AUD,5Y,6M BBSW,0.7162947647884971
2021-07-27,AUD,5Y,6M BBSW,0.7274877818403108
2021-07-26,AUD,5Y,6M BBSW,0.7320884207913169
2021-07-23,AUD,5Y,6M BBSW,0.7437963073058422
2021-07-22,AUD,5Y,6M BBSW,0.7287938609705398
2021-07-21,AUD,5Y,6M BBSW,0.7224946676447491
2021-07-20,AUD,5Y,6M BBSW,0.7287901326554463
2021-07-19,AUD,5Y,6M BBSW,0.78956956775088
2021-07-16,AUD,5Y,6M BBSW,0.8087958317562378
2021-07-15,AUD,5Y,6M BBSW,0.8012995535936471
2021-07-14,AUD,5Y,6M BBSW,0.8299958969101077
2021-07-13,AUD,5Y,6M BBSW,0.7886884995620249
2021-07-12,AUD,5Y,6M BBSW,0.7833727545514659
2021-07-09,AUD,5Y,6M BBSW,0.8324952678431742
2021-07-08,AUD,5Y,6M BBSW,0.8349919044138957
2021-07-07,AUD,5Y,6M BBSW,0.8724919877371469
2021-07-06,AUD,5Y,6M BBSW,0.8987848251815971
2021-07-05,AUD,5Y,6M BBSW,0.8895153621494379
2021-07-02,AUD,5Y,6M BBSW,0.8899911982087196
2021-07-01,AUD,5Y,6M BBSW,0.9224763001053532
2021-06-30,AUD,5Y,6M BBSW,0.91380899591022
2021-06-29,AUD,5Y,6M BBSW,0.8962954910567776
2021-06-28,AUD,5Y,6M BBSW,0.9256855775334756
2021-06-25,AUD,5Y,6M BBSW,0.924952949917442
2021-06-24,AUD,5Y,6M BBSW,0.8999842559238476
2021-06-23,AUD,5Y,6M BBSW,0.9087871055749932
2021-06-22,AUD,5Y,6M BBSW,0.9437844624621204
2021-06-21,AUD,5Y,6M BBSW,0.9182914702330536
2021-06-18,AUD,5Y,6M BBSW,0.9637919630939612
2021-06-17,AUD,5Y,6M BBSW,0.8861922720964134
2021-06-16,AUD,5Y,6M BBSW,0.7924941305564204
2021-06-15,AUD,5Y,6M BBSW,0.7710124134547868
2021-06-11,AUD,5Y,6M BBSW,0.7589925907816545
2021-06-10,AUD,5Y,6M BBSW,0.748991870982859
2021-06-09,AUD,5Y,6M BBSW,0.803987981794758
2021-06-08,AUD,5Y,6M BBSW,0.8533257834927966
2021-06-07,AUD,5Y,6M BBSW,0.8402826292733087
2021-06-04,AUD,5Y,6M BBSW,0.8799923761276849
2021-06-03,AUD,5Y,6M BBSW,0.8374940752748288
2021-06-02,AUD,5Y,6M BBSW,0.8887925736736031
2021-06-01,AUD,5Y,6M BBSW,0.8899856289724808
2021-05-31,AUD,5Y,6M BBSW,0.8797526581474078
2021-05-28,AUD,5Y,6M BBSW,0.8762956456892721
2021-05-27,AUD,5Y,6M BBSW,0.8149932236440921
2021-05-26,AUD,5Y,6M BBSW,0.8111944043153303
2021-05-25,AUD,5Y,6M BBSW,0.8274871700795925
2021-05-24,AUD,5Y,6M BBSW,0.8407411297790955
2021-05-21,AUD,5Y,6M BBSW,0.8524959585910468
2021-05-20,AUD,5Y,6M BBSW,0.8599923531778506
2021-05-19,AUD,5Y,6M BBSW,0.8749933921498788
2021-05-18,AUD,5Y,6M BBSW,0.8724856167393782
2021-05-17,AUD,5Y,6M BBSW,0.855732845321781
2021-05-14,AUD,5Y,6M BBSW,0.8674965885840675
2021-05-13,AUD,5Y,6M BBSW,0.8687922806693189
2021-05-12,AUD,5Y,6M BBSW,0.8437941022297821
2021-05-11,AUD,5Y,6M BBSW,0.8424866922136884
2021-05-10,AUD,5Y,6M BBSW,0.8395417590537388
2021-05-07,AUD,5Y,6M BBSW,0.8387960314212868
2021-05-06,AUD,5Y,6M BBSW,0.8487925730457375
2021-05-05,AUD,5Y,6M BBSW,0.863793908534144
2021-05-04,AUD,5Y,6M BBSW,0.8461866082948608
2021-05-03,AUD,5Y,6M BBSW,0.857032183126304
2021-04-30,AUD,5Y,6M BBSW,0.8475014070289246
2021-04-29,AUD,5Y,6M BBSW,0.8274979418686715
2021-04-28,AUD,5Y,6M BBSW,0.834993739217979
2021-04-27,AUD,5Y,6M BBSW,0.853786544813485
2021-04-26,AUD,5Y,6M BBSW,0.8457302611553068
2021-04-23,AUD,5Y,6M BBSW,0.8499908488246208
2021-04-22,AUD,5Y,6M BBSW,0.8137946979412294
2021-04-21,AUD,5Y,6M BBSW,0.8274899286079221
2021-04-20,AUD,5Y,6M BBSW,0.8449828033174986
2021-04-19,AUD,5Y,6M BBSW,0.8183418595758728
2021-04-16,AUD,5Y,6M BBSW,0.8299910957067687
2021-04-15,AUD,5Y,6M BBSW,0.8412030803157284
2021-04-14,AUD,5Y,6M BBSW,0.8374979877875968
2021-04-13,AUD,5Y,6M BBSW,0.8549865336356676
2021-04-12,AUD,5Y,6M BBSW,0.8270405160353242
2021-04-09,AUD,5Y,6M BBSW,0.8287918236070297
2021-04-08,AUD,5Y,6M BBSW,0.8149940054755868
2021-04-07,AUD,5Y,6M BBSW,0.8337861551875312
2021-04-06,AUD,5Y,6M BBSW,0.8633188953357629
2021-04-01,AUD,5Y,6M BBSW,0.9011875829658405
2021-03-31,AUD,5Y,6M BBSW,0.9100118709857146
2021-03-30,AUD,5Y,6M BBSW,0.868803276104176
2021-03-29,AUD,5Y,6M BBSW,0.792069895160941
2021-03-26,AUD,5Y,6M BBSW,0.7837957869737369
2021-03-25,AUD,5Y,6M BBSW,0.7999935158222803
2021-03-24,AUD,5Y,6M BBSW,0.7649952839708183
2021-03-23,AUD,5Y,6M BBSW,0.8136876762770519
2021-03-22,AUD,5Y,6M BBSW,0.8820178226841255
2021-03-19,AUD,5Y,6M BBSW,0.8824954373570358
2021-03-18,AUD,5Y,6M BBSW,0.8761919731167168
2021-03-17,AUD,5Y,6M BBSW,0.8474942234709512
2021-03-16,AUD,5Y,6M BBSW,0.848786667958477
2021-03-15,AUD,5Y,6M BBSW,0.9122058015193516
2021-03-12,AUD,5Y,6M BBSW,0.8739946072522837
2021-03-11,AUD,5Y,6M BBSW,0.8449930906109137
2021-03-10,AUD,5Y,6M BBSW,0.8909933146783334
2021-03-09,AUD,5Y,6M BBSW,0.945983171030448
2021-03-08,AUD,5Y,6M BBSW,0.953279842298526
2021-03-05,AUD,5Y,6M BBSW,0.9487954745359204
2021-03-04,AUD,5Y,6M BBSW,0.9336907843697728
2021-03-03,AUD,5Y,6M BBSW,0.8237944970299161
2021-03-02,AUD,5Y,6M BBSW,0.8461867667573696
2021-03-01,AUD,5Y,6M BBSW,0.7907681942098833
2021-02-26,AUD,5Y,6M BBSW,0.9087935313415452
2021-02-25,AUD,5Y,6M BBSW,0.791192611738746
2021-02-24,AUD,5Y,6M BBSW,0.7349867024054407
2021-02-23,AUD,5Y,6M BBSW,0.7224895194499138
2021-02-22,AUD,5Y,6M BBSW,0.755787803770334
2021-02-19,AUD,5Y,6M BBSW,0.6449970408028403
2021-02-18,AUD,5Y,6M BBSW,0.5736963283430867
2021-02-17,AUD,5Y,6M BBSW,0.5824916143354273
2021-02-16,AUD,5Y,6M BBSW,0.5411938043258839
2021-02-15,AUD,5Y,6M BBSW,0.5334674309619598
2021-02-12,AUD,5Y,6M BBSW,0.4874985379230822
2021-02-11,AUD,5Y,6M BBSW,0.4737975429667803
2021-02-10,AUD,5Y,6M BBSW,0.4812942078176618
2021-02-09,AUD,5Y,6M BBSW,0.4862950386149606
2021-02-08,AUD,5Y,6M BBSW,0.5022255178389244
2021-02-05,AUD,5Y,6M BBSW,0.4711970807424106
2021-02-04,AUD,5Y,6M BBSW,0.4799945467287375
2021-02-03,AUD,5Y,6M BBSW,0.4549923386227603
2021-02-02,AUD,5Y,6M BBSW,0.4487932316069487
2021-02-01,AUD,5Y,6M BBSW,0.4597472975610181
2021-01-29,AUD,5Y,6M BBSW,0.4537984845232528
2021-01-28,AUD,5Y,6M BBSW,0.428797843339869
2021-01-27,AUD,5Y,6M BBSW,0.4374942177975238
2021-01-25,AUD,5Y,6M BBSW,0.4457145184889162
2021-01-22,AUD,5Y,6M BBSW,0.4399985248688068
2021-01-21,AUD,5Y,6M BBSW,0.4149979996531112
2021-01-20,AUD,5Y,6M BBSW,0.4249956460596459
2021-01-19,AUD,5Y,6M BBSW,0.4211964458761999
2021-01-18,AUD,5Y,6M BBSW,0.4135739840796761
2021-01-15,AUD,5Y,6M BBSW,0.4175004882327769
2021-01-14,AUD,5Y,6M BBSW,0.4174986346092143
2021-01-13,AUD,5Y,6M BBSW,0.4249956315479805
2021-01-12,AUD,5Y,6M BBSW,0.429996303126191
2021-01-11,AUD,5Y,6M BBSW,0.420969978470417
2021-01-08,AUD,5Y,6M BBSW,0.4187986642871916
2021-01-07,AUD,5Y,6M BBSW,0.4024981462747511
2021-01-06,AUD,5Y,6M BBSW,0.3861964211391379
2021-01-05,AUD,5Y,6M BBSW,0.3524974994962598
2021-01-04,AUD,5Y,6M BBSW,0.3859890538137664
2020-12-31,AUD,5Y,6M BBSW,0.3925028660309085
2020-12-30,AUD,5Y,6M BBSW,0.3925020583212656
2020-12-29,AUD,5Y,6M BBSW,0.3824988402407938
2020-12-24,AUD,5Y,6M BBSW,0.3999964564742809
2020-12-23,AUD,5Y,6M BBSW,0.3611974348857075
2020-12-22,AUD,5Y,6M BBSW,0.3774968498794877
2020-12-21,AUD,5Y,6M BBSW,0.3935835029068906
2020-12-18,AUD,5Y,6M BBSW,0.4099985113419524
2020-12-17,AUD,5Y,6M BBSW,0.4036979649927167
2020-12-16,AUD,5Y,6M BBSW,0.3874982348399929
2020-12-15,AUD,5Y,6M BBSW,0.3895038414301683
2020-12-14,AUD,5Y,6M BBSW,0.3829938558170844
2020-12-11,AUD,5Y,6M BBSW,0.3779983253961998
2020-12-10,AUD,5Y,6M BBSW,0.384497198723353
2020-12-09,AUD,5Y,6M BBSW,0.387496457953046
2020-12-08,AUD,5Y,6M BBSW,0.3761952204114436
2020-12-07,AUD,5Y,6M BBSW,0.3772914192828124
2020-12-04,AUD,5Y,6M BBSW,0.3637988839569342
2020-12-03,AUD,5Y,6M BBSW,0.3637985773834038
2020-12-02,AUD,5Y,6M BBSW,0.3599984786553722
2020-12-01,AUD,5Y,6M BBSW,0.334997542350807
2020-11-30,AUD,5Y,6M BBSW,0.33786630736303
2020-11-27,AUD,5Y,6M BBSW,0.3274991475718622
2020-11-26,AUD,5Y,6M BBSW,0.3324987581062592
2020-11-25,AUD,5Y,6M BBSW,0.3487971148626451
2020-11-24,AUD,5Y,6M BBSW,0.3324978503717591
2020-11-23,AUD,5Y,6M BBSW,0.3086312639234173
2020-11-20,AUD,5Y,6M BBSW,0.3124992196775759
2020-11-19,AUD,5Y,6M BBSW,0.3187988653662471
2020-11-18,AUD,5Y,6M BBSW,0.3161976370311348
2020-11-17,AUD,5Y,6M BBSW,0.3174978791702119
2020-11-16,AUD,5Y,6M BBSW,0.2873428525937752
2020-11-13,AUD,5Y,6M BBSW,0.2849993856903703
2020-11-12,AUD,5Y,6M BBSW,0.2937990308897069
2020-11-11,AUD,5Y,6M BBSW,0.3349973628671541
2020-11-10,AUD,5Y,6M BBSW,0.2899982700815883
2020-11-09,AUD,5Y,6M BBSW,0.233672135767415
2020-11-06,AUD,5Y,6M BBSW,0.2449996117267025
2020-11-05,AUD,5Y,6M BBSW,0.2211994684596738
2020-11-04,AUD,5Y,6M BBSW,0.2437985790132706
2020-11-03,AUD,5Y,6M BBSW,0.229998874419475
2020-11-02,AUD,5Y,6M BBSW,0.257359194871537
2020-10-30,AUD,5Y,6M BBSW,0.2612003199675236
2020-10-29,AUD,5Y,6M BBSW,0.2461997600138807
2020-10-28,AUD,5Y,6M BBSW,0.2461992824724018
2020-10-27,AUD,5Y,6M BBSW,0.2474986132076098
2020-10-26,AUD,5Y,6M BBSW,0.2473640596106656
2020-10-23,AUD,5Y,6M BBSW,0.2737994270898949
2020-10-22,AUD,5Y,6M BBSW,0.2661992830757763
2020-10-21,AUD,5Y,6M BBSW,0.2587987481471887
2020-10-20,AUD,5Y,6M BBSW,0.2474982194997459
2020-10-19,AUD,5Y,6M BBSW,0.2523609555195791
2020-10-16,AUD,5Y,6M BBSW,0.2287995023530702
2020-10-15,AUD,5Y,6M BBSW,0.2525005157924885
2020-10-14,AUD,5Y,6M BBSW,0.2699997975598632
2020-10-13,AUD,5Y,6M BBSW,0.2799983374666314
2020-10-12,AUD,5Y,6M BBSW,0.2936386662844917
2020-10-09,AUD,5Y,6M BBSW,0.2886991227410387
2020-10-08,AUD,5Y,6M BBSW,0.2887989248621644
2020-10-07,AUD,5Y,6M BBSW,0.2687981826065274
2020-10-06,AUD,5Y,6M BBSW,0.3048322534752453
2020-10-02,AUD,5Y,6M BBSW,0.2937971215939094
2020-10-01,AUD,5Y,6M BBSW,0.3049981479151923
2020-09-30,AUD,5Y,6M BBSW,0.2962004931261457
2020-09-29,AUD,5Y,6M BBSW,0.2874988662659749
2020-09-28,AUD,5Y,6M BBSW,0.2810463283618062
2020-09-25,AUD,5Y,6M BBSW,0.2749993796639115
2020-09-24,AUD,5Y,6M BBSW,0.2874990888893616
2020-09-23,AUD,5Y,6M BBSW,0.2949980689491177
2020-09-22,AUD,5Y,6M BBSW,0.3274979788001092
2020-09-21,AUD,5Y,6M BBSW,0.3236230602175552
2020-09-18,AUD,5Y,6M BBSW,0.3374990376161006
2020-09-17,AUD,5Y,6M BBSW,0.312498972770317
2020-09-16,AUD,5Y,6M BBSW,0.3037979361828403
2020-09-15,AUD,5Y,6M BBSW,0.3150014197905247
2020-09-14,AUD,5Y,6M BBSW,0.3320200982831017
2020-09-11,AUD,5Y,6M BBSW,0.3401990612422353
2020-09-10,AUD,5Y,6M BBSW,0.3529986402177401
2020-09-09,AUD,5Y,6M BBSW,0.3469973721050928
2020-09-08,AUD,5Y,6M BBSW,0.3661976561769853
2020-09-07,AUD,5Y,6M BBSW,0.3709971912110321
2020-09-04,AUD,5Y,6M BBSW,0.346198981291148
2020-09-03,AUD,5Y,6M BBSW,0.3487986569148344
2020-09-02,AUD,5Y,6M BBSW,0.3561972862688407
2020-09-01,AUD,5Y,6M BBSW,0.3837975143519658
2020-08-31,AUD,5Y,6M BBSW,0.3816139645719498
2020-08-28,AUD,5Y,6M BBSW,0.3924983432185707
2020-08-27,AUD,5Y,6M BBSW,0.3711983967960797
2020-08-26,AUD,5Y,6M BBSW,0.3874981709575592
2020-08-25,AUD,5Y,6M BBSW,0.3649980904117864
2020-08-24,AUD,5Y,6M BBSW,0.3623013624477706
2020-08-21,AUD,5Y,6M BBSW,0.3699989461969224
2020-08-20,AUD,5Y,6M BBSW,0.3724979640030709
2020-08-19,AUD,5Y,6M BBSW,0.3761982665057259
2020-08-18,AUD,5Y,6M BBSW,0.3824979321230184
2020-08-17,AUD,5Y,6M BBSW,0.3947835825420819
2020-08-14,AUD,5Y,6M BBSW,0.4011993188567535
2020-08-13,AUD,5Y,6M BBSW,0.3799979143843984
2020-08-12,AUD,5Y,6M BBSW,0.389998155006379
2020-08-11,AUD,5Y,6M BBSW,0.3687980840958026
2020-08-10,AUD,5Y,6M BBSW,0.3436117053505636
2020-08-07,AUD,5Y,6M BBSW,0.3437988010361485
2020-08-06,AUD,5Y,6M BBSW,0.3574978106244842
2020-08-05,AUD,5Y,6M BBSW,0.3437975605317056
2020-08-04,AUD,5Y,6M BBSW,0.354805415394899
2020-07-31,AUD,5Y,6M BBSW,0.350000909171207
2020-07-30,AUD,5Y,6M BBSW,0.372499083118552
2020-07-29,AUD,5Y,6M BBSW,0.3749982756576512
2020-07-28,AUD,5Y,6M BBSW,0.3999977662044213
2020-07-27,AUD,5Y,6M BBSW,0.3747937625830206
2020-07-24,AUD,5Y,6M BBSW,0.3786989045931919
2020-07-23,AUD,5Y,6M BBSW,0.379997920077196
2020-07-22,AUD,5Y,6M BBSW,0.3911981392557315
2020-07-21,AUD,5Y,6M BBSW,0.3774979571816501
2020-07-20,AUD,5Y,6M BBSW,0.3859883425086536
2020-07-17,AUD,5Y,6M BBSW,0.3949988572236912
2020-07-16,AUD,5Y,6M BBSW,0.3999976909318664
2020-07-15,AUD,5Y,6M BBSW,0.41000115882486
2020-07-14,AUD,5Y,6M BBSW,0.3949987128341131
2020-07-13,AUD,5Y,6M BBSW,0.3822903079455289
2020-07-10,AUD,5Y,6M BBSW,0.3549990662286936
2020-07-09,AUD,5Y,6M BBSW,0.3886978881608237
2020-07-08,AUD,5Y,6M BBSW,0.3924981189234205
2020-07-07,AUD,5Y,6M BBSW,0.3949977796859898
2020-07-06,AUD,5Y,6M BBSW,0.4197698287230343
2020-07-03,AUD,5Y,6M BBSW,0.4087984628563943
2020-07-02,AUD,5Y,6M BBSW,0.414996840319223
2020-07-01,AUD,5Y,6M BBSW,0.4299937942417727
2020-06-30,AUD,5Y,6M BBSW,0.4150024701036411
2020-06-29,AUD,5Y,6M BBSW,0.4172743273204243
2020-06-26,AUD,5Y,6M BBSW,0.4211944066428122
2020-06-25,AUD,5Y,6M BBSW,0.4261910896208823
2020-06-24,AUD,5Y,6M BBSW,0.4437942876798852
2020-06-23,AUD,5Y,6M BBSW,0.432495998786454
2020-06-22,AUD,5Y,6M BBSW,0.4222689811906082
2020-06-19,AUD,5Y,6M BBSW,0.4274976957571591
2020-06-18,AUD,5Y,6M BBSW,0.4324976575114856
2020-06-17,AUD,5Y,6M BBSW,0.4449967673280399
2020-06-16,AUD,5Y,6M BBSW,0.4699969858777273
2020-06-15,AUD,5Y,6M BBSW,0.4662831451010079
2020-06-12,AUD,5Y,6M BBSW,0.4749959192168227
2020-06-11,AUD,5Y,6M BBSW,0.4737959266630298
2020-06-10,AUD,5Y,6M BBSW,0.5112936490728831
2020-06-09,AUD,5Y,6M BBSW,0.5160169368588884
2020-06-05,AUD,5Y,6M BBSW,0.5393965530991696
2020-06-04,AUD,5Y,6M BBSW,0.504997021224135
2020-06-03,AUD,5Y,6M BBSW,0.4749964507806067
2020-06-02,AUD,5Y,6M BBSW,0.4537972657422759
2020-06-01,AUD,5Y,6M BBSW,0.465945184268738
2020-05-29,AUD,5Y,6M BBSW,0.4599983660255765
2020-05-28,AUD,5Y,6M BBSW,0.4537970142259259
2020-05-27,AUD,5Y,6M BBSW,0.4574973410561331
2020-05-26,AUD,5Y,6M BBSW,0.447497224607244
2020-05-25,AUD,5Y,6M BBSW,0.4497533923154058
2020-05-22,AUD,5Y,6M BBSW,0.4337985045000797
2020-05-21,AUD,5Y,6M BBSW,0.4274975591811139
2020-05-20,AUD,5Y,6M BBSW,0.4411975876703517
2020-05-19,AUD,5Y,6M BBSW,0.4449971286992226
2020-05-18,AUD,5Y,6M BBSW,0.4172711273706952
2020-05-15,AUD,5Y,6M BBSW,0.4150004411454043
2020-05-14,AUD,5Y,6M BBSW,0.3924988933327079
2020-05-13,AUD,5Y,6M BBSW,0.4312976868507207
2020-05-12,AUD,5Y,6M BBSW,0.4411971933907178
2020-05-11,AUD,5Y,6M BBSW,0.4459558969015703
2020-05-08,AUD,5Y,6M BBSW,0.4224985668648339
2020-05-07,AUD,5Y,6M BBSW,0.4661967824250976
2020-05-06,AUD,5Y,6M BBSW,0.4649973168782018
2020-05-05,AUD,5Y,6M BBSW,0.4749968176269832
2020-05-04,AUD,5Y,6M BBSW,0.4697424944275725
2020-05-01,AUD,5Y,6M BBSW,0.5049981628265948
2020-04-30,AUD,5Y,6M BBSW,0.5188020716216726
2020-04-29,AUD,5Y,6M BBSW,0.5449982857462611
2020-04-28,AUD,5Y,6M BBSW,0.5424960385028106
2020-04-27,AUD,5Y,6M BBSW,0.5434029217093982
2020-04-24,AUD,5Y,6M BBSW,0.5324960579799202
2020-04-23,AUD,5Y,6M BBSW,0.5324954980411258
2020-04-22,AUD,5Y,6M BBSW,0.522495605153922
2020-04-21,AUD,5Y,6M BBSW,0.5197162870379703
2020-04-20,AUD,5Y,6M BBSW,0.5294252603088717
2020-04-17,AUD,5Y,6M BBSW,0.5449956046639014
2020-04-16,AUD,5Y,6M BBSW,0.5561952245214951
2020-04-15,AUD,5Y,6M BBSW,0.6175046261095493
2020-04-14,AUD,5Y,6M BBSW,0.6174994067919594
2020-04-09,AUD,5Y,6M BBSW,0.617493625506925
2020-04-08,AUD,5Y,6M BBSW,0.6049929390158911
2020-04-07,AUD,5Y,6M BBSW,0.5662899335617703
2020-04-06,AUD,5Y,6M BBSW,0.5197146068118753
2020-04-03,AUD,5Y,6M BBSW,0.5174942252425478
2020-04-02,AUD,5Y,6M BBSW,0.5461918812981414
2020-04-01,AUD,5Y,6M BBSW,0.5336926287898204
2020-03-31,AUD,5Y,6M BBSW,0.5938063496617095
2020-03-30,AUD,5Y,6M BBSW,0.5472087807081493
2020-03-27,AUD,5Y,6M BBSW,0.6187969566710992
2020-03-26,AUD,5Y,6M BBSW,0.6424944733561165
2020-03-25,AUD,5Y,6M BBSW,0.7149936544371408
2020-03-24,AUD,5Y,6M BBSW,0.6474946727196464
2020-03-23,AUD,5Y,6M BBSW,0.6371505834273549
2020-03-20,AUD,5Y,6M BBSW,0.7336958060300343
2020-03-19,AUD,5Y,6M BBSW,1.054986580263384
2020-03-18,AUD,5Y,6M BBSW,0.9299892010207876
2020-03-17,AUD,5Y,6M BBSW,0.8874894087484524
2020-03-16,AUD,5Y,6M BBSW,0.7545862127996665
2020-03-13,AUD,5Y,6M BBSW,0.8937936194862401
2020-03-12,AUD,5Y,6M BBSW,0.72999268037208
2020-03-11,AUD,5Y,6M BBSW,0.7024935260692255
2020-03-10,AUD,5Y,6M BBSW,0.6937939271102742
2020-03-09,AUD,5Y,6M BBSW,0.6446469157130871
2020-03-06,AUD,5Y,6M BBSW,0.6611961687637727
2020-03-05,AUD,5Y,6M BBSW,0.6424940147995002
2020-03-04,AUD,5Y,6M BBSW,0.6186951322939612
2020-03-03,AUD,5Y,6M BBSW,0.6524946566692665
2020-03-02,AUD,5Y,6M BBSW,0.6821261409969227
2020-02-28,AUD,5Y,6M BBSW,0.6174992459555155
2020-02-27,AUD,5Y,6M BBSW,0.7318955255284209
2020-02-26,AUD,5Y,6M BBSW,0.782491353162584
2020-02-25,AUD,5Y,6M BBSW,0.7811919927058909
2020-02-24,AUD,5Y,6M BBSW,0.7774912947596978
2020-02-21,AUD,5Y,6M BBSW,0.7849946800984171
2020-02-20,AUD,5Y,6M BBSW,0.8262901097681279
2020-02-19,AUD,5Y,6M BBSW,0.8724892865743763
2020-02-18,AUD,5Y,6M BBSW,0.8774898520676641
2020-02-17,AUD,5Y,6M BBSW,0.9149876662591
2020-02-14,AUD,5Y,6M BBSW,0.8874980359194997
2020-02-13,AUD,5Y,6M BBSW,0.9211874814699932
2020-02-12,AUD,5Y,6M BBSW,0.9274878434497912
2020-02-11,AUD,5Y,6M BBSW,0.8899895014415796
2020-02-10,AUD,5Y,6M BBSW,0.8812885442251818
2020-02-07,AUD,5Y,6M BBSW,0.8749909882375475
2020-02-06,AUD,5Y,6M BBSW,0.9512835237069672
2020-02-05,AUD,5Y,6M BBSW,0.8949830823296048
2020-02-04,AUD,5Y,6M BBSW,0.7649897288462881
2020-02-03,AUD,5Y,6M BBSW,0.7861857518129647
2020-01-31,AUD,5Y,6M BBSW,0.8050070434987338
2020-01-30,AUD,5Y,6M BBSW,0.8337992867387706
2020-01-29,AUD,5Y,6M BBSW,0.8949886381846958
2020-01-28,AUD,5Y,6M BBSW,0.8262906344455239
2020-01-24,AUD,5Y,6M BBSW,0.9111928471701142
2020-01-23,AUD,5Y,6M BBSW,0.9587862284569802
2020-01-22,AUD,5Y,6M BBSW,0.9424869600542092
2020-01-21,AUD,5Y,6M BBSW,0.9899863591364148
2020-01-20,AUD,5Y,6M BBSW,1.003784419658388
2020-01-17,AUD,5Y,6M BBSW,1.002491255085229
2020-01-16,AUD,5Y,6M BBSW,1.00878454596672
2020-01-15,AUD,5Y,6M BBSW,1.038811475702014
2020-01-14,AUD,5Y,6M BBSW,1.05379440942678
2020-01-13,AUD,5Y,6M BBSW,1.018784350843974
2020-01-10,AUD,5Y,6M BBSW,1.03379064233638
2020-01-09,AUD,5Y,6M BBSW,1.024984081003666
2020-01-08,AUD,5Y,6M BBSW,0.98748571885979
2020-01-07,AUD,5Y,6M BBSW,1.007485967540515
2020-01-06,AUD,5Y,6M BBSW,1.032483939704901
2020-01-03,AUD,5Y,6M BBSW,1.05128786513749
2020-01-02,AUD,5Y,6M BBSW,1.17997121238706
2019-12-31,AUD,5Y,6M BBSW,1.180025064886476
2019-12-30,AUD,5Y,6M BBSW,1.145014406238134
2019-12-27,AUD,5Y,6M BBSW,1.153673815425587
2019-12-24,AUD,5Y,6M BBSW,1.142460413518839
2019-12-23,AUD,5Y,6M BBSW,1.132476463984157
2019-12-20,AUD,5Y,6M BBSW,1.141187681863474
2019-12-19,AUD,5Y,6M BBSW,1.066185055832332
2019-12-18,AUD,5Y,6M BBSW,1.006183568595562
2019-12-17,AUD,5Y,6M BBSW,0.9737841381203822
2019-12-16,AUD,5Y,6M BBSW,0.997488737422432
2019-12-13,AUD,5Y,6M BBSW,1.003787145910905
2019-12-12,AUD,5Y,6M BBSW,0.9674806653278952
2019-12-11,AUD,5Y,6M BBSW,0.9599795151153752
2019-12-10,AUD,5Y,6M BBSW,0.9449778093418147
2019-12-09,AUD,5Y,6M BBSW,0.9624856832599732
2019-12-06,AUD,5Y,6M BBSW,0.9549878936145044
2019-12-05,AUD,5Y,6M BBSW,0.932489190891337
2019-12-04,AUD,5Y,6M BBSW,0.912486960766113
2019-12-03,AUD,5Y,6M BBSW,0.9949826798421332
2019-12-02,AUD,5Y,6M BBSW,0.924990210989916
2019-11-29,AUD,5Y,6M BBSW,0.9099928660553984
2019-11-28,AUD,5Y,6M BBSW,0.8824887303093175
2019-11-27,AUD,5Y,6M BBSW,0.8974882967908906
2019-11-26,AUD,5Y,6M BBSW,0.9711872887607184
2019-11-25,AUD,5Y,6M BBSW,0.9537866093835344
2019-11-22,AUD,5Y,6M BBSW,0.9537922092946192
2019-11-21,AUD,5Y,6M BBSW,0.9336871538264844
2019-11-20,AUD,5Y,6M BBSW,0.9374873719814276
2019-11-19,AUD,5Y,6M BBSW,0.9599874730833068
2019-11-18,AUD,5Y,6M BBSW,0.9974850558624592
2019-11-15,AUD,5Y,6M BBSW,0.9925106188752012
2019-11-14,AUD,5Y,6M BBSW,1.019998295399617
2019-11-13,AUD,5Y,6M BBSW,1.094982519741658
2019-11-12,AUD,5Y,6M BBSW,1.106183506471814
2019-11-11,AUD,5Y,6M BBSW,1.12618143174898
2019-11-08,AUD,5Y,6M BBSW,1.13878811967801
2019-11-07,AUD,5Y,6M BBSW,1.094981809197462
2019-11-06,AUD,5Y,6M BBSW,1.127481598712736
2019-11-05,AUD,5Y,6M BBSW,1.112483726511375
2019-11-04,AUD,5Y,6M BBSW,1.059984200082013
2019-11-01,AUD,5Y,6M BBSW,1.054989778231651
2019-10-31,AUD,5Y,6M BBSW,1.033817178723252
2019-10-30,AUD,5Y,6M BBSW,1.022509176716472
2019-10-29,AUD,5Y,6M BBSW,1.026193555413667
2019-10-28,AUD,5Y,6M BBSW,0.9724895333500858
2019-10-25,AUD,5Y,6M BBSW,0.9374829635650171
2019-10-24,AUD,5Y,6M BBSW,0.9811848988026428
2019-10-23,AUD,5Y,6M BBSW,0.9899817101799128
2019-10-22,AUD,5Y,6M BBSW,1.037482059856917
2019-10-21,AUD,5Y,6M BBSW,0.9999892529219808
2019-10-18,AUD,5Y,6M BBSW,0.9999873680303974
2019-10-17,AUD,5Y,6M BBSW,0.9324865651433067
2019-10-16,AUD,5Y,6M BBSW,0.9124845534470034
2019-10-15,AUD,5Y,6M BBSW,0.885010817394968
2019-10-14,AUD,5Y,6M BBSW,0.8999997794522776
2019-10-11,AUD,5Y,6M BBSW,0.9299879962998352
2019-10-10,AUD,5Y,6M BBSW,0.7587838819067536
2019-10-09,AUD,5Y,6M BBSW,0.7649891489669294
2019-10-08,AUD,5Y,6M BBSW,0.7599885179080865
2019-10-04,AUD,5Y,6M BBSW,0.7724904062098963
2019-10-03,AUD,5Y,6M BBSW,0.8036862021328466
2019-10-02,AUD,5Y,6M BBSW,0.8287783764745285
2019-10-01,AUD,5Y,6M BBSW,0.9087782003120812
2019-09-30,AUD,5Y,6M BBSW,0.795607238017819
2019-09-27,AUD,5Y,6M BBSW,0.8874930953971408
2019-09-26,AUD,5Y,6M BBSW,0.8924883130662188
2019-09-25,AUD,5Y,6M BBSW,0.8924889401001543
2019-09-24,AUD,5Y,6M BBSW,0.9186891747435196
2019-09-23,AUD,5Y,6M BBSW,0.9211881624714844
2019-09-20,AUD,5Y,6M BBSW,0.9274925359149164
2019-09-19,AUD,5Y,6M BBSW,0.9799856157776784
2019-09-18,AUD,5Y,6M BBSW,1.03998505037319
2019-09-17,AUD,5Y,6M BBSW,1.041186504868175
2019-09-16,AUD,5Y,6M BBSW,1.069984442639202
2019-09-13,AUD,5Y,6M BBSW,1.047489785110621
2019-09-12,AUD,5Y,6M BBSW,1.029984146568046
2019-09-11,AUD,5Y,6M BBSW,1.012485891548007
2019-09-10,AUD,5Y,6M BBSW,0.9737881308306204
2019-09-09,AUD,5Y,6M BBSW,0.934988160055414
2019-09-06,AUD,5Y,6M BBSW,0.9599919457817638
2019-09-05,AUD,5Y,6M BBSW,0.8949882857518788
2019-09-04,AUD,5Y,6M BBSW,0.8549901759694896
2019-09-03,AUD,5Y,6M BBSW,0.8536905880537814
2019-09-02,AUD,5Y,6M BBSW,0.8349900533281968
2019-08-30,AUD,5Y,6M BBSW,0.8387977660978315
2019-08-29,AUD,5Y,6M BBSW,0.8111974526378036
2019-08-28,AUD,5Y,6M BBSW,0.8124978345268926
2019-08-27,AUD,5Y,6M BBSW,0.8524929056963476
2019-08-26,AUD,5Y,6M BBSW,0.822489893901869
2019-08-23,AUD,5Y,6M BBSW,0.8212968185997069
2019-08-22,AUD,5Y,6M BBSW,0.8499908240639124
2019-08-21,AUD,5Y,6M BBSW,0.832493717816397
2019-08-20,AUD,5Y,6M BBSW,0.8449888692828373
2019-08-19,AUD,5Y,6M BBSW,0.836289417130939
2019-08-16,AUD,5Y,6M BBSW,0.7961966464772374
2019-08-15,AUD,5Y,6M BBSW,0.8188060007447595
2019-08-14,AUD,5Y,6M BBSW,0.8411977235062759
2019-08-13,AUD,5Y,6M BBSW,0.8287892410884318
2019-08-12,AUD,5Y,6M BBSW,0.8499890923374421
2019-08-09,AUD,5Y,6M BBSW,0.868695982261275
2019-08-08,AUD,5Y,6M BBSW,0.8499906682838919
2019-08-07,AUD,5Y,6M BBSW,0.84749100007772
2019-08-06,AUD,5Y,6M BBSW,0.8774852288697523
2019-08-02,AUD,5Y,6M BBSW,0.9349918421675576
2019-08-01,AUD,5Y,6M BBSW,1.041178882129506
2019-07-31,AUD,5Y,6M BBSW,1.038813322324542
2019-07-30,AUD,5Y,6M BBSW,1.05379888939344
2019-07-29,AUD,5Y,6M BBSW,1.041183122484793
2019-07-26,AUD,5Y,6M BBSW,1.068769017410247
2019-07-25,AUD,5Y,6M BBSW,1.117480590343368
2019-07-24,AUD,5Y,6M BBSW,1.149987468781497
2019-07-23,AUD,5Y,6M BBSW,1.188777115265844
2019-07-22,AUD,5Y,6M BBSW,1.199978024367906
2019-07-19,AUD,5Y,6M BBSW,1.201192638075322
2019-07-18,AUD,5Y,6M BBSW,1.187482691778022
2019-07-17,AUD,5Y,6M BBSW,1.218785622068205
2019-07-16,AUD,5Y,6M BBSW,1.212476147545632
2019-07-15,AUD,5Y,6M BBSW,1.257518542003989
2019-07-12,AUD,5Y,6M BBSW,1.244992272873462
2019-07-11,AUD,5Y,6M BBSW,1.167482787968293
2019-07-10,AUD,5Y,6M BBSW,1.177486633001817
2019-07-09,AUD,5Y,6M BBSW,1.189977117743388
2019-07-08,AUD,5Y,6M BBSW,1.207477812054563
2019-07-05,AUD,5Y,6M BBSW,1.1649931589285
2019-07-04,AUD,5Y,6M BBSW,1.164982832433616
2019-07-03,AUD,5Y,6M BBSW,1.148683656111511
2019-07-02,AUD,5Y,6M BBSW,1.187468949913823
2019-07-01,AUD,5Y,6M BBSW,1.192451470672696
2019-06-28,AUD,5Y,6M BBSW,1.197481500126618
2019-06-27,AUD,5Y,6M BBSW,1.199972136447654
2019-06-26,AUD,5Y,6M BBSW,1.152455304747126
2019-06-25,AUD,5Y,6M BBSW,1.143735061526525
2019-06-24,AUD,5Y,6M BBSW,1.154958736514993
2019-06-21,AUD,5Y,6M BBSW,1.14748885817372
2019-06-20,AUD,5Y,6M BBSW,1.1474893869738
2019-06-19,AUD,5Y,6M BBSW,1.214979537862259
2019-06-18,AUD,5Y,6M BBSW,1.253772130506043
2019-06-17,AUD,5Y,6M BBSW,1.289971483569202
2019-06-14,AUD,5Y,6M BBSW,1.269995584278502
2019-06-13,AUD,5Y,6M BBSW,1.303776653632215
2019-06-12,AUD,5Y,6M BBSW,1.348758591290741
2019-06-11,AUD,5Y,6M BBSW,1.368654814972802
2019-06-07,AUD,5Y,6M BBSW,1.349981051194635
2019-06-06,AUD,5Y,6M BBSW,1.371179584144696
2019-06-05,AUD,5Y,6M BBSW,1.414971486290797
2019-06-04,AUD,5Y,6M BBSW,1.412464778121596
2019-06-03,AUD,5Y,6M BBSW,1.402466726675223
2019-05-31,AUD,5Y,6M BBSW,1.380013379767853
2019-05-30,AUD,5Y,6M BBSW,1.429998636217441
2019-05-29,AUD,5Y,6M BBSW,1.391281531753206
2019-05-28,AUD,5Y,6M BBSW,1.427467210584685
2019-05-27,AUD,5Y,6M BBSW,1.42996907400897
2019-05-24,AUD,5Y,6M BBSW,1.429989869082854
2019-05-23,AUD,5Y,6M BBSW,1.46617312163518
2019-05-22,AUD,5Y,6M BBSW,1.512478087451219
2019-05-21,AUD,5Y,6M BBSW,1.524962699586351
2019-05-20,AUD,5Y,6M BBSW,1.562463200415879
2019-05-17,AUD,5Y,6M BBSW,1.518788320264869
2019-05-16,AUD,5Y,6M BBSW,1.536170298231599
2019-05-15,AUD,5Y,6M BBSW,1.566228362046535
2019-05-14,AUD,5Y,6M BBSW,1.573796641671738
2019-05-13,AUD,5Y,6M BBSW,1.591162050334548
2019-05-10,AUD,5Y,6M BBSW,1.614986607838366
2019-05-09,AUD,5Y,6M BBSW,1.606167604911807
2019-05-08,AUD,5Y,6M BBSW,1.627474730420973
2019-05-07,AUD,5Y,6M BBSW,1.582459597850083
2019-05-06,AUD,5Y,6M BBSW,1.592461392330618
2019-05-03,AUD,5Y,6M BBSW,1.639986645644714
2019-05-02,AUD,5Y,6M BBSW,1.631167020463163
2019-05-01,AUD,5Y,6M BBSW,1.623774848161089
2019-04-30,AUD,5Y,6M BBSW,1.647525429097129
2019-04-29,AUD,5Y,6M BBSW,1.647482531343551
2019-04-26,AUD,5Y,6M BBSW,1.622478802306642
2019-04-24,AUD,5Y,6M BBSW,1.617455325135897
2019-04-23,AUD,5Y,6M BBSW,1.75243721575333
2019-04-18,AUD,5Y,6M BBSW,1.803660341168705
2019-04-17,AUD,5Y,6M BBSW,1.799943512920076
2019-04-16,AUD,5Y,6M BBSW,1.779935270165808
2019-04-15,AUD,5Y,6M BBSW,1.79754819759118
2019-04-12,AUD,5Y,6M BBSW,1.824965128038069
2019-04-11,AUD,5Y,6M BBSW,1.73996518501055
2019-04-10,AUD,5Y,6M BBSW,1.717421066121225
2019-04-09,AUD,5Y,6M BBSW,1.764934866593985
2019-04-08,AUD,5Y,6M BBSW,1.76373848713484
2019-04-05,AUD,5Y,6M BBSW,1.772450058257383
2019-04-04,AUD,5Y,6M BBSW,1.784948453255512
2019-04-03,AUD,5Y,6M BBSW,1.737425917162279
2019-04-02,AUD,5Y,6M BBSW,1.742391653661217
2019-04-01,AUD,5Y,6M BBSW,1.737819762725033
2019-03-29,AUD,5Y,6M BBSW,1.698375743070819
2019-03-28,AUD,5Y,6M BBSW,1.662463793421653
2019-03-27,AUD,5Y,6M BBSW,1.68747287351153
2019-03-26,AUD,5Y,6M BBSW,1.722452645181547
2019-03-25,AUD,5Y,6M BBSW,1.704957288442252
2019-03-22,AUD,5Y,6M BBSW,1.694976502348202
2019-03-21,AUD,5Y,6M BBSW,1.819958760128023
2019-03-20,AUD,5Y,6M BBSW,1.822467813277636
2019-03-19,AUD,5Y,6M BBSW,1.847445145703031
2019-03-18,AUD,5Y,6M BBSW,1.871148131429564
2019-03-15,AUD,5Y,6M BBSW,1.858835250059634
2019-03-14,AUD,5Y,6M BBSW,1.857508216250501
2019-03-13,AUD,5Y,6M BBSW,1.868766321719455
2019-03-12,AUD,5Y,6M BBSW,1.947438711169508
2019-03-11,AUD,5Y,6M BBSW,1.929945227064013
2019-03-08,AUD,5Y,6M BBSW,1.947481195165401
2019-03-07,AUD,5Y,6M BBSW,1.972450980235424
2019-03-06,AUD,5Y,6M BBSW,2.017459885115684
2019-03-05,AUD,5Y,6M BBSW,2.057431028292964
2019-03-04,AUD,5Y,6M BBSW,2.071136387405804
2019-03-01,AUD,5Y,6M BBSW,2.053778749035663
2019-02-28,AUD,5Y,6M BBSW,2.007485752145658
2019-02-27,AUD,5Y,6M BBSW,1.984960154457266
2019-02-26,AUD,5Y,6M BBSW,2.007437594341369
2019-02-25,AUD,5Y,6M BBSW,2.002717533476504
2019-02-22,AUD,5Y,6M BBSW,2.002452271379054
2019-02-21,AUD,5Y,6M BBSW,1.99115831593205
2019-02-20,AUD,5Y,6M BBSW,2.019930148397837
2019-02-19,AUD,5Y,6M BBSW,2.044935019514944
2019-02-18,AUD,5Y,6M BBSW,2.043895211350683
2019-02-15,AUD,5Y,6M BBSW,2.048740869057338
2019-02-14,AUD,5Y,6M BBSW,2.051185452994515
2019-02-13,AUD,5Y,6M BBSW,2.042429043552465
2019-02-12,AUD,5Y,6M BBSW,2.014937403518374
2019-02-11,AUD,5Y,6M BBSW,1.992722116781407
2019-02-08,AUD,5Y,6M BBSW,1.968754670920491
2019-02-07,AUD,5Y,6M BBSW,2.018643940010454
2019-02-06,AUD,5Y,6M BBSW,2.063712825951658
2019-02-05,AUD,5Y,6M BBSW,2.153699854778909
2019-02-04,AUD,5Y,6M BBSW,2.127637232194285
2019-02-01,AUD,5Y,6M BBSW,2.146206703076194
2019-01-31,AUD,5Y,6M BBSW,2.138862000678609
2019-01-30,AUD,5Y,6M BBSW,2.163697386810171
2019-01-29,AUD,5Y,6M BBSW,2.14492850925003
2019-01-25,AUD,5Y,6M BBSW,2.167431541878716
2019-01-24,AUD,5Y,6M BBSW,2.19744826450387
2019-01-23,AUD,5Y,6M BBSW,2.209916258427504
2019-01-22,AUD,5Y,6M BBSW,2.217423995708279
2019-01-21,AUD,5Y,6M BBSW,2.23379464188698
2019-01-18,AUD,5Y,6M BBSW,2.241138662437636
2019-01-17,AUD,5Y,6M BBSW,2.192448932266544
2019-01-16,AUD,5Y,6M BBSW,2.181218702119635
2019-01-15,AUD,5Y,6M BBSW,2.180058929494876
2019-01-14,AUD,5Y,6M BBSW,2.183868045460278
2019-01-11,AUD,5Y,6M BBSW,2.193642524377629
2019-01-10,AUD,5Y,6M BBSW,2.191248756280978
2019-01-09,AUD,5Y,6M BBSW,2.216115266144136
2019-01-08,AUD,5Y,6M BBSW,2.192424907472045
2019-01-07,AUD,5Y,6M BBSW,2.180123297570683
2019-01-04,AUD,5Y,6M BBSW,2.202440367412827
2019-01-03,AUD,5Y,6M BBSW,2.114940433830158
2019-01-02,AUD,5Y,6M BBSW,2.181188564944694
2018-12-31,AUD,5Y,6M BBSW,2.21733947287209
2018-12-28,AUD,5Y,6M BBSW,2.232438804213853
2018-12-27,AUD,5Y,6M BBSW,2.259893147896733
2018-12-24,AUD,5Y,6M BBSW,2.258891495690318
2018-12-21,AUD,5Y,6M BBSW,2.279962677819526
2018-12-20,AUD,5Y,6M BBSW,2.283749433763991
2018-12-19,AUD,5Y,6M BBSW,2.298614461212759
2018-12-18,AUD,5Y,6M BBSW,2.317398328785135
2018-12-17,AUD,5Y,6M BBSW,2.333723343236482
2018-12-14,AUD,5Y,6M BBSW,2.333786073542167
2018-12-13,AUD,5Y,6M BBSW,2.359912752808596
2018-12-12,AUD,5Y,6M BBSW,2.33486155706148
2018-12-11,AUD,5Y,6M BBSW,2.328562485585166
2018-12-10,AUD,5Y,6M BBSW,2.305002942177139
2018-12-07,AUD,5Y,6M BBSW,2.304949335678652
2018-12-06,AUD,5Y,6M BBSW,2.349933551161152
2018-12-05,AUD,5Y,6M BBSW,2.3762077378771
2018-12-04,AUD,5Y,6M BBSW,2.412389496351448
2018-12-03,AUD,5Y,6M BBSW,2.364904892656461
2018-11-30,AUD,5Y,6M BBSW,2.447513150680499
2018-11-29,AUD,5Y,6M BBSW,2.468731951485385
2018-11-28,AUD,5Y,6M BBSW,2.472392315408125
2018-11-27,AUD,5Y,6M BBSW,2.477403670769453
2018-11-26,AUD,5Y,6M BBSW,2.486163608666504
2018-11-23,AUD,5Y,6M BBSW,2.494922647913827
2018-11-22,AUD,5Y,6M BBSW,2.507429629465109
2018-11-21,AUD,5Y,6M BBSW,2.539885794149874
2018-11-20,AUD,5Y,6M BBSW,2.53859865524177
2018-11-19,AUD,5Y,6M BBSW,2.508651399493372
2018-11-16,AUD,5Y,6M BBSW,2.537419225782171
2018-11-15,AUD,5Y,6M BBSW,2.552587764530857
2018-11-14,AUD,5Y,6M BBSW,2.544995302600821
2018-11-13,AUD,5Y,6M BBSW,2.556197050443589
2018-11-12,AUD,5Y,6M BBSW,2.551129284340541
2018-11-09,AUD,5Y,6M BBSW,2.542420335369258
2018-11-08,AUD,5Y,6M BBSW,2.566226010562135
2018-11-07,AUD,5Y,6M BBSW,2.546184851576201
2018-11-06,AUD,5Y,6M BBSW,2.531098046457955
2018-11-05,AUD,5Y,6M BBSW,2.540534589083049
2018-11-02,AUD,5Y,6M BBSW,2.521220800655735
2018-11-01,AUD,5Y,6M BBSW,2.471231951636489
2018-10-31,AUD,5Y,6M BBSW,2.422608284303488
2018-10-30,AUD,5Y,6M BBSW,2.417556483054554
2018-10-29,AUD,5Y,6M BBSW,2.410039591362005
2018-10-26,AUD,5Y,6M BBSW,2.417458233666393
2018-10-25,AUD,5Y,6M BBSW,2.437386479825476
2018-10-24,AUD,5Y,6M BBSW,2.471178904269135
2018-10-23,AUD,5Y,6M BBSW,2.50115996750996
2018-10-22,AUD,5Y,6M BBSW,2.508606360630515
2018-10-19,AUD,5Y,6M BBSW,2.52368361020147
2018-10-18,AUD,5Y,6M BBSW,2.539914015645322
2018-10-17,AUD,5Y,6M BBSW,2.516073753436392
2018-10-16,AUD,5Y,6M BBSW,2.53105629442299
2018-10-15,AUD,5Y,6M BBSW,2.506139795054429
2018-10-12,AUD,5Y,6M BBSW,2.503741064247997
2018-10-11,AUD,5Y,6M BBSW,2.512422029482253
2018-10-10,AUD,5Y,6M BBSW,2.524811145697295
2018-10-09,AUD,5Y,6M BBSW,2.529855487541622
2018-10-08,AUD,5Y,6M BBSW,2.528595273906627
2018-10-05,AUD,5Y,6M BBSW,2.507407878216098
2018-10-04,AUD,5Y,6M BBSW,2.497386889296944
2018-10-03,AUD,5Y,6M BBSW,2.449831487931618
2018-10-02,AUD,5Y,6M BBSW,2.481002405523812
2018-09-28,AUD,5Y,6M BBSW,2.473725004351339
2018-09-27,AUD,5Y,6M BBSW,2.517429697363897
2018-09-26,AUD,5Y,6M BBSW,2.549884680276498
2018-09-25,AUD,5Y,6M BBSW,2.554896563368326
2018-09-24,AUD,5Y,6M BBSW,2.524842128564408
2018-09-21,AUD,5Y,6M BBSW,2.524920793285336
2018-09-20,AUD,5Y,6M BBSW,2.531127912654517
2018-09-19,AUD,5Y,6M BBSW,2.5285868052092
2018-09-18,AUD,5Y,6M BBSW,2.468703662935358
2018-09-17,AUD,5Y,6M BBSW,2.434889320589186
2018-09-14,AUD,5Y,6M BBSW,2.438812371312133
2018-09-13,AUD,5Y,6M BBSW,2.431234764127088
2018-09-12,AUD,5Y,6M BBSW,2.397398966852491
2018-09-11,AUD,5Y,6M BBSW,2.399909184986048
2018-09-10,AUD,5Y,6M BBSW,2.402406504811158
2018-09-07,AUD,5Y,6M BBSW,2.396129080721187
2018-09-06,AUD,5Y,6M BBSW,2.411236086071493
2018-09-05,AUD,5Y,6M BBSW,2.408698602771146
2018-09-04,AUD,5Y,6M BBSW,2.359912748239796
2018-09-03,AUD,5Y,6M BBSW,2.353731725467878
2018-08-31,AUD,5Y,6M BBSW,2.340055520242821
2018-08-30,AUD,5Y,6M BBSW,2.406194773567114
2018-08-29,AUD,5Y,6M BBSW,2.447481981231563
2018-08-28,AUD,5Y,6M BBSW,2.452476415033416
2018-08-27,AUD,5Y,6M BBSW,2.420011473291946
2018-08-24,AUD,5Y,6M BBSW,2.428757483828235
2018-08-23,AUD,5Y,6M BBSW,2.39494258929931
2018-08-22,AUD,5Y,6M BBSW,2.409925771248491
2018-08-21,AUD,5Y,6M BBSW,2.404931534384276
2018-08-20,AUD,5Y,6M BBSW,2.393679911389796
2018-08-17,AUD,5Y,6M BBSW,2.416157723311664
2018-08-16,AUD,5Y,6M BBSW,2.393642096611686
2018-08-15,AUD,5Y,6M BBSW,2.413759494344355
2018-08-14,AUD,5Y,6M BBSW,2.429979254773606
2018-08-13,AUD,5Y,6M BBSW,2.433657836555266
2018-08-10,AUD,5Y,6M BBSW,2.449956694914385
2018-08-09,AUD,5Y,6M BBSW,2.488738088836184
2018-08-08,AUD,5Y,6M BBSW,2.509918792756677
2018-08-07,AUD,5Y,6M BBSW,2.506136802935148
2018-08-03,AUD,5Y,6M BBSW,2.534923489973328
2018-08-02,AUD,5Y,6M BBSW,2.558599940101371
2018-08-01,AUD,5Y,6M BBSW,2.532361274832566
2018-07-31,AUD,5Y,6M BBSW,2.520095601963069
2018-07-30,AUD,5Y,6M BBSW,2.487538173912639
2018-07-27,AUD,5Y,6M BBSW,2.492423570455803
2018-07-26,AUD,5Y,6M BBSW,2.524845143403719
2018-07-25,AUD,5Y,6M BBSW,2.537400650582029
2018-07-24,AUD,5Y,6M BBSW,2.55492206985581
2018-07-23,AUD,5Y,6M BBSW,2.532403151253248
2018-07-20,AUD,5Y,6M BBSW,2.522452981886691
2018-07-19,AUD,5Y,6M BBSW,2.52743515176333
2018-07-18,AUD,5Y,6M BBSW,2.514918458056422
2018-07-17,AUD,5Y,6M BBSW,2.516124228755509
2018-07-16,AUD,5Y,6M BBSW,2.487428042815965
2018-07-13,AUD,5Y,6M BBSW,2.476156021154581
2018-07-12,AUD,5Y,6M BBSW,2.493737783709295
2018-07-11,AUD,5Y,6M BBSW,2.493720427656945
2018-07-10,AUD,5Y,6M BBSW,2.521224592151536
2018-07-09,AUD,5Y,6M BBSW,2.491125522843847
2018-07-06,AUD,5Y,6M BBSW,2.494955873426497
2018-07-05,AUD,5Y,6M BBSW,2.464938492263487
2018-07-04,AUD,5Y,6M BBSW,2.462422161177604
2018-07-03,AUD,5Y,6M BBSW,2.459908158021145
2018-07-02,AUD,5Y,6M BBSW,2.483589880310482
2018-06-29,AUD,5Y,6M BBSW,2.492468254295773
2018-06-28,AUD,5Y,6M BBSW,2.488718572289395
2018-06-27,AUD,5Y,6M BBSW,2.502357642381163
2018-06-26,AUD,5Y,6M BBSW,2.494762989403306
2018-06-25,AUD,5Y,6M BBSW,2.508396147456067
2018-06-22,AUD,5Y,6M BBSW,2.51612507018472
2018-06-21,AUD,5Y,6M BBSW,2.539952776788972
2018-06-20,AUD,5Y,6M BBSW,2.502433231282924
2018-06-19,AUD,5Y,6M BBSW,2.50738695054715
2018-06-18,AUD,5Y,6M BBSW,2.526098349770751
2018-06-15,AUD,5Y,6M BBSW,2.555058261282185
2018-06-14,AUD,5Y,6M BBSW,2.577479244825886
2018-06-13,AUD,5Y,6M BBSW,2.61238357637297
2018-06-12,AUD,5Y,6M BBSW,2.620989520464885
2018-06-08,AUD,5Y,6M BBSW,2.607384647070598
2018-06-07,AUD,5Y,6M BBSW,2.649929504980462
2018-06-06,AUD,5Y,6M BBSW,2.602409182114649
2018-06-05,AUD,5Y,6M BBSW,2.5973786086803
2018-06-04,AUD,5Y,6M BBSW,2.568574802894384
2025-11-13,AUD,6Y,6M BBSW,4.252000000000001
2025-11-12,AUD,6Y,6M BBSW,4.128000000009346
2025-11-11,AUD,6Y,6M BBSW,4.101900000008175
2025-11-10,AUD,6Y,6M BBSW,4.102695845257111
2025-11-07,AUD,6Y,6M BBSW,4.057400000000697
2025-11-06,AUD,6Y,6M BBSW,4.053000000000651
2025-11-05,AUD,6Y,6M BBSW,4.085200000006829
2025-11-04,AUD,6Y,6M BBSW,4.065800000007591
2025-11-03,AUD,6Y,6M BBSW,4.083095753931855
2025-10-31,AUD,6Y,6M BBSW,4.049900000002372
2025-10-30,AUD,6Y,6M BBSW,4.041900000000914
2025-10-29,AUD,6Y,6M BBSW,4.064800000007613
2025-10-28,AUD,6Y,6M BBSW,3.907600000007544
2025-10-27,AUD,6Y,6M BBSW,3.901600000011238
2025-10-24,AUD,6Y,6M BBSW,3.845900000010554
2025-10-23,AUD,6Y,6M BBSW,3.864000000010984
2025-10-22,AUD,6Y,6M BBSW,3.814300000013478
2025-10-21,AUD,6Y,6M BBSW,3.838500000010447
2025-10-20,AUD,6Y,6M BBSW,3.805200000011466
2025-10-17,AUD,6Y,6M BBSW,3.818899999997326
2025-10-16,AUD,6Y,6M BBSW,3.798899999997552
2025-10-15,AUD,6Y,6M BBSW,3.914390930922535
2025-10-14,AUD,6Y,6M BBSW,3.930091486647844
2025-10-13,AUD,6Y,6M BBSW,3.94120000001409
2025-10-10,AUD,6Y,6M BBSW,3.993900000000556
2025-10-09,AUD,6Y,6M BBSW,4.013000000000217
2025-10-08,AUD,6Y,6M BBSW,3.962700000016561
2025-10-07,AUD,6Y,6M BBSW,3.979332905973264
2025-10-03,AUD,6Y,6M BBSW,3.955026405933688
2025-10-02,AUD,6Y,6M BBSW,3.955591915558201
2025-10-01,AUD,6Y,6M BBSW,3.978140405219728
2025-09-30,AUD,6Y,6M BBSW,4.002059720657265
2025-09-29,AUD,6Y,6M BBSW,3.953763971904256
2025-09-26,AUD,6Y,6M BBSW,3.984929793722777
2025-09-25,AUD,6Y,6M BBSW,3.999221897941795
2025-09-24,AUD,6Y,6M BBSW,3.959646577201637
2025-09-23,AUD,6Y,6M BBSW,3.860786052893009
2025-09-22,AUD,6Y,6M BBSW,3.884583354058019
2025-09-19,AUD,6Y,6M BBSW,3.856275305639523
2025-09-18,AUD,6Y,6M BBSW,3.845536698994128
2025-09-17,AUD,6Y,6M BBSW,3.847955265871693
2025-09-16,AUD,6Y,6M BBSW,3.830089593618979
2025-09-15,AUD,6Y,6M BBSW,3.838014010908519
2025-09-12,AUD,6Y,6M BBSW,3.851375459871613
2025-09-11,AUD,6Y,6M BBSW,3.809940320927315
2025-09-10,AUD,6Y,6M BBSW,3.821857274183398
2025-09-09,AUD,6Y,6M BBSW,3.870184078760639
2025-09-08,AUD,6Y,6M BBSW,3.820489204015546
2025-09-05,AUD,6Y,6M BBSW,3.849879463643581
2025-09-04,AUD,6Y,6M BBSW,3.882334144032169
2025-09-03,AUD,6Y,6M BBSW,3.911349814075229
2025-09-02,AUD,6Y,6M BBSW,3.881381009086886
2025-09-01,AUD,6Y,6M BBSW,3.871181281381897
2025-08-29,AUD,6Y,6M BBSW,3.819235168001978
2025-08-28,AUD,6Y,6M BBSW,3.805296458891249
2025-08-27,AUD,6Y,6M BBSW,3.826563837123928
2025-08-26,AUD,6Y,6M BBSW,3.835030887334776
2025-08-25,AUD,6Y,6M BBSW,3.82635358247236
2025-08-22,AUD,6Y,6M BBSW,3.833911657868641
2025-08-21,AUD,6Y,6M BBSW,3.842149114762849
2025-08-20,AUD,6Y,6M BBSW,3.807077113461257
2025-08-19,AUD,6Y,6M BBSW,3.847229515819021
2025-08-18,AUD,6Y,6M BBSW,3.832453438473103
2025-08-15,AUD,6Y,6M BBSW,3.785753521130457
2025-08-14,AUD,6Y,6M BBSW,3.790984046795603
2025-08-13,AUD,6Y,6M BBSW,3.749381383429007
2025-08-12,AUD,6Y,6M BBSW,3.799035183795678
2025-08-11,AUD,6Y,6M BBSW,3.823955711198591
2025-08-08,AUD,6Y,6M BBSW,3.822812530200382
2025-08-07,AUD,6Y,6M BBSW,3.815019394860481
2025-08-06,AUD,6Y,6M BBSW,3.793908434932475
2025-08-05,AUD,6Y,6M BBSW,3.795332026322682
2025-08-01,AUD,6Y,6M BBSW,3.780755993580932
2025-07-31,AUD,6Y,6M BBSW,3.855521707938419
2025-07-30,AUD,6Y,6M BBSW,3.843763596625545
2025-07-29,AUD,6Y,6M BBSW,3.859228946861928
2025-07-28,AUD,6Y,6M BBSW,3.89091215015696
2025-07-25,AUD,6Y,6M BBSW,3.88983845406589
2025-07-24,AUD,6Y,6M BBSW,3.896210237194529
2025-07-23,AUD,6Y,6M BBSW,3.857873532508295
2025-07-22,AUD,6Y,6M BBSW,3.826831931075135
2025-07-21,AUD,6Y,6M BBSW,3.830853171198089
2025-07-18,AUD,6Y,6M BBSW,3.85990976891096
2025-07-17,AUD,6Y,6M BBSW,3.837848903391636
2025-07-16,AUD,6Y,6M BBSW,3.913369777614078
2025-07-15,AUD,6Y,6M BBSW,3.953641646872283
2025-07-14,AUD,6Y,6M BBSW,3.891363109089805
2025-07-11,AUD,6Y,6M BBSW,3.891106843884007
2025-07-10,AUD,6Y,6M BBSW,3.859845981474677
2025-07-09,AUD,6Y,6M BBSW,3.831375846842823
2025-07-08,AUD,6Y,6M BBSW,3.861428734513485
2025-07-07,AUD,6Y,6M BBSW,3.767258965902011
2025-07-04,AUD,6Y,6M BBSW,3.741221354262966
2025-07-03,AUD,6Y,6M BBSW,3.763626638924733
2025-07-02,AUD,6Y,6M BBSW,3.737252100671364
2025-07-01,AUD,6Y,6M BBSW,3.700002806787641
2025-06-30,AUD,6Y,6M BBSW,3.706702804660929
2025-06-27,AUD,6Y,6M BBSW,3.710547997062239
2025-06-26,AUD,6Y,6M BBSW,3.683992114967285
2025-06-25,AUD,6Y,6M BBSW,3.694027740085627
2025-06-24,AUD,6Y,6M BBSW,3.713999345557987
2025-06-23,AUD,6Y,6M BBSW,3.756422604371759
2025-06-20,AUD,6Y,6M BBSW,3.76162674824343
2025-06-19,AUD,6Y,6M BBSW,3.766753450543537
2025-06-18,AUD,6Y,6M BBSW,3.804804540493413
2025-06-17,AUD,6Y,6M BBSW,3.782862686205654
2025-06-16,AUD,6Y,6M BBSW,3.793986512253399
2025-06-13,AUD,6Y,6M BBSW,3.803893982873634
2025-06-12,AUD,6Y,6M BBSW,3.726296428840088
2025-06-11,AUD,6Y,6M BBSW,3.790237135489413
2025-06-10,AUD,6Y,6M BBSW,3.83475305843361
2025-06-06,AUD,6Y,6M BBSW,3.877087218199272
2025-06-05,AUD,6Y,6M BBSW,3.810249789706189
2025-06-04,AUD,6Y,6M BBSW,3.74620781222168
2025-06-03,AUD,6Y,6M BBSW,3.773762137326028
2025-06-02,AUD,6Y,6M BBSW,3.819680795322658
2025-05-30,AUD,6Y,6M BBSW,3.780032135482374
2025-05-29,AUD,6Y,6M BBSW,3.82141311816217
2025-05-28,AUD,6Y,6M BBSW,3.900470500696358
2025-05-27,AUD,6Y,6M BBSW,3.79843537116458
2025-05-26,AUD,6Y,6M BBSW,3.83865283768401
2025-05-23,AUD,6Y,6M BBSW,3.873808324724975
2025-05-22,AUD,6Y,6M BBSW,3.906544520265456
2025-05-21,AUD,6Y,6M BBSW,3.986465109558197
2025-05-20,AUD,6Y,6M BBSW,3.892926268083122
2025-05-19,AUD,6Y,6M BBSW,4.001643378937563
2025-05-16,AUD,6Y,6M BBSW,4.021692756254506
2025-05-15,AUD,6Y,6M BBSW,3.98852400608147
2025-05-14,AUD,6Y,6M BBSW,4.057561200417402
2025-05-13,AUD,6Y,6M BBSW,3.997816609009809
2025-05-12,AUD,6Y,6M BBSW,3.957045948032933
2025-05-09,AUD,6Y,6M BBSW,3.8126140952931
2025-05-08,AUD,6Y,6M BBSW,3.81525133309449
2025-05-07,AUD,6Y,6M BBSW,3.746883308188161
2025-05-06,AUD,6Y,6M BBSW,3.823833061159775
2025-05-05,AUD,6Y,6M BBSW,3.813455699084962
2025-05-02,AUD,6Y,6M BBSW,3.798816411838454
2025-05-01,AUD,6Y,6M BBSW,3.741258060586203
2025-04-30,AUD,6Y,6M BBSW,3.705592206567397
2025-04-29,AUD,6Y,6M BBSW,3.713963366628816
2025-04-28,AUD,6Y,6M BBSW,3.716793619602475
2025-04-24,AUD,6Y,6M BBSW,3.776055186501424
2025-04-23,AUD,6Y,6M BBSW,3.837402639309722
2025-04-22,AUD,6Y,6M BBSW,3.784828231894206
2025-04-17,AUD,6Y,6M BBSW,3.786022513328655
2025-04-16,AUD,6Y,6M BBSW,3.807672369193756
2025-04-15,AUD,6Y,6M BBSW,3.864809407021685
2025-04-14,AUD,6Y,6M BBSW,3.879451642532327
2025-04-11,AUD,6Y,6M BBSW,3.977972814978775
2025-04-10,AUD,6Y,6M BBSW,3.869453852605216
2025-04-09,AUD,6Y,6M BBSW,3.847203410861392
2025-04-08,AUD,6Y,6M BBSW,3.783462698039093
2025-04-07,AUD,6Y,6M BBSW,3.894141947440999
2025-04-04,AUD,6Y,6M BBSW,3.76250360003061
2025-03-28,AUD,6Y,6M BBSW,4.053648458234008
2025-03-27,AUD,6Y,6M BBSW,4.097983146829189
2025-03-26,AUD,6Y,6M BBSW,4.110708659446711
2025-03-25,AUD,6Y,6M BBSW,4.103009287225165
2025-03-24,AUD,6Y,6M BBSW,4.071541419519076
2025-03-21,AUD,6Y,6M BBSW,4.058388516489105
2025-03-20,AUD,6Y,6M BBSW,4.068126376663946
2025-03-19,AUD,6Y,6M BBSW,4.074956946731582
2025-03-18,AUD,6Y,6M BBSW,4.09661113635519
2025-03-17,AUD,6Y,6M BBSW,4.082441045226806
2025-03-14,AUD,6Y,6M BBSW,4.098306048635846
2025-03-13,AUD,6Y,6M BBSW,4.066226504016297
2025-03-12,AUD,6Y,6M BBSW,4.117053621954284
2025-03-11,AUD,6Y,6M BBSW,4.104509908481373
2025-03-10,AUD,6Y,6M BBSW,4.056042540611953
2025-03-07,AUD,6Y,6M BBSW,4.110182858311827
2025-03-06,AUD,6Y,6M BBSW,4.13281977980255
2025-03-05,AUD,6Y,6M BBSW,4.166049393451368
2025-03-04,AUD,6Y,6M BBSW,4.089112111918704
2025-03-03,AUD,6Y,6M BBSW,4.014947521704528
2025-02-28,AUD,6Y,6M BBSW,4.058535514994928
2025-02-27,AUD,6Y,6M BBSW,4.075758216390538
2025-02-26,AUD,6Y,6M BBSW,4.094004479278649
2025-02-25,AUD,6Y,6M BBSW,4.122741100768958
2025-02-24,AUD,6Y,6M BBSW,4.169759033940013
2025-02-21,AUD,6Y,6M BBSW,4.233205888042867
2025-02-20,AUD,6Y,6M BBSW,4.276835729377421
2025-02-19,AUD,6Y,6M BBSW,4.270986314765106
2025-02-18,AUD,6Y,6M BBSW,4.288028779541619
2025-02-17,AUD,6Y,6M BBSW,4.19745669998775
2025-02-14,AUD,6Y,6M BBSW,4.171541812199728
2025-02-13,AUD,6Y,6M BBSW,4.171144573131799
2025-02-12,AUD,6Y,6M BBSW,4.275485374512089
2025-02-11,AUD,6Y,6M BBSW,4.196935180581863
2025-02-10,AUD,6Y,6M BBSW,4.125364328068206
2025-02-07,AUD,6Y,6M BBSW,4.143975345261918
2025-02-06,AUD,6Y,6M BBSW,4.081871472012589
2025-02-05,AUD,6Y,6M BBSW,4.046494129470664
2025-02-04,AUD,6Y,6M BBSW,4.157715898710475
2025-02-03,AUD,6Y,6M BBSW,4.151244347783982
2025-01-31,AUD,6Y,6M BBSW,4.121043932029518
2025-01-30,AUD,6Y,6M BBSW,4.115756569013914
2025-01-29,AUD,6Y,6M BBSW,4.127001102593657
2025-01-28,AUD,6Y,6M BBSW,4.175798092904831
2025-01-24,AUD,6Y,6M BBSW,4.215570793114459
2025-01-23,AUD,6Y,6M BBSW,4.240040976884976
2025-01-22,AUD,6Y,6M BBSW,4.251288986571125
2025-01-21,AUD,6Y,6M BBSW,4.221235617679329
2025-01-20,AUD,6Y,6M BBSW,4.21855534935646
2025-01-17,AUD,6Y,6M BBSW,4.278201896751102
2025-01-16,AUD,6Y,6M BBSW,4.260939024483232
2025-01-15,AUD,6Y,6M BBSW,4.265166656658621
2025-01-14,AUD,6Y,6M BBSW,4.383458135698377
2025-01-13,AUD,6Y,6M BBSW,4.357770015735865
2025-01-10,AUD,6Y,6M BBSW,4.314402032130174
2025-01-09,AUD,6Y,6M BBSW,4.221043148967911
2025-01-08,AUD,6Y,6M BBSW,4.269587121011155
2025-01-07,AUD,6Y,6M BBSW,4.288430573312418
2025-01-06,AUD,6Y,6M BBSW,4.200994533508781
2025-01-03,AUD,6Y,6M BBSW,4.153377620997248
2025-01-02,AUD,6Y,6M BBSW,4.140511552962846
2024-12-31,AUD,6Y,6M BBSW,4.111696416216773
2024-12-30,AUD,6Y,6M BBSW,4.136819940424131
2024-12-27,AUD,6Y,6M BBSW,4.161364671260852
2024-12-24,AUD,6Y,6M BBSW,4.201351580857502
2024-12-23,AUD,6Y,6M BBSW,4.199676380710827
2024-12-20,AUD,6Y,6M BBSW,4.212169728252391
2024-12-19,AUD,6Y,6M BBSW,4.249902274007825
2024-12-18,AUD,6Y,6M BBSW,4.159281613406798
2024-12-17,AUD,6Y,6M BBSW,4.092943961252615
2024-12-16,AUD,6Y,6M BBSW,4.11806772670073
2024-12-13,AUD,6Y,6M BBSW,4.147642431634253
2024-12-12,AUD,6Y,6M BBSW,4.127341605359803
2024-12-11,AUD,6Y,6M BBSW,4.011814760852575
2024-12-10,AUD,6Y,6M BBSW,4.001442152251218
2024-12-09,AUD,6Y,6M BBSW,4.093895956289459
2024-12-06,AUD,6Y,6M BBSW,4.078550899082351
2024-12-05,AUD,6Y,6M BBSW,4.113919664309758
2024-12-04,AUD,6Y,6M BBSW,4.068288038444312
2024-12-03,AUD,6Y,6M BBSW,4.195737707358932
2024-12-02,AUD,6Y,6M BBSW,4.154267108315187
2024-11-29,AUD,6Y,6M BBSW,4.168429197616041
2024-11-28,AUD,6Y,6M BBSW,4.220145283324009
2024-11-27,AUD,6Y,6M BBSW,4.238593797254044
2024-11-26,AUD,6Y,6M BBSW,4.267134480990001
2024-11-25,AUD,6Y,6M BBSW,4.261692467957083
2024-11-22,AUD,6Y,6M BBSW,4.334096135593253
2024-11-21,AUD,6Y,6M BBSW,4.36703287015809
2024-11-20,AUD,6Y,6M BBSW,4.359380970568832
2024-11-19,AUD,6Y,6M BBSW,4.339728190968929
2024-11-18,AUD,6Y,6M BBSW,4.331681846164202
2024-11-15,AUD,6Y,6M BBSW,4.380594390860841
2024-11-14,AUD,6Y,6M BBSW,4.431056556096137
2024-11-13,AUD,6Y,6M BBSW,4.458170602051342
2024-11-12,AUD,6Y,6M BBSW,4.45292108586305
2024-11-11,AUD,6Y,6M BBSW,4.382174663161374
2024-11-08,AUD,6Y,6M BBSW,4.332196812760062
2024-11-07,AUD,6Y,6M BBSW,4.368033364381909
2024-11-06,AUD,6Y,6M BBSW,4.416974103719856
2024-11-05,AUD,6Y,6M BBSW,4.369826293976376
2024-11-04,AUD,6Y,6M BBSW,4.337379227153471
2024-11-01,AUD,6Y,6M BBSW,4.369794431100487
2024-10-31,AUD,6Y,6M BBSW,4.364716884510099
2024-10-30,AUD,6Y,6M BBSW,4.358133442632532
2024-10-29,AUD,6Y,6M BBSW,4.276358315908394
2024-10-28,AUD,6Y,6M BBSW,4.26195076520242
2024-10-24,AUD,6Y,6M BBSW,4.232608193438944
2024-10-23,AUD,6Y,6M BBSW,4.303773011362499
2024-10-22,AUD,6Y,6M BBSW,4.273189978588084
2024-10-21,AUD,6Y,6M BBSW,4.208406947587395
2024-10-17,AUD,6Y,6M BBSW,4.159173969112658
2024-10-16,AUD,6Y,6M BBSW,4.039851264010953
2024-10-15,AUD,6Y,6M BBSW,4.066330951758717
2024-10-14,AUD,6Y,6M BBSW,4.104043778507963
2024-10-11,AUD,6Y,6M BBSW,4.088786359027914
2024-10-10,AUD,6Y,6M BBSW,4.069324749503756
2024-10-09,AUD,6Y,6M BBSW,4.083287143653834
2024-10-08,AUD,6Y,6M BBSW,4.040648872458774
2024-10-04,AUD,6Y,6M BBSW,4.011456426931154
2024-10-03,AUD,6Y,6M BBSW,3.904050648020854
2024-10-02,AUD,6Y,6M BBSW,3.859396856895171
2024-10-01,AUD,6Y,6M BBSW,3.822563372075882
2024-09-30,AUD,6Y,6M BBSW,3.843931922289503
2024-09-27,AUD,6Y,6M BBSW,3.78542186484713
2024-09-26,AUD,6Y,6M BBSW,3.804555734039359
2024-09-25,AUD,6Y,6M BBSW,3.774337282666155
2024-09-24,AUD,6Y,6M BBSW,3.734670080245186
2024-09-23,AUD,6Y,6M BBSW,3.817427038646184
2024-09-20,AUD,6Y,6M BBSW,3.801851177319428
2024-09-19,AUD,6Y,6M BBSW,3.784778719636968
2024-09-18,AUD,6Y,6M BBSW,3.758439149424441
2024-09-17,AUD,6Y,6M BBSW,3.706973013318609
2024-09-16,AUD,6Y,6M BBSW,3.655446051425058
2024-09-13,AUD,6Y,6M BBSW,3.694660195964811
2024-09-12,AUD,6Y,6M BBSW,3.71588330059078
2024-09-11,AUD,6Y,6M BBSW,3.754639829964812
2024-09-10,AUD,6Y,6M BBSW,3.751269872289638
2024-09-09,AUD,6Y,6M BBSW,3.799424351113071
2024-09-06,AUD,6Y,6M BBSW,3.795750093840112
2024-09-05,AUD,6Y,6M BBSW,3.829575770361409
2024-09-04,AUD,6Y,6M BBSW,3.790436108438752
2024-09-03,AUD,6Y,6M BBSW,3.843764485798121
2024-09-02,AUD,6Y,6M BBSW,3.925306102701189
2024-08-30,AUD,6Y,6M BBSW,3.883324931376068
2024-08-29,AUD,6Y,6M BBSW,3.856863765208419
2024-08-27,AUD,6Y,6M BBSW,3.794962148555175
2024-08-26,AUD,6Y,6M BBSW,3.77813064284103
2024-08-23,AUD,6Y,6M BBSW,3.804311143370416
2024-08-22,AUD,6Y,6M BBSW,3.840641164437905
2024-08-21,AUD,6Y,6M BBSW,3.80484680554821
2024-08-20,AUD,6Y,6M BBSW,3.813473158271837
2024-08-19,AUD,6Y,6M BBSW,3.861428522224013
2024-08-16,AUD,6Y,6M BBSW,3.859804998583906
2024-08-15,AUD,6Y,6M BBSW,3.897442187545103
2024-08-14,AUD,6Y,6M BBSW,3.800335957031293
2024-08-13,AUD,6Y,6M BBSW,3.857969810196069
2024-08-12,AUD,6Y,6M BBSW,3.9163230193971
2024-08-09,AUD,6Y,6M BBSW,3.944796165138037
2024-08-08,AUD,6Y,6M BBSW,4.004830262578405
2024-08-07,AUD,6Y,6M BBSW,3.992592414920195
2024-08-06,AUD,6Y,6M BBSW,3.985687605158361
2024-08-02,AUD,6Y,6M BBSW,3.84141349830093
2024-08-01,AUD,6Y,6M BBSW,3.929782263257418
2024-07-31,AUD,6Y,6M BBSW,3.981734829880862
2024-07-30,AUD,6Y,6M BBSW,4.206957123902042
2024-07-29,AUD,6Y,6M BBSW,4.239299340789938
2024-07-26,AUD,6Y,6M BBSW,4.202548206328848
2024-07-24,AUD,6Y,6M BBSW,4.27566231142412
2024-07-23,AUD,6Y,6M BBSW,4.2986388813692
2024-07-22,AUD,6Y,6M BBSW,4.27499523604911
2024-07-19,AUD,6Y,6M BBSW,4.278858016785712
2024-07-18,AUD,6Y,6M BBSW,4.227805521425189
2024-07-17,AUD,6Y,6M BBSW,4.187909730882625
2024-07-16,AUD,6Y,6M BBSW,4.195747476174775
2024-07-15,AUD,6Y,6M BBSW,4.278263702439578
2024-07-12,AUD,6Y,6M BBSW,4.299955196854135
2024-07-11,AUD,6Y,6M BBSW,4.34449732225186
2024-07-10,AUD,6Y,6M BBSW,4.367290205418299
2024-07-09,AUD,6Y,6M BBSW,4.380732309063813
2024-07-08,AUD,6Y,6M BBSW,4.373188330061889
2024-07-05,AUD,6Y,6M BBSW,4.38304432495933
2024-07-04,AUD,6Y,6M BBSW,4.440575073197564
2024-07-03,AUD,6Y,6M BBSW,4.42414178958893
2024-07-02,AUD,6Y,6M BBSW,4.430084700666287
2024-07-01,AUD,6Y,6M BBSW,4.455253667930076
2024-06-28,AUD,6Y,6M BBSW,4.43523657125096
2024-06-27,AUD,6Y,6M BBSW,4.36982239200178
2024-06-26,AUD,6Y,6M BBSW,4.453285580333958
2024-06-24,AUD,6Y,6M BBSW,4.237763249650137
2024-06-21,AUD,6Y,6M BBSW,4.23195897200031
2024-06-20,AUD,6Y,6M BBSW,4.247864236603132
2024-06-19,AUD,6Y,6M BBSW,4.211107013678421
2024-06-18,AUD,6Y,6M BBSW,4.189081198436776
2024-06-17,AUD,6Y,6M BBSW,4.169445090541945
2024-06-14,AUD,6Y,6M BBSW,4.124690442423054
2024-06-13,AUD,6Y,6M BBSW,4.175936133726892
2024-06-12,AUD,6Y,6M BBSW,4.224322518257261
2024-06-11,AUD,6Y,6M BBSW,4.30609191900695
2024-06-07,AUD,6Y,6M BBSW,4.317160840664038
2024-06-06,AUD,6Y,6M BBSW,4.243927582839278
2024-06-05,AUD,6Y,6M BBSW,4.230604135470258
2024-06-04,AUD,6Y,6M BBSW,4.22767867846673
2024-06-03,AUD,6Y,6M BBSW,4.308134363062764
2024-05-31,AUD,6Y,6M BBSW,4.393263405199621
2024-05-30,AUD,6Y,6M BBSW,4.389782430427649
2024-05-29,AUD,6Y,6M BBSW,4.44271290184724
2024-05-28,AUD,6Y,6M BBSW,4.350633477441583
2024-05-27,AUD,6Y,6M BBSW,4.281194966972341
2024-05-24,AUD,6Y,6M BBSW,4.312252422562721
2024-05-23,AUD,6Y,6M BBSW,4.303988126449386
2024-05-22,AUD,6Y,6M BBSW,4.290397901846528
2024-05-21,AUD,6Y,6M BBSW,4.24574280160194
2024-05-20,AUD,6Y,6M BBSW,4.263995629877714
2024-05-17,AUD,6Y,6M BBSW,4.258859504771062
2024-05-16,AUD,6Y,6M BBSW,4.239302597907519
2024-05-15,AUD,6Y,6M BBSW,4.255666721579435
2024-05-14,AUD,6Y,6M BBSW,4.355555813695401
2024-05-13,AUD,6Y,6M BBSW,4.36088572720498
2024-05-10,AUD,6Y,6M BBSW,4.400742888880635
2024-05-09,AUD,6Y,6M BBSW,4.392383811851166
2024-05-08,AUD,6Y,6M BBSW,4.380090064996018
2024-05-07,AUD,6Y,6M BBSW,4.294040256183701
2024-05-06,AUD,6Y,6M BBSW,4.432280027197905
2024-05-03,AUD,6Y,6M BBSW,4.421940981892093
2024-05-02,AUD,6Y,6M BBSW,4.465077382013343
2024-05-01,AUD,6Y,6M BBSW,4.527074494190149
2024-04-30,AUD,6Y,6M BBSW,4.516041224645341
2024-04-29,AUD,6Y,6M BBSW,4.513357616291279
2024-04-26,AUD,6Y,6M BBSW,4.543017973678256
2024-04-24,AUD,6Y,6M BBSW,4.484480626593439
2024-04-23,AUD,6Y,6M BBSW,4.303972522170023
2024-04-22,AUD,6Y,6M BBSW,4.308092733824308
2024-04-19,AUD,6Y,6M BBSW,4.321925749786095
2024-04-18,AUD,6Y,6M BBSW,4.353377398920756
2024-04-17,AUD,6Y,6M BBSW,4.363147308067212
2024-04-16,AUD,6Y,6M BBSW,4.39232243502
2024-04-15,AUD,6Y,6M BBSW,4.321359431260372
2024-04-12,AUD,6Y,6M BBSW,4.239158987785074
2024-04-11,AUD,6Y,6M BBSW,4.311158784956951
2024-04-10,AUD,6Y,6M BBSW,4.250302513271811
2024-04-09,AUD,6Y,6M BBSW,4.106884250045876
2024-04-08,AUD,6Y,6M BBSW,4.187641167399386
2024-04-04,AUD,6Y,6M BBSW,4.110537601210532
2024-04-03,AUD,6Y,6M BBSW,4.135793576901039
2024-04-02,AUD,6Y,6M BBSW,4.12836729898932
2024-03-28,AUD,6Y,6M BBSW,4.025271033118148
2024-03-27,AUD,6Y,6M BBSW,4.024591608048344
2024-03-26,AUD,6Y,6M BBSW,4.079207950406503
2024-03-25,AUD,6Y,6M BBSW,4.069209237585507
2024-03-22,AUD,6Y,6M BBSW,4.061383037817681
2024-03-21,AUD,6Y,6M BBSW,4.106009232941155
2024-03-20,AUD,6Y,6M BBSW,4.059023871832022
2024-03-19,AUD,6Y,6M BBSW,4.109651702933133
2024-03-18,AUD,6Y,6M BBSW,4.164801271824257
2024-03-15,AUD,6Y,6M BBSW,4.185257792662446
2024-03-14,AUD,6Y,6M BBSW,4.165405928303337
2024-03-13,AUD,6Y,6M BBSW,4.099519062837348
2024-03-12,AUD,6Y,6M BBSW,4.060755240288363
2024-03-11,AUD,6Y,6M BBSW,4.015915741135004
2024-03-08,AUD,6Y,6M BBSW,4.042585561692477
2024-03-07,AUD,6Y,6M BBSW,4.070912145969703
2024-03-06,AUD,6Y,6M BBSW,4.058923136961651
2024-03-05,AUD,6Y,6M BBSW,4.0879540322069
2024-03-04,AUD,6Y,6M BBSW,4.169800509359736
2024-03-01,AUD,6Y,6M BBSW,4.147273276306122
2024-02-29,AUD,6Y,6M BBSW,4.171960347921426
2024-02-28,AUD,6Y,6M BBSW,4.17303413298696
2024-02-27,AUD,6Y,6M BBSW,4.232156959434931
2024-02-26,AUD,6Y,6M BBSW,4.203598214933557
2024-02-23,AUD,6Y,6M BBSW,4.201145273009408
2024-02-22,AUD,6Y,6M BBSW,4.215664749228044
2024-02-21,AUD,6Y,6M BBSW,4.235103966371255
2024-02-20,AUD,6Y,6M BBSW,4.201439959775652
2024-02-19,AUD,6Y,6M BBSW,4.229595415861995
2024-02-16,AUD,6Y,6M BBSW,4.250508976708199
2024-02-15,AUD,6Y,6M BBSW,4.218048032572797
2024-02-14,AUD,6Y,6M BBSW,4.260239420937229
2024-02-13,AUD,6Y,6M BBSW,4.318130827564605
2024-02-12,AUD,6Y,6M BBSW,4.211398068631397
2024-02-09,AUD,6Y,6M BBSW,4.191654594082467
2024-02-08,AUD,6Y,6M BBSW,4.15777329509279
2024-02-07,AUD,6Y,6M BBSW,4.136774525062546
2024-02-06,AUD,6Y,6M BBSW,4.114269999802314
2024-02-05,AUD,6Y,6M BBSW,4.151895598905321
2024-02-02,AUD,6Y,6M BBSW,4.082634418404247
2024-02-01,AUD,6Y,6M BBSW,3.994422424055315
2024-01-31,AUD,6Y,6M BBSW,3.998240300479656
2024-01-30,AUD,6Y,6M BBSW,4.144358495872096
2024-01-29,AUD,6Y,6M BBSW,4.172900163286981
2024-01-25,AUD,6Y,6M BBSW,4.219890099279376
2024-01-24,AUD,6Y,6M BBSW,4.281462675209431
2024-01-23,AUD,6Y,6M BBSW,4.249236365915203
2024-01-22,AUD,6Y,6M BBSW,4.229296214751207
2024-01-19,AUD,6Y,6M BBSW,4.303067982928957
2024-01-18,AUD,6Y,6M BBSW,4.318353735069373
2024-01-17,AUD,6Y,6M BBSW,4.296497437489203
2024-01-16,AUD,6Y,6M BBSW,4.210739085417381
2024-01-15,AUD,6Y,6M BBSW,4.161759241169399
2024-01-12,AUD,6Y,6M BBSW,4.109024115204104
2024-01-11,AUD,6Y,6M BBSW,4.104579725271186
2024-01-10,AUD,6Y,6M BBSW,4.176710208339108
2024-01-09,AUD,6Y,6M BBSW,4.10094846092617
2024-01-08,AUD,6Y,6M BBSW,4.153104056595605
2024-01-05,AUD,6Y,6M BBSW,4.222529685040117
2024-01-04,AUD,6Y,6M BBSW,4.149173156808269
2024-01-03,AUD,6Y,6M BBSW,4.056683580546572
2024-01-02,AUD,6Y,6M BBSW,4.051014911233709
2023-12-29,AUD,6Y,6M BBSW,3.977524871632982
2023-12-28,AUD,6Y,6M BBSW,3.963926109236708
2023-12-27,AUD,6Y,6M BBSW,3.955194716972055
2023-12-22,AUD,6Y,6M BBSW,4.051559497932086
2023-12-21,AUD,6Y,6M BBSW,4.057287622176672
2023-12-20,AUD,6Y,6M BBSW,4.065387839832031
2023-12-19,AUD,6Y,6M BBSW,4.125405714427242
2023-12-18,AUD,6Y,6M BBSW,4.126082338842762
2023-12-15,AUD,6Y,6M BBSW,4.130185733871071
2023-12-14,AUD,6Y,6M BBSW,4.185381147832547
2023-12-13,AUD,6Y,6M BBSW,4.168434732170036
2023-12-12,AUD,6Y,6M BBSW,4.365094441284217
2023-12-11,AUD,6Y,6M BBSW,4.384982241215711
2023-12-07,AUD,6Y,6M BBSW,4.342671677335215
2023-12-06,AUD,6Y,6M BBSW,4.292422300446078
2023-12-05,AUD,6Y,6M BBSW,4.356183762266943
2023-12-04,AUD,6Y,6M BBSW,4.49786035165254
2023-12-01,AUD,6Y,6M BBSW,4.483128719089057
2023-11-30,AUD,6Y,6M BBSW,4.533730577891941
2023-11-29,AUD,6Y,6M BBSW,4.448706292939346
2023-11-28,AUD,6Y,6M BBSW,4.548714438439728
2023-11-27,AUD,6Y,6M BBSW,4.601362869341038
2023-11-24,AUD,6Y,6M BBSW,4.638100922948902
2023-11-23,AUD,6Y,6M BBSW,4.626712250680393
2023-11-22,AUD,6Y,6M BBSW,4.603666789889124
2023-11-21,AUD,6Y,6M BBSW,4.537115948915714
2023-11-20,AUD,6Y,6M BBSW,4.581964860026148
2023-11-17,AUD,6Y,6M BBSW,4.568357207639634
2023-11-16,AUD,6Y,6M BBSW,4.553122519015279
2023-11-15,AUD,6Y,6M BBSW,4.684297176388538
2023-11-14,AUD,6Y,6M BBSW,4.654751833110522
2023-11-13,AUD,6Y,6M BBSW,4.769746033061603
2023-11-10,AUD,6Y,6M BBSW,4.702451253998498
2023-11-09,AUD,6Y,6M BBSW,4.717700010575149
2023-11-08,AUD,6Y,6M BBSW,4.601168863219392
2023-11-07,AUD,6Y,6M BBSW,4.656805503907744
2023-11-06,AUD,6Y,6M BBSW,4.819737829057711
2023-11-03,AUD,6Y,6M BBSW,4.749119513547472
2023-11-02,AUD,6Y,6M BBSW,4.813788246232438
2023-11-01,AUD,6Y,6M BBSW,4.865637816013926
2023-10-31,AUD,6Y,6M BBSW,5.033692518255815
2023-10-30,AUD,6Y,6M BBSW,4.988973917036117
2023-10-26,AUD,6Y,6M BBSW,4.862181368578851
2023-10-25,AUD,6Y,6M BBSW,4.843293857896352
2023-10-24,AUD,6Y,6M BBSW,4.750937199718988
2023-10-23,AUD,6Y,6M BBSW,4.747842666635357
2023-10-20,AUD,6Y,6M BBSW,4.754783172871162
2023-10-19,AUD,6Y,6M BBSW,4.800440819679019
2023-10-18,AUD,6Y,6M BBSW,4.806086233499993
2023-10-17,AUD,6Y,6M BBSW,4.720590649399137
2023-10-16,AUD,6Y,6M BBSW,4.532109688490332
2023-10-13,AUD,6Y,6M BBSW,4.455353059714554
2023-10-12,AUD,6Y,6M BBSW,4.507730456256978
2023-10-11,AUD,6Y,6M BBSW,4.415645604087105
2023-10-10,AUD,6Y,6M BBSW,4.505365972036146
2023-10-09,AUD,6Y,6M BBSW,4.47675970918554
2023-10-06,AUD,6Y,6M BBSW,4.591811151168201
2023-10-05,AUD,6Y,6M BBSW,4.617328172541926
2023-10-04,AUD,6Y,6M BBSW,4.614531279937337
2023-10-03,AUD,6Y,6M BBSW,4.628070796950197
2023-09-29,AUD,6Y,6M BBSW,4.522130064581059
2023-09-28,AUD,6Y,6M BBSW,4.517178750597001
2023-09-27,AUD,6Y,6M BBSW,4.496132135730322
2023-09-26,AUD,6Y,6M BBSW,4.473437185169535
2023-09-25,AUD,6Y,6M BBSW,4.475974461476945
2023-09-22,AUD,6Y,6M BBSW,4.413271588193299
2023-09-21,AUD,6Y,6M BBSW,4.448831502895406
2023-09-20,AUD,6Y,6M BBSW,4.418686209413985
2023-09-19,AUD,6Y,6M BBSW,4.358931319979948
2023-09-18,AUD,6Y,6M BBSW,4.325391501727409
2023-09-15,AUD,6Y,6M BBSW,4.276060965479764
2023-09-14,AUD,6Y,6M BBSW,4.246220223231916
2023-09-13,AUD,6Y,6M BBSW,4.264801963814971
2023-09-12,AUD,6Y,6M BBSW,4.297434799851856
2023-09-11,AUD,6Y,6M BBSW,4.289993281543397
2023-09-08,AUD,6Y,6M BBSW,4.255596986739635
2023-09-07,AUD,6Y,6M BBSW,4.252563243134525
2023-09-06,AUD,6Y,6M BBSW,4.268402611448238
2023-09-05,AUD,6Y,6M BBSW,4.278936476806257
2023-09-04,AUD,6Y,6M BBSW,4.275393956189662
2023-09-01,AUD,6Y,6M BBSW,4.189150260801208
2023-08-31,AUD,6Y,6M BBSW,4.167129594997488
2023-08-30,AUD,6Y,6M BBSW,4.209761606080185
2023-08-28,AUD,6Y,6M BBSW,4.298040290095309
2023-08-25,AUD,6Y,6M BBSW,4.300197206261056
2023-08-24,AUD,6Y,6M BBSW,4.305303757833341
2023-08-23,AUD,6Y,6M BBSW,4.26534237178319
2023-08-22,AUD,6Y,6M BBSW,4.37384617366846
2023-08-21,AUD,6Y,6M BBSW,4.432583331630961
2023-08-18,AUD,6Y,6M BBSW,4.375446099788667
2023-08-17,AUD,6Y,6M BBSW,4.421090976136847
2023-08-16,AUD,6Y,6M BBSW,4.379534002256341
2023-08-15,AUD,6Y,6M BBSW,4.38616080775394
2023-08-14,AUD,6Y,6M BBSW,4.400342549126219
2023-08-11,AUD,6Y,6M BBSW,4.316187172308525
2023-08-10,AUD,6Y,6M BBSW,4.256709401980531
2023-08-09,AUD,6Y,6M BBSW,4.226547033130854
2023-08-08,AUD,6Y,6M BBSW,4.180972360179011
2023-08-04,AUD,6Y,6M BBSW,4.20438578510633
2023-08-03,AUD,6Y,6M BBSW,4.311278692401551
2023-08-02,AUD,6Y,6M BBSW,4.238931529741542
2023-08-01,AUD,6Y,6M BBSW,4.231688039457183
2023-07-31,AUD,6Y,6M BBSW,4.286560752305281
2023-07-28,AUD,6Y,6M BBSW,4.250530105618368
2023-07-27,AUD,6Y,6M BBSW,4.351950501459147
2023-07-25,AUD,6Y,6M BBSW,4.410760370654611
2023-07-24,AUD,6Y,6M BBSW,4.362475193707992
2023-07-21,AUD,6Y,6M BBSW,4.360840872660426
2023-07-20,AUD,6Y,6M BBSW,4.372392424741918
2023-07-19,AUD,6Y,6M BBSW,4.261040988603264
2023-07-18,AUD,6Y,6M BBSW,4.278661499308464
2023-07-17,AUD,6Y,6M BBSW,4.304202950917546
2023-07-14,AUD,6Y,6M BBSW,4.329366013966027
2023-07-13,AUD,6Y,6M BBSW,4.28670276169513
2023-07-12,AUD,6Y,6M BBSW,4.364633179257154
2023-07-11,AUD,6Y,6M BBSW,4.499131522605697
2023-07-10,AUD,6Y,6M BBSW,4.564775220279609
2023-07-07,AUD,6Y,6M BBSW,4.660217400707818
2023-07-06,AUD,6Y,6M BBSW,4.58326408681817
2023-07-05,AUD,6Y,6M BBSW,4.410728889714326
2023-07-04,AUD,6Y,6M BBSW,4.326353499245084
2023-07-03,AUD,6Y,6M BBSW,4.32816174880065
2023-06-30,AUD,6Y,6M BBSW,4.346452398311226
2023-06-29,AUD,6Y,6M BBSW,4.299964090670047
2023-06-28,AUD,6Y,6M BBSW,4.166900483434196
2023-06-27,AUD,6Y,6M BBSW,4.252153076880932
2023-06-26,AUD,6Y,6M BBSW,4.240668811512485
2023-06-22,AUD,6Y,6M BBSW,4.356217406668232
2023-06-21,AUD,6Y,6M BBSW,4.287558334681487
2023-06-20,AUD,6Y,6M BBSW,4.297862426593142
2023-06-19,AUD,6Y,6M BBSW,4.381491943071849
2023-06-15,AUD,6Y,6M BBSW,4.309634806814781
2023-06-14,AUD,6Y,6M BBSW,4.276373442578853
2023-06-13,AUD,6Y,6M BBSW,4.293121083473117
2023-06-09,AUD,6Y,6M BBSW,4.224668697347039
2023-06-08,AUD,6Y,6M BBSW,4.230513167253057
2023-06-07,AUD,6Y,6M BBSW,4.243091155444978
2023-06-06,AUD,6Y,6M BBSW,4.090050960780562
2023-06-05,AUD,6Y,6M BBSW,4.022019640420684
2023-06-01,AUD,6Y,6M BBSW,3.894363035004943
2023-05-31,AUD,6Y,6M BBSW,3.883290587053582
2023-05-30,AUD,6Y,6M BBSW,3.88389422535922
2023-05-29,AUD,6Y,6M BBSW,3.894929298554837
2023-05-26,AUD,6Y,6M BBSW,3.956463308434556
2023-05-25,AUD,6Y,6M BBSW,3.991642333481091
2023-05-24,AUD,6Y,6M BBSW,3.935368214113484
2023-05-23,AUD,6Y,6M BBSW,3.930698412512709
2023-05-22,AUD,6Y,6M BBSW,3.876738903619355
2023-05-19,AUD,6Y,6M BBSW,3.884818261340389
2023-05-18,AUD,6Y,6M BBSW,3.887554503826825
2023-05-17,AUD,6Y,6M BBSW,3.762181748021685
2023-05-16,AUD,6Y,6M BBSW,3.720622893482012
2023-05-15,AUD,6Y,6M BBSW,3.733721395035086
2023-05-12,AUD,6Y,6M BBSW,3.649404297033361
2023-05-11,AUD,6Y,6M BBSW,3.603689107359551
2023-05-10,AUD,6Y,6M BBSW,3.670189369193291
2023-05-09,AUD,6Y,6M BBSW,3.737620116160663
2023-05-08,AUD,6Y,6M BBSW,3.751447329175504
2023-05-05,AUD,6Y,6M BBSW,3.68238031521969
2023-05-04,AUD,6Y,6M BBSW,3.577594000723776
2023-05-03,AUD,6Y,6M BBSW,3.651290011189236
2023-05-02,AUD,6Y,6M BBSW,3.724019690767306
2023-05-01,AUD,6Y,6M BBSW,3.715349087698149
2023-04-28,AUD,6Y,6M BBSW,3.568813932549816
2023-04-27,AUD,6Y,6M BBSW,3.700477748569549
2023-04-26,AUD,6Y,6M BBSW,3.64423254741679
2023-04-24,AUD,6Y,6M BBSW,3.751238507449037
2023-04-21,AUD,6Y,6M BBSW,3.782609698321389
2023-04-20,AUD,6Y,6M BBSW,3.793441828841349
2023-04-19,AUD,6Y,6M BBSW,3.82338231987096
2023-04-18,AUD,6Y,6M BBSW,3.844381520548188
2023-04-17,AUD,6Y,6M BBSW,3.742903886835517
2023-04-14,AUD,6Y,6M BBSW,3.706428662975768
2023-04-13,AUD,6Y,6M BBSW,3.637683853719583
2023-04-12,AUD,6Y,6M BBSW,3.576440653937265
2023-04-11,AUD,6Y,6M BBSW,3.527537661171998
2023-04-06,AUD,6Y,6M BBSW,3.452821565226807
2023-04-05,AUD,6Y,6M BBSW,3.492842633733587
2023-04-04,AUD,6Y,6M BBSW,3.530227757203885
2023-04-03,AUD,6Y,6M BBSW,3.596274126294694
2023-03-31,AUD,6Y,6M BBSW,3.617024055244335
2023-03-30,AUD,6Y,6M BBSW,3.6888103382501
2023-03-29,AUD,6Y,6M BBSW,3.715680233428053
2023-03-28,AUD,6Y,6M BBSW,3.736682989927168
2023-03-27,AUD,6Y,6M BBSW,3.685117047346608
2023-03-24,AUD,6Y,6M BBSW,3.625034050338634
2023-03-23,AUD,6Y,6M BBSW,3.655390838781981
2023-03-22,AUD,6Y,6M BBSW,3.682385131508441
2023-03-21,AUD,6Y,6M BBSW,3.738915252493916
2023-03-20,AUD,6Y,6M BBSW,3.680448861986112
2023-03-17,AUD,6Y,6M BBSW,3.73485209539371
2023-03-16,AUD,6Y,6M BBSW,3.868668781967254
2023-03-15,AUD,6Y,6M BBSW,3.755655351765088
2023-03-14,AUD,6Y,6M BBSW,3.982200029839272
2023-03-13,AUD,6Y,6M BBSW,3.78754107917273
2023-03-10,AUD,6Y,6M BBSW,3.89022044066741
2023-03-09,AUD,6Y,6M BBSW,4.012242632974258
2023-03-08,AUD,6Y,6M BBSW,4.069957451791531
2023-03-07,AUD,6Y,6M BBSW,4.089778868926707
2023-03-06,AUD,6Y,6M BBSW,4.172509227457734
2023-03-03,AUD,6Y,6M BBSW,4.247044198192945
2023-03-02,AUD,6Y,6M BBSW,4.322499130269917
2023-03-01,AUD,6Y,6M BBSW,4.23704346179677
2023-02-28,AUD,6Y,6M BBSW,4.31444394989332
2023-02-27,AUD,6Y,6M BBSW,4.24602167035559
2023-02-24,AUD,6Y,6M BBSW,4.28302687443686
2023-02-23,AUD,6Y,6M BBSW,4.293139022996803
2023-02-22,AUD,6Y,6M BBSW,4.259459349469616
2023-02-21,AUD,6Y,6M BBSW,4.191704201094007
2023-02-20,AUD,6Y,6M BBSW,4.164199771451359
2023-02-17,AUD,6Y,6M BBSW,4.135848968805147
2023-02-16,AUD,6Y,6M BBSW,4.095057783261083
2023-02-15,AUD,6Y,6M BBSW,4.117929531373265
2023-02-14,AUD,6Y,6M BBSW,4.10923616391256
2023-02-13,AUD,6Y,6M BBSW,4.136503348316829
2023-02-10,AUD,6Y,6M BBSW,4.120263162071685
2023-02-09,AUD,6Y,6M BBSW,3.986245993479846
2023-02-08,AUD,6Y,6M BBSW,3.953892768606704
2023-02-07,AUD,6Y,6M BBSW,3.945553342385558
2023-02-06,AUD,6Y,6M BBSW,3.791766090718019
2023-02-03,AUD,6Y,6M BBSW,3.808830463829878
2023-02-02,AUD,6Y,6M BBSW,3.835574746783449
2023-02-01,AUD,6Y,6M BBSW,3.910224712337007
2023-01-31,AUD,6Y,6M BBSW,3.878940761603141
2023-01-30,AUD,6Y,6M BBSW,3.9077315480265
2023-01-27,AUD,6Y,6M BBSW,3.912408124864821
2023-01-25,AUD,6Y,6M BBSW,3.857237739467424
2023-01-24,AUD,6Y,6M BBSW,3.77790306898924
2023-01-23,AUD,6Y,6M BBSW,3.77483068710462
2023-01-20,AUD,6Y,6M BBSW,3.7873477573784
2023-01-19,AUD,6Y,6M BBSW,3.67318561158916
2023-01-18,AUD,6Y,6M BBSW,3.872599925485525
2023-01-17,AUD,6Y,6M BBSW,3.926421695691861
2023-01-16,AUD,6Y,6M BBSW,3.932518290362118
2023-01-13,AUD,6Y,6M BBSW,3.939919126481015
2023-01-12,AUD,6Y,6M BBSW,3.936266529652906
2023-01-11,AUD,6Y,6M BBSW,4.067777010095059
2023-01-10,AUD,6Y,6M BBSW,4.095906729295455
2023-01-09,AUD,6Y,6M BBSW,4.116403442624947
2023-01-06,AUD,6Y,6M BBSW,4.085598512070831
2023-01-05,AUD,6Y,6M BBSW,4.187646161226997
2023-01-04,AUD,6Y,6M BBSW,4.214159905969964
2023-01-03,AUD,6Y,6M BBSW,4.299145049780524
2022-12-30,AUD,6Y,6M BBSW,4.334673492938661
2022-12-29,AUD,6Y,6M BBSW,4.316662897853344
2022-12-28,AUD,6Y,6M BBSW,4.339363260081151
2022-12-23,AUD,6Y,6M BBSW,4.151487566884383
2022-12-22,AUD,6Y,6M BBSW,4.128449931654883
2022-12-21,AUD,6Y,6M BBSW,4.030088288818192
2022-12-20,AUD,6Y,6M BBSW,4.111462745841317
2022-12-19,AUD,6Y,6M BBSW,3.952916313933644
2022-12-16,AUD,6Y,6M BBSW,3.91330074811589
2022-12-15,AUD,6Y,6M BBSW,3.901371702378499
2022-12-14,AUD,6Y,6M BBSW,3.809065647289235
2022-12-13,AUD,6Y,6M BBSW,3.855160442961744
2022-12-12,AUD,6Y,6M BBSW,3.81942681086421
2022-12-09,AUD,6Y,6M BBSW,3.803323069385427
2022-12-08,AUD,6Y,6M BBSW,3.817571252574866
2022-12-07,AUD,6Y,6M BBSW,3.803348808866015
2022-12-06,AUD,6Y,6M BBSW,3.829563382043449
2022-12-05,AUD,6Y,6M BBSW,3.785132305037414
2022-12-02,AUD,6Y,6M BBSW,3.763019782863396
2022-12-01,AUD,6Y,6M BBSW,3.88706659209078
2022-11-30,AUD,6Y,6M BBSW,3.94170342422662
2022-11-29,AUD,6Y,6M BBSW,4.010524175246879
2022-11-28,AUD,6Y,6M BBSW,3.972920412532055
2022-11-25,AUD,6Y,6M BBSW,4.058411470705564
2022-11-24,AUD,6Y,6M BBSW,4.027657981009567
2022-11-23,AUD,6Y,6M BBSW,4.021682741464522
2022-11-22,AUD,6Y,6M BBSW,4.003915941487331
2022-11-21,AUD,6Y,6M BBSW,4.000413836346647
2022-11-18,AUD,6Y,6M BBSW,4.030942620802661
2022-11-17,AUD,6Y,6M BBSW,4.019859753135432
2022-11-16,AUD,6Y,6M BBSW,4.119770922192662
2022-11-15,AUD,6Y,6M BBSW,4.200166059680913
2022-11-14,AUD,6Y,6M BBSW,4.273621456899776
2022-11-11,AUD,6Y,6M BBSW,4.176432578069092
2022-11-10,AUD,6Y,6M BBSW,4.239839076485355
2022-11-09,AUD,6Y,6M BBSW,4.375937683405272
2022-11-08,AUD,6Y,6M BBSW,4.509762604522298
2022-11-07,AUD,6Y,6M BBSW,4.403574834612686
2022-11-04,AUD,6Y,6M BBSW,4.418739452206962
2022-11-03,AUD,6Y,6M BBSW,4.511018050152626
2022-11-02,AUD,6Y,6M BBSW,4.411033180217002
2022-11-01,AUD,6Y,6M BBSW,4.329781724630331
2022-10-31,AUD,6Y,6M BBSW,4.275295438519379
2022-10-28,AUD,6Y,6M BBSW,4.287718915378426
2022-10-27,AUD,6Y,6M BBSW,4.369831884072906
2022-10-26,AUD,6Y,6M BBSW,4.472232652898726
2022-10-25,AUD,6Y,6M BBSW,4.588124521991975
2022-10-24,AUD,6Y,6M BBSW,4.67344261751146
2022-10-21,AUD,6Y,6M BBSW,4.696070789384494
2022-10-20,AUD,6Y,6M BBSW,4.532267957915924
2022-10-19,AUD,6Y,6M BBSW,4.388494101726091
2022-10-18,AUD,6Y,6M BBSW,4.369559937418341
2022-10-17,AUD,6Y,6M BBSW,4.448524690521785
2022-10-14,AUD,6Y,6M BBSW,4.440043886982563
2022-10-13,AUD,6Y,6M BBSW,4.364829317928779
2022-10-12,AUD,6Y,6M BBSW,4.329743703759145
2022-10-11,AUD,6Y,6M BBSW,4.355929210381358
2022-10-10,AUD,6Y,6M BBSW,4.259744569191279
2022-10-07,AUD,6Y,6M BBSW,4.265040266264441
2022-10-06,AUD,6Y,6M BBSW,4.145926004686991
2022-10-05,AUD,6Y,6M BBSW,3.983336132117908
2022-10-04,AUD,6Y,6M BBSW,3.988419649861652
2022-09-30,AUD,6Y,6M BBSW,4.321831011337607
2022-09-29,AUD,6Y,6M BBSW,4.289837031944223
2022-09-28,AUD,6Y,6M BBSW,4.483378806218874
2022-09-27,AUD,6Y,6M BBSW,4.442230541301795
2022-09-26,AUD,6Y,6M BBSW,4.329620807507119
2022-09-23,AUD,6Y,6M BBSW,4.267534390004459
2022-09-21,AUD,6Y,6M BBSW,4.027280020515879
2022-09-20,AUD,6Y,6M BBSW,3.934822782828567
2022-09-19,AUD,6Y,6M BBSW,3.99481841348845
2022-09-16,AUD,6Y,6M BBSW,4.016549012223442
2022-09-15,AUD,6Y,6M BBSW,3.963175172714958
2022-09-14,AUD,6Y,6M BBSW,3.975000542757682
2022-09-13,AUD,6Y,6M BBSW,3.861826105717222
2022-09-12,AUD,6Y,6M BBSW,3.836829270178681
2022-09-09,AUD,6Y,6M BBSW,3.808728827378005
2022-09-08,AUD,6Y,6M BBSW,3.842367510606214
2022-09-07,AUD,6Y,6M BBSW,4.022277708300655
2022-09-06,AUD,6Y,6M BBSW,3.911022720406749
2022-09-05,AUD,6Y,6M BBSW,3.952321075761815
2022-09-02,AUD,6Y,6M BBSW,3.931624462554236
2022-09-01,AUD,6Y,6M BBSW,4.02735411908797
2022-08-31,AUD,6Y,6M BBSW,3.933915153377591
2022-08-30,AUD,6Y,6M BBSW,3.993841869284102
2022-08-29,AUD,6Y,6M BBSW,4.052466226401051
2022-08-26,AUD,6Y,6M BBSW,3.914136026950923
2022-08-25,AUD,6Y,6M BBSW,4.046051632047066
2022-08-24,AUD,6Y,6M BBSW,3.952322411929042
2022-08-23,AUD,6Y,6M BBSW,3.977355660609197
2022-08-22,AUD,6Y,6M BBSW,3.844799728534126
2022-08-19,AUD,6Y,6M BBSW,3.74927118062153
2022-08-18,AUD,6Y,6M BBSW,3.612383555495486
2022-08-17,AUD,6Y,6M BBSW,3.536059461843799
2022-08-16,AUD,6Y,6M BBSW,3.519887320969493
2022-08-15,AUD,6Y,6M BBSW,3.672686033877852
2022-08-12,AUD,6Y,6M BBSW,3.675630235704246
2022-08-11,AUD,6Y,6M BBSW,3.631083176232543
2022-08-10,AUD,6Y,6M BBSW,3.552357821324882
2022-08-09,AUD,6Y,6M BBSW,3.494888088222897
2022-08-08,AUD,6Y,6M BBSW,3.494834548360438
2022-08-05,AUD,6Y,6M BBSW,3.520446513636127
2022-08-04,AUD,6Y,6M BBSW,3.42234518693937
2022-08-03,AUD,6Y,6M BBSW,3.338602948964035
2022-08-02,AUD,6Y,6M BBSW,3.297324540051029
2022-07-29,AUD,6Y,6M BBSW,3.2921452375979
2022-07-28,AUD,6Y,6M BBSW,3.446093124917849
2022-07-27,AUD,6Y,6M BBSW,3.576129978300789
2022-07-26,AUD,6Y,6M BBSW,3.697127813758591
2022-07-25,AUD,6Y,6M BBSW,3.689754452339107
2022-07-22,AUD,6Y,6M BBSW,3.643061848328681
2022-07-21,AUD,6Y,6M BBSW,3.892368748509503
2022-07-20,AUD,6Y,6M BBSW,3.924827332376982
2022-07-19,AUD,6Y,6M BBSW,3.878659817350768
2022-07-18,AUD,6Y,6M BBSW,3.778602136819288
2022-07-15,AUD,6Y,6M BBSW,3.78591320319616
2022-07-14,AUD,6Y,6M BBSW,3.779972496928077
2022-07-13,AUD,6Y,6M BBSW,3.757342717672354
2022-07-12,AUD,6Y,6M BBSW,3.778664665046993
2022-07-11,AUD,6Y,6M BBSW,3.953580209447489
2022-07-08,AUD,6Y,6M BBSW,3.87917772326342
2022-07-07,AUD,6Y,6M BBSW,3.791073860363298
2022-07-06,AUD,6Y,6M BBSW,3.717346796663987
2022-07-05,AUD,6Y,6M BBSW,3.889855191051762
2022-07-04,AUD,6Y,6M BBSW,3.761001588231336
2022-07-01,AUD,6Y,6M BBSW,3.772697315872339
2022-06-30,AUD,6Y,6M BBSW,4.067616882267333
2022-06-29,AUD,6Y,6M BBSW,4.127461044726269
2022-06-28,AUD,6Y,6M BBSW,4.07089075458285
2022-06-27,AUD,6Y,6M BBSW,4.068312284576737
2022-06-24,AUD,6Y,6M BBSW,4.036406583305007
2022-06-23,AUD,6Y,6M BBSW,4.158597130882167
2022-06-22,AUD,6Y,6M BBSW,4.281029505323909
2022-06-21,AUD,6Y,6M BBSW,4.414722382839343
2022-06-20,AUD,6Y,6M BBSW,4.38473265732459
2022-06-17,AUD,6Y,6M BBSW,4.453708940278658
2022-06-16,AUD,6Y,6M BBSW,4.4723606209893
2022-06-15,AUD,6Y,6M BBSW,4.440033598253655
2022-06-14,AUD,6Y,6M BBSW,4.237962667994729
2022-06-10,AUD,6Y,6M BBSW,3.987897070766248
2022-06-09,AUD,6Y,6M BBSW,3.848825725648174
2022-06-08,AUD,6Y,6M BBSW,3.848559360724103
2022-06-07,AUD,6Y,6M BBSW,3.820921309723349
2022-06-06,AUD,6Y,6M BBSW,3.731063845938403
2022-06-03,AUD,6Y,6M BBSW,3.728107267665195
2022-06-02,AUD,6Y,6M BBSW,3.73740051784412
2022-06-01,AUD,6Y,6M BBSW,3.614876732753486
2022-05-31,AUD,6Y,6M BBSW,3.53898340961685
2022-05-30,AUD,6Y,6M BBSW,3.393784454676079
2022-05-27,AUD,6Y,6M BBSW,3.388279138523374
2022-05-26,AUD,6Y,6M BBSW,3.377400826162547
2022-05-25,AUD,6Y,6M BBSW,3.387364808765757
2022-05-24,AUD,6Y,6M BBSW,3.472384622507843
2022-05-23,AUD,6Y,6M BBSW,3.439831838859294
2022-05-20,AUD,6Y,6M BBSW,3.387081990087321
2022-05-19,AUD,6Y,6M BBSW,3.566188264134925
2022-05-18,AUD,6Y,6M BBSW,3.58864783408447
2022-05-17,AUD,6Y,6M BBSW,3.56237862129425
2022-05-16,AUD,6Y,6M BBSW,3.481026417948625
2022-05-13,AUD,6Y,6M BBSW,3.50818453901052
2022-05-12,AUD,6Y,6M BBSW,3.623684568200806
2022-05-11,AUD,6Y,6M BBSW,3.651040799988937
2022-05-10,AUD,6Y,6M BBSW,3.671069828230646
2022-05-09,AUD,6Y,6M BBSW,3.706005129537688
2022-05-06,AUD,6Y,6M BBSW,3.755479713480212
2022-05-05,AUD,6Y,6M BBSW,3.611085381610438
2022-05-04,AUD,6Y,6M BBSW,3.729828612143729
2022-05-03,AUD,6Y,6M BBSW,3.506080117570414
2022-05-02,AUD,6Y,6M BBSW,3.468625396144818
2022-04-29,AUD,6Y,6M BBSW,3.491392750428225
2022-04-28,AUD,6Y,6M BBSW,3.359914142484112
2022-04-27,AUD,6Y,6M BBSW,3.323691172179716
2022-04-26,AUD,6Y,6M BBSW,3.301044461841278
2022-04-22,AUD,6Y,6M BBSW,3.329634506988933
2022-04-21,AUD,6Y,6M BBSW,3.191193892758346
2022-04-20,AUD,6Y,6M BBSW,3.167374555585545
2022-04-19,AUD,6Y,6M BBSW,3.074835134473992
2022-04-14,AUD,6Y,6M BBSW,3.012480037849563
2022-04-13,AUD,6Y,6M BBSW,3.101105405100186
2022-04-12,AUD,6Y,6M BBSW,3.139853149342232
2022-04-11,AUD,6Y,6M BBSW,3.128655093357734
2022-04-08,AUD,6Y,6M BBSW,3.15096218643909
2022-04-07,AUD,6Y,6M BBSW,3.088601533109209
2022-04-06,AUD,6Y,6M BBSW,3.153522528898755
2022-04-05,AUD,6Y,6M BBSW,2.953573104532781
2022-04-04,AUD,6Y,6M BBSW,3.014774514992051
2022-04-01,AUD,6Y,6M BBSW,3.041122958334378
2022-03-31,AUD,6Y,6M BBSW,2.93009451737413
2022-03-30,AUD,6Y,6M BBSW,3.01255087758633
2022-03-29,AUD,6Y,6M BBSW,3.1111031643606
2022-03-28,AUD,6Y,6M BBSW,3.029837787561261
2022-03-25,AUD,6Y,6M BBSW,3.002414815350401
2022-03-24,AUD,6Y,6M BBSW,2.856232331204621
2022-03-23,AUD,6Y,6M BBSW,2.877388967812507
2022-03-22,AUD,6Y,6M BBSW,2.784902113695068
2022-03-21,AUD,6Y,6M BBSW,2.628691861853345
2022-03-18,AUD,6Y,6M BBSW,2.587759764130884
2022-03-17,AUD,6Y,6M BBSW,2.594943941719148
2022-03-16,AUD,6Y,6M BBSW,2.56621447655224
2022-03-15,AUD,6Y,6M BBSW,2.615090069868121
2022-03-14,AUD,6Y,6M BBSW,2.548001997016943
2022-03-11,AUD,6Y,6M BBSW,2.492837057512749
2022-03-10,AUD,6Y,6M BBSW,2.484947888962659
2022-03-09,AUD,6Y,6M BBSW,2.474920679527426
2022-03-08,AUD,6Y,6M BBSW,2.39243783212515
2022-03-07,AUD,6Y,6M BBSW,2.262418749826657
2022-03-04,AUD,6Y,6M BBSW,2.213071497321261
2022-03-03,AUD,6Y,6M BBSW,2.239958966225509
2022-03-02,AUD,6Y,6M BBSW,2.167439116363749
2022-03-01,AUD,6Y,6M BBSW,2.262444264754896
2022-02-28,AUD,6Y,6M BBSW,2.257509004875686
2022-02-25,AUD,6Y,6M BBSW,2.351147517714506
2022-02-24,AUD,6Y,6M BBSW,2.269928834106145
2022-02-23,AUD,6Y,6M BBSW,2.352439931987769
2022-02-22,AUD,6Y,6M BBSW,2.313714965287982
2022-02-21,AUD,6Y,6M BBSW,2.318621082711003
2022-02-18,AUD,6Y,6M BBSW,2.286150957309037
2022-02-17,AUD,6Y,6M BBSW,2.31242655349714
2022-02-16,AUD,6Y,6M BBSW,2.359939681597832
2022-02-15,AUD,6Y,6M BBSW,2.357589295119104
2022-02-14,AUD,6Y,6M BBSW,2.28250648546044
2022-02-11,AUD,6Y,6M BBSW,2.352448121511911
2022-02-10,AUD,6Y,6M BBSW,2.192434066418339
2022-02-09,AUD,6Y,6M BBSW,2.217445648550248
2022-02-08,AUD,6Y,6M BBSW,2.219920897153994
2022-02-07,AUD,6Y,6M BBSW,2.11742321201289
2022-02-04,AUD,6Y,6M BBSW,2.108733166817589
2022-02-03,AUD,6Y,6M BBSW,1.963715350627906
2022-02-02,AUD,6Y,6M BBSW,1.988723358123818
2022-02-01,AUD,6Y,6M BBSW,1.954909393667529
2022-01-31,AUD,6Y,6M BBSW,1.991250278825981
2022-01-28,AUD,6Y,6M BBSW,2.014963290270078
2022-01-27,AUD,6Y,6M BBSW,2.091128286416646
2022-01-25,AUD,6Y,6M BBSW,2.01491129742348
2022-01-24,AUD,6Y,6M BBSW,1.986129552893014
2022-01-21,AUD,6Y,6M BBSW,1.94246638871091
2022-01-20,AUD,6Y,6M BBSW,2.018644369825515
2022-01-19,AUD,6Y,6M BBSW,2.002454601919168
2022-01-18,AUD,6Y,6M BBSW,1.968735577800152
2022-01-17,AUD,6Y,6M BBSW,1.931142034545182
2022-01-14,AUD,6Y,6M BBSW,1.899982985660442
2022-01-13,AUD,6Y,6M BBSW,1.87375319279951
2022-01-12,AUD,6Y,6M BBSW,1.859960191686323
2022-01-11,AUD,6Y,6M BBSW,1.898638621904068
2022-01-10,AUD,6Y,6M BBSW,1.922441091526062
2022-01-07,AUD,6Y,6M BBSW,1.902469988802785
2022-01-06,AUD,6Y,6M BBSW,1.883752904513751
2022-01-05,AUD,6Y,6M BBSW,1.822461999903198
2022-01-04,AUD,6Y,6M BBSW,1.779946146793429
2021-12-31,AUD,6Y,6M BBSW,1.76503793190466
2021-12-30,AUD,6Y,6M BBSW,1.762525113063137
2021-12-29,AUD,6Y,6M BBSW,1.679991618378007
2021-12-24,AUD,6Y,6M BBSW,1.692445964085523
2021-12-23,AUD,6Y,6M BBSW,1.71876046532165
2021-12-22,AUD,6Y,6M BBSW,1.727466056316378
2021-12-21,AUD,6Y,6M BBSW,1.753647435949375
2021-12-20,AUD,6Y,6M BBSW,1.729950533081999
2021-12-17,AUD,6Y,6M BBSW,1.754966467095521
2021-12-16,AUD,6Y,6M BBSW,1.704975489663722
2021-12-15,AUD,6Y,6M BBSW,1.684540362658489
2021-12-14,AUD,6Y,6M BBSW,1.665493113318307
2021-12-13,AUD,6Y,6M BBSW,1.692939317268262
2021-12-10,AUD,6Y,6M BBSW,1.714953760484701
2021-12-09,AUD,6Y,6M BBSW,1.737958027494561
2021-12-08,AUD,6Y,6M BBSW,1.774937701509807
2021-12-07,AUD,6Y,6M BBSW,1.738731318636217
2021-12-06,AUD,6Y,6M BBSW,1.747440308808453
2021-12-03,AUD,6Y,6M BBSW,1.678768034825071
2021-12-02,AUD,6Y,6M BBSW,1.826172034528764
2021-12-01,AUD,6Y,6M BBSW,1.832462134756238
2021-11-30,AUD,6Y,6M BBSW,1.796228173781905
2021-11-29,AUD,6Y,6M BBSW,1.817476852894225
2021-11-26,AUD,6Y,6M BBSW,1.708774346846681
2021-11-25,AUD,6Y,6M BBSW,1.894949905583012
2021-11-24,AUD,6Y,6M BBSW,1.899958571430564
2021-11-23,AUD,6Y,6M BBSW,1.96373487935595
2021-11-22,AUD,6Y,6M BBSW,1.868745383153808
2021-11-19,AUD,6Y,6M BBSW,1.817470806429109
2021-11-18,AUD,6Y,6M BBSW,1.828753555981412
2021-11-17,AUD,6Y,6M BBSW,1.849960192496076
2021-11-16,AUD,6Y,6M BBSW,1.849941769699336
2021-11-15,AUD,6Y,6M BBSW,1.790034815061885
2021-11-12,AUD,6Y,6M BBSW,1.821171660195834
2021-11-11,AUD,6Y,6M BBSW,1.8287548426649
2021-11-10,AUD,6Y,6M BBSW,1.693766428585358
2021-11-09,AUD,6Y,6M BBSW,1.706148746110367
2021-11-08,AUD,6Y,6M BBSW,1.68245254252458
2021-11-05,AUD,6Y,6M BBSW,1.724975257881352
2021-11-04,AUD,6Y,6M BBSW,1.752458172993985
2021-11-03,AUD,6Y,6M BBSW,1.691166449525586
2021-11-02,AUD,6Y,6M BBSW,1.829941675992334
2021-11-01,AUD,6Y,6M BBSW,1.828744647146076
2021-10-29,AUD,6Y,6M BBSW,1.791188239111229
2021-10-28,AUD,6Y,6M BBSW,1.823773305723249
2021-10-27,AUD,6Y,6M BBSW,1.724967447492282
2021-10-26,AUD,6Y,6M BBSW,1.568755273534753
2021-10-25,AUD,6Y,6M BBSW,1.536119457788605
2021-10-22,AUD,6Y,6M BBSW,1.531180036576522
2021-10-21,AUD,6Y,6M BBSW,1.544975897187434
2021-10-20,AUD,6Y,6M BBSW,1.521167735964957
2021-10-19,AUD,6Y,6M BBSW,1.491152308477961
2021-10-18,AUD,6Y,6M BBSW,1.483727111652617
2021-10-15,AUD,6Y,6M BBSW,1.374998773134507
2021-10-14,AUD,6Y,6M BBSW,1.311198000873353
2021-10-13,AUD,6Y,6M BBSW,1.337480728311303
2021-10-12,AUD,6Y,6M BBSW,1.367464936959647
2021-10-11,AUD,6Y,6M BBSW,1.348761122493593
2021-10-08,AUD,6Y,6M BBSW,1.317486234412218
2021-10-07,AUD,6Y,6M BBSW,1.223778813090701
2021-10-06,AUD,6Y,6M BBSW,1.223769158238452
2021-10-05,AUD,6Y,6M BBSW,1.202452386134693
2021-10-01,AUD,6Y,6M BBSW,1.196185486578991
2021-09-30,AUD,6Y,6M BBSW,1.170004085298971
2021-09-29,AUD,6Y,6M BBSW,1.174979559182016
2021-09-28,AUD,6Y,6M BBSW,1.163766895683839
2021-09-27,AUD,6Y,6M BBSW,1.109968760546733
2021-09-24,AUD,6Y,6M BBSW,1.09249355050959
2021-09-23,AUD,6Y,6M BBSW,0.9899890430323328
2021-09-22,AUD,6Y,6M BBSW,1.003686238337149
2021-09-21,AUD,6Y,6M BBSW,1.00247905624068
2021-09-20,AUD,6Y,6M BBSW,1.014977537078519
2021-09-17,AUD,6Y,6M BBSW,1.02879463699219
2021-09-16,AUD,6Y,6M BBSW,0.9899891761620032
2021-09-15,AUD,6Y,6M BBSW,0.95001311974672
2021-09-14,AUD,6Y,6M BBSW,0.9969980517858272
2021-09-13,AUD,6Y,6M BBSW,0.9769792587588942
2021-09-10,AUD,6Y,6M BBSW,0.9939949977271276
2021-09-09,AUD,6Y,6M BBSW,0.9889887894111398
2021-09-08,AUD,6Y,6M BBSW,0.9974871497355356
2021-09-07,AUD,6Y,6M BBSW,0.9861801524215126
2021-09-06,AUD,6Y,6M BBSW,0.972479473870718
2021-09-03,AUD,6Y,6M BBSW,0.9761949511085788
2021-09-02,AUD,6Y,6M BBSW,0.9424899635708404
2021-09-01,AUD,6Y,6M BBSW,0.974987734426364
2021-08-31,AUD,6Y,6M BBSW,0.9088180721460296
2021-08-30,AUD,6Y,6M BBSW,0.922511542679626
2021-08-27,AUD,6Y,6M BBSW,0.913799303551261
2021-08-26,AUD,6Y,6M BBSW,0.909992879833164
2021-08-25,AUD,6Y,6M BBSW,0.8924938894779112
2021-08-24,AUD,6Y,6M BBSW,0.8661900142380906
2021-08-23,AUD,6Y,6M BBSW,0.8349902426439525
2021-08-20,AUD,6Y,6M BBSW,0.8061917350204186
2021-08-19,AUD,6Y,6M BBSW,0.8387938734081044
2021-08-18,AUD,6Y,6M BBSW,0.8649944194217586
2021-08-17,AUD,6Y,6M BBSW,0.8724897801215624
2021-08-16,AUD,6Y,6M BBSW,0.8661895967757731
2021-08-13,AUD,6Y,6M BBSW,0.8911901904566415
2021-08-12,AUD,6Y,6M BBSW,0.9011926795507382
2021-08-11,AUD,6Y,6M BBSW,0.9349932236995522
2021-08-10,AUD,6Y,6M BBSW,0.9199886210891448
2021-08-09,AUD,6Y,6M BBSW,0.9424878486364704
2021-08-06,AUD,6Y,6M BBSW,0.9061884819477846
2021-08-05,AUD,6Y,6M BBSW,0.8574904781392202
2021-08-04,AUD,6Y,6M BBSW,0.8549900703965125
2021-08-03,AUD,6Y,6M BBSW,0.8274842647908911
2021-07-30,AUD,6Y,6M BBSW,0.8625013705643777
2021-07-29,AUD,6Y,6M BBSW,0.8287948830911402
2021-07-28,AUD,6Y,6M BBSW,0.8562947541303458
2021-07-27,AUD,6Y,6M BBSW,0.881287591343282
2021-07-26,AUD,6Y,6M BBSW,0.8849731120074197
2021-07-23,AUD,6Y,6M BBSW,0.8887895778428092
2021-07-22,AUD,6Y,6M BBSW,0.8811933454328111
2021-07-21,AUD,6Y,6M BBSW,0.8724946018739469
2021-07-20,AUD,6Y,6M BBSW,0.8774900400489162
2021-07-19,AUD,6Y,6M BBSW,0.941187575348436
2021-07-16,AUD,6Y,6M BBSW,0.9487886673589234
2021-07-15,AUD,6Y,6M BBSW,0.9637991654090752
2021-07-14,AUD,6Y,6M BBSW,0.9949958731471036
2021-07-13,AUD,6Y,6M BBSW,0.962488226986713
2021-07-12,AUD,6Y,6M BBSW,0.9437871471813536
2021-07-09,AUD,6Y,6M BBSW,1.013786118545134
2021-07-08,AUD,6Y,6M BBSW,0.993791507427478
2021-07-07,AUD,6Y,6M BBSW,1.034992024169884
2021-07-06,AUD,6Y,6M BBSW,1.071184819416088
2021-07-05,AUD,6Y,6M BBSW,1.067483905077539
2021-07-02,AUD,6Y,6M BBSW,1.087479781091485
2021-07-01,AUD,6Y,6M BBSW,1.107459676977604
2021-06-30,AUD,6Y,6M BBSW,1.093809040019553
2021-06-29,AUD,6Y,6M BBSW,1.073795465564538
2021-06-28,AUD,6Y,6M BBSW,1.106167413774122
2021-06-25,AUD,6Y,6M BBSW,1.14242691560181
2021-06-24,AUD,6Y,6M BBSW,1.084984065158808
2021-06-23,AUD,6Y,6M BBSW,1.089987015934375
2021-06-22,AUD,6Y,6M BBSW,1.123784464311489
2021-06-21,AUD,6Y,6M BBSW,1.083775212309641
2021-06-18,AUD,6Y,6M BBSW,1.087491954047205
2021-06-17,AUD,6Y,6M BBSW,1.088792027728229
2021-06-16,AUD,6Y,6M BBSW,0.9986937926636992
2021-06-15,AUD,6Y,6M BBSW,0.9735131513728434
2021-06-11,AUD,6Y,6M BBSW,0.9944906309878024
2021-06-10,AUD,6Y,6M BBSW,0.953991313479072
2021-06-09,AUD,6Y,6M BBSW,1.019487208637327
2021-06-08,AUD,6Y,6M BBSW,1.061173859750971
2021-06-07,AUD,6Y,6M BBSW,1.056165712007219
2021-06-04,AUD,6Y,6M BBSW,1.104990862414319
2021-06-03,AUD,6Y,6M BBSW,1.059993704043512
2021-06-02,AUD,6Y,6M BBSW,1.108792219198595
2021-06-01,AUD,6Y,6M BBSW,1.109984947310933
2021-05-31,AUD,6Y,6M BBSW,1.098828986885552
2021-05-28,AUD,6Y,6M BBSW,1.079984974791587
2021-05-27,AUD,6Y,6M BBSW,1.034992267840223
2021-05-26,AUD,6Y,6M BBSW,1.036193999671832
2021-05-25,AUD,6Y,6M BBSW,1.059986201150087
2021-05-24,AUD,6Y,6M BBSW,1.076282159580446
2021-05-21,AUD,6Y,6M BBSW,1.076284634219462
2021-05-20,AUD,6Y,6M BBSW,1.097491243343931
2021-05-19,AUD,6Y,6M BBSW,1.111192951890918
2021-05-18,AUD,6Y,6M BBSW,1.113784577696729
2021-05-17,AUD,6Y,6M BBSW,1.081181788242983
2021-05-14,AUD,6Y,6M BBSW,1.110001847138647
2021-05-13,AUD,6Y,6M BBSW,1.114991028137842
2021-05-12,AUD,6Y,6M BBSW,1.08749361652198
2021-05-11,AUD,6Y,6M BBSW,1.083785623568495
2021-05-10,AUD,6Y,6M BBSW,1.074982161324565
2021-05-07,AUD,6Y,6M BBSW,1.066184765552438
2021-05-06,AUD,6Y,6M BBSW,1.078791473771891
2021-05-05,AUD,6Y,6M BBSW,1.094993513750402
2021-05-04,AUD,6Y,6M BBSW,1.076285697178929
2021-05-03,AUD,6Y,6M BBSW,1.094981400500964
2021-04-30,AUD,6Y,6M BBSW,1.088801518013335
2021-04-29,AUD,6Y,6M BBSW,1.058797788990302
2021-04-28,AUD,6Y,6M BBSW,1.062493311025623
2021-04-27,AUD,6Y,6M BBSW,1.07748574147748
2021-04-26,AUD,6Y,6M BBSW,1.077473455952423
2021-04-23,AUD,6Y,6M BBSW,1.074989238022706
2021-04-22,AUD,6Y,6M BBSW,1.038794318428507
2021-04-21,AUD,6Y,6M BBSW,1.058789180531836
2021-04-20,AUD,6Y,6M BBSW,1.074981629987502
2021-04-19,AUD,6Y,6M BBSW,1.044971047991822
2021-04-16,AUD,6Y,6M BBSW,1.072489007816689
2021-04-15,AUD,6Y,6M BBSW,1.085003336384409
2021-04-14,AUD,6Y,6M BBSW,1.069997841367073
2021-04-13,AUD,6Y,6M BBSW,1.094985516225957
2021-04-12,AUD,6Y,6M BBSW,1.069973584900514
2021-04-09,AUD,6Y,6M BBSW,1.089989522125092
2021-04-08,AUD,6Y,6M BBSW,1.057493469294469
2021-04-07,AUD,6Y,6M BBSW,1.072485046455008
2021-04-06,AUD,6Y,6M BBSW,1.103770598647877
2021-04-01,AUD,6Y,6M BBSW,1.148786701968481
2021-03-31,AUD,6Y,6M BBSW,1.163812755574969
2021-03-30,AUD,6Y,6M BBSW,1.116203535236153
2021-03-29,AUD,6Y,6M BBSW,1.037032711169803
2021-03-26,AUD,6Y,6M BBSW,1.066920778680633
2021-03-25,AUD,6Y,6M BBSW,1.038792104832354
2021-03-24,AUD,6Y,6M BBSW,1.009994773627049
2021-03-23,AUD,6Y,6M BBSW,1.06498645588028
2021-03-22,AUD,6Y,6M BBSW,1.151278469471536
2021-03-19,AUD,6Y,6M BBSW,1.151281515572942
2021-03-18,AUD,6Y,6M BBSW,1.133790397230282
2021-03-17,AUD,6Y,6M BBSW,1.10249368830518
2021-03-16,AUD,6Y,6M BBSW,1.094985555022834
2021-03-15,AUD,6Y,6M BBSW,1.162523344039936
2021-03-12,AUD,6Y,6M BBSW,1.186478522042331
2021-03-11,AUD,6Y,6M BBSW,1.067491981279019
2021-03-10,AUD,6Y,6M BBSW,1.130492874394998
2021-03-09,AUD,6Y,6M BBSW,1.197482096353682
2021-03-08,AUD,6Y,6M BBSW,1.198777715925656
2021-03-05,AUD,6Y,6M BBSW,1.178782604058175
2021-03-04,AUD,6Y,6M BBSW,1.176189626363997
2021-03-03,AUD,6Y,6M BBSW,1.061194047719867
2021-03-02,AUD,6Y,6M BBSW,1.092485651062527
2021-03-01,AUD,6Y,6M BBSW,1.02998344798201
2021-02-26,AUD,6Y,6M BBSW,1.11749331933602
2021-02-25,AUD,6Y,6M BBSW,1.034991886004075
2021-02-24,AUD,6Y,6M BBSW,0.9761851780196116
2021-02-23,AUD,6Y,6M BBSW,0.946183917130738
2021-02-22,AUD,6Y,6M BBSW,0.9737764911901308
2021-02-19,AUD,6Y,6M BBSW,0.9061965125344122
2021-02-18,AUD,6Y,6M BBSW,0.7811958098391956
2021-02-17,AUD,6Y,6M BBSW,0.7999903465411722
2021-02-16,AUD,6Y,6M BBSW,0.7374899042756566
2021-02-15,AUD,6Y,6M BBSW,0.732507869866237
2021-02-12,AUD,6Y,6M BBSW,0.6687983202560314
2021-02-11,AUD,6Y,6M BBSW,0.6524971666362157
2021-02-10,AUD,6Y,6M BBSW,0.6661932861097671
2021-02-09,AUD,6Y,6M BBSW,0.663791861050854
2021-02-08,AUD,6Y,6M BBSW,0.686287402601788
2021-02-05,AUD,6Y,6M BBSW,0.6949963933655826
2021-02-04,AUD,6Y,6M BBSW,0.6511938053849826
2021-02-03,AUD,6Y,6M BBSW,0.6224890501318432
2021-02-02,AUD,6Y,6M BBSW,0.6174878118940633
2021-02-01,AUD,6Y,6M BBSW,0.6161863599507027
2021-01-29,AUD,6Y,6M BBSW,0.637498217621308
2021-01-28,AUD,6Y,6M BBSW,0.5724975905449893
2021-01-27,AUD,6Y,6M BBSW,0.5787935985526741
2021-01-25,AUD,6Y,6M BBSW,0.5974872358921576
2021-01-22,AUD,6Y,6M BBSW,0.5674984080167537
2021-01-21,AUD,6Y,6M BBSW,0.5587977463319679
2021-01-20,AUD,6Y,6M BBSW,0.571195103379692
2021-01-19,AUD,6Y,6M BBSW,0.5687942071482935
2021-01-18,AUD,6Y,6M BBSW,0.5511921786478438
2021-01-15,AUD,6Y,6M BBSW,0.5450005331905098
2021-01-14,AUD,6Y,6M BBSW,0.564998453866308
2021-01-13,AUD,6Y,6M BBSW,0.5687951077841438
2021-01-12,AUD,6Y,6M BBSW,0.5811939560266745
2021-01-11,AUD,6Y,6M BBSW,0.5561921228588753
2021-01-08,AUD,6Y,6M BBSW,0.5674984854939822
2021-01-07,AUD,6Y,6M BBSW,0.5349979387710591
2021-01-06,AUD,6Y,6M BBSW,0.5224959497286383
2021-01-05,AUD,6Y,6M BBSW,0.4812958464003307
2021-01-04,AUD,6Y,6M BBSW,0.5124932913856863
2020-12-31,AUD,6Y,6M BBSW,0.5275032220724497
2020-12-30,AUD,6Y,6M BBSW,0.5275023140262763
2020-12-29,AUD,6Y,6M BBSW,0.5149986938915898
2020-12-24,AUD,6Y,6M BBSW,0.5349960351438667
2020-12-23,AUD,6Y,6M BBSW,0.4824971345478265
2020-12-22,AUD,6Y,6M BBSW,0.5024964929830469
2020-12-21,AUD,6Y,6M BBSW,0.5149931981826901
2020-12-18,AUD,6Y,6M BBSW,0.5449983445653249
2020-12-17,AUD,6Y,6M BBSW,0.5237977914732094
2020-12-16,AUD,6Y,6M BBSW,0.5087980615642064
2020-12-15,AUD,6Y,6M BBSW,0.5082041918894171
2020-12-14,AUD,6Y,6M BBSW,0.4969985658264835
2020-12-11,AUD,6Y,6M BBSW,0.4759982367438964
2020-12-10,AUD,6Y,6M BBSW,0.5044969259698436
2020-12-09,AUD,6Y,6M BBSW,0.5161960533394208
2020-12-08,AUD,6Y,6M BBSW,0.4999933407456712
2020-12-07,AUD,6Y,6M BBSW,0.5099906294775882
2020-12-04,AUD,6Y,6M BBSW,0.55249858187301
2020-12-03,AUD,6Y,6M BBSW,0.4887984015339977
2020-12-02,AUD,6Y,6M BBSW,0.4837982902976021
2020-12-01,AUD,6Y,6M BBSW,0.4474972553802587
2020-11-30,AUD,6Y,6M BBSW,0.446203451032353
2020-11-27,AUD,6Y,6M BBSW,0.4361990508921411
2020-11-26,AUD,6Y,6M BBSW,0.4474986026509562
2020-11-25,AUD,6Y,6M BBSW,0.4649967839878755
2020-11-24,AUD,6Y,6M BBSW,0.4461964867287581
2020-11-23,AUD,6Y,6M BBSW,0.4099957402764858
2020-11-20,AUD,6Y,6M BBSW,0.4299991024378582
2020-11-19,AUD,6Y,6M BBSW,0.43749869831066
2020-11-18,AUD,6Y,6M BBSW,0.4311973062766941
2020-11-17,AUD,6Y,6M BBSW,0.4474963254530419
2020-11-16,AUD,6Y,6M BBSW,0.3861961264124944
2020-11-13,AUD,6Y,6M BBSW,0.3999992794118182
2020-11-12,AUD,6Y,6M BBSW,0.4024988903886688
2020-11-11,AUD,6Y,6M BBSW,0.4549970053592381
2020-11-10,AUD,6Y,6M BBSW,0.401197064954167
2020-11-09,AUD,6Y,6M BBSW,0.3324969505753693
2020-11-06,AUD,6Y,6M BBSW,0.3536995316502374
2020-11-05,AUD,6Y,6M BBSW,0.3199993576785034
2020-11-04,AUD,6Y,6M BBSW,0.3424983322502302
2020-11-03,AUD,6Y,6M BBSW,0.3224980569999133
2020-11-02,AUD,6Y,6M BBSW,0.3561966096845694
2020-10-30,AUD,6Y,6M BBSW,0.376200385084886
2020-10-29,AUD,6Y,6M BBSW,0.3362997261534456
2020-10-28,AUD,6Y,6M BBSW,0.3362991812396934
2020-10-27,AUD,6Y,6M BBSW,0.3449983850013997
2020-10-26,AUD,6Y,6M BBSW,0.3449967989147939
2020-10-23,AUD,6Y,6M BBSW,0.3474993925390038
2020-10-22,AUD,6Y,6M BBSW,0.3699991673503686
2020-10-21,AUD,6Y,6M BBSW,0.3561985604472524
2020-10-20,AUD,6Y,6M BBSW,0.3361979795937969
2020-10-19,AUD,6Y,6M BBSW,0.3399965716933836
2020-10-16,AUD,6Y,6M BBSW,0.3174994232203902
2020-10-15,AUD,6Y,6M BBSW,0.3400005801710244
2020-10-14,AUD,6Y,6M BBSW,0.3699997682118636
2020-10-13,AUD,6Y,6M BBSW,0.3761981335863942
2020-10-12,AUD,6Y,6M BBSW,0.3899961625347097
2020-10-09,AUD,6Y,6M BBSW,0.3911990066455043
2020-10-08,AUD,6Y,6M BBSW,0.3849988023315737
2020-10-07,AUD,6Y,6M BBSW,0.3724978956145163
2020-10-06,AUD,6Y,6M BBSW,0.4087955042421074
2020-10-02,AUD,6Y,6M BBSW,0.4149960802075955
2020-10-01,AUD,6Y,6M BBSW,0.399997970176575
2020-09-30,AUD,6Y,6M BBSW,0.3888005408863387
2020-09-29,AUD,6Y,6M BBSW,0.3774979996014557
2020-09-28,AUD,6Y,6M BBSW,0.3724965731319973
2020-09-25,AUD,6Y,6M BBSW,0.356199328730071
2020-09-24,AUD,6Y,6M BBSW,0.3811989905735027
2020-09-23,AUD,6Y,6M BBSW,0.3874978804319217
2020-09-22,AUD,6Y,6M BBSW,0.4161969834027765
2020-09-21,AUD,6Y,6M BBSW,0.4137958645401871
2020-09-18,AUD,6Y,6M BBSW,0.4274989811414459
2020-09-17,AUD,6Y,6M BBSW,0.4124988667875563
2020-09-16,AUD,6Y,6M BBSW,0.4024977149285038
2020-09-15,AUD,6Y,6M BBSW,0.4202033306446539
2020-09-14,AUD,6Y,6M BBSW,0.4294999102282266
2020-09-11,AUD,6Y,6M BBSW,0.4281990124200402
2020-09-10,AUD,6Y,6M BBSW,0.4531985406213517
2020-09-09,AUD,6Y,6M BBSW,0.4404972115469963
2020-09-08,AUD,6Y,6M BBSW,0.4661964191205091
2020-09-07,AUD,6Y,6M BBSW,0.4774944541802953
2020-09-04,AUD,6Y,6M BBSW,0.50119876665367
2020-09-03,AUD,6Y,6M BBSW,0.444998567679199
2020-09-02,AUD,6Y,6M BBSW,0.4574970862786541
2020-09-01,AUD,6Y,6M BBSW,0.4849962141850076
2020-08-31,AUD,6Y,6M BBSW,0.4850043361101407
2020-08-28,AUD,6Y,6M BBSW,0.4961990983456798
2020-08-27,AUD,6Y,6M BBSW,0.4574982412850346
2020-08-26,AUD,6Y,6M BBSW,0.4824980958476905
2020-08-25,AUD,6Y,6M BBSW,0.4474980430569226
2020-08-24,AUD,6Y,6M BBSW,0.4449966536405065
2020-08-21,AUD,6Y,6M BBSW,0.4549969838673212
2020-08-20,AUD,6Y,6M BBSW,0.4561977035177977
2020-08-19,AUD,6Y,6M BBSW,0.4636982138669223
2020-08-18,AUD,6Y,6M BBSW,0.4674978871779041
2020-08-17,AUD,6Y,6M BBSW,0.4862960756606145
2020-08-14,AUD,6Y,6M BBSW,0.495000245132185
2020-08-13,AUD,6Y,6M BBSW,0.466197638581859
2020-08-12,AUD,6Y,6M BBSW,0.4824980916053163
2020-08-11,AUD,6Y,6M BBSW,0.4524980350521977
2020-08-10,AUD,6Y,6M BBSW,0.4411968357261972
2020-08-07,AUD,6Y,6M BBSW,0.4111973034085631
2020-08-06,AUD,6Y,6M BBSW,0.437497574149169
2020-08-05,AUD,6Y,6M BBSW,0.4187975166795119
2020-08-04,AUD,6Y,6M BBSW,0.429996838061495
2020-07-31,AUD,6Y,6M BBSW,0.4412018888767976
2020-07-30,AUD,6Y,6M BBSW,0.4611989691648832
2020-07-29,AUD,6Y,6M BBSW,0.4611982272425874
2020-07-28,AUD,6Y,6M BBSW,0.4924977004532059
2020-07-27,AUD,6Y,6M BBSW,0.4599957052015918
2020-07-24,AUD,6Y,6M BBSW,0.4612960161494331
2020-07-23,AUD,6Y,6M BBSW,0.4661976474028533
2020-07-22,AUD,6Y,6M BBSW,0.4787980960024199
2020-07-21,AUD,6Y,6M BBSW,0.4624979078150227
2020-07-20,AUD,6Y,6M BBSW,0.4737961671045221
2020-07-17,AUD,6Y,6M BBSW,0.4799967688994124
2020-07-16,AUD,6Y,6M BBSW,0.4949974041886857
2020-07-15,AUD,6Y,6M BBSW,0.4950011697819001
2020-07-14,AUD,6Y,6M BBSW,0.4774986991484736
2020-07-13,AUD,6Y,6M BBSW,0.46749618568185
2020-07-10,AUD,6Y,6M BBSW,0.4436971215960764
2020-07-09,AUD,6Y,6M BBSW,0.4761976102280522
2020-07-08,AUD,6Y,6M BBSW,0.4799980767254124
2020-07-07,AUD,6Y,6M BBSW,0.4862977145884458
2020-07-06,AUD,6Y,6M BBSW,0.5199954353799954
2020-07-03,AUD,6Y,6M BBSW,0.5062959902101483
2020-07-02,AUD,6Y,6M BBSW,0.5149964775217751
2020-07-01,AUD,6Y,6M BBSW,0.5274919795474904
2020-06-30,AUD,6Y,6M BBSW,0.5050025133034937
2020-06-29,AUD,6Y,6M BBSW,0.5099988254383698
2020-06-26,AUD,6Y,6M BBSW,0.5124906223484355
2020-06-25,AUD,6Y,6M BBSW,0.5087864897736321
2020-06-24,AUD,6Y,6M BBSW,0.5461941197834053
2020-06-23,AUD,6Y,6M BBSW,0.5474957633999994
2020-06-22,AUD,6Y,6M BBSW,0.5174960383961223
2020-06-19,AUD,6Y,6M BBSW,0.5224973750138199
2020-06-18,AUD,6Y,6M BBSW,0.5287976047471141
2020-06-17,AUD,6Y,6M BBSW,0.5361967422426654
2020-06-16,AUD,6Y,6M BBSW,0.5649969691086797
2020-06-15,AUD,6Y,6M BBSW,0.5550054274159097
2020-06-12,AUD,6Y,6M BBSW,0.5699956058608593
2020-06-11,AUD,6Y,6M BBSW,0.5649959369203921
2020-06-10,AUD,6Y,6M BBSW,0.6174935819500251
2020-06-09,AUD,6Y,6M BBSW,0.6199934584941349
2020-06-05,AUD,6Y,6M BBSW,0.6549960508463838
2020-06-04,AUD,6Y,6M BBSW,0.5999970389900342
2020-06-03,AUD,6Y,6M BBSW,0.5762963977037582
2020-06-02,AUD,6Y,6M BBSW,0.5436972602016019
2020-06-01,AUD,6Y,6M BBSW,0.5574955221991477
2020-05-29,AUD,6Y,6M BBSW,0.5499996065951446
2020-05-28,AUD,6Y,6M BBSW,0.5424969149571981
2020-05-27,AUD,6Y,6M BBSW,0.5449973508919715
2020-05-26,AUD,6Y,6M BBSW,0.5449971730751662
2020-05-25,AUD,6Y,6M BBSW,0.5299953651508662
2020-05-22,AUD,6Y,6M BBSW,0.5261959939033654
2020-05-21,AUD,6Y,6M BBSW,0.5074973134946599
2020-05-20,AUD,6Y,6M BBSW,0.5386975365182279
2020-05-19,AUD,6Y,6M BBSW,0.5511970250576919
2020-05-18,AUD,6Y,6M BBSW,0.5224952472197755
2020-05-15,AUD,6Y,6M BBSW,0.5188015525420812
2020-05-14,AUD,6Y,6M BBSW,0.4887986201798557
2020-05-13,AUD,6Y,6M BBSW,0.5324976114081861
2020-05-12,AUD,6Y,6M BBSW,0.5436971071065784
2020-05-11,AUD,6Y,6M BBSW,0.5499955081765164
2020-05-08,AUD,6Y,6M BBSW,0.5399955058912769
2020-05-07,AUD,6Y,6M BBSW,0.5761964365080051
2020-05-06,AUD,6Y,6M BBSW,0.5687972545127457
2020-05-05,AUD,6Y,6M BBSW,0.5712967982065238
2020-05-04,AUD,6Y,6M BBSW,0.5662947440010835
2020-05-01,AUD,6Y,6M BBSW,0.5937953109077312
2020-04-30,AUD,6Y,6M BBSW,0.6200020399901779
2020-04-29,AUD,6Y,6M BBSW,0.6524982822667242
2020-04-28,AUD,6Y,6M BBSW,0.6437960655831191
2020-04-27,AUD,6Y,6M BBSW,0.6424940304885086
2020-04-24,AUD,6Y,6M BBSW,0.6236958244599609
2020-04-23,AUD,6Y,6M BBSW,0.6211956056700579
2020-04-22,AUD,6Y,6M BBSW,0.6136956811104686
2020-04-21,AUD,6Y,6M BBSW,0.6099951607097368
2020-04-20,AUD,6Y,6M BBSW,0.6249929084970688
2020-04-17,AUD,6Y,6M BBSW,0.6524952277520819
2020-04-16,AUD,6Y,6M BBSW,0.6537953020549835
2020-04-15,AUD,6Y,6M BBSW,0.7275045635176842
2020-04-14,AUD,6Y,6M BBSW,0.7149994249424325
2020-04-09,AUD,6Y,6M BBSW,0.7074938860246331
2020-04-08,AUD,6Y,6M BBSW,0.6999931612851694
2020-04-07,AUD,6Y,6M BBSW,0.6424904433710157
2020-04-06,AUD,6Y,6M BBSW,0.5922279695374101
2020-04-03,AUD,6Y,6M BBSW,0.5951305014129965
2020-04-02,AUD,6Y,6M BBSW,0.6374920711378903
2020-04-01,AUD,6Y,6M BBSW,0.6149928940111647
2020-03-31,AUD,6Y,6M BBSW,0.678706073905588
2020-03-30,AUD,6Y,6M BBSW,0.6200023028270447
2020-03-27,AUD,6Y,6M BBSW,0.7137931460721219
2020-03-26,AUD,6Y,6M BBSW,0.7299945570344548
2020-03-25,AUD,6Y,6M BBSW,0.7974940728032238
2020-03-24,AUD,6Y,6M BBSW,0.7324949554557866
2020-03-23,AUD,6Y,6M BBSW,0.6974924667479093
2020-03-20,AUD,6Y,6M BBSW,0.8237911609269628
2020-03-19,AUD,6Y,6M BBSW,1.249986946982942
2020-03-18,AUD,6Y,6M BBSW,1.051289759845877
2020-03-17,AUD,6Y,6M BBSW,0.9549904471792808
2020-03-16,AUD,6Y,6M BBSW,0.8187896622550133
2020-03-13,AUD,6Y,6M BBSW,0.9537890440918376
2020-03-12,AUD,6Y,6M BBSW,0.7649936092496988
2020-03-11,AUD,6Y,6M BBSW,0.7324943505081626
2020-03-10,AUD,6Y,6M BBSW,0.7224947079032138
2020-03-09,AUD,6Y,6M BBSW,0.668693788050628
2020-03-06,AUD,6Y,6M BBSW,0.691294023971704
2020-03-05,AUD,6Y,6M BBSW,0.7137943463323418
2020-03-04,AUD,6Y,6M BBSW,0.6736955650591865
2020-03-03,AUD,6Y,6M BBSW,0.6949952379635672
2020-03-02,AUD,6Y,6M BBSW,0.7274921312522085
2020-02-28,AUD,6Y,6M BBSW,0.6840043967795171
2020-02-27,AUD,6Y,6M BBSW,0.7774960210075063
2020-02-26,AUD,6Y,6M BBSW,0.8262923545680607
2020-02-25,AUD,6Y,6M BBSW,0.8224929413745239
2020-02-24,AUD,6Y,6M BBSW,0.8212903410595597
2020-02-21,AUD,6Y,6M BBSW,0.8430462530556546
2020-02-20,AUD,6Y,6M BBSW,0.8899910770123306
2020-02-19,AUD,6Y,6M BBSW,0.9174905624773362
2020-02-18,AUD,6Y,6M BBSW,0.9399908919866818
2020-02-17,AUD,6Y,6M BBSW,0.9711862893281392
2020-02-14,AUD,6Y,6M BBSW,0.9408615042573352
2020-02-13,AUD,6Y,6M BBSW,0.9711889404308336
2020-02-12,AUD,6Y,6M BBSW,0.9824892082596944
2020-02-11,AUD,6Y,6M BBSW,0.9349907596222964
2020-02-10,AUD,6Y,6M BBSW,0.936187230409042
2020-02-07,AUD,6Y,6M BBSW,0.9216751194152972
2020-02-06,AUD,6Y,6M BBSW,1.012485301162968
2020-02-05,AUD,6Y,6M BBSW,0.9549848739083135
2020-02-04,AUD,6Y,6M BBSW,0.8237886405093535
2020-02-03,AUD,6Y,6M BBSW,0.846182763315409
2020-01-31,AUD,6Y,6M BBSW,0.861588669635668
2020-01-30,AUD,6Y,6M BBSW,0.8937993594959136
2020-01-29,AUD,6Y,6M BBSW,0.9511898815846496
2020-01-28,AUD,6Y,6M BBSW,0.87999164531486
2020-01-24,AUD,6Y,6M BBSW,0.9637145845899484
2020-01-23,AUD,6Y,6M BBSW,1.021187704061707
2020-01-22,AUD,6Y,6M BBSW,1.001188388404634
2020-01-21,AUD,6Y,6M BBSW,1.047487898314067
2020-01-20,AUD,6Y,6M BBSW,1.069982704838979
2020-01-17,AUD,6Y,6M BBSW,1.069050006138449
2020-01-16,AUD,6Y,6M BBSW,1.082486093254313
2020-01-15,AUD,6Y,6M BBSW,1.106210249471004
2020-01-14,AUD,6Y,6M BBSW,1.123794999039667
2020-01-13,AUD,6Y,6M BBSW,1.081282662848138
2020-01-10,AUD,6Y,6M BBSW,1.095326944185534
2020-01-09,AUD,6Y,6M BBSW,1.09248577010508
2020-01-08,AUD,6Y,6M BBSW,1.047487298698316
2020-01-07,AUD,6Y,6M BBSW,1.077487414651924
2020-01-06,AUD,6Y,6M BBSW,1.09868212430825
2020-01-03,AUD,6Y,6M BBSW,1.101519026071798
2020-01-02,AUD,6Y,6M BBSW,1.252474350986746
2019-12-31,AUD,6Y,6M BBSW,1.251222308585762
2019-12-30,AUD,6Y,6M BBSW,1.207512748816747
2019-12-27,AUD,6Y,6M BBSW,1.217707967603346
2019-12-24,AUD,6Y,6M BBSW,1.208764852360187
2019-12-23,AUD,6Y,6M BBSW,1.201179051427551
2019-12-20,AUD,6Y,6M BBSW,1.201434052173496
2019-12-19,AUD,6Y,6M BBSW,1.13748662502835
2019-12-18,AUD,6Y,6M BBSW,1.078785225500389
2019-12-17,AUD,6Y,6M BBSW,1.073785331332025
2019-12-16,AUD,6Y,6M BBSW,1.062489940645142
2019-12-13,AUD,6Y,6M BBSW,1.031577788484035
2019-12-12,AUD,6Y,6M BBSW,1.034982658079963
2019-12-11,AUD,6Y,6M BBSW,1.031181551614713
2019-12-10,AUD,6Y,6M BBSW,1.014980019174831
2019-12-09,AUD,6Y,6M BBSW,1.04748349875912
2019-12-06,AUD,6Y,6M BBSW,1.03657429012588
2019-12-05,AUD,6Y,6M BBSW,1.007490210288458
2019-12-04,AUD,6Y,6M BBSW,0.9837882174126864
2019-12-03,AUD,6Y,6M BBSW,1.017485154163153
2019-12-02,AUD,6Y,6M BBSW,0.9924911963525294
2019-11-29,AUD,6Y,6M BBSW,0.9604187252932852
2019-11-28,AUD,6Y,6M BBSW,0.9462898737593608
2019-11-27,AUD,6Y,6M BBSW,0.9587895231442504
2019-11-26,AUD,6Y,6M BBSW,1.034988643567152
2019-11-25,AUD,6Y,6M BBSW,1.012485091768188
2019-11-22,AUD,6Y,6M BBSW,1.011599309522773
2019-11-21,AUD,6Y,6M BBSW,0.9749887587061712
2019-11-20,AUD,6Y,6M BBSW,0.9924887951145208
2019-11-19,AUD,6Y,6M BBSW,1.027488760025653
2019-11-18,AUD,6Y,6M BBSW,1.064983256383274
2019-11-15,AUD,6Y,6M BBSW,1.061022092155917
2019-11-14,AUD,6Y,6M BBSW,1.083798481109151
2019-11-13,AUD,6Y,6M BBSW,1.156184516094733
2019-11-12,AUD,6Y,6M BBSW,1.174985301450553
2019-11-11,AUD,6Y,6M BBSW,1.193779376753476
2019-11-08,AUD,6Y,6M BBSW,1.211426018968616
2019-11-07,AUD,6Y,6M BBSW,1.151283956657801
2019-11-06,AUD,6Y,6M BBSW,1.184983774605281
2019-11-05,AUD,6Y,6M BBSW,1.148785905349765
2019-11-04,AUD,6Y,6M BBSW,1.111182704207026
2019-11-01,AUD,6Y,6M BBSW,1.120204096036299
2019-10-31,AUD,6Y,6M BBSW,1.091215204462927
2019-10-30,AUD,6Y,6M BBSW,1.080008127303433
2019-10-29,AUD,6Y,6M BBSW,1.087494273152892
2019-10-28,AUD,6Y,6M BBSW,1.03249068450211
2019-10-25,AUD,6Y,6M BBSW,1.000291727801318
2019-10-24,AUD,6Y,6M BBSW,1.042486549133309
2019-10-23,AUD,6Y,6M BBSW,1.054983658749962
2019-10-22,AUD,6Y,6M BBSW,1.102484012207208
2019-10-21,AUD,6Y,6M BBSW,1.072486867532937
2019-10-18,AUD,6Y,6M BBSW,1.07152978068793
2019-10-17,AUD,6Y,6M BBSW,0.99998792440737
2019-10-16,AUD,6Y,6M BBSW,0.969986239841904
2019-10-15,AUD,6Y,6M BBSW,0.9400096268117673
2019-10-14,AUD,6Y,6M BBSW,0.9612998025934472
2019-10-11,AUD,6Y,6M BBSW,1.001603972550732
2019-10-10,AUD,6Y,6M BBSW,0.811185381124643
2019-10-09,AUD,6Y,6M BBSW,0.8199902613418398
2019-10-08,AUD,6Y,6M BBSW,0.8074897861838432
2019-10-04,AUD,6Y,6M BBSW,0.8089117492287853
2019-10-03,AUD,6Y,6M BBSW,0.8574876713179472
2019-10-02,AUD,6Y,6M BBSW,0.8874806049543524
2019-10-01,AUD,6Y,6M BBSW,0.9574807560254416
2019-09-30,AUD,6Y,6M BBSW,0.9275037246855466
2019-09-27,AUD,6Y,6M BBSW,0.9316678336559334
2019-09-26,AUD,6Y,6M BBSW,0.9424896605433236
2019-09-25,AUD,6Y,6M BBSW,0.9199904508093194
2019-09-24,AUD,6Y,6M BBSW,0.9612905096244024
2019-09-23,AUD,6Y,6M BBSW,0.9637870529520872
2019-09-20,AUD,6Y,6M BBSW,0.9691352366952956
2019-09-19,AUD,6Y,6M BBSW,1.037487235549091
2019-09-18,AUD,6Y,6M BBSW,1.094986802706083
2019-09-17,AUD,6Y,6M BBSW,1.094988101083497
2019-09-16,AUD,6Y,6M BBSW,1.126182707602602
2019-09-13,AUD,6Y,6M BBSW,1.104017271715177
2019-09-12,AUD,6Y,6M BBSW,1.092485901298508
2019-09-11,AUD,6Y,6M BBSW,1.063787573937784
2019-09-10,AUD,6Y,6M BBSW,1.027489503846519
2019-09-09,AUD,6Y,6M BBSW,0.9811868892837158
2019-09-06,AUD,6Y,6M BBSW,0.9866192552364812
2019-09-05,AUD,6Y,6M BBSW,0.948789596255594
2019-09-04,AUD,6Y,6M BBSW,0.912491217832896
2019-09-03,AUD,6Y,6M BBSW,0.9049916427403152
2019-09-02,AUD,6Y,6M BBSW,0.8874888250176846
2019-08-30,AUD,6Y,6M BBSW,0.9042014664196806
2019-08-29,AUD,6Y,6M BBSW,0.8536976715056814
2019-08-28,AUD,6Y,6M BBSW,0.8549980919583731
2019-08-27,AUD,6Y,6M BBSW,0.8924937797025766
2019-08-26,AUD,6Y,6M BBSW,0.8674910743539109
2019-08-23,AUD,6Y,6M BBSW,0.8392489228601804
2019-08-22,AUD,6Y,6M BBSW,0.8999870270337197
2019-08-21,AUD,6Y,6M BBSW,0.8887943826698635
2019-08-20,AUD,6Y,6M BBSW,0.9024900422336626
2019-08-19,AUD,6Y,6M BBSW,0.8824906474547551
2019-08-16,AUD,6Y,6M BBSW,0.8404475387542145
2019-08-15,AUD,6Y,6M BBSW,0.8587071377968776
2019-08-14,AUD,6Y,6M BBSW,0.8949979713373073
2019-08-13,AUD,6Y,6M BBSW,0.8849903780657066
2019-08-12,AUD,6Y,6M BBSW,0.9061902594380746
2019-08-09,AUD,6Y,6M BBSW,0.92417435950146
2019-08-08,AUD,6Y,6M BBSW,0.9099863835510382
2019-08-07,AUD,6Y,6M BBSW,0.9199918154594116
2019-08-06,AUD,6Y,6M BBSW,0.9424867074791664
2019-08-02,AUD,6Y,6M BBSW,1.007453772564193
2019-08-01,AUD,6Y,6M BBSW,1.118773011855831
2019-07-31,AUD,6Y,6M BBSW,1.115011992207168
2019-07-30,AUD,6Y,6M BBSW,1.129999001146834
2019-07-29,AUD,6Y,6M BBSW,1.117484807934896
2019-07-26,AUD,6Y,6M BBSW,1.15015194701596
2019-07-25,AUD,6Y,6M BBSW,1.192469739602975
2019-07-24,AUD,6Y,6M BBSW,1.224988797873927
2019-07-23,AUD,6Y,6M BBSW,1.262479603017064
2019-07-22,AUD,6Y,6M BBSW,1.276280382127622
2019-07-19,AUD,6Y,6M BBSW,1.278867522474278
2019-07-18,AUD,6Y,6M BBSW,1.258775207334135
2019-07-17,AUD,6Y,6M BBSW,1.297487150839494
2019-07-16,AUD,6Y,6M BBSW,1.296178594226481
2019-07-15,AUD,6Y,6M BBSW,1.340016590490595
2019-07-12,AUD,6Y,6M BBSW,1.318833542614786
2019-07-11,AUD,6Y,6M BBSW,1.248774866301687
2019-07-10,AUD,6Y,6M BBSW,1.252488067958252
2019-07-09,AUD,6Y,6M BBSW,1.264979585727842
2019-07-08,AUD,6Y,6M BBSW,1.276280316650991
2019-07-05,AUD,6Y,6M BBSW,1.226412307710336
2019-07-04,AUD,6Y,6M BBSW,1.244974972159379
2019-07-03,AUD,6Y,6M BBSW,1.234985254497689
2019-07-02,AUD,6Y,6M BBSW,1.264972239112113
2019-07-01,AUD,6Y,6M BBSW,1.27115176506906
2019-06-28,AUD,6Y,6M BBSW,1.27385703780634
2019-06-27,AUD,6Y,6M BBSW,1.286174931828803
2019-06-26,AUD,6Y,6M BBSW,1.227455571762046
2019-06-25,AUD,6Y,6M BBSW,1.226232431581953
2019-06-24,AUD,6Y,6M BBSW,1.237462899275684
2019-06-21,AUD,6Y,6M BBSW,1.243888682076669
2019-06-20,AUD,6Y,6M BBSW,1.226290482524754
2019-06-19,AUD,6Y,6M BBSW,1.299981620978266
2019-06-18,AUD,6Y,6M BBSW,1.329975179563315
2019-06-17,AUD,6Y,6M BBSW,1.377474427501716
2019-06-14,AUD,6Y,6M BBSW,1.343719162999007
2019-06-13,AUD,6Y,6M BBSW,1.384479178868713
2019-06-12,AUD,6Y,6M BBSW,1.414963512640748
2019-06-11,AUD,6Y,6M BBSW,1.452459713635889
2019-06-07,AUD,6Y,6M BBSW,1.426903942976801
2019-06-06,AUD,6Y,6M BBSW,1.44878187741915
2019-06-05,AUD,6Y,6M BBSW,1.492474727906489
2019-06-04,AUD,6Y,6M BBSW,1.488768806053931
2019-06-03,AUD,6Y,6M BBSW,1.499970095084472
2019-05-31,AUD,6Y,6M BBSW,1.465656932808011
2019-05-30,AUD,6Y,6M BBSW,1.507504948597568
2019-05-29,AUD,6Y,6M BBSW,1.464983662447058
2019-05-28,AUD,6Y,6M BBSW,1.502470999472832
2019-05-27,AUD,6Y,6M BBSW,1.507472603499255
2019-05-24,AUD,6Y,6M BBSW,1.491185731545187
2019-05-23,AUD,6Y,6M BBSW,1.543762857977897
2019-05-22,AUD,6Y,6M BBSW,1.59248060298409
2019-05-21,AUD,6Y,6M BBSW,1.618766706085024
2019-05-20,AUD,6Y,6M BBSW,1.642467470163865
2019-05-17,AUD,6Y,6M BBSW,1.598594788238146
2019-05-16,AUD,6Y,6M BBSW,1.617459212523298
2019-05-15,AUD,6Y,6M BBSW,1.650025127413734
2019-05-14,AUD,6Y,6M BBSW,1.656197027847335
2019-05-13,AUD,6Y,6M BBSW,1.67496640149867
2019-05-10,AUD,6Y,6M BBSW,1.698509786207351
2019-05-09,AUD,6Y,6M BBSW,1.687455664055866
2019-05-08,AUD,6Y,6M BBSW,1.70377774758265
2019-05-07,AUD,6Y,6M BBSW,1.677463975323618
2019-05-06,AUD,6Y,6M BBSW,1.67876576590517
2019-05-03,AUD,6Y,6M BBSW,1.72348977944208
2019-05-02,AUD,6Y,6M BBSW,1.71745445749966
2019-05-01,AUD,6Y,6M BBSW,1.712477683843065
2019-04-30,AUD,6Y,6M BBSW,1.737522565126952
2019-04-29,AUD,6Y,6M BBSW,1.729984566895178
2019-04-26,AUD,6Y,6M BBSW,1.709685957487567
2019-04-24,AUD,6Y,6M BBSW,1.707460324125176
2019-04-23,AUD,6Y,6M BBSW,1.833744700682233
2019-04-18,AUD,6Y,6M BBSW,1.8817250138274
2019-04-17,AUD,6Y,6M BBSW,1.892449991419841
2019-04-16,AUD,6Y,6M BBSW,1.864942902440197
2019-04-15,AUD,6Y,6M BBSW,1.887542612685008
2019-04-12,AUD,6Y,6M BBSW,1.911504733826997
2019-04-11,AUD,6Y,6M BBSW,1.823769286322011
2019-04-10,AUD,6Y,6M BBSW,1.818729640717532
2019-04-09,AUD,6Y,6M BBSW,1.849342547170758
2019-04-08,AUD,6Y,6M BBSW,1.833746172096707
2019-04-05,AUD,6Y,6M BBSW,1.854530076852436
2019-04-04,AUD,6Y,6M BBSW,1.850555015845724
2019-04-03,AUD,6Y,6M BBSW,1.798735458703618
2019-04-02,AUD,6Y,6M BBSW,1.802405684886228
2019-04-01,AUD,6Y,6M BBSW,1.809930954898168
2019-03-29,AUD,6Y,6M BBSW,1.769656378713869
2019-03-28,AUD,6Y,6M BBSW,1.73495243859766
2019-03-27,AUD,6Y,6M BBSW,1.76877607760412
2019-03-26,AUD,6Y,6M BBSW,1.789958593059434
2019-03-25,AUD,6Y,6M BBSW,1.776162563306998
2019-03-22,AUD,6Y,6M BBSW,1.74845885238114
2019-03-21,AUD,6Y,6M BBSW,1.878746640014352
2019-03-20,AUD,6Y,6M BBSW,1.90367169073995
2019-03-19,AUD,6Y,6M BBSW,1.923651903983745
2019-03-18,AUD,6Y,6M BBSW,1.948754506105011
2019-03-15,AUD,6Y,6M BBSW,1.922639924873455
2019-03-14,AUD,6Y,6M BBSW,1.948217830397093
2019-03-13,AUD,6Y,6M BBSW,1.948770423302213
2019-03-12,AUD,6Y,6M BBSW,2.014946578540933
2019-03-11,AUD,6Y,6M BBSW,2.013051869501245
2019-03-08,AUD,6Y,6M BBSW,2.005751466002835
2019-03-07,AUD,6Y,6M BBSW,2.053735079854803
2019-03-06,AUD,6Y,6M BBSW,2.074965233155054
2019-03-05,AUD,6Y,6M BBSW,2.127439882939699
2019-03-04,AUD,6Y,6M BBSW,2.151144298447277
2019-03-01,AUD,6Y,6M BBSW,2.133146543272978
2019-02-28,AUD,6Y,6M BBSW,2.089387508705911
2019-02-27,AUD,6Y,6M BBSW,2.063765110127017
2019-02-26,AUD,6Y,6M BBSW,2.06744587219604
2019-02-25,AUD,6Y,6M BBSW,2.064945295982392
2019-02-22,AUD,6Y,6M BBSW,2.044504512997477
2019-02-21,AUD,6Y,6M BBSW,2.067463547022722
2019-02-20,AUD,6Y,6M BBSW,2.086139236742957
2019-02-19,AUD,6Y,6M BBSW,2.11614335305282
2019-02-18,AUD,6Y,6M BBSW,2.118741790065122
2019-02-15,AUD,6Y,6M BBSW,2.11905604154693
2019-02-14,AUD,6Y,6M BBSW,2.111187388230847
2019-02-13,AUD,6Y,6M BBSW,2.113738142235517
2019-02-12,AUD,6Y,6M BBSW,2.086145415359446
2019-02-11,AUD,6Y,6M BBSW,2.066244281553506
2019-02-08,AUD,6Y,6M BBSW,2.045706423206215
2019-02-07,AUD,6Y,6M BBSW,2.098750903930043
2019-02-06,AUD,6Y,6M BBSW,2.172422663840683
2019-02-05,AUD,6Y,6M BBSW,2.199902621976341
2019-02-04,AUD,6Y,6M BBSW,2.202413333398669
2019-02-01,AUD,6Y,6M BBSW,2.221823574381753
2019-01-31,AUD,6Y,6M BBSW,2.213154070678016
2019-01-30,AUD,6Y,6M BBSW,2.237497722133126
2019-01-29,AUD,6Y,6M BBSW,2.242436991881549
2019-01-25,AUD,6Y,6M BBSW,2.242073918999924
2019-01-24,AUD,6Y,6M BBSW,2.26995494371744
2019-01-23,AUD,6Y,6M BBSW,2.287426915035379
2019-01-22,AUD,6Y,6M BBSW,2.294933672644225
2019-01-21,AUD,6Y,6M BBSW,2.314930844682612
2019-01-18,AUD,6Y,6M BBSW,2.320473726415216
2019-01-17,AUD,6Y,6M BBSW,2.269955422947998
2019-01-16,AUD,6Y,6M BBSW,2.274928507235889
2019-01-15,AUD,6Y,6M BBSW,2.261251531938958
2019-01-14,AUD,6Y,6M BBSW,2.268774231851285
2019-01-11,AUD,6Y,6M BBSW,2.284306422590256
2019-01-10,AUD,6Y,6M BBSW,2.273755165923627
2019-01-09,AUD,6Y,6M BBSW,2.297425924100081
2019-01-08,AUD,6Y,6M BBSW,2.276134266319059
2019-01-07,AUD,6Y,6M BBSW,2.248635024202652
2019-01-04,AUD,6Y,6M BBSW,2.312982085256868
2019-01-03,AUD,6Y,6M BBSW,2.206147628629088
2019-01-02,AUD,6Y,6M BBSW,2.268602276329536
2018-12-31,AUD,6Y,6M BBSW,2.30009068791463
2018-12-28,AUD,6Y,6M BBSW,2.310482314678937
2018-12-27,AUD,6Y,6M BBSW,2.346206425083664
2018-12-24,AUD,6Y,6M BBSW,2.347368555294474
2018-12-21,AUD,6Y,6M BBSW,2.371755410770535
2018-12-20,AUD,6Y,6M BBSW,2.333756421593522
2018-12-19,AUD,6Y,6M BBSW,2.379325301173964
2018-12-18,AUD,6Y,6M BBSW,2.394911348448002
2018-12-17,AUD,6Y,6M BBSW,2.417422936651928
2018-12-14,AUD,6Y,6M BBSW,2.407793878649116
2018-12-13,AUD,6Y,6M BBSW,2.44242379383517
2018-12-12,AUD,6Y,6M BBSW,2.402379813849818
2018-12-11,AUD,6Y,6M BBSW,2.409879911252615
2018-12-10,AUD,6Y,6M BBSW,2.389878490862006
2018-12-07,AUD,6Y,6M BBSW,2.377938781596597
2018-12-06,AUD,6Y,6M BBSW,2.40874252690958
2018-12-05,AUD,6Y,6M BBSW,2.457419464953118
2018-12-04,AUD,6Y,6M BBSW,2.49490351884905
2018-12-03,AUD,6Y,6M BBSW,2.558612565926346
2018-11-30,AUD,6Y,6M BBSW,2.527278221286307
2018-11-29,AUD,6Y,6M BBSW,2.54994064452288
2018-11-28,AUD,6Y,6M BBSW,2.558605886963334
2018-11-27,AUD,6Y,6M BBSW,2.566215726616865
2018-11-26,AUD,6Y,6M BBSW,2.562417291530284
2018-11-23,AUD,6Y,6M BBSW,2.577760343135421
2018-11-22,AUD,6Y,6M BBSW,2.593738512873496
2018-11-21,AUD,6Y,6M BBSW,2.619900478306163
2018-11-20,AUD,6Y,6M BBSW,2.627411381802224
2018-11-19,AUD,6Y,6M BBSW,2.596214392280176
2018-11-16,AUD,6Y,6M BBSW,2.615228277053266
2018-11-15,AUD,6Y,6M BBSW,2.653877104126873
2018-11-14,AUD,6Y,6M BBSW,2.622495910703961
2018-11-13,AUD,6Y,6M BBSW,2.644909993315662
2018-11-12,AUD,6Y,6M BBSW,2.639911546375499
2018-11-09,AUD,6Y,6M BBSW,2.62772039682943
2018-11-08,AUD,6Y,6M BBSW,2.664935068112216
2018-11-07,AUD,6Y,6M BBSW,2.626099661410818
2018-11-06,AUD,6Y,6M BBSW,2.627410576508978
2018-11-05,AUD,6Y,6M BBSW,2.61991253739843
2018-11-02,AUD,6Y,6M BBSW,2.617728602418488
2018-11-01,AUD,6Y,6M BBSW,2.561140437502389
2018-10-31,AUD,6Y,6M BBSW,2.528795451267166
2018-10-30,AUD,6Y,6M BBSW,2.51004951579337
2018-10-29,AUD,6Y,6M BBSW,2.496167988241961
2018-10-26,AUD,6Y,6M BBSW,2.495355234366826
2018-10-25,AUD,6Y,6M BBSW,2.526084948529403
2018-10-24,AUD,6Y,6M BBSW,2.572393527178747
2018-10-23,AUD,6Y,6M BBSW,2.583677819194344
2018-10-22,AUD,6Y,6M BBSW,2.619889803620743
2018-10-19,AUD,6Y,6M BBSW,2.616597064634396
2018-10-18,AUD,6Y,6M BBSW,2.639924484244021
2018-10-17,AUD,6Y,6M BBSW,2.612389256446803
2018-10-16,AUD,6Y,6M BBSW,2.62617401973366
2018-10-15,AUD,6Y,6M BBSW,2.596389067104802
2018-10-12,AUD,6Y,6M BBSW,2.586470816017606
2018-10-11,AUD,6Y,6M BBSW,2.62243123339481
2018-10-10,AUD,6Y,6M BBSW,2.623534194663521
2018-10-09,AUD,6Y,6M BBSW,2.639872571154688
2018-10-08,AUD,6Y,6M BBSW,2.633687866703472
2018-10-05,AUD,6Y,6M BBSW,2.616620346559902
2018-10-04,AUD,6Y,6M BBSW,2.588000983257853
2018-10-03,AUD,6Y,6M BBSW,2.533652826179681
2018-10-02,AUD,6Y,6M BBSW,2.583587133768038
2018-09-28,AUD,6Y,6M BBSW,2.557778632468143
2018-09-27,AUD,6Y,6M BBSW,2.611138395992833
2018-09-26,AUD,6Y,6M BBSW,2.642399024351811
2018-09-25,AUD,6Y,6M BBSW,2.65490917041896
2018-09-24,AUD,6Y,6M BBSW,2.623711141462994
2018-09-21,AUD,6Y,6M BBSW,2.621525744341342
2018-09-20,AUD,6Y,6M BBSW,2.61993696352902
2018-09-19,AUD,6Y,6M BBSW,2.619900913162378
2018-09-18,AUD,6Y,6M BBSW,2.559915629764477
2018-09-17,AUD,6Y,6M BBSW,2.528617336895031
2018-09-14,AUD,6Y,6M BBSW,2.531768118883373
2018-09-13,AUD,6Y,6M BBSW,2.516142995271551
2018-09-12,AUD,6Y,6M BBSW,2.484911593544019
2018-09-11,AUD,6Y,6M BBSW,2.488720493719404
2018-09-10,AUD,6Y,6M BBSW,2.487420380425567
2018-09-07,AUD,6Y,6M BBSW,2.496629620498393
2018-09-06,AUD,6Y,6M BBSW,2.488744310883801
2018-09-05,AUD,6Y,6M BBSW,2.492411425871301
2018-09-04,AUD,6Y,6M BBSW,2.446123670136056
2018-09-03,AUD,6Y,6M BBSW,2.443622723005932
2018-08-31,AUD,6Y,6M BBSW,2.428576811129236
2018-08-30,AUD,6Y,6M BBSW,2.496195632841532
2018-08-29,AUD,6Y,6M BBSW,2.521284297015205
2018-08-28,AUD,6Y,6M BBSW,2.537479394114381
2018-08-27,AUD,6Y,6M BBSW,2.50614762352182
2018-08-24,AUD,6Y,6M BBSW,2.506614236369864
2018-08-23,AUD,6Y,6M BBSW,2.477450639404532
2018-08-22,AUD,6Y,6M BBSW,2.494935127073818
2018-08-21,AUD,6Y,6M BBSW,2.487440222934324
2018-08-20,AUD,6Y,6M BBSW,2.476109726596732
2018-08-17,AUD,6Y,6M BBSW,2.500319123549894
2018-08-16,AUD,6Y,6M BBSW,2.486149697758028
2018-08-15,AUD,6Y,6M BBSW,2.503852103573874
2018-08-14,AUD,6Y,6M BBSW,2.519981835789142
2018-08-13,AUD,6Y,6M BBSW,2.519906650429424
2018-08-10,AUD,6Y,6M BBSW,2.536489410563438
2018-08-09,AUD,6Y,6M BBSW,2.574946516344114
2018-08-08,AUD,6Y,6M BBSW,2.60552878979634
2018-08-07,AUD,6Y,6M BBSW,2.596217413854993
2018-08-03,AUD,6Y,6M BBSW,2.61160163537306
2018-08-02,AUD,6Y,6M BBSW,2.648713395994912
2018-08-01,AUD,6Y,6M BBSW,2.62607846497279
2018-07-31,AUD,6Y,6M BBSW,2.607583560339492
2018-07-30,AUD,6Y,6M BBSW,2.574998575316337
2018-07-27,AUD,6Y,6M BBSW,2.562740726709925
2018-07-26,AUD,6Y,6M BBSW,2.624811171738027
2018-07-25,AUD,6Y,6M BBSW,2.626113134126901
2018-07-24,AUD,6Y,6M BBSW,2.64743177260044
2018-07-23,AUD,6Y,6M BBSW,2.619899088389571
2018-07-20,AUD,6Y,6M BBSW,2.62891175274744
2018-07-19,AUD,6Y,6M BBSW,2.618744378942757
2018-07-18,AUD,6Y,6M BBSW,2.592429006744636
2018-07-17,AUD,6Y,6M BBSW,2.593734026692598
2018-07-16,AUD,6Y,6M BBSW,2.582401841490974
2018-07-13,AUD,6Y,6M BBSW,2.565265676642176
2018-07-12,AUD,6Y,6M BBSW,2.578646559376272
2018-07-11,AUD,6Y,6M BBSW,2.581130439062337
2018-07-10,AUD,6Y,6M BBSW,2.60243425659421
2018-07-09,AUD,6Y,6M BBSW,2.571102358346381
2018-07-06,AUD,6Y,6M BBSW,2.572759910937476
2018-07-05,AUD,6Y,6M BBSW,2.559947017560646
2018-07-04,AUD,6Y,6M BBSW,2.549931934999425
2018-07-03,AUD,6Y,6M BBSW,2.547419683351434
2018-07-02,AUD,6Y,6M BBSW,2.559868378568919
2018-06-29,AUD,6Y,6M BBSW,2.571056690918209
2018-06-28,AUD,6Y,6M BBSW,2.577428775835894
2018-06-27,AUD,6Y,6M BBSW,2.64797269598242
2018-06-26,AUD,6Y,6M BBSW,2.588475624926597
2018-06-25,AUD,6Y,6M BBSW,2.585977483765863
2018-06-22,AUD,6Y,6M BBSW,2.595248746732884
2018-06-21,AUD,6Y,6M BBSW,2.623658792270784
2018-06-20,AUD,6Y,6M BBSW,2.589941634693149
2018-06-19,AUD,6Y,6M BBSW,2.57740185685675
2018-06-18,AUD,6Y,6M BBSW,2.6061924798427
2018-06-15,AUD,6Y,6M BBSW,2.635603925849858
2018-06-14,AUD,6Y,6M BBSW,2.658081913762627
2018-06-13,AUD,6Y,6M BBSW,2.701198249161478
2018-06-12,AUD,6Y,6M BBSW,2.711134701292297
2018-06-08,AUD,6Y,6M BBSW,2.711489641602049
2018-06-07,AUD,6Y,6M BBSW,2.742438322168254
2018-06-06,AUD,6Y,6M BBSW,2.684920815331909
2018-06-05,AUD,6Y,6M BBSW,2.686093905255028
2018-06-04,AUD,6Y,6M BBSW,2.66608759304044
2025-11-13,AUD,7Y,6M BBSW,4.325699999999999
2025-11-12,AUD,7Y,6M BBSW,4.210499999982624
2025-11-11,AUD,7Y,6M BBSW,4.182699999982805
2025-11-10,AUD,7Y,6M BBSW,4.185196011260945
2025-11-07,AUD,7Y,6M BBSW,4.138299999998315
2025-11-06,AUD,7Y,6M BBSW,4.135799999997786
2025-11-05,AUD,7Y,6M BBSW,4.16829999998277
2025-11-04,AUD,7Y,6M BBSW,4.14709999999931
2025-11-03,AUD,7Y,6M BBSW,4.165695955606751
2025-10-31,AUD,7Y,6M BBSW,4.132899999999171
2025-10-30,AUD,7Y,6M BBSW,4.122199999997801
2025-10-29,AUD,7Y,6M BBSW,4.144899999984712
2025-10-28,AUD,7Y,6M BBSW,3.992499999986428
2025-10-27,AUD,7Y,6M BBSW,3.987799999987398
2025-10-24,AUD,7Y,6M BBSW,3.936899999986182
2025-10-23,AUD,7Y,6M BBSW,3.954299999992214
2025-10-22,AUD,7Y,6M BBSW,3.904799999990543
2025-10-21,AUD,7Y,6M BBSW,3.927199999990057
2025-10-20,AUD,7Y,6M BBSW,3.893999999991343
2025-10-17,AUD,7Y,6M BBSW,3.909299999997894
2025-10-16,AUD,7Y,6M BBSW,3.890100000007994
2025-10-15,AUD,7Y,6M BBSW,3.998191901118537
2025-10-14,AUD,7Y,6M BBSW,4.016492392287417
2025-10-13,AUD,7Y,6M BBSW,4.028499999994627
2025-10-10,AUD,7Y,6M BBSW,4.079299999997687
2025-10-09,AUD,7Y,6M BBSW,4.100399999998475
2025-10-08,AUD,7Y,6M BBSW,4.051399999994892
2025-10-07,AUD,7Y,6M BBSW,4.068361158768997
2025-10-03,AUD,7Y,6M BBSW,4.040960525992827
2025-10-02,AUD,7Y,6M BBSW,4.04050773208497
2025-10-01,AUD,7Y,6M BBSW,4.066867882093734
2025-09-30,AUD,7Y,6M BBSW,4.087142679808512
2025-09-29,AUD,7Y,6M BBSW,4.041045993260664
2025-09-26,AUD,7Y,6M BBSW,4.073449949113835
2025-09-25,AUD,7Y,6M BBSW,4.086576708948425
2025-09-24,AUD,7Y,6M BBSW,4.049462770757732
2025-09-23,AUD,7Y,6M BBSW,3.953408474537949
2025-09-22,AUD,7Y,6M BBSW,3.97840574715706
2025-09-19,AUD,7Y,6M BBSW,3.948447146895719
2025-09-18,AUD,7Y,6M BBSW,3.936278589156887
2025-09-17,AUD,7Y,6M BBSW,3.940370439398909
2025-09-16,AUD,7Y,6M BBSW,3.920111770202197
2025-09-15,AUD,7Y,6M BBSW,3.928215320498836
2025-09-12,AUD,7Y,6M BBSW,3.938149830952811
2025-09-11,AUD,7Y,6M BBSW,3.895404294922918
2025-09-10,AUD,7Y,6M BBSW,3.916272165239069
2025-09-09,AUD,7Y,6M BBSW,3.966906498479862
2025-09-08,AUD,7Y,6M BBSW,3.914710907435166
2025-09-05,AUD,7Y,6M BBSW,3.949251331664173
2025-09-04,AUD,7Y,6M BBSW,3.977453119489486
2025-09-03,AUD,7Y,6M BBSW,4.011565289850318
2025-09-02,AUD,7Y,6M BBSW,3.990103121162285
2025-09-01,AUD,7Y,6M BBSW,3.978703114348107
2025-08-29,AUD,7Y,6M BBSW,3.921842019670706
2025-08-28,AUD,7Y,6M BBSW,3.906211535282426
2025-08-27,AUD,7Y,6M BBSW,3.934367492425896
2025-08-26,AUD,7Y,6M BBSW,3.943347961468642
2025-08-25,AUD,7Y,6M BBSW,3.933968388364194
2025-08-22,AUD,7Y,6M BBSW,3.938460515671766
2025-08-21,AUD,7Y,6M BBSW,3.945720435143213
2025-08-20,AUD,7Y,6M BBSW,3.913289576616639
2025-08-19,AUD,7Y,6M BBSW,3.955046755838855
2025-08-18,AUD,7Y,6M BBSW,3.941168223498372
2025-08-15,AUD,7Y,6M BBSW,3.893814934771672
2025-08-14,AUD,7Y,6M BBSW,3.895584107932739
2025-08-13,AUD,7Y,6M BBSW,3.851993508526429
2025-08-12,AUD,7Y,6M BBSW,3.901952035037415
2025-08-11,AUD,7Y,6M BBSW,3.920870680491686
2025-08-08,AUD,7Y,6M BBSW,3.920466205958247
2025-08-07,AUD,7Y,6M BBSW,3.910913328125253
2025-08-06,AUD,7Y,6M BBSW,3.890228324864114
2025-08-05,AUD,7Y,6M BBSW,3.894259676143327
2025-08-01,AUD,7Y,6M BBSW,3.880506498315
2025-07-31,AUD,7Y,6M BBSW,3.956784074304531
2025-07-30,AUD,7Y,6M BBSW,3.944867337086452
2025-07-29,AUD,7Y,6M BBSW,3.961846464902345
2025-07-28,AUD,7Y,6M BBSW,3.995331320474112
2025-07-25,AUD,7Y,6M BBSW,3.991944928569539
2025-07-24,AUD,7Y,6M BBSW,3.996420700917645
2025-07-23,AUD,7Y,6M BBSW,3.964186369554475
2025-07-22,AUD,7Y,6M BBSW,3.932349014385211
2025-07-21,AUD,7Y,6M BBSW,3.940267958509462
2025-07-18,AUD,7Y,6M BBSW,3.971548572718032
2025-07-17,AUD,7Y,6M BBSW,3.947918676188685
2025-07-16,AUD,7Y,6M BBSW,4.020982973827477
2025-07-15,AUD,7Y,6M BBSW,4.061027277083616
2025-07-14,AUD,7Y,6M BBSW,3.997566858072268
2025-07-11,AUD,7Y,6M BBSW,3.995938275133048
2025-07-10,AUD,7Y,6M BBSW,3.96210586917808
2025-07-09,AUD,7Y,6M BBSW,3.935288523378679
2025-07-08,AUD,7Y,6M BBSW,3.963446296308434
2025-07-07,AUD,7Y,6M BBSW,3.874773219829784
2025-07-04,AUD,7Y,6M BBSW,3.84499731088311
2025-07-03,AUD,7Y,6M BBSW,3.866147755154641
2025-07-02,AUD,7Y,6M BBSW,3.843667074502221
2025-07-01,AUD,7Y,6M BBSW,3.804712768068704
2025-06-30,AUD,7Y,6M BBSW,3.811892370421721
2025-06-27,AUD,7Y,6M BBSW,3.81521047367531
2025-06-26,AUD,7Y,6M BBSW,3.786456628580531
2025-06-25,AUD,7Y,6M BBSW,3.799164557208282
2025-06-24,AUD,7Y,6M BBSW,3.818919733209843
2025-06-23,AUD,7Y,6M BBSW,3.861650794374723
2025-06-20,AUD,7Y,6M BBSW,3.864765063900968
2025-06-19,AUD,7Y,6M BBSW,3.865635343535846
2025-06-18,AUD,7Y,6M BBSW,3.907414312184187
2025-06-17,AUD,7Y,6M BBSW,3.886776690919371
2025-06-16,AUD,7Y,6M BBSW,3.895608407983653
2025-06-13,AUD,7Y,6M BBSW,3.89510595989615
2025-06-12,AUD,7Y,6M BBSW,3.821806145815612
2025-06-11,AUD,7Y,6M BBSW,3.895553692266762
2025-06-10,AUD,7Y,6M BBSW,3.939978188002927
2025-06-06,AUD,7Y,6M BBSW,3.983192824097174
2025-06-05,AUD,7Y,6M BBSW,3.913805998478248
2025-06-04,AUD,7Y,6M BBSW,3.85361712336348
2025-06-03,AUD,7Y,6M BBSW,3.887275865694691
2025-06-02,AUD,7Y,6M BBSW,3.931202753761928
2025-05-30,AUD,7Y,6M BBSW,3.887339083110301
2025-05-29,AUD,7Y,6M BBSW,3.927524380177299
2025-05-28,AUD,7Y,6M BBSW,4.007283639860908
2025-05-27,AUD,7Y,6M BBSW,3.903452116604975
2025-05-26,AUD,7Y,6M BBSW,3.948667640412884
2025-05-23,AUD,7Y,6M BBSW,3.986042576344009
2025-05-22,AUD,7Y,6M BBSW,4.016173894033693
2025-05-21,AUD,7Y,6M BBSW,4.104878448258533
2025-05-20,AUD,7Y,6M BBSW,4.00424371344512
2025-05-19,AUD,7Y,6M BBSW,4.100259608299344
2025-05-16,AUD,7Y,6M BBSW,4.11838771147527
2025-05-15,AUD,7Y,6M BBSW,4.090529637517636
2025-05-14,AUD,7Y,6M BBSW,4.160765180339064
2025-05-13,AUD,7Y,6M BBSW,4.097735552179791
2025-05-12,AUD,7Y,6M BBSW,4.054861925555393
2025-05-09,AUD,7Y,6M BBSW,3.913769713081212
2025-05-08,AUD,7Y,6M BBSW,3.914539897410441
2025-05-07,AUD,7Y,6M BBSW,3.850495208462681
2025-05-06,AUD,7Y,6M BBSW,3.930249994443231
2025-05-05,AUD,7Y,6M BBSW,3.917170430235811
2025-05-02,AUD,7Y,6M BBSW,3.902475346991184
2025-05-01,AUD,7Y,6M BBSW,3.843689524469508
2025-04-30,AUD,7Y,6M BBSW,3.810382836592506
2025-04-29,AUD,7Y,6M BBSW,3.820267075789549
2025-04-28,AUD,7Y,6M BBSW,3.826214359034308
2025-04-24,AUD,7Y,6M BBSW,3.87942994480722
2025-04-23,AUD,7Y,6M BBSW,3.941912566875161
2025-04-22,AUD,7Y,6M BBSW,3.89244559724196
2025-04-17,AUD,7Y,6M BBSW,3.892093480947355
2025-04-16,AUD,7Y,6M BBSW,3.920085128690665
2025-04-15,AUD,7Y,6M BBSW,3.979588562974724
2025-04-14,AUD,7Y,6M BBSW,3.997590889805043
2025-04-11,AUD,7Y,6M BBSW,4.104438591887237
2025-04-10,AUD,7Y,6M BBSW,3.99296768600912
2025-04-09,AUD,7Y,6M BBSW,3.952913234660858
2025-04-08,AUD,7Y,6M BBSW,3.900076283115413
2025-04-07,AUD,7Y,6M BBSW,3.99116875962824
2025-04-04,AUD,7Y,6M BBSW,3.846730899137627
2025-03-28,AUD,7Y,6M BBSW,4.128545892757508
2025-03-27,AUD,7Y,6M BBSW,4.172605554061618
2025-03-26,AUD,7Y,6M BBSW,4.18388834724689
2025-03-25,AUD,7Y,6M BBSW,4.179430053048872
2025-03-24,AUD,7Y,6M BBSW,4.150558593124589
2025-03-21,AUD,7Y,6M BBSW,4.132277927517876
2025-03-20,AUD,7Y,6M BBSW,4.139074677774318
2025-03-19,AUD,7Y,6M BBSW,4.146172692561301
2025-03-18,AUD,7Y,6M BBSW,4.170431808786057
2025-03-17,AUD,7Y,6M BBSW,4.156158447656883
2025-03-14,AUD,7Y,6M BBSW,4.173359603190034
2025-03-13,AUD,7Y,6M BBSW,4.139474345139122
2025-03-12,AUD,7Y,6M BBSW,4.194569517530207
2025-03-11,AUD,7Y,6M BBSW,4.183630480937301
2025-03-10,AUD,7Y,6M BBSW,4.134659604983631
2025-03-07,AUD,7Y,6M BBSW,4.185156968383298
2025-03-06,AUD,7Y,6M BBSW,4.207427791355887
2025-03-05,AUD,7Y,6M BBSW,4.241065830414073
2025-03-04,AUD,7Y,6M BBSW,4.160232794774737
2025-03-03,AUD,7Y,6M BBSW,4.0811644867764
2025-02-28,AUD,7Y,6M BBSW,4.12713101700053
2025-02-27,AUD,7Y,6M BBSW,4.143362837889491
2025-02-26,AUD,7Y,6M BBSW,4.160226163405565
2025-02-25,AUD,7Y,6M BBSW,4.190858651704564
2025-02-24,AUD,7Y,6M BBSW,4.239351588802845
2025-02-21,AUD,7Y,6M BBSW,4.299730817542271
2025-02-20,AUD,7Y,6M BBSW,4.34695377981587
2025-02-19,AUD,7Y,6M BBSW,4.341309783554033
2025-02-18,AUD,7Y,6M BBSW,4.358147590494989
2025-02-17,AUD,7Y,6M BBSW,4.267548889556593
2025-02-14,AUD,7Y,6M BBSW,4.242997272274903
2025-02-13,AUD,7Y,6M BBSW,4.242661618065954
2025-02-12,AUD,7Y,6M BBSW,4.347908848668062
2025-02-11,AUD,7Y,6M BBSW,4.268253258860764
2025-02-10,AUD,7Y,6M BBSW,4.195156733899019
2025-02-07,AUD,7Y,6M BBSW,4.21205414769978
2025-02-06,AUD,7Y,6M BBSW,4.153096559393002
2025-02-05,AUD,7Y,6M BBSW,4.117427737436222
2025-02-04,AUD,7Y,6M BBSW,4.23271245620101
2025-02-03,AUD,7Y,6M BBSW,4.227414401087524
2025-01-31,AUD,7Y,6M BBSW,4.196146884077627
2025-01-30,AUD,7Y,6M BBSW,4.18566135060092
2025-01-29,AUD,7Y,6M BBSW,4.199422887827617
2025-01-28,AUD,7Y,6M BBSW,4.245520321094584
2025-01-24,AUD,7Y,6M BBSW,4.281265791721997
2025-01-23,AUD,7Y,6M BBSW,4.309058501649185
2025-01-22,AUD,7Y,6M BBSW,4.319312288724687
2025-01-21,AUD,7Y,6M BBSW,4.288553803208327
2025-01-20,AUD,7Y,6M BBSW,4.285947738496588
2025-01-17,AUD,7Y,6M BBSW,4.342000829866032
2025-01-16,AUD,7Y,6M BBSW,4.328256825058233
2025-01-15,AUD,7Y,6M BBSW,4.336348366928005
2025-01-14,AUD,7Y,6M BBSW,4.456162710809506
2025-01-13,AUD,7Y,6M BBSW,4.427858463192389
2025-01-10,AUD,7Y,6M BBSW,4.382679358173264
2025-01-09,AUD,7Y,6M BBSW,4.297960166972504
2025-01-08,AUD,7Y,6M BBSW,4.345710255260597
2025-01-07,AUD,7Y,6M BBSW,4.357249251368814
2025-01-06,AUD,7Y,6M BBSW,4.270782561515024
2025-01-03,AUD,7Y,6M BBSW,4.219649025486367
2025-01-02,AUD,7Y,6M BBSW,4.210732298651797
2024-12-31,AUD,7Y,6M BBSW,4.17907466441735
2024-12-30,AUD,7Y,6M BBSW,4.20430666284801
2024-12-27,AUD,7Y,6M BBSW,4.228244108620979
2024-12-24,AUD,7Y,6M BBSW,4.266479198435871
2024-12-23,AUD,7Y,6M BBSW,4.263512455524751
2024-12-20,AUD,7Y,6M BBSW,4.267611332097405
2024-12-19,AUD,7Y,6M BBSW,4.307424577710571
2024-12-18,AUD,7Y,6M BBSW,4.216594990886875
2024-12-17,AUD,7Y,6M BBSW,4.150361604988628
2024-12-16,AUD,7Y,6M BBSW,4.176793915135717
2024-12-13,AUD,7Y,6M BBSW,4.204023394888375
2024-12-12,AUD,7Y,6M BBSW,4.186370713668746
2024-12-11,AUD,7Y,6M BBSW,4.075735443406248
2024-12-10,AUD,7Y,6M BBSW,4.062471127682165
2024-12-09,AUD,7Y,6M BBSW,4.147798237565286
2024-12-06,AUD,7Y,6M BBSW,4.128872972075909
2024-12-05,AUD,7Y,6M BBSW,4.166440248842786
2024-12-04,AUD,7Y,6M BBSW,4.121700806661038
2024-12-03,AUD,7Y,6M BBSW,4.243056404041753
2024-12-02,AUD,7Y,6M BBSW,4.197994141195408
2024-11-29,AUD,7Y,6M BBSW,4.220367847550105
2024-11-28,AUD,7Y,6M BBSW,4.272662920310863
2024-11-27,AUD,7Y,6M BBSW,4.291517277487976
2024-11-26,AUD,7Y,6M BBSW,4.322053249929288
2024-11-25,AUD,7Y,6M BBSW,4.314181697935904
2024-11-22,AUD,7Y,6M BBSW,4.384766704590322
2024-11-21,AUD,7Y,6M BBSW,4.42335174271918
2024-11-20,AUD,7Y,6M BBSW,4.418405578866244
2024-11-19,AUD,7Y,6M BBSW,4.399747462282929
2024-11-18,AUD,7Y,6M BBSW,4.395370065700027
2024-11-15,AUD,7Y,6M BBSW,4.444014993087849
2024-11-14,AUD,7Y,6M BBSW,4.485961470744741
2024-11-13,AUD,7Y,6M BBSW,4.514296479356168
2024-11-12,AUD,7Y,6M BBSW,4.508041310074484
2024-11-11,AUD,7Y,6M BBSW,4.439563702889967
2024-11-08,AUD,7Y,6M BBSW,4.387366207703986
2024-11-07,AUD,7Y,6M BBSW,4.429751988338924
2024-11-06,AUD,7Y,6M BBSW,4.481999175068239
2024-11-05,AUD,7Y,6M BBSW,4.427145870264038
2024-11-04,AUD,7Y,6M BBSW,4.398567960831937
2024-11-01,AUD,7Y,6M BBSW,4.430941259151162
2024-10-31,AUD,7Y,6M BBSW,4.425992620486898
2024-10-30,AUD,7Y,6M BBSW,4.418218482229603
2024-10-29,AUD,7Y,6M BBSW,4.340462958170411
2024-10-28,AUD,7Y,6M BBSW,4.326778487134813
2024-10-24,AUD,7Y,6M BBSW,4.29762952456356
2024-10-23,AUD,7Y,6M BBSW,4.368687125218629
2024-10-22,AUD,7Y,6M BBSW,4.337013382708411
2024-10-21,AUD,7Y,6M BBSW,4.273339397579061
2024-10-17,AUD,7Y,6M BBSW,4.220599308647075
2024-10-16,AUD,7Y,6M BBSW,4.102268370541449
2024-10-15,AUD,7Y,6M BBSW,4.127625290832876
2024-10-14,AUD,7Y,6M BBSW,4.166706099219293
2024-10-11,AUD,7Y,6M BBSW,4.148065250472201
2024-10-10,AUD,7Y,6M BBSW,4.132244359469704
2024-10-09,AUD,7Y,6M BBSW,4.144499812576213
2024-10-08,AUD,7Y,6M BBSW,4.104265764504509
2024-10-04,AUD,7Y,6M BBSW,4.067640386697085
2024-10-03,AUD,7Y,6M BBSW,3.972889290152288
2024-10-02,AUD,7Y,6M BBSW,3.92461950409124
2024-10-01,AUD,7Y,6M BBSW,3.885089912517227
2024-09-30,AUD,7Y,6M BBSW,3.907787610538414
2024-09-27,AUD,7Y,6M BBSW,3.849001125222432
2024-09-26,AUD,7Y,6M BBSW,3.873282767175967
2024-09-25,AUD,7Y,6M BBSW,3.844455233290139
2024-09-24,AUD,7Y,6M BBSW,3.805884379973273
2024-09-23,AUD,7Y,6M BBSW,3.882417212528531
2024-09-20,AUD,7Y,6M BBSW,3.863018742716376
2024-09-19,AUD,7Y,6M BBSW,3.847292325165524
2024-09-18,AUD,7Y,6M BBSW,3.822257142324335
2024-09-17,AUD,7Y,6M BBSW,3.7706872253036
2024-09-16,AUD,7Y,6M BBSW,3.720136141476825
2024-09-13,AUD,7Y,6M BBSW,3.755190613957421
2024-09-12,AUD,7Y,6M BBSW,3.773896526491341
2024-09-11,AUD,7Y,6M BBSW,3.812757971945224
2024-09-10,AUD,7Y,6M BBSW,3.81428445663197
2024-09-09,AUD,7Y,6M BBSW,3.862415155830831
2024-09-06,AUD,7Y,6M BBSW,3.856621630842146
2024-09-05,AUD,7Y,6M BBSW,3.890489751699024
2024-09-04,AUD,7Y,6M BBSW,3.85485441825381
2024-09-03,AUD,7Y,6M BBSW,3.90707966113274
2024-09-02,AUD,7Y,6M BBSW,3.990097137081928
2024-08-30,AUD,7Y,6M BBSW,3.949802737024618
2024-08-29,AUD,7Y,6M BBSW,3.922468271402593
2024-08-27,AUD,7Y,6M BBSW,3.858766381024629
2024-08-26,AUD,7Y,6M BBSW,3.843265436621305
2024-08-23,AUD,7Y,6M BBSW,3.861852663266862
2024-08-22,AUD,7Y,6M BBSW,3.900698696261535
2024-08-21,AUD,7Y,6M BBSW,3.862364176766229
2024-08-20,AUD,7Y,6M BBSW,3.871487527559551
2024-08-19,AUD,7Y,6M BBSW,3.919247946059565
2024-08-16,AUD,7Y,6M BBSW,3.913315690954937
2024-08-15,AUD,7Y,6M BBSW,3.95325007798765
2024-08-14,AUD,7Y,6M BBSW,3.860631904525343
2024-08-13,AUD,7Y,6M BBSW,3.914884585430169
2024-08-12,AUD,7Y,6M BBSW,3.972543124377387
2024-08-09,AUD,7Y,6M BBSW,3.997057551751822
2024-08-08,AUD,7Y,6M BBSW,4.063584988695379
2024-08-07,AUD,7Y,6M BBSW,4.05041589162205
2024-08-06,AUD,7Y,6M BBSW,4.037911902323373
2024-08-02,AUD,7Y,6M BBSW,3.894808796144104
2024-08-01,AUD,7Y,6M BBSW,3.982245334767876
2024-07-31,AUD,7Y,6M BBSW,4.03071927830797
2024-07-30,AUD,7Y,6M BBSW,4.249662113146186
2024-07-29,AUD,7Y,6M BBSW,4.279522785220078
2024-07-26,AUD,7Y,6M BBSW,4.244064446310729
2024-07-24,AUD,7Y,6M BBSW,4.322889696861113
2024-07-23,AUD,7Y,6M BBSW,4.341057607520816
2024-07-22,AUD,7Y,6M BBSW,4.319518951724229
2024-07-19,AUD,7Y,6M BBSW,4.31872819402894
2024-07-18,AUD,7Y,6M BBSW,4.267559963215422
2024-07-17,AUD,7Y,6M BBSW,4.228631957397748
2024-07-16,AUD,7Y,6M BBSW,4.235465327183968
2024-07-15,AUD,7Y,6M BBSW,4.320144652211706
2024-07-12,AUD,7Y,6M BBSW,4.334015979715394
2024-07-11,AUD,7Y,6M BBSW,4.381650026160936
2024-07-10,AUD,7Y,6M BBSW,4.402314887060985
2024-07-09,AUD,7Y,6M BBSW,4.415452042310411
2024-07-08,AUD,7Y,6M BBSW,4.404213410891936
2024-07-05,AUD,7Y,6M BBSW,4.412659680817099
2024-07-04,AUD,7Y,6M BBSW,4.474428288262606
2024-07-03,AUD,7Y,6M BBSW,4.459772093959851
2024-07-02,AUD,7Y,6M BBSW,4.467909870594957
2024-07-01,AUD,7Y,6M BBSW,4.49288100864628
2024-06-28,AUD,7Y,6M BBSW,4.465399687397794
2024-06-27,AUD,7Y,6M BBSW,4.401867061722357
2024-06-26,AUD,7Y,6M BBSW,4.479123369385777
2024-06-24,AUD,7Y,6M BBSW,4.272591184382798
2024-06-21,AUD,7Y,6M BBSW,4.266231313637418
2024-06-20,AUD,7Y,6M BBSW,4.284191970442179
2024-06-19,AUD,7Y,6M BBSW,4.245129829800029
2024-06-18,AUD,7Y,6M BBSW,4.225795179057461
2024-06-17,AUD,7Y,6M BBSW,4.213663067237169
2024-06-14,AUD,7Y,6M BBSW,4.169983867836106
2024-06-13,AUD,7Y,6M BBSW,4.217366911537073
2024-06-12,AUD,7Y,6M BBSW,4.267854753541315
2024-06-11,AUD,7Y,6M BBSW,4.350416001711444
2024-06-07,AUD,7Y,6M BBSW,4.355217600441892
2024-06-06,AUD,7Y,6M BBSW,4.285059335577328
2024-06-05,AUD,7Y,6M BBSW,4.272026957600659
2024-06-04,AUD,7Y,6M BBSW,4.267992846476873
2024-06-03,AUD,7Y,6M BBSW,4.350753592451949
2024-05-31,AUD,7Y,6M BBSW,4.44086389009051
2024-05-30,AUD,7Y,6M BBSW,4.438209803268226
2024-05-29,AUD,7Y,6M BBSW,4.490522891654358
2024-05-28,AUD,7Y,6M BBSW,4.394552748524494
2024-05-27,AUD,7Y,6M BBSW,4.32451875331475
2024-05-24,AUD,7Y,6M BBSW,4.353004476777278
2024-05-23,AUD,7Y,6M BBSW,4.347542128220122
2024-05-22,AUD,7Y,6M BBSW,4.334821293488414
2024-05-21,AUD,7Y,6M BBSW,4.294260870057774
2024-05-20,AUD,7Y,6M BBSW,4.31261910849954
2024-05-17,AUD,7Y,6M BBSW,4.306239408186143
2024-05-16,AUD,7Y,6M BBSW,4.288155764977645
2024-05-15,AUD,7Y,6M BBSW,4.301747469403527
2024-05-14,AUD,7Y,6M BBSW,4.40496087557118
2024-05-13,AUD,7Y,6M BBSW,4.412610163251371
2024-05-10,AUD,7Y,6M BBSW,4.447642089838482
2024-05-09,AUD,7Y,6M BBSW,4.441334819677826
2024-05-08,AUD,7Y,6M BBSW,4.429214115029885
2024-05-07,AUD,7Y,6M BBSW,4.342658606714304
2024-05-06,AUD,7Y,6M BBSW,4.477305398320119
2024-05-03,AUD,7Y,6M BBSW,4.467328533199338
2024-05-02,AUD,7Y,6M BBSW,4.514126935708881
2024-05-01,AUD,7Y,6M BBSW,4.577600193118103
2024-04-30,AUD,7Y,6M BBSW,4.567025139788393
2024-04-29,AUD,7Y,6M BBSW,4.561862465612259
2024-04-26,AUD,7Y,6M BBSW,4.587500973409334
2024-04-24,AUD,7Y,6M BBSW,4.532905731535464
2024-04-23,AUD,7Y,6M BBSW,4.356787038433056
2024-04-22,AUD,7Y,6M BBSW,4.363615666523973
2024-04-19,AUD,7Y,6M BBSW,4.3818679771514
2024-04-18,AUD,7Y,6M BBSW,4.408425277661156
2024-04-17,AUD,7Y,6M BBSW,4.416676014242029
2024-04-16,AUD,7Y,6M BBSW,4.449842446436469
2024-04-15,AUD,7Y,6M BBSW,4.37803011746302
2024-04-12,AUD,7Y,6M BBSW,4.28786674156738
2024-04-11,AUD,7Y,6M BBSW,4.362305023475034
2024-04-10,AUD,7Y,6M BBSW,4.302625036703088
2024-04-09,AUD,7Y,6M BBSW,4.163297374229871
2024-04-08,AUD,7Y,6M BBSW,4.244259147159381
2024-04-04,AUD,7Y,6M BBSW,4.167778619456842
2024-04-03,AUD,7Y,6M BBSW,4.192139287301834
2024-04-02,AUD,7Y,6M BBSW,4.186393584952583
2024-03-28,AUD,7Y,6M BBSW,4.077535406374444
2024-03-27,AUD,7Y,6M BBSW,4.076415471307918
2024-03-26,AUD,7Y,6M BBSW,4.134441139431136
2024-03-25,AUD,7Y,6M BBSW,4.126030849394324
2024-03-22,AUD,7Y,6M BBSW,4.111376816936772
2024-03-21,AUD,7Y,6M BBSW,4.162263886507421
2024-03-20,AUD,7Y,6M BBSW,4.118943704087866
2024-03-19,AUD,7Y,6M BBSW,4.168968413313518
2024-03-18,AUD,7Y,6M BBSW,4.221023787691563
2024-03-15,AUD,7Y,6M BBSW,4.24316396205177
2024-03-14,AUD,7Y,6M BBSW,4.221852272021258
2024-03-13,AUD,7Y,6M BBSW,4.154639624096984
2024-03-12,AUD,7Y,6M BBSW,4.114871732076546
2024-03-11,AUD,7Y,6M BBSW,4.067736841462021
2024-03-08,AUD,7Y,6M BBSW,4.092890059917836
2024-03-07,AUD,7Y,6M BBSW,4.122568355092817
2024-03-06,AUD,7Y,6M BBSW,4.109243439183841
2024-03-05,AUD,7Y,6M BBSW,4.144870564775422
2024-03-04,AUD,7Y,6M BBSW,4.228622994930946
2024-03-01,AUD,7Y,6M BBSW,4.206913072521637
2024-02-29,AUD,7Y,6M BBSW,4.232228327284649
2024-02-28,AUD,7Y,6M BBSW,4.235330314384276
2024-02-27,AUD,7Y,6M BBSW,4.293061784307879
2024-02-26,AUD,7Y,6M BBSW,4.264820830597895
2024-02-23,AUD,7Y,6M BBSW,4.260255044588899
2024-02-22,AUD,7Y,6M BBSW,4.272504214453327
2024-02-21,AUD,7Y,6M BBSW,4.299225796323431
2024-02-20,AUD,7Y,6M BBSW,4.269257659834677
2024-02-19,AUD,7Y,6M BBSW,4.293918195915768
2024-02-16,AUD,7Y,6M BBSW,4.313935595323228
2024-02-15,AUD,7Y,6M BBSW,4.281657876613599
2024-02-14,AUD,7Y,6M BBSW,4.319734991250971
2024-02-13,AUD,7Y,6M BBSW,4.379549753668263
2024-02-12,AUD,7Y,6M BBSW,4.275420577080633
2024-02-09,AUD,7Y,6M BBSW,4.255558077141816
2024-02-08,AUD,7Y,6M BBSW,4.22224196369753
2024-02-07,AUD,7Y,6M BBSW,4.204499481954666
2024-02-06,AUD,7Y,6M BBSW,4.181995461039477
2024-02-05,AUD,7Y,6M BBSW,4.217795671018467
2024-02-02,AUD,7Y,6M BBSW,4.152102793852373
2024-02-01,AUD,7Y,6M BBSW,4.057592381383439
2024-01-31,AUD,7Y,6M BBSW,4.06762481178798
2024-01-30,AUD,7Y,6M BBSW,4.208763120100111
2024-01-29,AUD,7Y,6M BBSW,4.239822313014804
2024-01-25,AUD,7Y,6M BBSW,4.285087320160726
2024-01-24,AUD,7Y,6M BBSW,4.348888926860837
2024-01-23,AUD,7Y,6M BBSW,4.314854535487324
2024-01-22,AUD,7Y,6M BBSW,4.292018980325476
2024-01-19,AUD,7Y,6M BBSW,4.367415027529921
2024-01-18,AUD,7Y,6M BBSW,4.382133812783247
2024-01-17,AUD,7Y,6M BBSW,4.361419951992436
2024-01-16,AUD,7Y,6M BBSW,4.279256857995501
2024-01-15,AUD,7Y,6M BBSW,4.232041712155962
2024-01-12,AUD,7Y,6M BBSW,4.179590299845612
2024-01-11,AUD,7Y,6M BBSW,4.167279128577357
2024-01-10,AUD,7Y,6M BBSW,4.23983140408601
2024-01-09,AUD,7Y,6M BBSW,4.162665446032716
2024-01-08,AUD,7Y,6M BBSW,4.212026133680077
2024-01-05,AUD,7Y,6M BBSW,4.281147813980134
2024-01-04,AUD,7Y,6M BBSW,4.203150720325626
2024-01-03,AUD,7Y,6M BBSW,4.111008212770908
2024-01-02,AUD,7Y,6M BBSW,4.108635840722767
2023-12-29,AUD,7Y,6M BBSW,4.035467215662063
2023-12-28,AUD,7Y,6M BBSW,4.016117016851449
2023-12-27,AUD,7Y,6M BBSW,4.010029474656335
2023-12-22,AUD,7Y,6M BBSW,4.108346530066482
2023-12-21,AUD,7Y,6M BBSW,4.112016587049347
2023-12-20,AUD,7Y,6M BBSW,4.121011923408231
2023-12-19,AUD,7Y,6M BBSW,4.178627854808524
2023-12-18,AUD,7Y,6M BBSW,4.18109570033608
2023-12-15,AUD,7Y,6M BBSW,4.187106848088185
2023-12-14,AUD,7Y,6M BBSW,4.244737395773734
2023-12-13,AUD,7Y,6M BBSW,4.225964686846573
2023-12-12,AUD,7Y,6M BBSW,4.422128894362929
2023-12-11,AUD,7Y,6M BBSW,4.444906657359759
2023-12-07,AUD,7Y,6M BBSW,4.403348221607385
2023-12-06,AUD,7Y,6M BBSW,4.354453347659867
2023-12-05,AUD,7Y,6M BBSW,4.419507864195783
2023-12-04,AUD,7Y,6M BBSW,4.560175919481041
2023-12-01,AUD,7Y,6M BBSW,4.551966526918846
2023-11-30,AUD,7Y,6M BBSW,4.603252881978684
2023-11-29,AUD,7Y,6M BBSW,4.512416722124564
2023-11-28,AUD,7Y,6M BBSW,4.606435291288584
2023-11-27,AUD,7Y,6M BBSW,4.659789467801902
2023-11-24,AUD,7Y,6M BBSW,4.697883532982178
2023-11-23,AUD,7Y,6M BBSW,4.683824025110151
2023-11-22,AUD,7Y,6M BBSW,4.65949306658085
2023-11-21,AUD,7Y,6M BBSW,4.600136438254641
2023-11-20,AUD,7Y,6M BBSW,4.642891118755159
2023-11-17,AUD,7Y,6M BBSW,4.633809455688652
2023-11-16,AUD,7Y,6M BBSW,4.616071842825662
2023-11-15,AUD,7Y,6M BBSW,4.74577521455384
2023-11-14,AUD,7Y,6M BBSW,4.712757235345151
2023-11-13,AUD,7Y,6M BBSW,4.828574417326388
2023-11-10,AUD,7Y,6M BBSW,4.764058012367746
2023-11-09,AUD,7Y,6M BBSW,4.775662663672624
2023-11-08,AUD,7Y,6M BBSW,4.660694739495208
2023-11-07,AUD,7Y,6M BBSW,4.724526932425747
2023-11-06,AUD,7Y,6M BBSW,4.888566584363252
2023-11-03,AUD,7Y,6M BBSW,4.81434092829435
2023-11-02,AUD,7Y,6M BBSW,4.8758998507083
2023-11-01,AUD,7Y,6M BBSW,4.939166313468053
2023-10-31,AUD,7Y,6M BBSW,5.108360873279697
2023-10-30,AUD,7Y,6M BBSW,5.067655226163066
2023-10-26,AUD,7Y,6M BBSW,4.931465882643706
2023-10-25,AUD,7Y,6M BBSW,4.920314764511752
2023-10-24,AUD,7Y,6M BBSW,4.822265887197934
2023-10-23,AUD,7Y,6M BBSW,4.82395969837337
2023-10-20,AUD,7Y,6M BBSW,4.832970732520006
2023-10-19,AUD,7Y,6M BBSW,4.875988585132732
2023-10-18,AUD,7Y,6M BBSW,4.882670597380578
2023-10-17,AUD,7Y,6M BBSW,4.789124613563955
2023-10-16,AUD,7Y,6M BBSW,4.608930312876939
2023-10-12,AUD,7Y,6M BBSW,4.582003481904408
2023-10-11,AUD,7Y,6M BBSW,4.485373580670206
2023-10-10,AUD,7Y,6M BBSW,4.583591264388858
2023-10-09,AUD,7Y,6M BBSW,4.561074698034923
2023-10-05,AUD,7Y,6M BBSW,4.694304989806748
2023-10-04,AUD,7Y,6M BBSW,4.690782079937263
2023-10-03,AUD,7Y,6M BBSW,4.70362824434406
2023-09-29,AUD,7Y,6M BBSW,4.584947166046809
2023-09-28,AUD,7Y,6M BBSW,4.57785468599462
2023-09-27,AUD,7Y,6M BBSW,4.560661877804202
2023-09-26,AUD,7Y,6M BBSW,4.533477824053213
2023-09-25,AUD,7Y,6M BBSW,4.535999722524439
2023-09-22,AUD,7Y,6M BBSW,4.469168850806116
2023-09-21,AUD,7Y,6M BBSW,4.496144248275812
2023-09-20,AUD,7Y,6M BBSW,4.462010930931952
2023-09-19,AUD,7Y,6M BBSW,4.407950642318631
2023-09-18,AUD,7Y,6M BBSW,4.37861520944504
2023-09-15,AUD,7Y,6M BBSW,4.333985422697737
2023-09-14,AUD,7Y,6M BBSW,4.303177583515315
2023-09-13,AUD,7Y,6M BBSW,4.318524480712574
2023-09-12,AUD,7Y,6M BBSW,4.354453452767904
2023-09-11,AUD,7Y,6M BBSW,4.350916453964016
2023-09-08,AUD,7Y,6M BBSW,4.315429641053357
2023-09-07,AUD,7Y,6M BBSW,4.307482101076861
2023-09-06,AUD,7Y,6M BBSW,4.330124698861316
2023-09-05,AUD,7Y,6M BBSW,4.342954695623653
2023-09-04,AUD,7Y,6M BBSW,4.33481712279643
2023-09-01,AUD,7Y,6M BBSW,4.250555604686864
2023-08-31,AUD,7Y,6M BBSW,4.225435238690309
2023-08-30,AUD,7Y,6M BBSW,4.269454946273761
2023-08-28,AUD,7Y,6M BBSW,4.351635709550705
2023-08-25,AUD,7Y,6M BBSW,4.357154438577145
2023-08-24,AUD,7Y,6M BBSW,4.360560791971488
2023-08-23,AUD,7Y,6M BBSW,4.322592097808868
2023-08-22,AUD,7Y,6M BBSW,4.435374569410932
2023-08-21,AUD,7Y,6M BBSW,4.499207320496586
2023-08-18,AUD,7Y,6M BBSW,4.440218439349369
2023-08-17,AUD,7Y,6M BBSW,4.482579431288694
2023-08-16,AUD,7Y,6M BBSW,4.43918099542145
2023-08-15,AUD,7Y,6M BBSW,4.447131595044172
2023-08-14,AUD,7Y,6M BBSW,4.458137754686705
2023-08-11,AUD,7Y,6M BBSW,4.378638892920682
2023-08-10,AUD,7Y,6M BBSW,4.312691783386261
2023-08-09,AUD,7Y,6M BBSW,4.282597412833928
2023-08-08,AUD,7Y,6M BBSW,4.238598102430944
2023-08-04,AUD,7Y,6M BBSW,4.268727122260628
2023-08-03,AUD,7Y,6M BBSW,4.374267420277592
2023-08-02,AUD,7Y,6M BBSW,4.302493394007516
2023-08-01,AUD,7Y,6M BBSW,4.28192380583565
2023-07-31,AUD,7Y,6M BBSW,4.326041960354572
2023-07-28,AUD,7Y,6M BBSW,4.291434752098866
2023-07-27,AUD,7Y,6M BBSW,4.383258654672713
2023-07-25,AUD,7Y,6M BBSW,4.436300990593366
2023-07-24,AUD,7Y,6M BBSW,4.387004918800125
2023-07-21,AUD,7Y,6M BBSW,4.388031191921541
2023-07-20,AUD,7Y,6M BBSW,4.392623600227482
2023-07-19,AUD,7Y,6M BBSW,4.287295868837492
2023-07-18,AUD,7Y,6M BBSW,4.303190174584706
2023-07-17,AUD,7Y,6M BBSW,4.332326474058447
2023-07-14,AUD,7Y,6M BBSW,4.354644714718556
2023-07-13,AUD,7Y,6M BBSW,4.316378467388797
2023-07-12,AUD,7Y,6M BBSW,4.391386136506062
2023-07-11,AUD,7Y,6M BBSW,4.522263683654279
2023-07-10,AUD,7Y,6M BBSW,4.587302131620021
2023-07-07,AUD,7Y,6M BBSW,4.678827086792214
2023-07-06,AUD,7Y,6M BBSW,4.589382592054318
2023-07-05,AUD,7Y,6M BBSW,4.430382128399957
2023-07-04,AUD,7Y,6M BBSW,4.344183455877963
2023-07-03,AUD,7Y,6M BBSW,4.345390740200513
2023-06-30,AUD,7Y,6M BBSW,4.362827947357687
2023-06-29,AUD,7Y,6M BBSW,4.317569603037538
2023-06-28,AUD,7Y,6M BBSW,4.189136743704211
2023-06-27,AUD,7Y,6M BBSW,4.274694959229489
2023-06-26,AUD,7Y,6M BBSW,4.262000958435501
2023-06-22,AUD,7Y,6M BBSW,4.371513281935786
2023-06-21,AUD,7Y,6M BBSW,4.312905141550684
2023-06-20,AUD,7Y,6M BBSW,4.328590647670048
2023-06-19,AUD,7Y,6M BBSW,4.402617035842015
2023-06-15,AUD,7Y,6M BBSW,4.335819208877396
2023-06-14,AUD,7Y,6M BBSW,4.306476602149589
2023-06-13,AUD,7Y,6M BBSW,4.327853967052278
2023-06-09,AUD,7Y,6M BBSW,4.265616199388041
2023-06-08,AUD,7Y,6M BBSW,4.267740660524227
2023-06-07,AUD,7Y,6M BBSW,4.285327087912888
2023-06-06,AUD,7Y,6M BBSW,4.136679762979271
2023-06-05,AUD,7Y,6M BBSW,4.077940134223889
2023-06-01,AUD,7Y,6M BBSW,3.949317446437562
2023-05-31,AUD,7Y,6M BBSW,3.940168954101056
2023-05-30,AUD,7Y,6M BBSW,3.94508362660155
2023-05-29,AUD,7Y,6M BBSW,3.957437228487525
2023-05-26,AUD,7Y,6M BBSW,4.020069937627822
2023-05-25,AUD,7Y,6M BBSW,4.050778321563512
2023-05-24,AUD,7Y,6M BBSW,4.001422572080911
2023-05-23,AUD,7Y,6M BBSW,3.996720849206543
2023-05-22,AUD,7Y,6M BBSW,3.942356855207115
2023-05-19,AUD,7Y,6M BBSW,3.950994829468066
2023-05-18,AUD,7Y,6M BBSW,3.947650785944482
2023-05-17,AUD,7Y,6M BBSW,3.831438691558572
2023-05-16,AUD,7Y,6M BBSW,3.79074243447876
2023-05-15,AUD,7Y,6M BBSW,3.80420801624701
2023-05-12,AUD,7Y,6M BBSW,3.723579646351925
2023-05-11,AUD,7Y,6M BBSW,3.673150370275513
2023-05-10,AUD,7Y,6M BBSW,3.746746865905244
2023-05-09,AUD,7Y,6M BBSW,3.815439611363169
2023-05-08,AUD,7Y,6M BBSW,3.827963925302302
2023-05-05,AUD,7Y,6M BBSW,3.755169221241879
2023-05-04,AUD,7Y,6M BBSW,3.652868032909582
2023-05-03,AUD,7Y,6M BBSW,3.720748875835351
2023-05-02,AUD,7Y,6M BBSW,3.781440130304609
2023-05-01,AUD,7Y,6M BBSW,3.786465678676125
2023-04-28,AUD,7Y,6M BBSW,3.638536944499502
2023-04-27,AUD,7Y,6M BBSW,3.768447056106197
2023-04-26,AUD,7Y,6M BBSW,3.717350867694341
2023-04-24,AUD,7Y,6M BBSW,3.818256429325668
2023-04-21,AUD,7Y,6M BBSW,3.849004221324952
2023-04-20,AUD,7Y,6M BBSW,3.857438424729485
2023-04-19,AUD,7Y,6M BBSW,3.88359150988495
2023-04-18,AUD,7Y,6M BBSW,3.912816722347404
2023-04-17,AUD,7Y,6M BBSW,3.818625213970932
2023-04-14,AUD,7Y,6M BBSW,3.775791839934388
2023-04-13,AUD,7Y,6M BBSW,3.706692047765674
2023-04-12,AUD,7Y,6M BBSW,3.649258082979789
2023-04-11,AUD,7Y,6M BBSW,3.599555449571565
2023-04-06,AUD,7Y,6M BBSW,3.521453099819907
2023-04-05,AUD,7Y,6M BBSW,3.567270659226649
2023-04-04,AUD,7Y,6M BBSW,3.601357642028501
2023-04-03,AUD,7Y,6M BBSW,3.665310080814603
2023-03-31,AUD,7Y,6M BBSW,3.684978494911381
2023-03-30,AUD,7Y,6M BBSW,3.760861444365564
2023-03-29,AUD,7Y,6M BBSW,3.788321338857164
2023-03-28,AUD,7Y,6M BBSW,3.80980671047928
2023-03-27,AUD,7Y,6M BBSW,3.760436944265177
2023-03-24,AUD,7Y,6M BBSW,3.697395535934109
2023-03-23,AUD,7Y,6M BBSW,3.723426818765469
2023-03-22,AUD,7Y,6M BBSW,3.751044131943692
2023-03-21,AUD,7Y,6M BBSW,3.807935626411947
2023-03-20,AUD,7Y,6M BBSW,3.752365419361461
2023-03-17,AUD,7Y,6M BBSW,3.807657428872367
2023-03-16,AUD,7Y,6M BBSW,3.934280238415974
2023-03-15,AUD,7Y,6M BBSW,3.828069071710914
2023-03-14,AUD,7Y,6M BBSW,4.042600026488678
2023-03-13,AUD,7Y,6M BBSW,3.840759232792355
2023-03-10,AUD,7Y,6M BBSW,3.944001618437627
2023-03-09,AUD,7Y,6M BBSW,4.063573882415512
2023-03-08,AUD,7Y,6M BBSW,4.11991196700071
2023-03-07,AUD,7Y,6M BBSW,4.142304097689379
2023-03-06,AUD,7Y,6M BBSW,4.22203109933116
2023-03-03,AUD,7Y,6M BBSW,4.298370392452075
2023-03-02,AUD,7Y,6M BBSW,4.372352553460358
2023-03-01,AUD,7Y,6M BBSW,4.291694253595906
2023-02-28,AUD,7Y,6M BBSW,4.362538908308393
2023-02-27,AUD,7Y,6M BBSW,4.296530881504988
2023-02-24,AUD,7Y,6M BBSW,4.329880578899898
2023-02-23,AUD,7Y,6M BBSW,4.342830055186076
2023-02-22,AUD,7Y,6M BBSW,4.315386568238664
2023-02-21,AUD,7Y,6M BBSW,4.239826704565092
2023-02-20,AUD,7Y,6M BBSW,4.218622643562361
2023-02-17,AUD,7Y,6M BBSW,4.190838789174829
2023-02-16,AUD,7Y,6M BBSW,4.150458200777784
2023-02-15,AUD,7Y,6M BBSW,4.171103379800225
2023-02-14,AUD,7Y,6M BBSW,4.165332068184472
2023-02-13,AUD,7Y,6M BBSW,4.19142584911425
2023-02-10,AUD,7Y,6M BBSW,4.178345146644092
2023-02-09,AUD,7Y,6M BBSW,4.045525886931575
2023-02-08,AUD,7Y,6M BBSW,4.0154159979134
2023-02-07,AUD,7Y,6M BBSW,4.01068083219139
2023-02-06,AUD,7Y,6M BBSW,3.858163620645606
2023-02-03,AUD,7Y,6M BBSW,3.878986831078565
2023-02-02,AUD,7Y,6M BBSW,3.900535036138285
2023-02-01,AUD,7Y,6M BBSW,3.977555187923287
2023-01-31,AUD,7Y,6M BBSW,3.951325345766847
2023-01-30,AUD,7Y,6M BBSW,3.974339247429249
2023-01-27,AUD,7Y,6M BBSW,3.98044535011549
2023-01-25,AUD,7Y,6M BBSW,3.92476676104852
2023-01-24,AUD,7Y,6M BBSW,3.851024586408682
2023-01-23,AUD,7Y,6M BBSW,3.848649180273549
2023-01-20,AUD,7Y,6M BBSW,3.859682047697711
2023-01-19,AUD,7Y,6M BBSW,3.739529847145743
2023-01-18,AUD,7Y,6M BBSW,3.936722226026096
2023-01-17,AUD,7Y,6M BBSW,3.992941459712434
2023-01-16,AUD,7Y,6M BBSW,3.997038620041742
2023-01-13,AUD,7Y,6M BBSW,4.006819675648339
2023-01-12,AUD,7Y,6M BBSW,3.994361081800046
2023-01-11,AUD,7Y,6M BBSW,4.126402106446804
2023-01-10,AUD,7Y,6M BBSW,4.155128448922551
2023-01-09,AUD,7Y,6M BBSW,4.17422579905434
2023-01-06,AUD,7Y,6M BBSW,4.143962291444195
2023-01-05,AUD,7Y,6M BBSW,4.24139916815816
2023-01-04,AUD,7Y,6M BBSW,4.279786516678617
2023-01-03,AUD,7Y,6M BBSW,4.369773006510452
2022-12-30,AUD,7Y,6M BBSW,4.400615116962019
2022-12-29,AUD,7Y,6M BBSW,4.38112643876806
2022-12-28,AUD,7Y,6M BBSW,4.410300138478232
2022-12-23,AUD,7Y,6M BBSW,4.222588805934626
2022-12-22,AUD,7Y,6M BBSW,4.194833139215478
2022-12-21,AUD,7Y,6M BBSW,4.102911426656227
2022-12-20,AUD,7Y,6M BBSW,4.176389093269557
2022-12-19,AUD,7Y,6M BBSW,4.011037031889031
2022-12-16,AUD,7Y,6M BBSW,3.96902863508004
2022-12-15,AUD,7Y,6M BBSW,3.954189864224617
2022-12-14,AUD,7Y,6M BBSW,3.859069593280074
2022-12-13,AUD,7Y,6M BBSW,3.903888018910136
2022-12-12,AUD,7Y,6M BBSW,3.871358122554245
2022-12-09,AUD,7Y,6M BBSW,3.854191147590426
2022-12-08,AUD,7Y,6M BBSW,3.857754280189277
2022-12-07,AUD,7Y,6M BBSW,3.846378085671328
2022-12-06,AUD,7Y,6M BBSW,3.875090805238744
2022-12-05,AUD,7Y,6M BBSW,3.835451550457044
2022-12-02,AUD,7Y,6M BBSW,3.812293122588766
2022-12-01,AUD,7Y,6M BBSW,3.937793906225805
2022-11-30,AUD,7Y,6M BBSW,3.99319160156208
2022-11-29,AUD,7Y,6M BBSW,4.062432831865561
2022-11-28,AUD,7Y,6M BBSW,4.022341280210346
2022-11-25,AUD,7Y,6M BBSW,4.104571395171534
2022-11-24,AUD,7Y,6M BBSW,4.069006759237784
2022-11-23,AUD,7Y,6M BBSW,4.072307600936316
2022-11-22,AUD,7Y,6M BBSW,4.061736694185968
2022-11-21,AUD,7Y,6M BBSW,4.063634835621749
2022-11-18,AUD,7Y,6M BBSW,4.097179724630351
2022-11-17,AUD,7Y,6M BBSW,4.084605536073428
2022-11-16,AUD,7Y,6M BBSW,4.192295953838101
2022-11-15,AUD,7Y,6M BBSW,4.266447697941915
2022-11-14,AUD,7Y,6M BBSW,4.343730439330316
2022-11-11,AUD,7Y,6M BBSW,4.248322763414963
2022-11-10,AUD,7Y,6M BBSW,4.306959969795596
2022-11-09,AUD,7Y,6M BBSW,4.440966728661029
2022-11-08,AUD,7Y,6M BBSW,4.583588415950544
2022-11-07,AUD,7Y,6M BBSW,4.473599982394233
2022-11-04,AUD,7Y,6M BBSW,4.485726963022545
2022-11-03,AUD,7Y,6M BBSW,4.556798361523809
2022-11-02,AUD,7Y,6M BBSW,4.476062702032066
2022-11-01,AUD,7Y,6M BBSW,4.397305777071496
2022-10-31,AUD,7Y,6M BBSW,4.344062938031288
2022-10-28,AUD,7Y,6M BBSW,4.356976105598862
2022-10-27,AUD,7Y,6M BBSW,4.429383892879385
2022-10-26,AUD,7Y,6M BBSW,4.532262513697017
2022-10-25,AUD,7Y,6M BBSW,4.654448098996053
2022-10-24,AUD,7Y,6M BBSW,4.742270786917391
2022-10-21,AUD,7Y,6M BBSW,4.748083322161725
2022-10-20,AUD,7Y,6M BBSW,4.584239037026308
2022-10-19,AUD,7Y,6M BBSW,4.447228344688002
2022-10-18,AUD,7Y,6M BBSW,4.435908518091894
2022-10-17,AUD,7Y,6M BBSW,4.504755604767154
2022-10-14,AUD,7Y,6M BBSW,4.494928034191767
2022-10-13,AUD,7Y,6M BBSW,4.425687742730298
2022-10-12,AUD,7Y,6M BBSW,4.393572130866982
2022-10-11,AUD,7Y,6M BBSW,4.420959157144169
2022-10-10,AUD,7Y,6M BBSW,4.315973683180178
2022-10-07,AUD,7Y,6M BBSW,4.319318720944048
2022-10-06,AUD,7Y,6M BBSW,4.195723134025011
2022-10-05,AUD,7Y,6M BBSW,4.037177442169647
2022-10-04,AUD,7Y,6M BBSW,4.053461837874822
2022-09-30,AUD,7Y,6M BBSW,4.364287365341182
2022-09-29,AUD,7Y,6M BBSW,4.328814967832725
2022-09-28,AUD,7Y,6M BBSW,4.524715906704438
2022-09-27,AUD,7Y,6M BBSW,4.469762468380215
2022-09-26,AUD,7Y,6M BBSW,4.350967019254999
2022-09-23,AUD,7Y,6M BBSW,4.307085230177203
2022-09-21,AUD,7Y,6M BBSW,4.07360540136996
2022-09-20,AUD,7Y,6M BBSW,3.978643353818597
2022-09-19,AUD,7Y,6M BBSW,4.036140005514858
2022-09-16,AUD,7Y,6M BBSW,4.059691664512238
2022-09-15,AUD,7Y,6M BBSW,4.011959837120568
2022-09-14,AUD,7Y,6M BBSW,4.027000480842313
2022-09-13,AUD,7Y,6M BBSW,3.921845628116746
2022-09-12,AUD,7Y,6M BBSW,3.899848255192613
2022-09-09,AUD,7Y,6M BBSW,3.873473230782006
2022-09-08,AUD,7Y,6M BBSW,3.902219101819342
2022-09-07,AUD,7Y,6M BBSW,4.079802752451088
2022-09-06,AUD,7Y,6M BBSW,3.964842869569231
2022-09-05,AUD,7Y,6M BBSW,4.003641909892796
2022-09-02,AUD,7Y,6M BBSW,3.987223781869864
2022-09-01,AUD,7Y,6M BBSW,4.074604752176287
2022-08-31,AUD,7Y,6M BBSW,3.980190310355515
2022-08-30,AUD,7Y,6M BBSW,4.033838762601552
2022-08-29,AUD,7Y,6M BBSW,4.098770681928832
2022-08-26,AUD,7Y,6M BBSW,3.968430451634441
2022-08-25,AUD,7Y,6M BBSW,4.097059900868475
2022-08-24,AUD,7Y,6M BBSW,4.002284454812389
2022-08-23,AUD,7Y,6M BBSW,4.021072409175081
2022-08-22,AUD,7Y,6M BBSW,3.894822709237362
2022-08-19,AUD,7Y,6M BBSW,3.793502107568551
2022-08-18,AUD,7Y,6M BBSW,3.659847289451593
2022-08-17,AUD,7Y,6M BBSW,3.584827687445371
2022-08-16,AUD,7Y,6M BBSW,3.562400508775545
2022-08-15,AUD,7Y,6M BBSW,3.717664409640216
2022-08-12,AUD,7Y,6M BBSW,3.723532254481365
2022-08-11,AUD,7Y,6M BBSW,3.669838199694622
2022-08-10,AUD,7Y,6M BBSW,3.591027340443366
2022-08-09,AUD,7Y,6M BBSW,3.532401338331248
2022-08-08,AUD,7Y,6M BBSW,3.531054192029087
2022-08-05,AUD,7Y,6M BBSW,3.564784004758252
2022-08-04,AUD,7Y,6M BBSW,3.473722985674929
2022-08-03,AUD,7Y,6M BBSW,3.385982847245403
2022-08-02,AUD,7Y,6M BBSW,3.349844622999218
2022-07-29,AUD,7Y,6M BBSW,3.346179020527422
2022-07-28,AUD,7Y,6M BBSW,3.499956175740877
2022-07-27,AUD,7Y,6M BBSW,3.62480073924158
2022-07-26,AUD,7Y,6M BBSW,3.738394562837358
2022-07-25,AUD,7Y,6M BBSW,3.731083174338453
2022-07-22,AUD,7Y,6M BBSW,3.68475028598362
2022-07-21,AUD,7Y,6M BBSW,3.933370048206564
2022-07-20,AUD,7Y,6M BBSW,3.965990912746892
2022-07-19,AUD,7Y,6M BBSW,3.924876007824246
2022-07-18,AUD,7Y,6M BBSW,3.828624830393691
2022-07-15,AUD,7Y,6M BBSW,3.838195876408693
2022-07-14,AUD,7Y,6M BBSW,3.830474015385825
2022-07-13,AUD,7Y,6M BBSW,3.819805593384742
2022-07-12,AUD,7Y,6M BBSW,3.838679841529935
2022-07-11,AUD,7Y,6M BBSW,4.009805014744432
2022-07-08,AUD,7Y,6M BBSW,3.937250412329218
2022-07-07,AUD,7Y,6M BBSW,3.847231188899815
2022-07-06,AUD,7Y,6M BBSW,3.778610407742168
2022-07-05,AUD,7Y,6M BBSW,3.957371173841515
2022-07-04,AUD,7Y,6M BBSW,3.824823647932629
2022-07-01,AUD,7Y,6M BBSW,3.839422135017204
2022-06-30,AUD,7Y,6M BBSW,4.117827789111986
2022-06-29,AUD,7Y,6M BBSW,4.174965507399589
2022-06-28,AUD,7Y,6M BBSW,4.116026399068915
2022-06-27,AUD,7Y,6M BBSW,4.115956948210537
2022-06-24,AUD,7Y,6M BBSW,4.084371777731414
2022-06-23,AUD,7Y,6M BBSW,4.196862840034876
2022-06-22,AUD,7Y,6M BBSW,4.327349034389635
2022-06-21,AUD,7Y,6M BBSW,4.456054420944175
2022-06-20,AUD,7Y,6M BBSW,4.41726405607182
2022-06-17,AUD,7Y,6M BBSW,4.498186819953085
2022-06-16,AUD,7Y,6M BBSW,4.511790633708293
2022-06-15,AUD,7Y,6M BBSW,4.471206131778503
2022-06-14,AUD,7Y,6M BBSW,4.269167073272811
2022-06-10,AUD,7Y,6M BBSW,4.041908425126461
2022-06-09,AUD,7Y,6M BBSW,3.889809744662625
2022-06-08,AUD,7Y,6M BBSW,3.885987611280048
2022-06-07,AUD,7Y,6M BBSW,3.862253749927208
2022-06-06,AUD,7Y,6M BBSW,3.782290808020369
2022-06-03,AUD,7Y,6M BBSW,3.779691756787655
2022-06-02,AUD,7Y,6M BBSW,3.779773035724617
2022-06-01,AUD,7Y,6M BBSW,3.663690894789067
2022-05-31,AUD,7Y,6M BBSW,3.590162441346237
2022-05-30,AUD,7Y,6M BBSW,3.4462748254776
2022-05-27,AUD,7Y,6M BBSW,3.443648311946748
2022-05-26,AUD,7Y,6M BBSW,3.425017645080908
2022-05-25,AUD,7Y,6M BBSW,3.437336085368399
2022-05-24,AUD,7Y,6M BBSW,3.519897922451026
2022-05-23,AUD,7Y,6M BBSW,3.487351231536776
2022-05-20,AUD,7Y,6M BBSW,3.43745252891998
2022-05-19,AUD,7Y,6M BBSW,3.613591299624873
2022-05-18,AUD,7Y,6M BBSW,3.641015867100449
2022-05-17,AUD,7Y,6M BBSW,3.614892450523022
2022-05-16,AUD,7Y,6M BBSW,3.536046085626024
2022-05-13,AUD,7Y,6M BBSW,3.567301286921798
2022-05-12,AUD,7Y,6M BBSW,3.671053209289369
2022-05-11,AUD,7Y,6M BBSW,3.712306902629591
2022-05-10,AUD,7Y,6M BBSW,3.733684317880715
2022-05-09,AUD,7Y,6M BBSW,3.758527312580066
2022-05-06,AUD,7Y,6M BBSW,3.804801198319913
2022-05-05,AUD,7Y,6M BBSW,3.652362354358905
2022-05-04,AUD,7Y,6M BBSW,3.763598304629323
2022-05-03,AUD,7Y,6M BBSW,3.546094154475864
2022-05-02,AUD,7Y,6M BBSW,3.518645395167566
2022-04-29,AUD,7Y,6M BBSW,3.536246168714326
2022-04-28,AUD,7Y,6M BBSW,3.398725330524728
2022-04-27,AUD,7Y,6M BBSW,3.367403833295645
2022-04-26,AUD,7Y,6M BBSW,3.344862539633433
2022-04-22,AUD,7Y,6M BBSW,3.371160319454569
2022-04-21,AUD,7Y,6M BBSW,3.245109148429147
2022-04-20,AUD,7Y,6M BBSW,3.232388372770095
2022-04-19,AUD,7Y,6M BBSW,3.157352425027462
2022-04-14,AUD,7Y,6M BBSW,3.090486992575483
2022-04-13,AUD,7Y,6M BBSW,3.169915698681154
2022-04-12,AUD,7Y,6M BBSW,3.206069265986825
2022-04-11,AUD,7Y,6M BBSW,3.183571475924395
2022-04-08,AUD,7Y,6M BBSW,3.196212805428983
2022-04-07,AUD,7Y,6M BBSW,3.126403129412055
2022-04-06,AUD,7Y,6M BBSW,3.189843534832463
2022-04-05,AUD,7Y,6M BBSW,2.999799285800088
2022-04-04,AUD,7Y,6M BBSW,3.054800953364967
2022-04-01,AUD,7Y,6M BBSW,3.078838573440359
2022-03-31,AUD,7Y,6M BBSW,2.980993236025273
2022-03-30,AUD,7Y,6M BBSW,3.047329134552674
2022-03-29,AUD,7Y,6M BBSW,3.142414760329164
2022-03-28,AUD,7Y,6M BBSW,3.074856557405815
2022-03-25,AUD,7Y,6M BBSW,3.056311661788853
2022-03-24,AUD,7Y,6M BBSW,2.911577948990943
2022-03-23,AUD,7Y,6M BBSW,2.933567896124757
2022-03-22,AUD,7Y,6M BBSW,2.849913953993479
2022-03-21,AUD,7Y,6M BBSW,2.69490355652827
2022-03-18,AUD,7Y,6M BBSW,2.657770787436164
2022-03-17,AUD,7Y,6M BBSW,2.6568553723577
2022-03-16,AUD,7Y,6M BBSW,2.633695410334648
2022-03-15,AUD,7Y,6M BBSW,2.681080329637808
2022-03-14,AUD,7Y,6M BBSW,2.604001774606632
2022-03-11,AUD,7Y,6M BBSW,2.554008281369557
2022-03-10,AUD,7Y,6M BBSW,2.545129926052005
2022-03-09,AUD,7Y,6M BBSW,2.535903211754687
2022-03-08,AUD,7Y,6M BBSW,2.448744714911414
2022-03-07,AUD,7Y,6M BBSW,2.319927660391636
2022-03-04,AUD,7Y,6M BBSW,2.279116656389664
2022-03-03,AUD,7Y,6M BBSW,2.310797113976267
2022-03-02,AUD,7Y,6M BBSW,2.239923986612492
2022-03-01,AUD,7Y,6M BBSW,2.334950039797809
2022-02-28,AUD,7Y,6M BBSW,2.322508068065638
2022-02-25,AUD,7Y,6M BBSW,2.410392975179376
2022-02-24,AUD,7Y,6M BBSW,2.333265162809988
2022-02-23,AUD,7Y,6M BBSW,2.408746591155078
2022-02-22,AUD,7Y,6M BBSW,2.371124342527775
2022-02-21,AUD,7Y,6M BBSW,2.37612980526264
2022-02-18,AUD,7Y,6M BBSW,2.349115585348194
2022-02-17,AUD,7Y,6M BBSW,2.378234688480379
2022-02-16,AUD,7Y,6M BBSW,2.418746313952478
2022-02-15,AUD,7Y,6M BBSW,2.407579180971906
2022-02-14,AUD,7Y,6M BBSW,2.332505826456396
2022-02-11,AUD,7Y,6M BBSW,2.405295099922363
2022-02-10,AUD,7Y,6M BBSW,2.252124070566696
2022-02-09,AUD,7Y,6M BBSW,2.277451555720276
2022-02-08,AUD,7Y,6M BBSW,2.281129460596041
2022-02-07,AUD,7Y,6M BBSW,2.163622446417884
2022-02-04,AUD,7Y,6M BBSW,2.17165782498251
2022-02-03,AUD,7Y,6M BBSW,2.02845637994794
2022-02-02,AUD,7Y,6M BBSW,2.058631219387147
2022-02-01,AUD,7Y,6M BBSW,2.024918552752169
2022-01-31,AUD,7Y,6M BBSW,2.058745063424996
2022-01-28,AUD,7Y,6M BBSW,2.079216019999872
2022-01-27,AUD,7Y,6M BBSW,2.153384379836414
2022-01-25,AUD,7Y,6M BBSW,2.078720661378656
2022-01-24,AUD,7Y,6M BBSW,2.059936500875577
2022-01-21,AUD,7Y,6M BBSW,2.010442012781932
2022-01-20,AUD,7Y,6M BBSW,2.088442724841938
2022-01-19,AUD,7Y,6M BBSW,2.079959113683802
2022-01-18,AUD,7Y,6M BBSW,2.044941987803425
2022-01-17,AUD,7Y,6M BBSW,2.012447523936658
2022-01-14,AUD,7Y,6M BBSW,1.980467858541073
2022-01-13,AUD,7Y,6M BBSW,1.948545976920732
2022-01-12,AUD,7Y,6M BBSW,1.946163903465436
2022-01-11,AUD,7Y,6M BBSW,1.987444310263613
2022-01-10,AUD,7Y,6M BBSW,2.013746371903246
2022-01-07,AUD,7Y,6M BBSW,1.986754818997194
2022-01-06,AUD,7Y,6M BBSW,1.967333721070688
2022-01-05,AUD,7Y,6M BBSW,1.904965585540866
2022-01-04,AUD,7Y,6M BBSW,1.867451060415866
2021-12-31,AUD,7Y,6M BBSW,1.836370359343684
2021-12-30,AUD,7Y,6M BBSW,1.830688642493777
2021-12-29,AUD,7Y,6M BBSW,1.749992442200891
2021-12-24,AUD,7Y,6M BBSW,1.765503258892769
2021-12-23,AUD,7Y,6M BBSW,1.788555788606666
2021-12-22,AUD,7Y,6M BBSW,1.801169356104897
2021-12-21,AUD,7Y,6M BBSW,1.821152733815274
2021-12-20,AUD,7Y,6M BBSW,1.784955817664785
2021-12-17,AUD,7Y,6M BBSW,1.811794522750449
2021-12-16,AUD,7Y,6M BBSW,1.766185973170174
2021-12-15,AUD,7Y,6M BBSW,1.747036230196837
2021-12-14,AUD,7Y,6M BBSW,1.737993779931462
2021-12-13,AUD,7Y,6M BBSW,1.770944896775692
2021-12-10,AUD,7Y,6M BBSW,1.792282661136303
2021-12-09,AUD,7Y,6M BBSW,1.811642080636017
2021-12-08,AUD,7Y,6M BBSW,1.836144196395128
2021-12-07,AUD,7Y,6M BBSW,1.807438181883893
2021-12-06,AUD,7Y,6M BBSW,1.814946316236864
2021-12-03,AUD,7Y,6M BBSW,1.746818457417955
2021-12-02,AUD,7Y,6M BBSW,1.893599669520445
2021-12-01,AUD,7Y,6M BBSW,1.912465759741075
2021-11-30,AUD,7Y,6M BBSW,1.878825528723778
2021-11-29,AUD,7Y,6M BBSW,1.906178733690864
2021-11-26,AUD,7Y,6M BBSW,1.793123498882572
2021-11-25,AUD,7Y,6M BBSW,1.978523039710616
2021-11-24,AUD,7Y,6M BBSW,1.991162362682183
2021-11-23,AUD,7Y,6M BBSW,2.051141019806929
2021-11-22,AUD,7Y,6M BBSW,1.959950170616001
2021-11-19,AUD,7Y,6M BBSW,1.909280900925214
2021-11-18,AUD,7Y,6M BBSW,1.918567636549731
2021-11-17,AUD,7Y,6M BBSW,1.947463680690231
2021-11-16,AUD,7Y,6M BBSW,1.939947082539768
2021-11-15,AUD,7Y,6M BBSW,1.877531525725048
2021-11-12,AUD,7Y,6M BBSW,1.900485270450404
2021-11-11,AUD,7Y,6M BBSW,1.913572436921321
2021-11-10,AUD,7Y,6M BBSW,1.791169254963108
2021-11-09,AUD,7Y,6M BBSW,1.808752938603172
2021-11-08,AUD,7Y,6M BBSW,1.783756313698996
2021-11-05,AUD,7Y,6M BBSW,1.823114878642995
2021-11-04,AUD,7Y,6M BBSW,1.849818179546086
2021-11-03,AUD,7Y,6M BBSW,1.799969072906446
2021-11-02,AUD,7Y,6M BBSW,1.939946413035748
2021-11-01,AUD,7Y,6M BBSW,1.92994921604591
2021-10-29,AUD,7Y,6M BBSW,1.896809761072364
2021-10-28,AUD,7Y,6M BBSW,1.89859598967868
2021-10-27,AUD,7Y,6M BBSW,1.818770270139986
2021-10-26,AUD,7Y,6M BBSW,1.687458348905582
2021-10-25,AUD,7Y,6M BBSW,1.656117362060239
2021-10-22,AUD,7Y,6M BBSW,1.650563740103821
2021-10-21,AUD,7Y,6M BBSW,1.673757562801069
2021-10-20,AUD,7Y,6M BBSW,1.65496961141407
2021-10-19,AUD,7Y,6M BBSW,1.616255263675456
2021-10-18,AUD,7Y,6M BBSW,1.602431836035936
2021-10-15,AUD,7Y,6M BBSW,1.510965282036094
2021-10-14,AUD,7Y,6M BBSW,1.446542921784225
2021-10-13,AUD,7Y,6M BBSW,1.48498149035571
2021-10-12,AUD,7Y,6M BBSW,1.519966278415895
2021-10-11,AUD,7Y,6M BBSW,1.502462530155682
2021-10-08,AUD,7Y,6M BBSW,1.468235365540405
2021-10-07,AUD,7Y,6M BBSW,1.376466913008056
2021-10-06,AUD,7Y,6M BBSW,1.378669957283631
2021-10-05,AUD,7Y,6M BBSW,1.352453702043256
2021-10-01,AUD,7Y,6M BBSW,1.346483281863586
2021-09-30,AUD,7Y,6M BBSW,1.320490592816178
2021-09-29,AUD,7Y,6M BBSW,1.324980076046561
2021-09-28,AUD,7Y,6M BBSW,1.311167764861822
2021-09-27,AUD,7Y,6M BBSW,1.254969289949028
2021-09-24,AUD,7Y,6M BBSW,1.230738178069735
2021-09-23,AUD,7Y,6M BBSW,1.121655272452909
2021-09-22,AUD,7Y,6M BBSW,1.142486474919083
2021-09-21,AUD,7Y,6M BBSW,1.139979437056114
2021-09-20,AUD,7Y,6M BBSW,1.157477688062764
2021-09-17,AUD,7Y,6M BBSW,1.170760626661877
2021-09-16,AUD,7Y,6M BBSW,1.126652195499854
2021-09-15,AUD,7Y,6M BBSW,1.087012956583975
2021-09-14,AUD,7Y,6M BBSW,1.135998083526751
2021-09-13,AUD,7Y,6M BBSW,1.111979481258552
2021-09-10,AUD,7Y,6M BBSW,1.125576997384865
2021-09-09,AUD,7Y,6M BBSW,1.122154535294699
2021-09-08,AUD,7Y,6M BBSW,1.131187419647866
2021-09-07,AUD,7Y,6M BBSW,1.11748058680391
2021-09-06,AUD,7Y,6M BBSW,1.103779743626574
2021-09-03,AUD,7Y,6M BBSW,1.10578373303539
2021-09-02,AUD,7Y,6M BBSW,1.071691424156704
2021-09-01,AUD,7Y,6M BBSW,1.106187988624553
2021-08-31,AUD,7Y,6M BBSW,1.033817736269159
2021-08-30,AUD,7Y,6M BBSW,1.050003927848697
2021-08-27,AUD,7Y,6M BBSW,1.039606958033203
2021-08-26,AUD,7Y,6M BBSW,1.028018092793214
2021-08-25,AUD,7Y,6M BBSW,1.018693983515395
2021-08-24,AUD,7Y,6M BBSW,0.9924901312775268
2021-08-23,AUD,7Y,6M BBSW,0.961190314089031
2021-08-20,AUD,7Y,6M BBSW,0.9284401549553224
2021-08-19,AUD,7Y,6M BBSW,0.9630656960763264
2021-08-18,AUD,7Y,6M BBSW,0.9899944911491236
2021-08-17,AUD,7Y,6M BBSW,0.9961899351907608
2021-08-16,AUD,7Y,6M BBSW,0.9887897578874572
2021-08-13,AUD,7Y,6M BBSW,1.017106104245702
2021-08-12,AUD,7Y,6M BBSW,1.02042311253406
2021-08-11,AUD,7Y,6M BBSW,1.05379341058314
2021-08-10,AUD,7Y,6M BBSW,1.041188889996334
2021-08-09,AUD,7Y,6M BBSW,1.064988152548517
2021-08-06,AUD,7Y,6M BBSW,1.026717105496737
2021-08-05,AUD,7Y,6M BBSW,0.9788845792997324
2021-08-04,AUD,7Y,6M BBSW,0.9787901964326916
2021-08-03,AUD,7Y,6M BBSW,0.962484215984762
2021-07-30,AUD,7Y,6M BBSW,0.998424789334292
2021-07-29,AUD,7Y,6M BBSW,0.9630673291126194
2021-07-28,AUD,7Y,6M BBSW,0.9899947688791572
2021-07-27,AUD,7Y,6M BBSW,1.016287655419249
2021-07-26,AUD,7Y,6M BBSW,1.014969778361742
2021-07-23,AUD,7Y,6M BBSW,1.020804429631101
2021-07-22,AUD,7Y,6M BBSW,1.015427281576011
2021-07-21,AUD,7Y,6M BBSW,1.003694643362927
2021-07-20,AUD,7Y,6M BBSW,1.013790073238023
2021-07-19,AUD,7Y,6M BBSW,1.072487782446907
2021-07-16,AUD,7Y,6M BBSW,1.083380689090655
2021-07-15,AUD,7Y,6M BBSW,1.106499372174726
2021-07-14,AUD,7Y,6M BBSW,1.139995917736648
2021-07-13,AUD,7Y,6M BBSW,1.113788238883615
2021-07-12,AUD,7Y,6M BBSW,1.093787142920602
2021-07-09,AUD,7Y,6M BBSW,1.158351867479945
2021-07-08,AUD,7Y,6M BBSW,1.13663754816508
2021-07-07,AUD,7Y,6M BBSW,1.169992214770152
2021-07-06,AUD,7Y,6M BBSW,1.212485158491436
2021-07-05,AUD,7Y,6M BBSW,1.217484143559587
2021-07-02,AUD,7Y,6M BBSW,1.237012698636197
2021-07-01,AUD,7Y,6M BBSW,1.264009986988421
2021-06-30,AUD,7Y,6M BBSW,1.251208934437465
2021-06-29,AUD,7Y,6M BBSW,1.228795517455139
2021-06-28,AUD,7Y,6M BBSW,1.274961682322364
2021-06-25,AUD,7Y,6M BBSW,1.300626622982372
2021-06-24,AUD,7Y,6M BBSW,1.247862451899317
2021-06-23,AUD,7Y,6M BBSW,1.247487160679836
2021-06-22,AUD,7Y,6M BBSW,1.281184694113467
2021-06-21,AUD,7Y,6M BBSW,1.22997569904942
2021-06-18,AUD,7Y,6M BBSW,1.245719087094479
2021-06-17,AUD,7Y,6M BBSW,1.266558221598142
2021-06-16,AUD,7Y,6M BBSW,1.183793643844984
2021-06-15,AUD,7Y,6M BBSW,1.156013488353938
2021-06-11,AUD,7Y,6M BBSW,1.175610977467557
2021-06-10,AUD,7Y,6M BBSW,1.131732943362304
2021-06-09,AUD,7Y,6M BBSW,1.203986948171543
2021-06-08,AUD,7Y,6M BBSW,1.254973282041823
2021-06-07,AUD,7Y,6M BBSW,1.246165036491206
2021-06-04,AUD,7Y,6M BBSW,1.30069939989458
2021-06-03,AUD,7Y,6M BBSW,1.254069621176127
2021-06-02,AUD,7Y,6M BBSW,1.304992082761674
2021-06-01,AUD,7Y,6M BBSW,1.302484729815748
2021-05-31,AUD,7Y,6M BBSW,1.291229445472784
2021-05-28,AUD,7Y,6M BBSW,1.277007348417405
2021-05-27,AUD,7Y,6M BBSW,1.232870281883744
2021-05-26,AUD,7Y,6M BBSW,1.238793800362168
2021-05-25,AUD,7Y,6M BBSW,1.262485793874748
2021-05-24,AUD,7Y,6M BBSW,1.283781603206996
2021-05-21,AUD,7Y,6M BBSW,1.283305004687941
2021-05-20,AUD,7Y,6M BBSW,1.299022760803126
2021-05-19,AUD,7Y,6M BBSW,1.322492746400518
2021-05-18,AUD,7Y,6M BBSW,1.324984134435046
2021-05-17,AUD,7Y,6M BBSW,1.291181197000274
2021-05-14,AUD,7Y,6M BBSW,1.320709911658497
2021-05-13,AUD,7Y,6M BBSW,1.327802150483385
2021-05-12,AUD,7Y,6M BBSW,1.302493389238331
2021-05-11,AUD,7Y,6M BBSW,1.289985205642957
2021-05-10,AUD,7Y,6M BBSW,1.278781655125244
2021-05-07,AUD,7Y,6M BBSW,1.264512216421452
2021-05-06,AUD,7Y,6M BBSW,1.277837860152666
2021-05-05,AUD,7Y,6M BBSW,1.09379440742171
2021-05-04,AUD,7Y,6M BBSW,1.282485266523445
2021-05-03,AUD,7Y,6M BBSW,1.302480870952456
2021-04-30,AUD,7Y,6M BBSW,1.295960489139781
2021-04-29,AUD,7Y,6M BBSW,1.257960991081065
2021-04-28,AUD,7Y,6M BBSW,1.262493129864419
2021-04-27,AUD,7Y,6M BBSW,1.274985415475623
2021-04-26,AUD,7Y,6M BBSW,1.274972848512632
2021-04-23,AUD,7Y,6M BBSW,1.273307488695527
2021-04-22,AUD,7Y,6M BBSW,1.235283412366443
2021-04-21,AUD,7Y,6M BBSW,1.259988870962902
2021-04-20,AUD,7Y,6M BBSW,1.283781034839876
2021-04-19,AUD,7Y,6M BBSW,1.252470007787366
2021-04-16,AUD,7Y,6M BBSW,1.280233892487162
2021-04-15,AUD,7Y,6M BBSW,1.301160328518504
2021-04-14,AUD,7Y,6M BBSW,1.285719826496614
2021-04-13,AUD,7Y,6M BBSW,1.318784915687066
2021-04-12,AUD,7Y,6M BBSW,1.286172547776429
2021-04-09,AUD,7Y,6M BBSW,1.306995749762839
2021-04-08,AUD,7Y,6M BBSW,1.267860444080883
2021-04-07,AUD,7Y,6M BBSW,1.287484480182473
2021-04-06,AUD,7Y,6M BBSW,1.319969595979569
2021-04-01,AUD,7Y,6M BBSW,1.367784489922293
2021-03-31,AUD,7Y,6M BBSW,1.388813168457312
2021-03-30,AUD,7Y,6M BBSW,1.338803667164766
2021-03-29,AUD,7Y,6M BBSW,1.257479117214663
2021-03-26,AUD,7Y,6M BBSW,1.280680045434607
2021-03-25,AUD,7Y,6M BBSW,1.259051405789756
2021-03-24,AUD,7Y,6M BBSW,1.227494510183027
2021-03-23,AUD,7Y,6M BBSW,1.28998581521306
2021-03-22,AUD,7Y,6M BBSW,1.378777691777389
2021-03-19,AUD,7Y,6M BBSW,1.378268830421228
2021-03-18,AUD,7Y,6M BBSW,1.357780338690392
2021-03-17,AUD,7Y,6M BBSW,1.322493452318319
2021-03-16,AUD,7Y,6M BBSW,1.308785070493389
2021-03-15,AUD,7Y,6M BBSW,1.386524087171452
2021-03-12,AUD,7Y,6M BBSW,1.402958708833806
2021-03-11,AUD,7Y,6M BBSW,1.278537225743723
2021-03-10,AUD,7Y,6M BBSW,1.343492676125224
2021-03-09,AUD,7Y,6M BBSW,1.414481701263504
2021-03-08,AUD,7Y,6M BBSW,1.409977322760494
2021-03-05,AUD,7Y,6M BBSW,1.393264074079295
2021-03-04,AUD,7Y,6M BBSW,1.385159877718389
2021-03-03,AUD,7Y,6M BBSW,1.277493805197818
2021-03-02,AUD,7Y,6M BBSW,1.316185050787995
2021-03-01,AUD,7Y,6M BBSW,1.24378272372197
2021-02-26,AUD,7Y,6M BBSW,1.331515174896962
2021-02-25,AUD,7Y,6M BBSW,1.257491474850537
2021-02-24,AUD,7Y,6M BBSW,1.179984514064616
2021-02-23,AUD,7Y,6M BBSW,1.151183090790128
2021-02-22,AUD,7Y,6M BBSW,1.178769645570177
2021-02-19,AUD,7Y,6M BBSW,1.100380814548849
2021-02-18,AUD,7Y,6M BBSW,0.9699955092726248
2021-02-17,AUD,7Y,6M BBSW,0.9937896474599692
2021-02-16,AUD,7Y,6M BBSW,0.9274890442544224
2021-02-15,AUD,7Y,6M BBSW,0.9175154236386271
2021-02-12,AUD,7Y,6M BBSW,0.8418664461724956
2021-02-11,AUD,7Y,6M BBSW,0.8161969441323015
2021-02-10,AUD,7Y,6M BBSW,0.8399926997022535
2021-02-09,AUD,7Y,6M BBSW,0.8399911183949248
2021-02-08,AUD,7Y,6M BBSW,0.8637828873705289
2021-02-05,AUD,7Y,6M BBSW,0.8605512090062301
2021-02-04,AUD,7Y,6M BBSW,0.8211932645837978
2021-02-03,AUD,7Y,6M BBSW,0.7849880972571444
2021-02-02,AUD,7Y,6M BBSW,0.7674843520560817
2021-02-01,AUD,7Y,6M BBSW,0.7686799856972897
2021-01-29,AUD,7Y,6M BBSW,0.7856067047587391
2021-01-28,AUD,7Y,6M BBSW,0.7137974119047246
2021-01-27,AUD,7Y,6M BBSW,0.7211931279820536
2021-01-25,AUD,7Y,6M BBSW,0.7424838253510063
2021-01-22,AUD,7Y,6M BBSW,0.7106610648317642
2021-01-21,AUD,7Y,6M BBSW,0.6937975897172679
2021-01-20,AUD,7Y,6M BBSW,0.7149947193829904
2021-01-19,AUD,7Y,6M BBSW,0.7111937600029795
2021-01-18,AUD,7Y,6M BBSW,0.6937892557283338
2021-01-15,AUD,7Y,6M BBSW,0.6877150616581319
2021-01-14,AUD,7Y,6M BBSW,0.7074983320750402
2021-01-13,AUD,7Y,6M BBSW,0.7124947205175918
2021-01-12,AUD,7Y,6M BBSW,0.7287934699000739
2021-01-11,AUD,7Y,6M BBSW,0.6999891400966036
2021-01-08,AUD,7Y,6M BBSW,0.7119603544594902
2021-01-07,AUD,7Y,6M BBSW,0.6749977601804905
2021-01-06,AUD,7Y,6M BBSW,0.658795602043226
2021-01-05,AUD,7Y,6M BBSW,0.6049955052895382
2021-01-04,AUD,7Y,6M BBSW,0.6461907346262757
2020-12-31,AUD,7Y,6M BBSW,0.6588034654532573
2020-12-30,AUD,7Y,6M BBSW,0.6588024888188379
2020-12-29,AUD,7Y,6M BBSW,0.6436985942658381
2020-12-24,AUD,7Y,6M BBSW,0.6649957556966065
2020-12-23,AUD,7Y,6M BBSW,0.6074968941601567
2020-12-22,AUD,7Y,6M BBSW,0.6287962215912466
2020-12-21,AUD,7Y,6M BBSW,0.6399927226503856
2020-12-18,AUD,7Y,6M BBSW,0.6706900983397324
2020-12-17,AUD,7Y,6M BBSW,0.6499976401702044
2020-12-16,AUD,7Y,6M BBSW,0.6287979375248717
2020-12-15,AUD,7Y,6M BBSW,0.6345045061116179
2020-12-14,AUD,7Y,6M BBSW,0.6194966710157499
2020-12-11,AUD,7Y,6M BBSW,0.6030396905835577
2020-12-10,AUD,7Y,6M BBSW,0.6369966580928439
2020-12-09,AUD,7Y,6M BBSW,0.6499957206089466
2020-12-08,AUD,7Y,6M BBSW,0.6337927320092154
2020-12-07,AUD,7Y,6M BBSW,0.642489834978401
2020-12-04,AUD,7Y,6M BBSW,0.6806835093109445
2020-12-03,AUD,7Y,6M BBSW,0.6187982578373885
2020-12-02,AUD,7Y,6M BBSW,0.614998128966069
2020-12-01,AUD,7Y,6M BBSW,0.5662970109379707
2020-11-30,AUD,7Y,6M BBSW,0.5675022823361693
2020-11-27,AUD,7Y,6M BBSW,0.5557756976938777
2020-11-26,AUD,7Y,6M BBSW,0.5674984749431837
2020-11-25,AUD,7Y,6M BBSW,0.5899964876882925
2020-11-24,AUD,7Y,6M BBSW,0.5699961374536877
2020-11-23,AUD,7Y,6M BBSW,0.5237939520946561
2020-11-20,AUD,7Y,6M BBSW,0.5445841051595072
2020-11-19,AUD,7Y,6M BBSW,0.5561985758902401
2020-11-18,AUD,7Y,6M BBSW,0.549997043327317
2020-11-17,AUD,7Y,6M BBSW,0.5661959986062344
2020-11-16,AUD,7Y,6M BBSW,0.5024943280300342
2020-11-13,AUD,7Y,6M BBSW,0.5134075227869073
2020-11-12,AUD,7Y,6M BBSW,0.5249987547618209
2020-11-11,AUD,7Y,6M BBSW,0.582496700191125
2020-11-10,AUD,7Y,6M BBSW,0.5224967112830332
2020-11-09,AUD,7Y,6M BBSW,0.4411954743006891
2020-11-06,AUD,7Y,6M BBSW,0.4609470347653348
2020-11-05,AUD,7Y,6M BBSW,0.4174992794909394
2020-11-04,AUD,7Y,6M BBSW,0.4524981051710494
2020-11-03,AUD,7Y,6M BBSW,0.4299977724358077
2020-11-02,AUD,7Y,6M BBSW,0.4649950697670078
2020-10-30,AUD,7Y,6M BBSW,0.4864862268213831
2020-10-29,AUD,7Y,6M BBSW,0.449999684902197
2020-10-28,AUD,7Y,6M BBSW,0.4499990578980352
2020-10-27,AUD,7Y,6M BBSW,0.4424982188234894
2020-10-26,AUD,7Y,6M BBSW,0.4424964695200126
2020-10-23,AUD,7Y,6M BBSW,0.4546513540535157
2020-10-22,AUD,7Y,6M BBSW,0.4774990757576019
2020-10-21,AUD,7Y,6M BBSW,0.4636983883403445
2020-10-20,AUD,7Y,6M BBSW,0.4337977585452263
2020-10-19,AUD,7Y,6M BBSW,0.4361962183844347
2020-10-16,AUD,7Y,6M BBSW,0.4134822609897673
2020-10-15,AUD,7Y,6M BBSW,0.4350006381753306
2020-10-14,AUD,7Y,6M BBSW,0.4724997454327178
2020-10-13,AUD,7Y,6M BBSW,0.4799979518785406
2020-10-12,AUD,7Y,6M BBSW,0.4924958318669074
2020-10-09,AUD,7Y,6M BBSW,0.4946210056625735
2020-10-08,AUD,7Y,6M BBSW,0.492498682205655
2020-10-07,AUD,7Y,6M BBSW,0.4774976798935064
2020-10-06,AUD,7Y,6M BBSW,0.5137951391714503
2020-10-02,AUD,7Y,6M BBSW,0.5119093952781876
2020-10-01,AUD,7Y,6M BBSW,0.4999978175858416
2020-09-30,AUD,7Y,6M BBSW,0.4825005772868974
2020-09-29,AUD,7Y,6M BBSW,0.47249684281725
2020-09-28,AUD,7Y,6M BBSW,0.46619433287764
2020-09-25,AUD,7Y,6M BBSW,0.4496548735004105
2020-09-24,AUD,7Y,6M BBSW,0.4824989011314631
2020-09-23,AUD,7Y,6M BBSW,0.4874977065630045
2020-09-22,AUD,7Y,6M BBSW,0.5174967735663668
2020-09-21,AUD,7Y,6M BBSW,0.5199942246160747
2020-09-18,AUD,7Y,6M BBSW,0.532092831281893
2020-09-17,AUD,7Y,6M BBSW,0.5161987801048669
2020-09-16,AUD,7Y,6M BBSW,0.5074975216091033
2020-09-15,AUD,7Y,6M BBSW,0.5202035471365486
2020-09-14,AUD,7Y,6M BBSW,0.5331985951526359
2020-09-11,AUD,7Y,6M BBSW,0.5327923390331023
2020-09-10,AUD,7Y,6M BBSW,0.5619984427670317
2020-09-09,AUD,7Y,6M BBSW,0.5429970427324314
2020-09-08,AUD,7Y,6M BBSW,0.5749961993768725
2020-09-07,AUD,7Y,6M BBSW,0.58619261420799
2020-09-04,AUD,7Y,6M BBSW,0.6020409878332744
2020-09-03,AUD,7Y,6M BBSW,0.5487984801967463
2020-09-02,AUD,7Y,6M BBSW,0.5637969102761222
2020-09-01,AUD,7Y,6M BBSW,0.5937960109776385
2020-08-31,AUD,7Y,6M BBSW,0.5925075734335365
2020-08-28,AUD,7Y,6M BBSW,0.6120332812010489
2020-08-27,AUD,7Y,6M BBSW,0.5537992926024287
2020-08-26,AUD,7Y,6M BBSW,0.5824980217921296
2020-08-25,AUD,7Y,6M BBSW,0.5437979541577154
2020-08-24,AUD,7Y,6M BBSW,0.5324965553876647
2020-08-21,AUD,7Y,6M BBSW,0.5457788870572009
2020-08-20,AUD,7Y,6M BBSW,0.5461949435007472
2020-08-19,AUD,7Y,6M BBSW,0.5537981647479102
2020-08-18,AUD,7Y,6M BBSW,0.5611978178403011
2020-08-17,AUD,7Y,6M BBSW,0.5799959725207634
2020-08-14,AUD,7Y,6M BBSW,0.5935289301525315
2020-08-13,AUD,7Y,6M BBSW,0.5587947429191455
2020-08-12,AUD,7Y,6M BBSW,0.577498034520988
2020-08-11,AUD,7Y,6M BBSW,0.541197978271606
2020-08-10,AUD,7Y,6M BBSW,0.5274967455787718
2020-08-07,AUD,7Y,6M BBSW,0.4971155482874256
2020-08-06,AUD,7Y,6M BBSW,0.524994968264282
2020-08-05,AUD,7Y,6M BBSW,0.5011974441072611
2020-08-04,AUD,7Y,6M BBSW,0.5174967269800521
2020-07-31,AUD,7Y,6M BBSW,0.5227037555464085
2020-07-30,AUD,7Y,6M BBSW,0.5487999974115209
2020-07-29,AUD,7Y,6M BBSW,0.5461981938468443
2020-07-28,AUD,7Y,6M BBSW,0.5887976342532488
2020-07-27,AUD,7Y,6M BBSW,0.5499955822995849
2020-07-24,AUD,7Y,6M BBSW,0.5482759793090604
2020-07-23,AUD,7Y,6M BBSW,0.5549948739722091
2020-07-22,AUD,7Y,6M BBSW,0.5624980754716569
2020-07-21,AUD,7Y,6M BBSW,0.5424978888539884
2020-07-20,AUD,7Y,6M BBSW,0.5624960848194125
2020-07-17,AUD,7Y,6M BBSW,0.5658636735610165
2020-07-16,AUD,7Y,6M BBSW,0.5874944092805559
2020-07-15,AUD,7Y,6M BBSW,0.5900011998216659
2020-07-14,AUD,7Y,6M BBSW,0.5687986667237948
2020-07-13,AUD,7Y,6M BBSW,0.5611960604184649
2020-07-10,AUD,7Y,6M BBSW,0.5320893994596725
2020-07-09,AUD,7Y,6M BBSW,0.5724945124423033
2020-07-08,AUD,7Y,6M BBSW,0.5737980217071791
2020-07-07,AUD,7Y,6M BBSW,0.578797659389688
2020-07-06,AUD,7Y,6M BBSW,0.6174953344990578
2020-07-03,AUD,7Y,6M BBSW,0.5983387179848806
2020-07-02,AUD,7Y,6M BBSW,0.6149930689557406
2020-07-01,AUD,7Y,6M BBSW,0.6337863553107559
2020-06-30,AUD,7Y,6M BBSW,0.5975025590301404
2020-06-29,AUD,7Y,6M BBSW,0.5999988108140422
2020-06-26,AUD,7Y,6M BBSW,0.6045257224772369
2020-06-25,AUD,7Y,6M BBSW,0.6024802271051822
2020-06-24,AUD,7Y,6M BBSW,0.6462940102187404
2020-06-23,AUD,7Y,6M BBSW,0.6437957112513035
2020-06-22,AUD,7Y,6M BBSW,0.6099959810154678
2020-06-19,AUD,7Y,6M BBSW,0.6070322850992759
2020-06-18,AUD,7Y,6M BBSW,0.6199975828209664
2020-06-17,AUD,7Y,6M BBSW,0.6362966721983033
2020-06-16,AUD,7Y,6M BBSW,0.6624969403687943
2020-06-15,AUD,7Y,6M BBSW,0.6438054193150564
2020-06-12,AUD,7Y,6M BBSW,0.6604395146192016
2020-06-11,AUD,7Y,6M BBSW,0.6649958829216863
2020-06-10,AUD,7Y,6M BBSW,0.7249935100205502
2020-06-09,AUD,7Y,6M BBSW,0.7199934575944558
2020-06-05,AUD,7Y,6M BBSW,0.7694096687692976
2020-06-04,AUD,7Y,6M BBSW,0.7099969826168572
2020-06-03,AUD,7Y,6M BBSW,0.6774963537252672
2020-06-02,AUD,7Y,6M BBSW,0.6337972509736663
2020-06-01,AUD,7Y,6M BBSW,0.6487955142277471
2020-05-29,AUD,7Y,6M BBSW,0.6389120986446519
2020-05-28,AUD,7Y,6M BBSW,0.6362937777784038
2020-05-27,AUD,7Y,6M BBSW,0.639997322274798
2020-05-26,AUD,7Y,6M BBSW,0.6349971649043672
2020-05-25,AUD,7Y,6M BBSW,0.6211953247629145
2020-05-22,AUD,7Y,6M BBSW,0.6132274839502853
2020-05-21,AUD,7Y,6M BBSW,0.6099936506463122
2020-05-20,AUD,7Y,6M BBSW,0.6437974655428989
2020-05-19,AUD,7Y,6M BBSW,0.6587969386580201
2020-05-18,AUD,7Y,6M BBSW,0.6249951062145462
2020-05-15,AUD,7Y,6M BBSW,0.6222710095993795
2020-05-14,AUD,7Y,6M BBSW,0.5874995559299989
2020-05-13,AUD,7Y,6M BBSW,0.6337975526758348
2020-05-12,AUD,7Y,6M BBSW,0.6474970340439354
2020-05-11,AUD,7Y,6M BBSW,0.6549953948513342
2020-05-08,AUD,7Y,6M BBSW,0.6345116218973619
2020-05-07,AUD,7Y,6M BBSW,0.6761927198973329
2020-05-06,AUD,7Y,6M BBSW,0.6649972364998573
2020-05-05,AUD,7Y,6M BBSW,0.6611968098538115
2020-05-04,AUD,7Y,6M BBSW,0.6537947762979935
2020-05-01,AUD,7Y,6M BBSW,0.6856728441665263
2020-04-30,AUD,7Y,6M BBSW,0.7150020259995602
2020-04-29,AUD,7Y,6M BBSW,0.7486983022589637
2020-04-28,AUD,7Y,6M BBSW,0.7411960985246435
2020-04-27,AUD,7Y,6M BBSW,0.7336941289036127
2020-04-24,AUD,7Y,6M BBSW,0.7132511209190093
2020-04-23,AUD,7Y,6M BBSW,0.7099956751823608
2020-04-22,AUD,7Y,6M BBSW,0.6949957888008361
2020-04-21,AUD,7Y,6M BBSW,0.704995184037965
2020-04-20,AUD,7Y,6M BBSW,0.7074930875563317
2020-04-17,AUD,7Y,6M BBSW,0.7419294855112804
2020-04-16,AUD,7Y,6M BBSW,0.7437953966997958
2020-04-15,AUD,7Y,6M BBSW,0.8225044460446317
2020-04-14,AUD,7Y,6M BBSW,0.8061994413346936
2020-04-09,AUD,7Y,6M BBSW,0.7974940628092626
2020-04-08,AUD,7Y,6M BBSW,0.7899933511837431
2020-04-07,AUD,7Y,6M BBSW,0.7224907464869108
2020-04-06,AUD,7Y,6M BBSW,0.668691447780511
2020-04-03,AUD,7Y,6M BBSW,0.6706740797823102
2020-04-02,AUD,7Y,6M BBSW,0.709992396608819
2020-04-01,AUD,7Y,6M BBSW,0.6836931995294563
2020-03-31,AUD,7Y,6M BBSW,0.758805848436727
2020-03-30,AUD,7Y,6M BBSW,0.6975022302408405
2020-03-27,AUD,7Y,6M BBSW,0.8027803505872018
2020-03-26,AUD,7Y,6M BBSW,0.8262409869593291
2020-03-25,AUD,7Y,6M BBSW,0.911194162423843
2020-03-24,AUD,7Y,6M BBSW,0.8274950904739388
2020-03-23,AUD,7Y,6M BBSW,0.7999925581401067
2020-03-20,AUD,7Y,6M BBSW,0.939281144873823
2020-03-19,AUD,7Y,6M BBSW,1.404974066420223
2020-03-18,AUD,7Y,6M BBSW,1.133790467338527
2020-03-17,AUD,7Y,6M BBSW,1.014991244559188
2020-03-16,AUD,7Y,6M BBSW,0.8749904814919465
2020-03-13,AUD,7Y,6M BBSW,1.010426893230567
2020-03-12,AUD,7Y,6M BBSW,0.8124901667806463
2020-03-11,AUD,7Y,6M BBSW,0.7749948537605741
2020-03-10,AUD,7Y,6M BBSW,0.7549952395675953
2020-03-09,AUD,7Y,6M BBSW,0.7062943537769019
2020-03-06,AUD,7Y,6M BBSW,0.7369318942882384
2020-03-05,AUD,7Y,6M BBSW,0.7761910189264785
2020-03-04,AUD,7Y,6M BBSW,0.7311958561297717
2020-03-03,AUD,7Y,6M BBSW,0.7574955315041112
2020-03-02,AUD,7Y,6M BBSW,0.7749927825466678
2020-02-28,AUD,7Y,6M BBSW,0.7392625607359014
2020-02-27,AUD,7Y,6M BBSW,0.8328119013046129
2020-02-26,AUD,7Y,6M BBSW,0.8812929751782963
2020-02-25,AUD,7Y,6M BBSW,0.8774935128540353
2020-02-24,AUD,7Y,6M BBSW,0.8774911100345124
2020-02-21,AUD,7Y,6M BBSW,0.8996514494725876
2020-02-20,AUD,7Y,6M BBSW,0.9480765044734611
2020-02-19,AUD,7Y,6M BBSW,0.9749913561086656
2020-02-18,AUD,7Y,6M BBSW,0.9999916470552708
2020-02-17,AUD,7Y,6M BBSW,1.027487493727538
2020-02-14,AUD,7Y,6M BBSW,0.9996243051281573
2020-02-13,AUD,7Y,6M BBSW,1.035410986047036
2020-02-12,AUD,7Y,6M BBSW,1.04249012657074
2020-02-11,AUD,7Y,6M BBSW,0.9949915236799456
2020-02-10,AUD,7Y,6M BBSW,0.9961882865583432
2020-02-07,AUD,7Y,6M BBSW,0.9821177734185336
2020-02-06,AUD,7Y,6M BBSW,1.070382519436337
2020-02-05,AUD,7Y,6M BBSW,1.012486174262451
2020-02-04,AUD,7Y,6M BBSW,0.8837895000918056
2020-02-03,AUD,7Y,6M BBSW,0.909981644093458
2020-01-31,AUD,7Y,6M BBSW,0.923205058416036
2020-01-30,AUD,7Y,6M BBSW,0.9528587505314536
2020-01-29,AUD,7Y,6M BBSW,1.012490714189886
2020-01-28,AUD,7Y,6M BBSW,0.9387923186938976
2020-01-24,AUD,7Y,6M BBSW,1.027100005966546
2020-01-23,AUD,7Y,6M BBSW,1.084175093070171
2020-01-22,AUD,7Y,6M BBSW,1.071189285292499
2020-01-21,AUD,7Y,6M BBSW,1.118788849035436
2020-01-20,AUD,7Y,6M BBSW,1.139984100797881
2020-01-17,AUD,7Y,6M BBSW,1.142058827761646
2020-01-16,AUD,7Y,6M BBSW,1.151625488983916
2020-01-15,AUD,7Y,6M BBSW,1.175009395162314
2020-01-14,AUD,7Y,6M BBSW,1.197495400609276
2020-01-13,AUD,7Y,6M BBSW,1.15498402044595
2020-01-10,AUD,7Y,6M BBSW,1.169548198450294
2020-01-09,AUD,7Y,6M BBSW,1.16911276502055
2020-01-08,AUD,7Y,6M BBSW,1.118788296858411
2020-01-07,AUD,7Y,6M BBSW,1.148688422826332
2020-01-06,AUD,7Y,6M BBSW,1.16998357309149
2020-01-03,AUD,7Y,6M BBSW,1.177043182671555
2020-01-02,AUD,7Y,6M BBSW,1.326490319983235
2019-12-31,AUD,7Y,6M BBSW,1.325020403710552
2019-12-30,AUD,7Y,6M BBSW,1.278711656567154
2019-12-27,AUD,7Y,6M BBSW,1.286503819994817
2019-12-24,AUD,7Y,6M BBSW,1.278667897665166
2019-12-23,AUD,7Y,6M BBSW,1.271180858664341
2019-12-20,AUD,7Y,6M BBSW,1.274498485233737
2019-12-19,AUD,7Y,6M BBSW,1.231569457373755
2019-12-18,AUD,7Y,6M BBSW,1.152486379668633
2019-12-17,AUD,7Y,6M BBSW,1.14748647247512
2019-12-16,AUD,7Y,6M BBSW,1.132490749192149
2019-12-13,AUD,7Y,6M BBSW,1.10956031106611
2019-12-12,AUD,7Y,6M BBSW,1.110352157232342
2019-12-11,AUD,7Y,6M BBSW,1.104982945759286
2019-12-10,AUD,7Y,6M BBSW,1.092481447872473
2019-12-09,AUD,7Y,6M BBSW,1.108784931102202
2019-12-06,AUD,7Y,6M BBSW,1.110756835446051
2019-12-05,AUD,7Y,6M BBSW,1.07538408214359
2019-12-04,AUD,7Y,6M BBSW,1.048789167556917
2019-12-03,AUD,7Y,6M BBSW,1.087486316487908
2019-12-02,AUD,7Y,6M BBSW,1.061191881859823
2019-11-29,AUD,7Y,6M BBSW,1.02331187851691
2019-11-28,AUD,7Y,6M BBSW,1.012928671230379
2019-11-27,AUD,7Y,6M BBSW,1.061189999014641
2019-11-26,AUD,7Y,6M BBSW,1.091189672939943
2019-11-25,AUD,7Y,6M BBSW,1.076186333646689
2019-11-22,AUD,7Y,6M BBSW,1.077083541398184
2019-11-21,AUD,7Y,6M BBSW,1.034211586002129
2019-11-20,AUD,7Y,6M BBSW,1.054989729079504
2019-11-19,AUD,7Y,6M BBSW,1.09378967913187
2019-11-18,AUD,7Y,6M BBSW,1.132484639049242
2019-11-15,AUD,7Y,6M BBSW,1.126375295339024
2019-11-14,AUD,7Y,6M BBSW,1.157210742330707
2019-11-13,AUD,7Y,6M BBSW,1.228785795319087
2019-11-12,AUD,7Y,6M BBSW,1.24748652808536
2019-11-11,AUD,7Y,6M BBSW,1.26378115096786
2019-11-08,AUD,7Y,6M BBSW,1.279505713401699
2019-11-07,AUD,7Y,6M BBSW,1.215277243149931
2019-11-06,AUD,7Y,6M BBSW,1.251185211491187
2019-11-05,AUD,7Y,6M BBSW,1.212487162488639
2019-11-04,AUD,7Y,6M BBSW,1.167484321663784
2019-11-01,AUD,7Y,6M BBSW,1.178344117343071
2019-10-31,AUD,7Y,6M BBSW,1.150444822835796
2019-10-30,AUD,7Y,6M BBSW,1.141207408810493
2019-10-29,AUD,7Y,6M BBSW,1.153694758195595
2019-10-28,AUD,7Y,6M BBSW,1.096291468613606
2019-10-25,AUD,7Y,6M BBSW,1.062067310676098
2019-10-24,AUD,7Y,6M BBSW,1.105358543957352
2019-10-23,AUD,7Y,6M BBSW,1.117485068164382
2019-10-22,AUD,7Y,6M BBSW,1.168785374737255
2019-10-21,AUD,7Y,6M BBSW,1.137487983610766
2019-10-18,AUD,7Y,6M BBSW,1.137037698290967
2019-10-17,AUD,7Y,6M BBSW,1.064189605209727
2019-10-16,AUD,7Y,6M BBSW,1.034987340137382
2019-10-15,AUD,7Y,6M BBSW,1.001208839415467
2019-10-14,AUD,7Y,6M BBSW,1.023699818743979
2019-10-11,AUD,7Y,6M BBSW,1.0570816177905
2019-10-10,AUD,7Y,6M BBSW,0.869328078964382
2019-10-09,AUD,7Y,6M BBSW,0.8724910734265047
2019-10-08,AUD,7Y,6M BBSW,0.8624906027762194
2019-10-04,AUD,7Y,6M BBSW,0.8643256866104075
2019-10-03,AUD,7Y,6M BBSW,0.9139438944685124
2019-10-02,AUD,7Y,6M BBSW,0.9449822020564091
2019-10-01,AUD,7Y,6M BBSW,1.011182480521548
2019-09-30,AUD,7Y,6M BBSW,0.9775033839303364
2019-09-27,AUD,7Y,6M BBSW,0.9821193894214711
2019-09-26,AUD,7Y,6M BBSW,0.9842481601493344
2019-09-25,AUD,7Y,6M BBSW,0.9674913465206434
2019-09-24,AUD,7Y,6M BBSW,1.013691373294828
2019-09-23,AUD,7Y,6M BBSW,1.016288231359381
2019-09-20,AUD,7Y,6M BBSW,1.018405592896354
2019-09-19,AUD,7Y,6M BBSW,1.091668428508856
2019-09-18,AUD,7Y,6M BBSW,1.147488069729544
2019-09-17,AUD,7Y,6M BBSW,1.149989220243754
2019-09-16,AUD,7Y,6M BBSW,1.178784384174133
2019-09-13,AUD,7Y,6M BBSW,1.16204996232676
2019-09-12,AUD,7Y,6M BBSW,1.146627572256783
2019-09-11,AUD,7Y,6M BBSW,1.11998871634233
2019-09-10,AUD,7Y,6M BBSW,1.082490464407236
2019-09-09,AUD,7Y,6M BBSW,1.03248810687655
2019-09-06,AUD,7Y,6M BBSW,1.043295705434461
2019-09-05,AUD,7Y,6M BBSW,0.9967390246566468
2019-09-04,AUD,7Y,6M BBSW,0.9637920059481182
2019-09-03,AUD,7Y,6M BBSW,0.9624923399176748
2019-09-02,AUD,7Y,6M BBSW,0.9399898008144896
2019-08-30,AUD,7Y,6M BBSW,0.954639962343281
2019-08-29,AUD,7Y,6M BBSW,0.9018132195536076
2019-08-28,AUD,7Y,6M BBSW,0.9050003927211882
2019-08-27,AUD,7Y,6M BBSW,0.9462943169539402
2019-08-26,AUD,7Y,6M BBSW,0.9211918338353144
2019-08-23,AUD,7Y,6M BBSW,0.8984518502114791
2019-08-22,AUD,7Y,6M BBSW,0.9542649407064976
2019-08-21,AUD,7Y,6M BBSW,0.9399904216633602
2019-08-20,AUD,7Y,6M BBSW,0.9537909306365387
2019-08-19,AUD,7Y,6M BBSW,0.9311914968621128
2019-08-16,AUD,7Y,6M BBSW,0.8896546717241226
2019-08-15,AUD,7Y,6M BBSW,0.9120313674343458
2019-08-14,AUD,7Y,6M BBSW,0.9563006050298852
2019-08-13,AUD,7Y,6M BBSW,0.943791157365201
2019-08-12,AUD,7Y,6M BBSW,0.968791024978194
2019-08-09,AUD,7Y,6M BBSW,0.98711715933542
2019-08-08,AUD,7Y,6M BBSW,0.9680544608463229
2019-08-07,AUD,7Y,6M BBSW,0.9674880541724152
2019-08-06,AUD,7Y,6M BBSW,1.012487689175074
2019-08-02,AUD,7Y,6M BBSW,1.0804698454764
2019-08-01,AUD,7Y,6M BBSW,1.196129716571451
2019-07-31,AUD,7Y,6M BBSW,1.193814935264888
2019-07-30,AUD,7Y,6M BBSW,1.211199075939157
2019-07-29,AUD,7Y,6M BBSW,1.198785934580543
2019-07-26,AUD,7Y,6M BBSW,1.229495746866936
2019-07-25,AUD,7Y,6M BBSW,1.271515162921348
2019-07-24,AUD,7Y,6M BBSW,1.222481077621948
2019-07-23,AUD,7Y,6M BBSW,1.33998130336124
2019-07-22,AUD,7Y,6M BBSW,1.35618199492923
2019-07-19,AUD,7Y,6M BBSW,1.359474878223561
2019-07-18,AUD,7Y,6M BBSW,1.341474222539691
2019-07-17,AUD,7Y,6M BBSW,1.382478278135529
2019-07-16,AUD,7Y,6M BBSW,1.376180367329062
2019-07-15,AUD,7Y,6M BBSW,1.425015244736585
2019-07-12,AUD,7Y,6M BBSW,1.404458059494751
2019-07-11,AUD,7Y,6M BBSW,1.325185966215902
2019-07-10,AUD,7Y,6M BBSW,1.327480171152056
2019-07-09,AUD,7Y,6M BBSW,1.338781341751796
2019-07-08,AUD,7Y,6M BBSW,1.349982019098486
2019-07-05,AUD,7Y,6M BBSW,1.299497858423929
2019-07-04,AUD,7Y,6M BBSW,1.317791370780253
2019-07-03,AUD,7Y,6M BBSW,1.312477681702839
2019-07-02,AUD,7Y,6M BBSW,1.347474459552759
2019-07-01,AUD,7Y,6M BBSW,1.349950883234056
2019-06-28,AUD,7Y,6M BBSW,1.353259080706731
2019-06-27,AUD,7Y,6M BBSW,1.367651362438311
2019-06-26,AUD,7Y,6M BBSW,1.309945373052518
2019-06-25,AUD,7Y,6M BBSW,1.311119048590082
2019-06-24,AUD,7Y,6M BBSW,1.324965694031939
2019-06-21,AUD,7Y,6M BBSW,1.330672509471234
2019-06-20,AUD,7Y,6M BBSW,1.312805125035243
2019-06-19,AUD,7Y,6M BBSW,1.378783161049634
2019-06-18,AUD,7Y,6M BBSW,1.409977266464622
2019-06-17,AUD,7Y,6M BBSW,1.457476616941269
2019-06-14,AUD,7Y,6M BBSW,1.424471975892437
2019-06-13,AUD,7Y,6M BBSW,1.466384690230075
2019-06-12,AUD,7Y,6M BBSW,1.494966681191404
2019-06-11,AUD,7Y,6M BBSW,1.526263403539238
2019-06-07,AUD,7Y,6M BBSW,1.505138986915653
2019-06-06,AUD,7Y,6M BBSW,1.528278512223842
2019-06-05,AUD,7Y,6M BBSW,1.56997701371151
2019-06-04,AUD,7Y,6M BBSW,1.56247169480579
2019-06-03,AUD,7Y,6M BBSW,1.572472891286536
2019-05-31,AUD,7Y,6M BBSW,1.53616846226103
2019-05-30,AUD,7Y,6M BBSW,1.588108580118997
2019-05-29,AUD,7Y,6M BBSW,1.543791055248377
2019-05-28,AUD,7Y,6M BBSW,1.582473588602663
2019-05-27,AUD,7Y,6M BBSW,1.591174993814342
2019-05-24,AUD,7Y,6M BBSW,1.573194111311274
2019-05-23,AUD,7Y,6M BBSW,1.622564107996565
2019-05-22,AUD,7Y,6M BBSW,1.677468589293745
2019-05-21,AUD,7Y,6M BBSW,1.692469881995246
2019-05-20,AUD,7Y,6M BBSW,1.728770371211088
2019-05-17,AUD,7Y,6M BBSW,1.681852707297405
2019-05-16,AUD,7Y,6M BBSW,1.696209418107132
2019-05-15,AUD,7Y,6M BBSW,1.733830439094845
2019-05-14,AUD,7Y,6M BBSW,1.741197295870603
2019-05-13,AUD,7Y,6M BBSW,1.75876946655906
2019-05-10,AUD,7Y,6M BBSW,1.783114043337857
2019-05-09,AUD,7Y,6M BBSW,1.768655605483716
2019-05-08,AUD,7Y,6M BBSW,1.788764461509096
2019-05-07,AUD,7Y,6M BBSW,1.772467049348688
2019-05-06,AUD,7Y,6M BBSW,1.767468802202797
2019-05-03,AUD,7Y,6M BBSW,1.816801931856331
2019-05-02,AUD,7Y,6M BBSW,1.803630773931626
2019-05-01,AUD,7Y,6M BBSW,1.803663877456962
2019-04-30,AUD,7Y,6M BBSW,1.830020578864484
2019-04-29,AUD,7Y,6M BBSW,1.816185972804346
2019-04-26,AUD,7Y,6M BBSW,1.796787568189589
2019-04-24,AUD,7Y,6M BBSW,1.797463840602488
2019-04-23,AUD,7Y,6M BBSW,1.917449916036677
2019-04-18,AUD,7Y,6M BBSW,1.96848221285084
2019-04-17,AUD,7Y,6M BBSW,1.976254750672239
2019-04-16,AUD,7Y,6M BBSW,1.947448348350196
2019-04-15,AUD,7Y,6M BBSW,1.971338559071818
2019-04-12,AUD,7Y,6M BBSW,2.011694135434814
2019-04-11,AUD,7Y,6M BBSW,1.898570446424408
2019-04-10,AUD,7Y,6M BBSW,1.903636211483489
2019-04-09,AUD,7Y,6M BBSW,1.927448132401424
2019-04-08,AUD,7Y,6M BBSW,1.931150898867627
2019-04-05,AUD,7Y,6M BBSW,1.93728867455982
2019-04-04,AUD,7Y,6M BBSW,1.945306726987569
2019-04-03,AUD,7Y,6M BBSW,1.885888538315166
2019-04-02,AUD,7Y,6M BBSW,1.887414477867398
2019-04-01,AUD,7Y,6M BBSW,1.88493773549814
2019-03-29,AUD,7Y,6M BBSW,1.841798587864124
2019-03-28,AUD,7Y,6M BBSW,1.80862410390338
2019-03-27,AUD,7Y,6M BBSW,1.83746327894407
2019-03-26,AUD,7Y,6M BBSW,1.859962749271622
2019-03-25,AUD,7Y,6M BBSW,1.847466289249397
2019-03-22,AUD,7Y,6M BBSW,1.820493245723545
2019-03-21,AUD,7Y,6M BBSW,1.961012878639601
2019-03-20,AUD,7Y,6M BBSW,1.984956356553074
2019-03-19,AUD,7Y,6M BBSW,1.999956674587188
2019-03-18,AUD,7Y,6M BBSW,2.023759060193376
2019-03-15,AUD,7Y,6M BBSW,1.998340380058638
2019-03-14,AUD,7Y,6M BBSW,2.010078328623112
2019-03-13,AUD,7Y,6M BBSW,2.017455520386996
2019-03-12,AUD,7Y,6M BBSW,2.094951854236978
2019-03-11,AUD,7Y,6M BBSW,2.078656922306523
2019-03-08,AUD,7Y,6M BBSW,2.092997792008662
2019-03-07,AUD,7Y,6M BBSW,2.128390015022896
2019-03-06,AUD,7Y,6M BBSW,2.169946525323031
2019-03-05,AUD,7Y,6M BBSW,2.212445773009108
2019-03-04,AUD,7Y,6M BBSW,2.231249881051755
2019-03-01,AUD,7Y,6M BBSW,2.211653232437267
2019-02-28,AUD,7Y,6M BBSW,2.163270931151333
2019-02-27,AUD,7Y,6M BBSW,2.133768725096505
2019-02-26,AUD,7Y,6M BBSW,2.139951427720654
2019-02-25,AUD,7Y,6M BBSW,2.136150617998631
2019-02-22,AUD,7Y,6M BBSW,2.119175781321938
2019-02-21,AUD,7Y,6M BBSW,2.115933649498045
2019-02-20,AUD,7Y,6M BBSW,2.166145290383668
2019-02-19,AUD,7Y,6M BBSW,2.19244910247515
2019-02-18,AUD,7Y,6M BBSW,2.187447703016669
2019-02-15,AUD,7Y,6M BBSW,2.195926061532285
2019-02-14,AUD,7Y,6M BBSW,2.188909062132075
2019-02-13,AUD,7Y,6M BBSW,2.204944035643788
2019-02-12,AUD,7Y,6M BBSW,2.162450940007775
2019-02-11,AUD,7Y,6M BBSW,2.139949673239059
2019-02-08,AUD,7Y,6M BBSW,2.126674485689358
2019-02-07,AUD,7Y,6M BBSW,2.175883220493492
2019-02-06,AUD,7Y,6M BBSW,2.227431215891375
2019-02-05,AUD,7Y,6M BBSW,2.27611199405803
2019-02-04,AUD,7Y,6M BBSW,2.279910157951517
2019-02-01,AUD,7Y,6M BBSW,2.30157576164023
2019-01-31,AUD,7Y,6M BBSW,2.29087337802358
2019-01-30,AUD,7Y,6M BBSW,2.309997959397449
2019-01-29,AUD,7Y,6M BBSW,2.302443861200865
2019-01-25,AUD,7Y,6M BBSW,2.313248457268281
2019-01-24,AUD,7Y,6M BBSW,2.357420598428529
2019-01-23,AUD,7Y,6M BBSW,2.362434483234522
2019-01-22,AUD,7Y,6M BBSW,2.3724404810929
2019-01-21,AUD,7Y,6M BBSW,2.344939525649017
2019-01-18,AUD,7Y,6M BBSW,2.401566197773771
2019-01-17,AUD,7Y,6M BBSW,2.344575343760851
2019-01-16,AUD,7Y,6M BBSW,2.338636212371748
2019-01-15,AUD,7Y,6M BBSW,2.345046384405264
2019-01-14,AUD,7Y,6M BBSW,2.349976683944435
2019-01-11,AUD,7Y,6M BBSW,2.36658130545541
2019-01-10,AUD,7Y,6M BBSW,2.353270224677084
2019-01-09,AUD,7Y,6M BBSW,2.377433454167225
2019-01-08,AUD,7Y,6M BBSW,2.356140936450642
2019-01-07,AUD,7Y,6M BBSW,2.329941244102108
2019-01-04,AUD,7Y,6M BBSW,2.389071755734556
2019-01-03,AUD,7Y,6M BBSW,2.273315792108166
2019-01-02,AUD,7Y,6M BBSW,2.347412228941182
2018-12-31,AUD,7Y,6M BBSW,2.377581381275405
2018-12-28,AUD,7Y,6M BBSW,2.389045376935712
2018-12-27,AUD,7Y,6M BBSW,2.421881775354918
2018-12-24,AUD,7Y,6M BBSW,2.422382214305671
2018-12-21,AUD,7Y,6M BBSW,2.441545963481452
2018-12-20,AUD,7Y,6M BBSW,2.438215308391724
2018-12-19,AUD,7Y,6M BBSW,2.457432996795586
2018-12-18,AUD,7Y,6M BBSW,2.474920430026424
2018-12-17,AUD,7Y,6M BBSW,2.487431125076857
2018-12-14,AUD,7Y,6M BBSW,2.48032843013131
2018-12-13,AUD,7Y,6M BBSW,2.50933995156079
2018-12-12,AUD,7Y,6M BBSW,2.487391915075203
2018-12-11,AUD,7Y,6M BBSW,2.48609239134395
2018-12-10,AUD,7Y,6M BBSW,2.467390876391593
2018-12-07,AUD,7Y,6M BBSW,2.456516096422062
2018-12-06,AUD,7Y,6M BBSW,2.505659950992004
2018-12-05,AUD,7Y,6M BBSW,2.53742774825438
2018-12-04,AUD,7Y,6M BBSW,2.568613681856896
2018-12-03,AUD,7Y,6M BBSW,2.628721891044346
2018-11-30,AUD,7Y,6M BBSW,2.600675247584843
2018-11-29,AUD,7Y,6M BBSW,2.627080519445355
2018-11-28,AUD,7Y,6M BBSW,2.634915747145136
2018-11-27,AUD,7Y,6M BBSW,2.643724523351228
2018-11-26,AUD,7Y,6M BBSW,2.649925329550823
2018-11-23,AUD,7Y,6M BBSW,2.656467076612765
2018-11-22,AUD,7Y,6M BBSW,2.670550341763715
2018-11-21,AUD,7Y,6M BBSW,2.70241072897232
2018-11-20,AUD,7Y,6M BBSW,2.70612062451395
2018-11-19,AUD,7Y,6M BBSW,2.67362322983494
2018-11-16,AUD,7Y,6M BBSW,2.691452785784577
2018-11-15,AUD,7Y,6M BBSW,2.721628159989451
2018-11-14,AUD,7Y,6M BBSW,2.709996325072733
2018-11-13,AUD,7Y,6M BBSW,2.724919349996913
2018-11-12,AUD,7Y,6M BBSW,2.729920248395257
2018-11-09,AUD,7Y,6M BBSW,2.711446674913829
2018-11-08,AUD,7Y,6M BBSW,2.739204320926993
2018-11-07,AUD,7Y,6M BBSW,2.712509865443492
2018-11-06,AUD,7Y,6M BBSW,2.667421068834169
2018-11-05,AUD,7Y,6M BBSW,2.702421168801626
2018-11-02,AUD,7Y,6M BBSW,2.702649702870664
2018-11-01,AUD,7Y,6M BBSW,2.650565804534566
2018-10-31,AUD,7Y,6M BBSW,2.602585391916408
2018-10-30,AUD,7Y,6M BBSW,2.582544276975916
2018-10-29,AUD,7Y,6M BBSW,2.574971302128846
2018-10-26,AUD,7Y,6M BBSW,2.575293248380706
2018-10-25,AUD,7Y,6M BBSW,2.60549981897743
2018-10-24,AUD,7Y,6M BBSW,2.652404546575303
2018-10-23,AUD,7Y,6M BBSW,2.677389906250411
2018-10-22,AUD,7Y,6M BBSW,2.69240167026067
2018-10-19,AUD,7Y,6M BBSW,2.703871616660837
2018-10-18,AUD,7Y,6M BBSW,2.717946208094075
2018-10-17,AUD,7Y,6M BBSW,2.696100603084352
2018-10-16,AUD,7Y,6M BBSW,2.714886727017882
2018-10-15,AUD,7Y,6M BBSW,2.682580023813357
2018-10-12,AUD,7Y,6M BBSW,2.6739438484108
2018-10-11,AUD,7Y,6M BBSW,2.685535613278508
2018-10-10,AUD,7Y,6M BBSW,2.719850484928251
2018-10-09,AUD,7Y,6M BBSW,2.722385692136277
2018-10-08,AUD,7Y,6M BBSW,2.723699126250445
2018-10-05,AUD,7Y,6M BBSW,2.705433614418228
2018-10-04,AUD,7Y,6M BBSW,2.675866684286978
2018-10-03,AUD,7Y,6M BBSW,2.634866935114004
2018-10-02,AUD,7Y,6M BBSW,2.669808718360018
2018-09-28,AUD,7Y,6M BBSW,2.64397324928393
2018-09-27,AUD,7Y,6M BBSW,2.698033856321156
2018-09-26,AUD,7Y,6M BBSW,2.732409177808579
2018-09-25,AUD,7Y,6M BBSW,2.737418536468361
2018-09-24,AUD,7Y,6M BBSW,2.70242037183293
2018-09-21,AUD,7Y,6M BBSW,2.700250820966354
2018-09-20,AUD,7Y,6M BBSW,2.740506401999261
2018-09-19,AUD,7Y,6M BBSW,2.688711573857305
2018-09-18,AUD,7Y,6M BBSW,2.641124323276584
2018-09-17,AUD,7Y,6M BBSW,2.611125612676829
2018-09-14,AUD,7Y,6M BBSW,2.611596868389652
2018-09-13,AUD,7Y,6M BBSW,2.59690176282087
2018-09-12,AUD,7Y,6M BBSW,2.569920542050155
2018-09-11,AUD,7Y,6M BBSW,2.567428721672229
2018-09-10,AUD,7Y,6M BBSW,2.573728155895156
2018-09-07,AUD,7Y,6M BBSW,2.576499202673132
2018-09-06,AUD,7Y,6M BBSW,2.579314195151787
2018-09-05,AUD,7Y,6M BBSW,2.56492079343298
2018-09-04,AUD,7Y,6M BBSW,2.522431617098879
2018-09-03,AUD,7Y,6M BBSW,2.517430775869779
2018-08-31,AUD,7Y,6M BBSW,2.506846771218896
2018-08-30,AUD,7Y,6M BBSW,2.578428268407993
2018-08-29,AUD,7Y,6M BBSW,2.60248600450924
2018-08-28,AUD,7Y,6M BBSW,2.612481560125619
2018-08-27,AUD,7Y,6M BBSW,2.577453188454321
2018-08-24,AUD,7Y,6M BBSW,2.577693154058056
2018-08-23,AUD,7Y,6M BBSW,2.546825372529026
2018-08-22,AUD,7Y,6M BBSW,2.56621453769708
2018-08-21,AUD,7Y,6M BBSW,2.559946545192568
2018-08-20,AUD,7Y,6M BBSW,2.552419144950136
2018-08-17,AUD,7Y,6M BBSW,2.576493116987056
2018-08-16,AUD,7Y,6M BBSW,2.565612588261574
2018-08-15,AUD,7Y,6M BBSW,2.585062546000258
2018-08-14,AUD,7Y,6M BBSW,2.599983711572527
2018-08-13,AUD,7Y,6M BBSW,2.599916292684058
2018-08-10,AUD,7Y,6M BBSW,2.616477728215266
2018-08-09,AUD,7Y,6M BBSW,2.654251429626224
2018-08-08,AUD,7Y,6M BBSW,2.68360610853788
2018-08-07,AUD,7Y,6M BBSW,2.67492601673923
2018-08-03,AUD,7Y,6M BBSW,2.692954768564342
2018-08-02,AUD,7Y,6M BBSW,2.727009805670565
2018-08-01,AUD,7Y,6M BBSW,2.704860552238241
2018-07-31,AUD,7Y,6M BBSW,2.686274850037759
2018-07-30,AUD,7Y,6M BBSW,2.647498726597409
2018-07-27,AUD,7Y,6M BBSW,2.641429476715866
2018-07-26,AUD,7Y,6M BBSW,2.716674458330262
2018-07-25,AUD,7Y,6M BBSW,2.702376896504051
2018-07-24,AUD,7Y,6M BBSW,2.727438868209699
2018-07-23,AUD,7Y,6M BBSW,2.692409827896625
2018-07-20,AUD,7Y,6M BBSW,2.696445099633449
2018-07-19,AUD,7Y,6M BBSW,2.683031245500934
2018-07-18,AUD,7Y,6M BBSW,2.678705571247479
2018-07-17,AUD,7Y,6M BBSW,2.669940956909163
2018-07-16,AUD,7Y,6M BBSW,2.654912267468938
2018-07-13,AUD,7Y,6M BBSW,2.641468085925767
2018-07-12,AUD,7Y,6M BBSW,2.651753098086343
2018-07-11,AUD,7Y,6M BBSW,2.654908446863737
2018-07-10,AUD,7Y,6M BBSW,2.676141223234485
2018-07-09,AUD,7Y,6M BBSW,2.642412769684261
2018-07-06,AUD,7Y,6M BBSW,2.650165464604976
2018-07-05,AUD,7Y,6M BBSW,2.630568196320937
2018-07-04,AUD,7Y,6M BBSW,2.623610388796509
2018-07-03,AUD,7Y,6M BBSW,2.622428129880539
2018-07-02,AUD,7Y,6M BBSW,2.642381894452921
2018-06-29,AUD,7Y,6M BBSW,2.64903516612194
2018-06-28,AUD,7Y,6M BBSW,2.649225253506051
2018-06-27,AUD,7Y,6M BBSW,2.662388707445689
2018-06-26,AUD,7Y,6M BBSW,2.65348550036756
2018-06-25,AUD,7Y,6M BBSW,2.654682300307929
2018-06-22,AUD,7Y,6M BBSW,2.666450737046992
2018-06-21,AUD,7Y,6M BBSW,2.695521061529286
2018-06-20,AUD,7Y,6M BBSW,2.66874771190838
2018-06-19,AUD,7Y,6M BBSW,2.659911946151178
2018-06-18,AUD,7Y,6M BBSW,2.68740359491818
2018-06-15,AUD,7Y,6M BBSW,2.71515786673629
2018-06-14,AUD,7Y,6M BBSW,2.74544916990121
2018-06-13,AUD,7Y,6M BBSW,2.781108856987386
2018-06-12,AUD,7Y,6M BBSW,2.79615166722358
2018-06-08,AUD,7Y,6M BBSW,2.791673503985506
2018-06-07,AUD,7Y,6M BBSW,2.814433214482379
2018-06-06,AUD,7Y,6M BBSW,2.7549293269551
2018-06-05,AUD,7Y,6M BBSW,2.75490535040983
2018-06-04,AUD,7Y,6M BBSW,2.729899895575942
2025-11-13,AUD,8Y,6M BBSW,4.3965
2025-11-12,AUD,8Y,6M BBSW,4.285999999986637
2025-11-11,AUD,8Y,6M BBSW,4.257099999986734
2025-11-10,AUD,8Y,6M BBSW,4.262596753040185
2025-11-07,AUD,8Y,6M BBSW,4.21419999999983
2025-11-06,AUD,8Y,6M BBSW,4.212100000000222
2025-11-05,AUD,8Y,6M BBSW,4.245800000000275
2025-11-04,AUD,8Y,6M BBSW,4.223199999987534
2025-11-03,AUD,8Y,6M BBSW,4.241896709132136
2025-10-31,AUD,8Y,6M BBSW,4.209100000000866
2025-10-30,AUD,8Y,6M BBSW,4.197299999999732
2025-10-29,AUD,8Y,6M BBSW,4.220999999985644
2025-10-28,AUD,8Y,6M BBSW,4.071799999989295
2025-10-27,AUD,8Y,6M BBSW,4.066999999987267
2025-10-24,AUD,8Y,6M BBSW,4.01999999998776
2025-10-23,AUD,8Y,6M BBSW,4.036199999990196
2025-10-22,AUD,8Y,6M BBSW,3.987499999989597
2025-10-21,AUD,8Y,6M BBSW,4.009599999990867
2025-10-20,AUD,8Y,6M BBSW,3.976499999990398
2025-10-17,AUD,8Y,6M BBSW,3.992199999998727
2025-10-16,AUD,8Y,6M BBSW,3.972699999994542
2025-10-15,AUD,8Y,6M BBSW,4.077552504522725
2025-10-14,AUD,8Y,6M BBSW,4.096293069531629
2025-10-13,AUD,8Y,6M BBSW,4.107499999986102
2025-10-10,AUD,8Y,6M BBSW,4.15880000000007
2025-10-09,AUD,8Y,6M BBSW,4.180600000000228
2025-10-08,AUD,8Y,6M BBSW,4.13249999998671
2025-10-07,AUD,8Y,6M BBSW,4.150282299413467
2025-10-03,AUD,8Y,6M BBSW,4.124657894255106
2025-10-02,AUD,8Y,6M BBSW,4.123605602168355
2025-10-01,AUD,8Y,6M BBSW,4.144403798819393
2025-09-30,AUD,8Y,6M BBSW,4.166229955766915
2025-09-29,AUD,8Y,6M BBSW,4.120460061195899
2025-09-26,AUD,8Y,6M BBSW,4.157173156944483
2025-09-25,AUD,8Y,6M BBSW,4.170595184594829
2025-09-24,AUD,8Y,6M BBSW,4.128993140247095
2025-09-23,AUD,8Y,6M BBSW,4.038125285865788
2025-09-22,AUD,8Y,6M BBSW,4.064423016953819
2025-09-19,AUD,8Y,6M BBSW,4.035813918806176
2025-09-18,AUD,8Y,6M BBSW,4.02394615277841
2025-09-17,AUD,8Y,6M BBSW,4.023251490997897
2025-09-16,AUD,8Y,6M BBSW,4.004928288656807
2025-09-15,AUD,8Y,6M BBSW,4.012242523852557
2025-09-12,AUD,8Y,6M BBSW,4.022315203718771
2025-09-11,AUD,8Y,6M BBSW,3.981260137704686
2025-09-10,AUD,8Y,6M BBSW,4.001663866109507
2025-09-09,AUD,8Y,6M BBSW,4.056723249253792
2025-09-08,AUD,8Y,6M BBSW,4.003327562216998
2025-09-05,AUD,8Y,6M BBSW,4.043915625667792
2025-09-04,AUD,8Y,6M BBSW,4.07023165624409
2025-09-03,AUD,8Y,6M BBSW,4.101511345666105
2025-09-02,AUD,8Y,6M BBSW,4.088719746392279
2025-09-01,AUD,8Y,6M BBSW,4.07482018944619
2025-08-29,AUD,8Y,6M BBSW,4.017532938172836
2025-08-28,AUD,8Y,6M BBSW,4.002439027705661
2025-08-27,AUD,8Y,6M BBSW,4.029412964343325
2025-08-26,AUD,8Y,6M BBSW,4.041004922022795
2025-08-25,AUD,8Y,6M BBSW,4.03027956445778
2025-08-22,AUD,8Y,6M BBSW,4.035186294155784
2025-08-21,AUD,8Y,6M BBSW,4.043290357966685
2025-08-20,AUD,8Y,6M BBSW,4.007152425093938
2025-08-19,AUD,8Y,6M BBSW,4.052403580439887
2025-08-18,AUD,8Y,6M BBSW,4.038779374793974
2025-08-15,AUD,8Y,6M BBSW,3.984064539834761
2025-08-14,AUD,8Y,6M BBSW,3.984813943223843
2025-08-13,AUD,8Y,6M BBSW,3.942986436556045
2025-08-12,AUD,8Y,6M BBSW,3.995510199275085
2025-08-11,AUD,8Y,6M BBSW,4.010181888055139
2025-08-08,AUD,8Y,6M BBSW,4.011888727378341
2025-08-07,AUD,8Y,6M BBSW,4.002778048678195
2025-08-06,AUD,8Y,6M BBSW,3.977908599235673
2025-08-05,AUD,8Y,6M BBSW,3.986626102452326
2025-08-01,AUD,8Y,6M BBSW,3.974361850698107
2025-07-31,AUD,8Y,6M BBSW,4.049099421420443
2025-07-30,AUD,8Y,6M BBSW,4.038010260091003
2025-07-29,AUD,8Y,6M BBSW,4.054703850733776
2025-07-28,AUD,8Y,6M BBSW,4.087745818100286
2025-07-25,AUD,8Y,6M BBSW,4.085995897701387
2025-07-24,AUD,8Y,6M BBSW,4.090815202291973
2025-07-23,AUD,8Y,6M BBSW,4.057024765265846
2025-07-22,AUD,8Y,6M BBSW,4.027406514888689
2025-07-21,AUD,8Y,6M BBSW,4.038379116155205
2025-07-18,AUD,8Y,6M BBSW,4.073382744870218
2025-07-17,AUD,8Y,6M BBSW,4.050387245285349
2025-07-16,AUD,8Y,6M BBSW,4.114792972669481
2025-07-15,AUD,8Y,6M BBSW,4.157348719343544
2025-07-14,AUD,8Y,6M BBSW,4.093769677084608
2025-07-11,AUD,8Y,6M BBSW,4.09308097511877
2025-07-10,AUD,8Y,6M BBSW,4.057283261822501
2025-07-09,AUD,8Y,6M BBSW,4.026540094091826
2025-07-08,AUD,8Y,6M BBSW,4.055803734074104
2025-07-07,AUD,8Y,6M BBSW,3.971083980189691
2025-07-04,AUD,8Y,6M BBSW,3.9410966619729
2025-07-03,AUD,8Y,6M BBSW,3.961467547618351
2025-07-02,AUD,8Y,6M BBSW,3.937439204343755
2025-07-01,AUD,8Y,6M BBSW,3.898367335845897
2025-06-30,AUD,8Y,6M BBSW,3.907784529047817
2025-06-27,AUD,8Y,6M BBSW,3.909256158129584
2025-06-26,AUD,8Y,6M BBSW,3.880719453232176
2025-06-25,AUD,8Y,6M BBSW,3.890549134287812
2025-06-24,AUD,8Y,6M BBSW,3.911435188322478
2025-06-23,AUD,8Y,6M BBSW,3.95637204344819
2025-06-20,AUD,8Y,6M BBSW,3.957473565768697
2025-06-19,AUD,8Y,6M BBSW,3.958148697577236
2025-06-18,AUD,8Y,6M BBSW,3.997550234961797
2025-06-17,AUD,8Y,6M BBSW,3.980587236009117
2025-06-16,AUD,8Y,6M BBSW,3.993824598258588
2025-06-13,AUD,8Y,6M BBSW,4.003060122704928
2025-06-12,AUD,8Y,6M BBSW,3.917847130935338
2025-06-11,AUD,8Y,6M BBSW,3.985846592552502
2025-06-10,AUD,8Y,6M BBSW,4.034997104047788
2025-06-06,AUD,8Y,6M BBSW,4.080336229384329
2025-06-05,AUD,8Y,6M BBSW,4.009931658830212
2025-06-04,AUD,8Y,6M BBSW,3.947080208187702
2025-06-03,AUD,8Y,6M BBSW,3.986386311848959
2025-06-02,AUD,8Y,6M BBSW,4.030219373068909
2025-05-30,AUD,8Y,6M BBSW,3.984711416833722
2025-05-29,AUD,8Y,6M BBSW,4.025565263830848
2025-05-28,AUD,8Y,6M BBSW,4.100001326810565
2025-05-27,AUD,8Y,6M BBSW,3.996210413505112
2025-05-26,AUD,8Y,6M BBSW,4.046278841605704
2025-05-23,AUD,8Y,6M BBSW,4.086381138020574
2025-05-22,AUD,8Y,6M BBSW,4.117164854675502
2025-05-21,AUD,8Y,6M BBSW,4.207247120908542
2025-05-20,AUD,8Y,6M BBSW,4.103899295162392
2025-05-19,AUD,8Y,6M BBSW,4.186771885216928
2025-05-16,AUD,8Y,6M BBSW,4.207167869563495
2025-05-15,AUD,8Y,6M BBSW,4.17999345224242
2025-05-14,AUD,8Y,6M BBSW,4.25530305149131
2025-05-13,AUD,8Y,6M BBSW,4.185591488071222
2025-05-12,AUD,8Y,6M BBSW,4.140974006188847
2025-05-09,AUD,8Y,6M BBSW,4.00738962894965
2025-05-08,AUD,8Y,6M BBSW,4.006802893509049
2025-05-07,AUD,8Y,6M BBSW,3.941388799332629
2025-05-06,AUD,8Y,6M BBSW,4.024107676407539
2025-05-05,AUD,8Y,6M BBSW,4.010281536321474
2025-05-02,AUD,8Y,6M BBSW,3.995791766952736
2025-05-01,AUD,8Y,6M BBSW,3.938827806378027
2025-04-30,AUD,8Y,6M BBSW,3.904037855638192
2025-04-29,AUD,8Y,6M BBSW,3.916169871226034
2025-04-28,AUD,8Y,6M BBSW,3.921330154078644
2025-04-24,AUD,8Y,6M BBSW,3.974893449035163
2025-04-23,AUD,8Y,6M BBSW,4.030865950684373
2025-04-22,AUD,8Y,6M BBSW,3.986358794973946
2025-04-17,AUD,8Y,6M BBSW,3.988859464759188
2025-04-16,AUD,8Y,6M BBSW,4.016654393573759
2025-04-15,AUD,8Y,6M BBSW,4.08321057869719
2025-04-14,AUD,8Y,6M BBSW,4.101091648584877
2025-04-11,AUD,8Y,6M BBSW,4.211223761622349
2025-04-10,AUD,8Y,6M BBSW,4.107806857631034
2025-04-09,AUD,8Y,6M BBSW,4.044126137161137
2025-04-08,AUD,8Y,6M BBSW,3.998886710664465
2025-04-07,AUD,8Y,6M BBSW,4.078788917585845
2025-04-04,AUD,8Y,6M BBSW,3.932323525790456
2025-03-28,AUD,8Y,6M BBSW,4.203905485056477
2025-03-27,AUD,8Y,6M BBSW,4.249447010455203
2025-03-26,AUD,8Y,6M BBSW,4.260561434634393
2025-03-25,AUD,8Y,6M BBSW,4.250887096625817
2025-03-24,AUD,8Y,6M BBSW,4.221471488700406
2025-03-21,AUD,8Y,6M BBSW,4.204468132404737
2025-03-20,AUD,8Y,6M BBSW,4.210624591938114
2025-03-19,AUD,8Y,6M BBSW,4.210426036836279
2025-03-18,AUD,8Y,6M BBSW,4.240389092763912
2025-03-17,AUD,8Y,6M BBSW,4.226271385515768
2025-03-14,AUD,8Y,6M BBSW,4.243943361440127
2025-03-13,AUD,8Y,6M BBSW,4.21222367197039
2025-03-12,AUD,8Y,6M BBSW,4.26339927211246
2025-03-11,AUD,8Y,6M BBSW,4.257587001209741
2025-03-10,AUD,8Y,6M BBSW,4.205972395715557
2025-03-07,AUD,8Y,6M BBSW,4.257762001126971
2025-03-06,AUD,8Y,6M BBSW,4.280198861231412
2025-03-05,AUD,8Y,6M BBSW,4.309672943416205
2025-03-04,AUD,8Y,6M BBSW,4.226790799381662
2025-03-03,AUD,8Y,6M BBSW,4.146077048081553
2025-02-28,AUD,8Y,6M BBSW,4.189600924467863
2025-02-27,AUD,8Y,6M BBSW,4.204752209628128
2025-02-26,AUD,8Y,6M BBSW,4.223705400474223
2025-02-25,AUD,8Y,6M BBSW,4.254571818188142
2025-02-24,AUD,8Y,6M BBSW,4.304475011601087
2025-02-21,AUD,8Y,6M BBSW,4.366918504354217
2025-02-20,AUD,8Y,6M BBSW,4.411904789439133
2025-02-19,AUD,8Y,6M BBSW,4.405006012227193
2025-02-18,AUD,8Y,6M BBSW,4.424061684783874
2025-02-17,AUD,8Y,6M BBSW,4.334972448760062
2025-02-14,AUD,8Y,6M BBSW,4.308296946215982
2025-02-13,AUD,8Y,6M BBSW,4.310035954072947
2025-02-12,AUD,8Y,6M BBSW,4.412701974732316
2025-02-11,AUD,8Y,6M BBSW,4.3357667915652
2025-02-10,AUD,8Y,6M BBSW,4.261479645555963
2025-02-07,AUD,8Y,6M BBSW,4.281497466604945
2025-02-06,AUD,8Y,6M BBSW,4.216998953360824
2025-02-05,AUD,8Y,6M BBSW,4.181536872800555
2025-02-04,AUD,8Y,6M BBSW,4.300539480005611
2025-02-03,AUD,8Y,6M BBSW,4.296250682621832
2025-01-31,AUD,8Y,6M BBSW,4.263876758059162
2025-01-30,AUD,8Y,6M BBSW,4.249740165314203
2025-01-29,AUD,8Y,6M BBSW,4.263383901914238
2025-01-28,AUD,8Y,6M BBSW,4.311736953118555
2025-01-24,AUD,8Y,6M BBSW,4.350659606410014
2025-01-23,AUD,8Y,6M BBSW,4.374017429483927
2025-01-22,AUD,8Y,6M BBSW,4.381517324637156
2025-01-21,AUD,8Y,6M BBSW,4.353267384758
2025-01-20,AUD,8Y,6M BBSW,4.350871579087443
2025-01-17,AUD,8Y,6M BBSW,4.407213805914463
2025-01-16,AUD,8Y,6M BBSW,4.390811529767812
2025-01-15,AUD,8Y,6M BBSW,4.405687465818183
2025-01-14,AUD,8Y,6M BBSW,4.524466137534429
2025-01-13,AUD,8Y,6M BBSW,4.492881341196087
2025-01-10,AUD,8Y,6M BBSW,4.452110455730603
2025-01-09,AUD,8Y,6M BBSW,4.366621348883849
2025-01-08,AUD,8Y,6M BBSW,4.411802648040919
2025-01-07,AUD,8Y,6M BBSW,4.422263233567995
2025-01-06,AUD,8Y,6M BBSW,4.333503371538741
2025-01-03,AUD,8Y,6M BBSW,4.285066039522787
2025-01-02,AUD,8Y,6M BBSW,4.27438557714008
2024-12-31,AUD,8Y,6M BBSW,4.240658293964744
2024-12-30,AUD,8Y,6M BBSW,4.265496659491309
2024-12-27,AUD,8Y,6M BBSW,4.292168225425772
2024-12-24,AUD,8Y,6M BBSW,4.32789988381941
2024-12-23,AUD,8Y,6M BBSW,4.324339438490016
2024-12-20,AUD,8Y,6M BBSW,4.33102285391519
2024-12-19,AUD,8Y,6M BBSW,4.362326702233857
2024-12-18,AUD,8Y,6M BBSW,4.269040830895274
2024-12-17,AUD,8Y,6M BBSW,4.206274771503665
2024-12-16,AUD,8Y,6M BBSW,4.234413435603678
2024-12-13,AUD,8Y,6M BBSW,4.263774715137106
2024-12-12,AUD,8Y,6M BBSW,4.240981247078976
2024-12-11,AUD,8Y,6M BBSW,4.134053262159235
2024-12-10,AUD,8Y,6M BBSW,4.121492764193486
2024-12-09,AUD,8Y,6M BBSW,4.202927364166131
2024-12-06,AUD,8Y,6M BBSW,4.184315030336609
2024-12-05,AUD,8Y,6M BBSW,4.217078400762669
2024-12-04,AUD,8Y,6M BBSW,4.173290412875171
2024-12-03,AUD,8Y,6M BBSW,4.291870283957405
2024-12-02,AUD,8Y,6M BBSW,4.245514119633209
2024-11-29,AUD,8Y,6M BBSW,4.269915279300852
2024-11-28,AUD,8Y,6M BBSW,4.324030069507853
2024-11-27,AUD,8Y,6M BBSW,4.342934314606967
2024-11-26,AUD,8Y,6M BBSW,4.374867277509781
2024-11-25,AUD,8Y,6M BBSW,4.366503046622829
2024-11-22,AUD,8Y,6M BBSW,4.442509649943193
2024-11-21,AUD,8Y,6M BBSW,4.474984901859883
2024-11-20,AUD,8Y,6M BBSW,4.471964584784098
2024-11-19,AUD,8Y,6M BBSW,4.45746185805
2024-11-18,AUD,8Y,6M BBSW,4.454192233257018
2024-11-15,AUD,8Y,6M BBSW,4.498423662672259
2024-11-14,AUD,8Y,6M BBSW,4.536069592114755
2024-11-13,AUD,8Y,6M BBSW,4.566011947978919
2024-11-12,AUD,8Y,6M BBSW,4.561756397613418
2024-11-11,AUD,8Y,6M BBSW,4.495686536289827
2024-11-08,AUD,8Y,6M BBSW,4.446709422360468
2024-11-07,AUD,8Y,6M BBSW,4.48878266781125
2024-11-06,AUD,8Y,6M BBSW,4.540628624192686
2024-11-05,AUD,8Y,6M BBSW,4.481460522130899
2024-11-04,AUD,8Y,6M BBSW,4.454890447852494
2024-11-01,AUD,8Y,6M BBSW,4.493304195996187
2024-10-31,AUD,8Y,6M BBSW,4.485940728849275
2024-10-30,AUD,8Y,6M BBSW,4.476888107460634
2024-10-29,AUD,8Y,6M BBSW,4.402866419030114
2024-10-28,AUD,8Y,6M BBSW,4.389299181296768
2024-10-24,AUD,8Y,6M BBSW,4.360131485416755
2024-10-23,AUD,8Y,6M BBSW,4.430060113503866
2024-10-22,AUD,8Y,6M BBSW,4.400630772196925
2024-10-21,AUD,8Y,6M BBSW,4.338263992451896
2024-10-17,AUD,8Y,6M BBSW,4.280424657564431
2024-10-16,AUD,8Y,6M BBSW,4.161282514228063
2024-10-15,AUD,8Y,6M BBSW,4.187785713670825
2024-10-14,AUD,8Y,6M BBSW,4.22910552801659
2024-10-11,AUD,8Y,6M BBSW,4.211023810380753
2024-10-10,AUD,8Y,6M BBSW,4.190988879393943
2024-10-09,AUD,8Y,6M BBSW,4.202077508459623
2024-10-08,AUD,8Y,6M BBSW,4.165578379912964
2024-10-04,AUD,8Y,6M BBSW,4.131012229383241
2024-10-03,AUD,8Y,6M BBSW,4.036714150239005
2024-10-02,AUD,8Y,6M BBSW,3.986147473005006
2024-10-01,AUD,8Y,6M BBSW,3.947609631877977
2024-09-30,AUD,8Y,6M BBSW,3.970079409844668
2024-09-27,AUD,8Y,6M BBSW,3.915327785041528
2024-09-26,AUD,8Y,6M BBSW,3.937149586824278
2024-09-25,AUD,8Y,6M BBSW,3.909781094332526
2024-09-24,AUD,8Y,6M BBSW,3.873495087334491
2024-09-23,AUD,8Y,6M BBSW,3.946234572945716
2024-09-20,AUD,8Y,6M BBSW,3.927576820866261
2024-09-19,AUD,8Y,6M BBSW,3.906058447565152
2024-09-18,AUD,8Y,6M BBSW,3.882694781701568
2024-09-17,AUD,8Y,6M BBSW,3.833297812826247
2024-09-16,AUD,8Y,6M BBSW,3.782851740846541
2024-09-13,AUD,8Y,6M BBSW,3.818589323965798
2024-09-12,AUD,8Y,6M BBSW,3.829980531454032
2024-09-11,AUD,8Y,6M BBSW,3.868701089100844
2024-09-10,AUD,8Y,6M BBSW,3.87619532235486
2024-09-09,AUD,8Y,6M BBSW,3.924232814793192
2024-09-06,AUD,8Y,6M BBSW,3.921176255872848
2024-09-05,AUD,8Y,6M BBSW,3.949345373272013
2024-09-04,AUD,8Y,6M BBSW,3.914776352940649
2024-09-03,AUD,8Y,6M BBSW,3.968990973523216
2024-09-02,AUD,8Y,6M BBSW,4.053116444430939
2024-08-30,AUD,8Y,6M BBSW,4.012055220537363
2024-08-29,AUD,8Y,6M BBSW,3.985088302155146
2024-08-27,AUD,8Y,6M BBSW,3.925169504475087
2024-08-26,AUD,8Y,6M BBSW,3.906794888351791
2024-08-23,AUD,8Y,6M BBSW,3.924369481241827
2024-08-22,AUD,8Y,6M BBSW,3.959233930856649
2024-08-21,AUD,8Y,6M BBSW,3.917931698352316
2024-08-20,AUD,8Y,6M BBSW,3.929698206728017
2024-08-19,AUD,8Y,6M BBSW,3.976962393700484
2024-08-16,AUD,8Y,6M BBSW,3.97186391774944
2024-08-15,AUD,8Y,6M BBSW,4.012048485530955
2024-08-14,AUD,8Y,6M BBSW,3.920886946987925
2024-08-13,AUD,8Y,6M BBSW,3.970695603984207
2024-08-12,AUD,8Y,6M BBSW,4.027858111531938
2024-08-09,AUD,8Y,6M BBSW,4.05555393406902
2024-08-08,AUD,8Y,6M BBSW,4.119780831186612
2024-08-07,AUD,8Y,6M BBSW,4.104893595064225
2024-08-06,AUD,8Y,6M BBSW,4.089830001719368
2024-08-02,AUD,8Y,6M BBSW,3.952808272004879
2024-08-01,AUD,8Y,6M BBSW,4.031889092808848
2024-07-31,AUD,8Y,6M BBSW,4.081724609174318
2024-07-30,AUD,8Y,6M BBSW,4.294765811611729
2024-07-29,AUD,8Y,6M BBSW,4.32384010755173
2024-07-26,AUD,8Y,6M BBSW,4.294109713632088
2024-07-24,AUD,8Y,6M BBSW,4.368603334778427
2024-07-23,AUD,8Y,6M BBSW,4.386571468853318
2024-07-22,AUD,8Y,6M BBSW,4.366336530816944
2024-07-19,AUD,8Y,6M BBSW,4.366814274104537
2024-07-18,AUD,8Y,6M BBSW,4.309508064076059
2024-07-17,AUD,8Y,6M BBSW,4.269819249214833
2024-07-16,AUD,8Y,6M BBSW,4.277778561071227
2024-07-15,AUD,8Y,6M BBSW,4.36343049716657
2024-07-12,AUD,8Y,6M BBSW,4.377412987394859
2024-07-11,AUD,8Y,6M BBSW,4.420971083200644
2024-07-10,AUD,8Y,6M BBSW,4.439717925350603
2024-07-09,AUD,8Y,6M BBSW,4.455266608252778
2024-07-08,AUD,8Y,6M BBSW,4.441531889783422
2024-07-05,AUD,8Y,6M BBSW,4.454102154956613
2024-07-04,AUD,8Y,6M BBSW,4.512428623342769
2024-07-03,AUD,8Y,6M BBSW,4.496751521764578
2024-07-02,AUD,8Y,6M BBSW,4.509028510477966
2024-07-01,AUD,8Y,6M BBSW,4.533899773199365
2024-06-28,AUD,8Y,6M BBSW,4.505752524754887
2024-06-27,AUD,8Y,6M BBSW,4.43686231597617
2024-06-26,AUD,8Y,6M BBSW,4.509898196274603
2024-06-24,AUD,8Y,6M BBSW,4.311711837016917
2024-06-21,AUD,8Y,6M BBSW,4.311370063342275
2024-06-20,AUD,8Y,6M BBSW,4.32470443745607
2024-06-19,AUD,8Y,6M BBSW,4.283866709071645
2024-06-18,AUD,8Y,6M BBSW,4.267605492585274
2024-06-17,AUD,8Y,6M BBSW,4.260176393912726
2024-06-14,AUD,8Y,6M BBSW,4.212226529752194
2024-06-13,AUD,8Y,6M BBSW,4.25846691838275
2024-06-12,AUD,8Y,6M BBSW,4.31044169545975
2024-06-11,AUD,8Y,6M BBSW,4.397033855248393
2024-06-07,AUD,8Y,6M BBSW,4.40534291754653
2024-06-06,AUD,8Y,6M BBSW,4.328674435255133
2024-06-05,AUD,8Y,6M BBSW,4.314251844165916
2024-06-04,AUD,8Y,6M BBSW,4.312403315391117
2024-06-03,AUD,8Y,6M BBSW,4.395467859263863
2024-05-31,AUD,8Y,6M BBSW,4.486338535460634
2024-05-30,AUD,8Y,6M BBSW,4.485509552342911
2024-05-29,AUD,8Y,6M BBSW,4.536068226854622
2024-05-28,AUD,8Y,6M BBSW,4.439567073590844
2024-05-27,AUD,8Y,6M BBSW,4.370236386727449
2024-05-24,AUD,8Y,6M BBSW,4.401908497810762
2024-05-23,AUD,8Y,6M BBSW,4.392571787224626
2024-05-22,AUD,8Y,6M BBSW,4.379056539706381
2024-05-21,AUD,8Y,6M BBSW,4.344574269603666
2024-05-20,AUD,8Y,6M BBSW,4.362936524340749
2024-05-17,AUD,8Y,6M BBSW,4.360514367705028
2024-05-16,AUD,8Y,6M BBSW,4.3369982031269
2024-05-15,AUD,8Y,6M BBSW,4.351663540811184
2024-05-14,AUD,8Y,6M BBSW,4.454164645245101
2024-05-13,AUD,8Y,6M BBSW,4.46332838614332
2024-05-10,AUD,8Y,6M BBSW,4.500295912931879
2024-05-09,AUD,8Y,6M BBSW,4.489041855262318
2024-05-08,AUD,8Y,6M BBSW,4.47550317624988
2024-05-07,AUD,8Y,6M BBSW,4.39147226208033
2024-05-06,AUD,8Y,6M BBSW,4.52412422540408
2024-05-03,AUD,8Y,6M BBSW,4.519393825543255
2024-05-02,AUD,8Y,6M BBSW,4.561916932007
2024-05-01,AUD,8Y,6M BBSW,4.624818029721205
2024-04-30,AUD,8Y,6M BBSW,4.617813165626286
2024-04-29,AUD,8Y,6M BBSW,4.610966071114378
2024-04-26,AUD,8Y,6M BBSW,4.63960270622809
2024-04-24,AUD,8Y,6M BBSW,4.580110487053613
2024-04-23,AUD,8Y,6M BBSW,4.409897831609418
2024-04-22,AUD,8Y,6M BBSW,4.417733235365192
2024-04-19,AUD,8Y,6M BBSW,4.440471373074926
2024-04-18,AUD,8Y,6M BBSW,4.461619449566627
2024-04-17,AUD,8Y,6M BBSW,4.466837447101455
2024-04-16,AUD,8Y,6M BBSW,4.505657378082892
2024-04-15,AUD,8Y,6M BBSW,4.433308254075663
2024-04-12,AUD,8Y,6M BBSW,4.345322298509046
2024-04-11,AUD,8Y,6M BBSW,4.423047755910854
2024-04-10,AUD,8Y,6M BBSW,4.353335035260336
2024-04-09,AUD,8Y,6M BBSW,4.219707133701933
2024-04-08,AUD,8Y,6M BBSW,4.301972483846099
2024-04-04,AUD,8Y,6M BBSW,4.2229016254304
2024-04-03,AUD,8Y,6M BBSW,4.245419600383872
2024-04-02,AUD,8Y,6M BBSW,4.244113141026944
2024-03-28,AUD,8Y,6M BBSW,4.129132585386612
2024-03-27,AUD,8Y,6M BBSW,4.126280934486422
2024-03-26,AUD,8Y,6M BBSW,4.185914702650206
2024-03-25,AUD,8Y,6M BBSW,4.183046913949999
2024-03-22,AUD,8Y,6M BBSW,4.170139411570358
2024-03-21,AUD,8Y,6M BBSW,4.216836703367206
2024-03-20,AUD,8Y,6M BBSW,4.175582312172079
2024-03-19,AUD,8Y,6M BBSW,4.228080839785677
2024-03-18,AUD,8Y,6M BBSW,4.277840510007523
2024-03-15,AUD,8Y,6M BBSW,4.298198578608133
2024-03-14,AUD,8Y,6M BBSW,4.277843689496577
2024-03-13,AUD,8Y,6M BBSW,4.208261457163625
2024-03-12,AUD,8Y,6M BBSW,4.169783979179876
2024-03-11,AUD,8Y,6M BBSW,4.121952458930418
2024-03-08,AUD,8Y,6M BBSW,4.149542398028053
2024-03-07,AUD,8Y,6M BBSW,4.175050895281392
2024-03-06,AUD,8Y,6M BBSW,4.159088797796794
2024-03-05,AUD,8Y,6M BBSW,4.200682890178475
2024-03-04,AUD,8Y,6M BBSW,4.287339713693142
2024-03-01,AUD,8Y,6M BBSW,4.270926038871078
2024-02-29,AUD,8Y,6M BBSW,4.294378964806282
2024-02-28,AUD,8Y,6M BBSW,4.297266204190374
2024-02-27,AUD,8Y,6M BBSW,4.352465372351531
2024-02-26,AUD,8Y,6M BBSW,4.324437652058811
2024-02-23,AUD,8Y,6M BBSW,4.318924353670859
2024-02-22,AUD,8Y,6M BBSW,4.332703354545695
2024-02-21,AUD,8Y,6M BBSW,4.358537310985863
2024-02-20,AUD,8Y,6M BBSW,4.334470840316597
2024-02-19,AUD,8Y,6M BBSW,4.356735126020802
2024-02-16,AUD,8Y,6M BBSW,4.3764170059499
2024-02-15,AUD,8Y,6M BBSW,4.342829993760372
2024-02-14,AUD,8Y,6M BBSW,4.380289297328737
2024-02-13,AUD,8Y,6M BBSW,4.438863844523486
2024-02-12,AUD,8Y,6M BBSW,4.336937344325725
2024-02-09,AUD,8Y,6M BBSW,4.318224640618061
2024-02-08,AUD,8Y,6M BBSW,4.288721501583072
2024-02-07,AUD,8Y,6M BBSW,4.26715706886586
2024-02-06,AUD,8Y,6M BBSW,4.247114423916957
2024-02-05,AUD,8Y,6M BBSW,4.281824421944584
2024-02-02,AUD,8Y,6M BBSW,4.217121164452486
2024-02-01,AUD,8Y,6M BBSW,4.122224765915294
2024-01-31,AUD,8Y,6M BBSW,4.133811995906891
2024-01-30,AUD,8Y,6M BBSW,4.270766564416433
2024-01-29,AUD,8Y,6M BBSW,4.304038813905662
2024-01-25,AUD,8Y,6M BBSW,4.351657919953879
2024-01-24,AUD,8Y,6M BBSW,4.408816799676547
2024-01-23,AUD,8Y,6M BBSW,4.378168060621395
2024-01-22,AUD,8Y,6M BBSW,4.352135947181392
2024-01-19,AUD,8Y,6M BBSW,4.428910353046191
2024-01-18,AUD,8Y,6M BBSW,4.447264731556828
2024-01-17,AUD,8Y,6M BBSW,4.419802742469912
2024-01-16,AUD,8Y,6M BBSW,4.343070155044511
2024-01-15,AUD,8Y,6M BBSW,4.297828605342923
2024-01-12,AUD,8Y,6M BBSW,4.247434645713488
2024-01-11,AUD,8Y,6M BBSW,4.231042045006077
2024-01-10,AUD,8Y,6M BBSW,4.299269636961109
2024-01-09,AUD,8Y,6M BBSW,4.223678053265864
2024-01-08,AUD,8Y,6M BBSW,4.270342523915723
2024-01-05,AUD,8Y,6M BBSW,4.339322437307652
2024-01-04,AUD,8Y,6M BBSW,4.261228867681907
2024-01-03,AUD,8Y,6M BBSW,4.165110524093902
2024-01-02,AUD,8Y,6M BBSW,4.167351321721643
2023-12-29,AUD,8Y,6M BBSW,4.092793528614099
2023-12-28,AUD,8Y,6M BBSW,4.073685462153587
2023-12-27,AUD,8Y,6M BBSW,4.062988246245405
2023-12-22,AUD,8Y,6M BBSW,4.164712138936046
2023-12-21,AUD,8Y,6M BBSW,4.170207079759966
2023-12-20,AUD,8Y,6M BBSW,4.174109604238716
2023-12-19,AUD,8Y,6M BBSW,4.232744253663026
2023-12-18,AUD,8Y,6M BBSW,4.235305632479731
2023-12-15,AUD,8Y,6M BBSW,4.238880443938209
2023-12-14,AUD,8Y,6M BBSW,4.297806799567285
2023-12-13,AUD,8Y,6M BBSW,4.279817219986821
2023-12-12,AUD,8Y,6M BBSW,4.478454484459489
2023-12-11,AUD,8Y,6M BBSW,4.502724837932837
2023-12-07,AUD,8Y,6M BBSW,4.466396535922759
2023-12-06,AUD,8Y,6M BBSW,4.410745573122711
2023-12-05,AUD,8Y,6M BBSW,4.478825876407769
2023-12-04,AUD,8Y,6M BBSW,4.618387554353985
2023-12-01,AUD,8Y,6M BBSW,4.615450164351207
2023-11-30,AUD,8Y,6M BBSW,4.667590356532105
2023-11-29,AUD,8Y,6M BBSW,4.573328426896556
2023-11-28,AUD,8Y,6M BBSW,4.66045087221529
2023-11-27,AUD,8Y,6M BBSW,4.714809323397135
2023-11-24,AUD,8Y,6M BBSW,4.755264877200097
2023-11-23,AUD,8Y,6M BBSW,4.743454433101448
2023-11-22,AUD,8Y,6M BBSW,4.711139625680322
2023-11-21,AUD,8Y,6M BBSW,4.659251739908981
2023-11-20,AUD,8Y,6M BBSW,4.700110726508143
2023-11-17,AUD,8Y,6M BBSW,4.694573179437903
2023-11-16,AUD,8Y,6M BBSW,4.67867915658195
2023-11-15,AUD,8Y,6M BBSW,4.806122699066368
2023-11-14,AUD,8Y,6M BBSW,4.768861255407964
2023-11-13,AUD,8Y,6M BBSW,4.884695568311495
2023-11-10,AUD,8Y,6M BBSW,4.823555071112471
2023-11-09,AUD,8Y,6M BBSW,4.836820822471825
2023-11-08,AUD,8Y,6M BBSW,4.716139391340437
2023-11-07,AUD,8Y,6M BBSW,4.787542945975141
2023-11-06,AUD,8Y,6M BBSW,4.951888096777828
2023-11-03,AUD,8Y,6M BBSW,4.876748247196388
2023-11-02,AUD,8Y,6M BBSW,4.940385732953967
2023-11-01,AUD,8Y,6M BBSW,5.004888921708265
2023-10-31,AUD,8Y,6M BBSW,5.177337225002888
2023-10-30,AUD,8Y,6M BBSW,5.139341229355394
2023-10-26,AUD,8Y,6M BBSW,5.0010851684759
2023-10-25,AUD,8Y,6M BBSW,4.986365058489868
2023-10-24,AUD,8Y,6M BBSW,4.889387290110678
2023-10-23,AUD,8Y,6M BBSW,4.894672425792965
2023-10-20,AUD,8Y,6M BBSW,4.904131423793364
2023-10-19,AUD,8Y,6M BBSW,4.949907832893328
2023-10-18,AUD,8Y,6M BBSW,4.947612964615632
2023-10-17,AUD,8Y,6M BBSW,4.85304998775448
2023-10-16,AUD,8Y,6M BBSW,4.680045741932835
2023-10-12,AUD,8Y,6M BBSW,4.654786742914428
2023-10-11,AUD,8Y,6M BBSW,4.549170396282554
2023-10-10,AUD,8Y,6M BBSW,4.654010272119267
2023-10-09,AUD,8Y,6M BBSW,4.636085989774765
2023-10-05,AUD,8Y,6M BBSW,4.766746388246297
2023-10-04,AUD,8Y,6M BBSW,4.754294310586479
2023-10-03,AUD,8Y,6M BBSW,4.771071439469382
2023-09-29,AUD,8Y,6M BBSW,4.649186781152534
2023-09-28,AUD,8Y,6M BBSW,4.639554209951831
2023-09-27,AUD,8Y,6M BBSW,4.618156780897246
2023-09-26,AUD,8Y,6M BBSW,4.59090811019335
2023-09-25,AUD,8Y,6M BBSW,4.592718576660478
2023-09-22,AUD,8Y,6M BBSW,4.522794534918473
2023-09-21,AUD,8Y,6M BBSW,4.546320952650359
2023-09-20,AUD,8Y,6M BBSW,4.504548122364432
2023-09-19,AUD,8Y,6M BBSW,4.459064924854584
2023-09-18,AUD,8Y,6M BBSW,4.432332781838457
2023-09-15,AUD,8Y,6M BBSW,4.386813002686625
2023-09-14,AUD,8Y,6M BBSW,4.354595785397583
2023-09-13,AUD,8Y,6M BBSW,4.370526060096232
2023-09-12,AUD,8Y,6M BBSW,4.411767275843284
2023-09-11,AUD,8Y,6M BBSW,4.409533714081338
2023-09-08,AUD,8Y,6M BBSW,4.37291443449294
2023-09-07,AUD,8Y,6M BBSW,4.365993326215957
2023-09-06,AUD,8Y,6M BBSW,4.386721481877511
2023-09-05,AUD,8Y,6M BBSW,4.403168305408048
2023-09-04,AUD,8Y,6M BBSW,4.392334368033885
2023-09-01,AUD,8Y,6M BBSW,4.309922966170928
2023-08-31,AUD,8Y,6M BBSW,4.282287731490573
2023-08-30,AUD,8Y,6M BBSW,4.327127221157031
2023-08-28,AUD,8Y,6M BBSW,4.404432304874006
2023-08-25,AUD,8Y,6M BBSW,4.412321745571401
2023-08-24,AUD,8Y,6M BBSW,4.415899286471592
2023-08-23,AUD,8Y,6M BBSW,4.37376492012327
2023-08-22,AUD,8Y,6M BBSW,4.492232916757599
2023-08-21,AUD,8Y,6M BBSW,4.559425327649596
2023-08-18,AUD,8Y,6M BBSW,4.498496154672559
2023-08-17,AUD,8Y,6M BBSW,4.541454247884403
2023-08-16,AUD,8Y,6M BBSW,4.491798387034559
2023-08-15,AUD,8Y,6M BBSW,4.503544639974943
2023-08-14,AUD,8Y,6M BBSW,4.51173416772856
2023-08-11,AUD,8Y,6M BBSW,4.435400786538985
2023-08-10,AUD,8Y,6M BBSW,4.368215980028941
2023-08-09,AUD,8Y,6M BBSW,4.333787390731668
2023-08-08,AUD,8Y,6M BBSW,4.292659484057728
2023-08-04,AUD,8Y,6M BBSW,4.325135267213037
2023-08-03,AUD,8Y,6M BBSW,4.43468778932999
2023-08-02,AUD,8Y,6M BBSW,4.354931147053769
2023-08-01,AUD,8Y,6M BBSW,4.330692143725256
2023-07-31,AUD,8Y,6M BBSW,4.368228067336457
2023-07-28,AUD,8Y,6M BBSW,4.334780545663442
2023-07-27,AUD,8Y,6M BBSW,4.424292327490173
2023-07-25,AUD,8Y,6M BBSW,4.468141487249189
2023-07-24,AUD,8Y,6M BBSW,4.418794428599774
2023-07-21,AUD,8Y,6M BBSW,4.419604357214889
2023-07-20,AUD,8Y,6M BBSW,4.423189686158064
2023-07-19,AUD,8Y,6M BBSW,4.315987026846186
2023-07-18,AUD,8Y,6M BBSW,4.332454819345629
2023-07-17,AUD,8Y,6M BBSW,4.364043865053972
2023-07-14,AUD,8Y,6M BBSW,4.388197415063298
2023-07-13,AUD,8Y,6M BBSW,4.352716546534157
2023-07-12,AUD,8Y,6M BBSW,4.41992858421013
2023-07-11,AUD,8Y,6M BBSW,4.549326103844124
2023-07-10,AUD,8Y,6M BBSW,4.610222180061969
2023-07-07,AUD,8Y,6M BBSW,4.698082317394819
2023-07-06,AUD,8Y,6M BBSW,4.608118192149029
2023-07-05,AUD,8Y,6M BBSW,4.451407879564534
2023-07-04,AUD,8Y,6M BBSW,4.367648790025899
2023-07-03,AUD,8Y,6M BBSW,4.368512111070856
2023-06-30,AUD,8Y,6M BBSW,4.382513591833441
2023-06-29,AUD,8Y,6M BBSW,4.3373579969932
2023-06-28,AUD,8Y,6M BBSW,4.212656967785536
2023-06-27,AUD,8Y,6M BBSW,4.300925947042476
2023-06-26,AUD,8Y,6M BBSW,4.287023868644716
2023-06-22,AUD,8Y,6M BBSW,4.398236165874694
2023-06-21,AUD,8Y,6M BBSW,4.339758931619464
2023-06-20,AUD,8Y,6M BBSW,4.361511566342556
2023-06-19,AUD,8Y,6M BBSW,4.429635524367308
2023-06-15,AUD,8Y,6M BBSW,4.366803165776889
2023-06-14,AUD,8Y,6M BBSW,4.342775596864838
2023-06-13,AUD,8Y,6M BBSW,4.366878216016011
2023-06-09,AUD,8Y,6M BBSW,4.309742570129169
2023-06-08,AUD,8Y,6M BBSW,4.312999963832662
2023-06-07,AUD,8Y,6M BBSW,4.328044990056637
2023-06-06,AUD,8Y,6M BBSW,4.18690098399753
2023-06-05,AUD,8Y,6M BBSW,4.134455312585617
2023-06-01,AUD,8Y,6M BBSW,4.008386519734311
2023-05-31,AUD,8Y,6M BBSW,3.998847533138683
2023-05-30,AUD,8Y,6M BBSW,4.00630222636726
2023-05-29,AUD,8Y,6M BBSW,4.018643122478073
2023-05-26,AUD,8Y,6M BBSW,4.082528896482951
2023-05-25,AUD,8Y,6M BBSW,4.114312555889075
2023-05-24,AUD,8Y,6M BBSW,4.064346530615251
2023-05-23,AUD,8Y,6M BBSW,4.062683709288328
2023-05-22,AUD,8Y,6M BBSW,4.008170140139057
2023-05-19,AUD,8Y,6M BBSW,4.017333358669283
2023-05-18,AUD,8Y,6M BBSW,4.013150247828025
2023-05-17,AUD,8Y,6M BBSW,3.897344766011136
2023-05-16,AUD,8Y,6M BBSW,3.859607511949301
2023-05-15,AUD,8Y,6M BBSW,3.87359808958007
2023-05-12,AUD,8Y,6M BBSW,3.79484997827895
2023-05-11,AUD,8Y,6M BBSW,3.743453949600429
2023-05-10,AUD,8Y,6M BBSW,3.81549626746838
2023-05-09,AUD,8Y,6M BBSW,3.887703948299019
2023-05-08,AUD,8Y,6M BBSW,3.898576380963283
2023-05-05,AUD,8Y,6M BBSW,3.825048664690214
2023-05-04,AUD,8Y,6M BBSW,3.726162601342601
2023-05-03,AUD,8Y,6M BBSW,3.786111777481295
2023-05-02,AUD,8Y,6M BBSW,3.84000721015068
2023-05-01,AUD,8Y,6M BBSW,3.853878074350624
2023-04-28,AUD,8Y,6M BBSW,3.704389634621623
2023-04-27,AUD,8Y,6M BBSW,3.836550829869008
2023-04-26,AUD,8Y,6M BBSW,3.783392916214069
2023-04-24,AUD,8Y,6M BBSW,3.881369834209991
2023-04-21,AUD,8Y,6M BBSW,3.913415902430189
2023-04-20,AUD,8Y,6M BBSW,3.92416953269261
2023-04-19,AUD,8Y,6M BBSW,3.950460403650748
2023-04-18,AUD,8Y,6M BBSW,3.978442970760882
2023-04-17,AUD,8Y,6M BBSW,3.889841169414592
2023-04-14,AUD,8Y,6M BBSW,3.84457970181482
2023-04-13,AUD,8Y,6M BBSW,3.773366537003758
2023-04-12,AUD,8Y,6M BBSW,3.713243030744746
2023-04-11,AUD,8Y,6M BBSW,3.663642698857717
2023-04-06,AUD,8Y,6M BBSW,3.589659491194729
2023-04-05,AUD,8Y,6M BBSW,3.635475998454006
2023-04-04,AUD,8Y,6M BBSW,3.666680115138937
2023-04-03,AUD,8Y,6M BBSW,3.730137004280884
2023-03-31,AUD,8Y,6M BBSW,3.746766190931105
2023-03-30,AUD,8Y,6M BBSW,3.823658223815755
2023-03-29,AUD,8Y,6M BBSW,3.850748581311318
2023-03-28,AUD,8Y,6M BBSW,3.874775486562129
2023-03-27,AUD,8Y,6M BBSW,3.827351990228024
2023-03-24,AUD,8Y,6M BBSW,3.762356052667949
2023-03-23,AUD,8Y,6M BBSW,3.788245706040288
2023-03-22,AUD,8Y,6M BBSW,3.80879994239858
2023-03-21,AUD,8Y,6M BBSW,3.867702554718561
2023-03-20,AUD,8Y,6M BBSW,3.814877981131162
2023-03-17,AUD,8Y,6M BBSW,3.870849697862371
2023-03-16,AUD,8Y,6M BBSW,3.995470408910889
2023-03-15,AUD,8Y,6M BBSW,3.892558364171258
2023-03-14,AUD,8Y,6M BBSW,4.097129614481084
2023-03-13,AUD,8Y,6M BBSW,3.894072709757305
2023-03-10,AUD,8Y,6M BBSW,3.998338301491881
2023-03-09,AUD,8Y,6M BBSW,4.119013965224118
2023-03-08,AUD,8Y,6M BBSW,4.169584471158781
2023-03-07,AUD,8Y,6M BBSW,4.195567324956828
2023-03-06,AUD,8Y,6M BBSW,4.272547308576192
2023-03-03,AUD,8Y,6M BBSW,4.350209288232239
2023-03-02,AUD,8Y,6M BBSW,4.427993739221693
2023-03-01,AUD,8Y,6M BBSW,4.343483812992948
2023-02-28,AUD,8Y,6M BBSW,4.411735171903248
2023-02-27,AUD,8Y,6M BBSW,4.346437960265137
2023-02-24,AUD,8Y,6M BBSW,4.378675584351985
2023-02-23,AUD,8Y,6M BBSW,4.398346491331348
2023-02-22,AUD,8Y,6M BBSW,4.368995195020745
2023-02-21,AUD,8Y,6M BBSW,4.291043307029319
2023-02-20,AUD,8Y,6M BBSW,4.274039846348218
2023-02-17,AUD,8Y,6M BBSW,4.247594211273503
2023-02-16,AUD,8Y,6M BBSW,4.210110840304612
2023-02-15,AUD,8Y,6M BBSW,4.225361699128434
2023-02-14,AUD,8Y,6M BBSW,4.221029026544218
2023-02-13,AUD,8Y,6M BBSW,4.246142794203902
2023-02-10,AUD,8Y,6M BBSW,4.236396684517992
2023-02-09,AUD,8Y,6M BBSW,4.107660021945269
2023-02-08,AUD,8Y,6M BBSW,4.073266205934074
2023-02-07,AUD,8Y,6M BBSW,4.072501753518232
2023-02-06,AUD,8Y,6M BBSW,3.919986363079558
2023-02-03,AUD,8Y,6M BBSW,3.944635928533079
2023-02-02,AUD,8Y,6M BBSW,3.965910070122093
2023-02-01,AUD,8Y,6M BBSW,4.038929772566534
2023-01-31,AUD,8Y,6M BBSW,4.016813739461901
2023-01-30,AUD,8Y,6M BBSW,4.035745318812603
2023-01-27,AUD,8Y,6M BBSW,4.042896449465695
2023-01-25,AUD,8Y,6M BBSW,3.983407120989735
2023-01-24,AUD,8Y,6M BBSW,3.918140756025141
2023-01-23,AUD,8Y,6M BBSW,3.915263468644062
2023-01-20,AUD,8Y,6M BBSW,3.926442201383137
2023-01-19,AUD,8Y,6M BBSW,3.804943053450311
2023-01-18,AUD,8Y,6M BBSW,3.994411763038514
2023-01-17,AUD,8Y,6M BBSW,4.053356322439742
2023-01-16,AUD,8Y,6M BBSW,4.056054222614043
2023-01-13,AUD,8Y,6M BBSW,4.067621981645571
2023-01-12,AUD,8Y,6M BBSW,4.051361714755414
2023-01-11,AUD,8Y,6M BBSW,4.178403900580201
2023-01-10,AUD,8Y,6M BBSW,4.210044723160658
2023-01-09,AUD,8Y,6M BBSW,4.228142828842387
2023-01-06,AUD,8Y,6M BBSW,4.198403290148592
2023-01-05,AUD,8Y,6M BBSW,4.296480574175182
2023-01-04,AUD,8Y,6M BBSW,4.334016975815305
2023-01-03,AUD,8Y,6M BBSW,4.429394222806331
2022-12-30,AUD,8Y,6M BBSW,4.46230581052502
2022-12-29,AUD,8Y,6M BBSW,4.443469091233862
2022-12-28,AUD,8Y,6M BBSW,4.470876751365396
2022-12-23,AUD,8Y,6M BBSW,4.282890440215287
2022-12-22,AUD,8Y,6M BBSW,4.256635189481031
2022-12-21,AUD,8Y,6M BBSW,4.162823421770011
2022-12-20,AUD,8Y,6M BBSW,4.232109043828945
2022-12-19,AUD,8Y,6M BBSW,4.063552613358478
2022-12-16,AUD,8Y,6M BBSW,4.020550688697094
2022-12-15,AUD,8Y,6M BBSW,4.004130881907711
2022-12-14,AUD,8Y,6M BBSW,3.909017562574894
2022-12-13,AUD,8Y,6M BBSW,3.952208536582833
2022-12-12,AUD,8Y,6M BBSW,3.923381627998453
2022-12-09,AUD,8Y,6M BBSW,3.904864704907971
2022-12-08,AUD,8Y,6M BBSW,3.906049575748985
2022-12-07,AUD,8Y,6M BBSW,3.887720551992916
2022-12-06,AUD,8Y,6M BBSW,3.920411212063936
2022-12-05,AUD,8Y,6M BBSW,3.885265871749936
2022-12-02,AUD,8Y,6M BBSW,3.860571297748589
2022-12-01,AUD,8Y,6M BBSW,3.992324942901263
2022-11-30,AUD,8Y,6M BBSW,4.046260184811406
2022-11-29,AUD,8Y,6M BBSW,4.113239278896944
2022-11-28,AUD,8Y,6M BBSW,4.069057087428492
2022-11-25,AUD,8Y,6M BBSW,4.150106078091637
2022-11-24,AUD,8Y,6M BBSW,4.115737578433184
2022-11-23,AUD,8Y,6M BBSW,4.117836339353024
2022-11-22,AUD,8Y,6M BBSW,4.115652238508523
2022-11-21,AUD,8Y,6M BBSW,4.121950798003997
2022-11-18,AUD,8Y,6M BBSW,4.156806093528558
2022-11-17,AUD,8Y,6M BBSW,4.146131870646001
2022-11-16,AUD,8Y,6M BBSW,4.246169935655569
2022-11-15,AUD,8Y,6M BBSW,4.323933812960792
2022-11-14,AUD,8Y,6M BBSW,4.403737510908579
2022-11-11,AUD,8Y,6M BBSW,4.312185669852436
2022-11-10,AUD,8Y,6M BBSW,4.367357453463205
2022-11-09,AUD,8Y,6M BBSW,4.492225712758239
2022-11-08,AUD,8Y,6M BBSW,4.643608093008522
2022-11-07,AUD,8Y,6M BBSW,4.531019396144378
2022-11-04,AUD,8Y,6M BBSW,4.542152692901247
2022-11-03,AUD,8Y,6M BBSW,4.612277444959698
2022-11-02,AUD,8Y,6M BBSW,4.53350408037777
2022-11-01,AUD,8Y,6M BBSW,4.454823998334514
2022-10-31,AUD,8Y,6M BBSW,4.398938097711151
2022-10-28,AUD,8Y,6M BBSW,4.409702413825931
2022-10-27,AUD,8Y,6M BBSW,4.483457747891692
2022-10-26,AUD,8Y,6M BBSW,4.579679307597918
2022-10-25,AUD,8Y,6M BBSW,4.710665773530943
2022-10-24,AUD,8Y,6M BBSW,4.79849220810505
2022-10-21,AUD,8Y,6M BBSW,4.804578055682137
2022-10-20,AUD,8Y,6M BBSW,4.633331641001689
2022-10-19,AUD,8Y,6M BBSW,4.495864680602552
2022-10-18,AUD,8Y,6M BBSW,4.475946650772452
2022-10-17,AUD,8Y,6M BBSW,4.556078801807425
2022-10-14,AUD,8Y,6M BBSW,4.54755045537683
2022-10-13,AUD,8Y,6M BBSW,4.484656060998232
2022-10-12,AUD,8Y,6M BBSW,4.444754724709936
2022-10-11,AUD,8Y,6M BBSW,4.474781915704266
2022-10-10,AUD,8Y,6M BBSW,4.366095860228722
2022-10-07,AUD,8Y,6M BBSW,4.367100915889204
2022-10-06,AUD,8Y,6M BBSW,4.242220185533065
2022-10-05,AUD,8Y,6M BBSW,4.081156571785967
2022-10-04,AUD,8Y,6M BBSW,4.105894078240706
2022-09-30,AUD,8Y,6M BBSW,4.400227074877096
2022-09-29,AUD,8Y,6M BBSW,4.363644978933539
2022-09-28,AUD,8Y,6M BBSW,4.558443474398477
2022-09-27,AUD,8Y,6M BBSW,4.497286282336471
2022-09-26,AUD,8Y,6M BBSW,4.375901140079011
2022-09-23,AUD,8Y,6M BBSW,4.340878615652331
2022-09-21,AUD,8Y,6M BBSW,4.114935157151716
2022-09-20,AUD,8Y,6M BBSW,4.017358844510861
2022-09-19,AUD,8Y,6M BBSW,4.072356358248574
2022-09-16,AUD,8Y,6M BBSW,4.097215667294744
2022-09-15,AUD,8Y,6M BBSW,4.055881357938673
2022-09-14,AUD,8Y,6M BBSW,4.074559172097986
2022-09-13,AUD,8Y,6M BBSW,3.973860402008933
2022-09-12,AUD,8Y,6M BBSW,3.95386320050876
2022-09-09,AUD,8Y,6M BBSW,3.928739322222865
2022-09-08,AUD,8Y,6M BBSW,3.957488926161713
2022-09-07,AUD,8Y,6M BBSW,4.127431525365983
2022-09-06,AUD,8Y,6M BBSW,4.006058297110311
2022-09-05,AUD,8Y,6M BBSW,4.044857935508387
2022-09-02,AUD,8Y,6M BBSW,4.02722532332513
2022-09-01,AUD,8Y,6M BBSW,4.117435930462055
2022-08-31,AUD,8Y,6M BBSW,4.020143041617716
2022-08-30,AUD,8Y,6M BBSW,4.067536445857338
2022-08-29,AUD,8Y,6M BBSW,4.137474754081186
2022-08-26,AUD,8Y,6M BBSW,4.008579122216551
2022-08-25,AUD,8Y,6M BBSW,4.141100359340649
2022-08-24,AUD,8Y,6M BBSW,4.04112836787246
2022-08-23,AUD,8Y,6M BBSW,4.056134787460797
2022-08-22,AUD,8Y,6M BBSW,3.936040157509862
2022-08-19,AUD,8Y,6M BBSW,3.835999690491062
2022-08-18,AUD,8Y,6M BBSW,3.700047485874064
2022-08-17,AUD,8Y,6M BBSW,3.623876685180519
2022-08-16,AUD,8Y,6M BBSW,3.602369195950074
2022-08-15,AUD,8Y,6M BBSW,3.758848169341317
2022-08-12,AUD,8Y,6M BBSW,3.763610446111106
2022-08-11,AUD,8Y,6M BBSW,3.712542457514034
2022-08-10,AUD,8Y,6M BBSW,3.620176581205484
2022-08-09,AUD,8Y,6M BBSW,3.564871562323785
2022-08-08,AUD,8Y,6M BBSW,3.564868920018495
2022-08-05,AUD,8Y,6M BBSW,3.604964933073742
2022-08-04,AUD,8Y,6M BBSW,3.517701163068344
2022-08-03,AUD,8Y,6M BBSW,3.417925059732971
2022-08-02,AUD,8Y,6M BBSW,3.393522731833205
2022-07-29,AUD,8Y,6M BBSW,3.399839377745419
2022-07-28,AUD,8Y,6M BBSW,3.549976287286922
2022-07-27,AUD,8Y,6M BBSW,3.660114445369691
2022-07-26,AUD,8Y,6M BBSW,3.770769307568034
2022-07-25,AUD,8Y,6M BBSW,3.761005169302575
2022-07-22,AUD,8Y,6M BBSW,3.719816296974552
2022-07-21,AUD,8Y,6M BBSW,3.969861059347202
2022-07-20,AUD,8Y,6M BBSW,3.997455449229337
2022-07-19,AUD,8Y,6M BBSW,3.958640539806503
2022-07-18,AUD,8Y,6M BBSW,3.867342176169768
2022-07-15,AUD,8Y,6M BBSW,3.875178211046898
2022-07-14,AUD,8Y,6M BBSW,3.86764454504187
2022-07-13,AUD,8Y,6M BBSW,3.860043164706941
2022-07-12,AUD,8Y,6M BBSW,3.883644420682758
2022-07-11,AUD,8Y,6M BBSW,4.047324275733775
2022-07-08,AUD,8Y,6M BBSW,3.982285838921375
2022-07-07,AUD,8Y,6M BBSW,3.891187777940465
2022-07-06,AUD,8Y,6M BBSW,3.822566470210792
2022-07-05,AUD,8Y,6M BBSW,4.01103278821109
2022-07-04,AUD,8Y,6M BBSW,3.874840593959884
2022-07-01,AUD,8Y,6M BBSW,3.889528085231189
2022-06-30,AUD,8Y,6M BBSW,4.160028141545246
2022-06-29,AUD,8Y,6M BBSW,4.212330463396206
2022-06-28,AUD,8Y,6M BBSW,4.149753622431608
2022-06-27,AUD,8Y,6M BBSW,4.152191587008453
2022-06-24,AUD,8Y,6M BBSW,4.122074774355467
2022-06-23,AUD,8Y,6M BBSW,4.227223711368165
2022-06-22,AUD,8Y,6M BBSW,4.359805681223851
2022-06-21,AUD,8Y,6M BBSW,4.483478977401205
2022-06-20,AUD,8Y,6M BBSW,4.445987650531786
2022-06-17,AUD,8Y,6M BBSW,4.534692144027061
2022-06-16,AUD,8Y,6M BBSW,4.543434431366167
2022-06-15,AUD,8Y,6M BBSW,4.50023147100467
2022-06-14,AUD,8Y,6M BBSW,4.295470394273933
2022-06-10,AUD,8Y,6M BBSW,4.086447262810842
2022-06-09,AUD,8Y,6M BBSW,3.92342265753741
2022-06-08,AUD,8Y,6M BBSW,3.910132909070446
2022-06-07,AUD,8Y,6M BBSW,3.894778435885448
2022-06-06,AUD,8Y,6M BBSW,3.82361136058292
2022-06-03,AUD,8Y,6M BBSW,3.819783498019814
2022-06-02,AUD,8Y,6M BBSW,3.816185444875134
2022-06-01,AUD,8Y,6M BBSW,3.698980512326347
2022-05-31,AUD,8Y,6M BBSW,3.632646485063092
2022-05-30,AUD,8Y,6M BBSW,3.486267416061311
2022-05-27,AUD,8Y,6M BBSW,3.486036338358496
2022-05-26,AUD,8Y,6M BBSW,3.471330473092625
2022-05-25,AUD,8Y,6M BBSW,3.476568854903214
2022-05-24,AUD,8Y,6M BBSW,3.558568057517747
2022-05-23,AUD,8Y,6M BBSW,3.528665908507909
2022-05-20,AUD,8Y,6M BBSW,3.479838701628288
2022-05-19,AUD,8Y,6M BBSW,3.659967262853045
2022-05-18,AUD,8Y,6M BBSW,3.683844063686616
2022-05-17,AUD,8Y,6M BBSW,3.661060254268018
2022-05-16,AUD,8Y,6M BBSW,3.584860952316853
2022-05-13,AUD,8Y,6M BBSW,3.622324463873986
2022-05-12,AUD,8Y,6M BBSW,3.718747804557272
2022-05-11,AUD,8Y,6M BBSW,3.753801788331247
2022-05-10,AUD,8Y,6M BBSW,3.779850509835463
2022-05-09,AUD,8Y,6M BBSW,3.801044229260016
2022-05-06,AUD,8Y,6M BBSW,3.840997029627782
2022-05-05,AUD,8Y,6M BBSW,3.686257001467824
2022-05-04,AUD,8Y,6M BBSW,3.787572188065423
2022-05-03,AUD,8Y,6M BBSW,3.579864843053541
2022-05-02,AUD,8Y,6M BBSW,3.554860832372554
2022-04-29,AUD,8Y,6M BBSW,3.56864936193549
2022-04-28,AUD,8Y,6M BBSW,3.431315121104207
2022-04-27,AUD,8Y,6M BBSW,3.395353870630312
2022-04-26,AUD,8Y,6M BBSW,3.379876341469343
2022-04-22,AUD,8Y,6M BBSW,3.405014579619543
2022-04-21,AUD,8Y,6M BBSW,3.287861821140613
2022-04-20,AUD,8Y,6M BBSW,3.281926553318228
2022-04-19,AUD,8Y,6M BBSW,3.212228061204287
2022-04-14,AUD,8Y,6M BBSW,3.144099256033729
2022-04-13,AUD,8Y,6M BBSW,3.21676712239922
2022-04-12,AUD,8Y,6M BBSW,3.253681917384564
2022-04-11,AUD,8Y,6M BBSW,3.222384252250245
2022-04-08,AUD,8Y,6M BBSW,3.228527790075881
2022-04-07,AUD,8Y,6M BBSW,3.157611818256704
2022-04-06,AUD,8Y,6M BBSW,3.212899839053716
2022-04-05,AUD,8Y,6M BBSW,3.029819782246669
2022-04-04,AUD,8Y,6M BBSW,3.087321123606692
2022-04-01,AUD,8Y,6M BBSW,3.109767220397229
2022-03-31,AUD,8Y,6M BBSW,3.016973140718948
2022-03-30,AUD,8Y,6M BBSW,3.072227150259929
2022-03-29,AUD,8Y,6M BBSW,3.16873952418866
2022-03-28,AUD,8Y,6M BBSW,3.108671025904523
2022-03-25,AUD,8Y,6M BBSW,3.096175866534968
2022-03-24,AUD,8Y,6M BBSW,2.957807342411521
2022-03-23,AUD,8Y,6M BBSW,2.973071123815346
2022-03-22,AUD,8Y,6M BBSW,2.898693721963912
2022-03-21,AUD,8Y,6M BBSW,2.743712802801832
2022-03-18,AUD,8Y,6M BBSW,2.709907878380896
2022-03-17,AUD,8Y,6M BBSW,2.705292142580318
2022-03-16,AUD,8Y,6M BBSW,2.683257054280742
2022-03-15,AUD,8Y,6M BBSW,2.733086972143502
2022-03-14,AUD,8Y,6M BBSW,2.650001602947202
2022-03-11,AUD,8Y,6M BBSW,2.598912419517661
2022-03-10,AUD,8Y,6M BBSW,2.5931276232476
2022-03-09,AUD,8Y,6M BBSW,2.581318938894001
2022-03-08,AUD,8Y,6M BBSW,2.491128997252392
2022-03-07,AUD,8Y,6M BBSW,2.364934638494723
2022-03-04,AUD,8Y,6M BBSW,2.331131064131052
2022-03-03,AUD,8Y,6M BBSW,2.366705091786605
2022-03-02,AUD,8Y,6M BBSW,2.292302370641184
2022-03-01,AUD,8Y,6M BBSW,2.38873445692754
2022-02-28,AUD,8Y,6M BBSW,2.372507293833666
2022-02-25,AUD,8Y,6M BBSW,2.45612579191287
2022-02-24,AUD,8Y,6M BBSW,2.380386892579081
2022-02-23,AUD,8Y,6M BBSW,2.448442947473389
2022-02-22,AUD,8Y,6M BBSW,2.414931682262287
2022-02-21,AUD,8Y,6M BBSW,2.426136601395971
2022-02-18,AUD,8Y,6M BBSW,2.398729446348297
2022-02-17,AUD,8Y,6M BBSW,2.425372201172011
2022-02-16,AUD,8Y,6M BBSW,2.459736602369778
2022-02-15,AUD,8Y,6M BBSW,2.447571376598893
2022-02-14,AUD,8Y,6M BBSW,2.37250533884181
2022-02-11,AUD,8Y,6M BBSW,2.451226473794581
2022-02-10,AUD,8Y,6M BBSW,2.305513317186233
2022-02-09,AUD,8Y,6M BBSW,2.323517898815093
2022-02-08,AUD,8Y,6M BBSW,2.329936145002328
2022-02-07,AUD,8Y,6M BBSW,2.209929823095218
2022-02-04,AUD,8Y,6M BBSW,2.221210088789334
2022-02-03,AUD,8Y,6M BBSW,2.084263658144188
2022-02-02,AUD,8Y,6M BBSW,2.109821297338637
2022-02-01,AUD,8Y,6M BBSW,2.078726141521081
2022-01-31,AUD,8Y,6M BBSW,2.10884086825382
2022-01-28,AUD,8Y,6M BBSW,2.126781703912404
2022-01-27,AUD,8Y,6M BBSW,2.201055232822712
2022-01-25,AUD,8Y,6M BBSW,2.127428104997674
2022-01-24,AUD,8Y,6M BBSW,2.113742568518485
2022-01-21,AUD,8Y,6M BBSW,2.063748646949257
2022-01-20,AUD,8Y,6M BBSW,2.145569028332057
2022-01-19,AUD,8Y,6M BBSW,2.1374313913698
2022-01-18,AUD,8Y,6M BBSW,2.109946997275102
2022-01-17,AUD,8Y,6M BBSW,2.074952251540445
2022-01-14,AUD,8Y,6M BBSW,2.04498596240564
2022-01-13,AUD,8Y,6M BBSW,2.024312282183014
2022-01-12,AUD,8Y,6M BBSW,2.011209302718351
2022-01-11,AUD,8Y,6M BBSW,2.056248987165872
2022-01-10,AUD,8Y,6M BBSW,2.08375102230738
2022-01-07,AUD,8Y,6M BBSW,2.0574499462437
2022-01-06,AUD,8Y,6M BBSW,2.033109947108934
2022-01-05,AUD,8Y,6M BBSW,1.968735171560662
2022-01-04,AUD,8Y,6M BBSW,1.92615534140753
2021-12-31,AUD,8Y,6M BBSW,1.902553122625132
2021-12-30,AUD,8Y,6M BBSW,1.886941130551063
2021-12-29,AUD,8Y,6M BBSW,1.806352764398763
2021-12-24,AUD,8Y,6M BBSW,1.824915602570974
2021-12-23,AUD,8Y,6M BBSW,1.851843037895417
2021-12-22,AUD,8Y,6M BBSW,1.856302420165968
2021-12-21,AUD,8Y,6M BBSW,1.872457022345048
2021-12-20,AUD,8Y,6M BBSW,1.827460010315551
2021-12-17,AUD,8Y,6M BBSW,1.854946933969686
2021-12-16,AUD,8Y,6M BBSW,1.811881869972686
2021-12-15,AUD,8Y,6M BBSW,1.794163930989315
2021-12-14,AUD,8Y,6M BBSW,1.792994327263856
2021-12-13,AUD,8Y,6M BBSW,1.826949876532192
2021-12-10,AUD,8Y,6M BBSW,1.848921560152544
2021-12-09,AUD,8Y,6M BBSW,1.869842487959028
2021-12-08,AUD,8Y,6M BBSW,1.88256297152596
2021-12-07,AUD,8Y,6M BBSW,1.859943744285365
2021-12-06,AUD,8Y,6M BBSW,1.86875111567925
2021-12-03,AUD,8Y,6M BBSW,1.801148131774748
2021-12-02,AUD,8Y,6M BBSW,1.953134719633753
2021-12-01,AUD,8Y,6M BBSW,1.976230884774636
2021-11-30,AUD,8Y,6M BBSW,1.950023445769755
2021-11-29,AUD,8Y,6M BBSW,1.977480611115614
2021-11-26,AUD,8Y,6M BBSW,1.861157627309384
2021-11-25,AUD,8Y,6M BBSW,2.04800270217235
2021-11-24,AUD,8Y,6M BBSW,2.061180244098801
2021-11-23,AUD,8Y,6M BBSW,2.122445945533511
2021-11-22,AUD,8Y,6M BBSW,2.032454378628406
2021-11-19,AUD,8Y,6M BBSW,1.984951605436406
2021-11-18,AUD,8Y,6M BBSW,1.994321883415271
2021-11-17,AUD,8Y,6M BBSW,2.024902673829418
2021-11-16,AUD,8Y,6M BBSW,2.011151438404373
2021-11-15,AUD,8Y,6M BBSW,1.946228992283541
2021-11-12,AUD,8Y,6M BBSW,1.969953234907957
2021-11-11,AUD,8Y,6M BBSW,1.988124983287584
2021-11-10,AUD,8Y,6M BBSW,1.871296371779647
2021-11-09,AUD,8Y,6M BBSW,1.896156346972346
2021-11-08,AUD,8Y,6M BBSW,1.867459522016491
2021-11-05,AUD,8Y,6M BBSW,1.906156118119095
2021-11-04,AUD,8Y,6M BBSW,1.934343221555618
2021-11-03,AUD,8Y,6M BBSW,1.888786856044808
2021-11-02,AUD,8Y,6M BBSW,2.032450289432369
2021-11-01,AUD,8Y,6M BBSW,2.019952940599941
2021-10-29,AUD,8Y,6M BBSW,1.984982118620013
2021-10-28,AUD,8Y,6M BBSW,1.969329092793789
2021-10-27,AUD,8Y,6M BBSW,1.894983798759314
2021-10-26,AUD,8Y,6M BBSW,1.78616100460401
2021-10-25,AUD,8Y,6M BBSW,1.752415793321395
2021-10-22,AUD,8Y,6M BBSW,1.749954688748456
2021-10-21,AUD,8Y,6M BBSW,1.781889637434945
2021-10-20,AUD,8Y,6M BBSW,1.768860115719461
2021-10-19,AUD,8Y,6M BBSW,1.718757933842092
2021-10-18,AUD,8Y,6M BBSW,1.703735857204099
2021-10-15,AUD,8Y,6M BBSW,1.621235933706357
2021-10-14,AUD,8Y,6M BBSW,1.558322374591661
2021-10-13,AUD,8Y,6M BBSW,1.605168255663603
2021-10-12,AUD,8Y,6M BBSW,1.643767755504138
2021-10-11,AUD,8Y,6M BBSW,1.628664088651361
2021-10-08,AUD,8Y,6M BBSW,1.592461765884612
2021-10-07,AUD,8Y,6M BBSW,1.500680829848767
2021-10-06,AUD,8Y,6M BBSW,1.504017641757997
2021-10-05,AUD,8Y,6M BBSW,1.474955394147045
2021-10-01,AUD,8Y,6M BBSW,1.466987237739084
2021-09-30,AUD,8Y,6M BBSW,1.445934092735646
2021-09-29,AUD,8Y,6M BBSW,1.450441658666032
2021-09-28,AUD,8Y,6M BBSW,1.433768867647022
2021-09-27,AUD,8Y,6M BBSW,1.373770299698593
2021-09-24,AUD,8Y,6M BBSW,1.354978951313843
2021-09-23,AUD,8Y,6M BBSW,1.234584911924484
2021-09-22,AUD,8Y,6M BBSW,1.259179230906906
2021-09-21,AUD,8Y,6M BBSW,1.25618000824282
2021-09-20,AUD,8Y,6M BBSW,1.277478246887255
2021-09-17,AUD,8Y,6M BBSW,1.291181180417403
2021-09-16,AUD,8Y,6M BBSW,1.245781508954518
2021-09-15,AUD,8Y,6M BBSW,1.205283829728009
2021-09-14,AUD,8Y,6M BBSW,1.254998132048818
2021-09-13,AUD,8Y,6M BBSW,1.22697996452067
2021-09-10,AUD,8Y,6M BBSW,1.238982700784415
2021-09-09,AUD,8Y,6M BBSW,1.236583925713922
2021-09-08,AUD,8Y,6M BBSW,1.246687294503935
2021-09-07,AUD,8Y,6M BBSW,1.229981152134769
2021-09-06,AUD,8Y,6M BBSW,1.218780207309225
2021-09-03,AUD,8Y,6M BBSW,1.216183152334679
2021-09-02,AUD,8Y,6M BBSW,1.18210214646677
2021-09-01,AUD,8Y,6M BBSW,1.216705775967156
2021-08-31,AUD,8Y,6M BBSW,1.140017242515296
2021-08-30,AUD,8Y,6M BBSW,1.158803794042511
2021-08-27,AUD,8Y,6M BBSW,1.14619171537737
2021-08-26,AUD,8Y,6M BBSW,1.135812496839763
2021-08-25,AUD,8Y,6M BBSW,1.127961892321347
2021-08-24,AUD,8Y,6M BBSW,1.102483561190233
2021-08-23,AUD,8Y,6M BBSW,1.06749052065783
2021-08-20,AUD,8Y,6M BBSW,1.033785522433992
2021-08-19,AUD,8Y,6M BBSW,1.069634316205516
2021-08-18,AUD,8Y,6M BBSW,1.096781735421951
2021-08-17,AUD,8Y,6M BBSW,1.102483477403416
2021-08-16,AUD,8Y,6M BBSW,1.096189992913817
2021-08-13,AUD,8Y,6M BBSW,1.127483014523886
2021-08-12,AUD,8Y,6M BBSW,1.128314457294873
2021-08-11,AUD,8Y,6M BBSW,1.161740299194795
2021-08-10,AUD,8Y,6M BBSW,1.146182162663602
2021-08-09,AUD,8Y,6M BBSW,1.171188512450126
2021-08-06,AUD,8Y,6M BBSW,1.132112083682524
2021-08-05,AUD,8Y,6M BBSW,1.091767231095776
2021-08-04,AUD,8Y,6M BBSW,1.088929988959608
2021-08-03,AUD,8Y,6M BBSW,1.07877767689121
2021-07-30,AUD,8Y,6M BBSW,1.117494287704499
2021-07-29,AUD,8Y,6M BBSW,1.07713310669098
2021-07-28,AUD,8Y,6M BBSW,1.103078308804012
2021-07-27,AUD,8Y,6M BBSW,1.131180687017427
2021-07-26,AUD,8Y,6M BBSW,1.124959818466188
2021-07-23,AUD,8Y,6M BBSW,1.132482389419395
2021-07-22,AUD,8Y,6M BBSW,1.130813732996836
2021-07-21,AUD,8Y,6M BBSW,1.116769703960915
2021-07-20,AUD,8Y,6M BBSW,1.122483392707122
2021-07-19,AUD,8Y,6M BBSW,1.184988095903815
2021-07-16,AUD,8Y,6M BBSW,1.198780681022097
2021-07-15,AUD,8Y,6M BBSW,1.226703907171524
2021-07-14,AUD,8Y,6M BBSW,1.26631788638121
2021-07-13,AUD,8Y,6M BBSW,1.24117975697347
2021-07-12,AUD,8Y,6M BBSW,1.21878736216719
2021-07-09,AUD,8Y,6M BBSW,1.279977556467045
2021-07-08,AUD,8Y,6M BBSW,1.25956974773733
2021-07-07,AUD,8Y,6M BBSW,1.287962478979783
2021-07-06,AUD,8Y,6M BBSW,1.342475558597438
2021-07-05,AUD,8Y,6M BBSW,1.346184522428872
2021-07-02,AUD,8Y,6M BBSW,1.36616554574542
2021-07-01,AUD,8Y,6M BBSW,1.398283459160004
2021-06-30,AUD,8Y,6M BBSW,1.38665584445669
2021-06-29,AUD,8Y,6M BBSW,1.363795607585322
2021-06-28,AUD,8Y,6M BBSW,1.413762480340996
2021-06-25,AUD,8Y,6M BBSW,1.436091060384928
2021-06-24,AUD,8Y,6M BBSW,1.378219463319485
2021-06-23,AUD,8Y,6M BBSW,1.38288530418717
2021-06-22,AUD,8Y,6M BBSW,1.413785083179038
2021-06-21,AUD,8Y,6M BBSW,1.352476411050693
2021-06-18,AUD,8Y,6M BBSW,1.379975087402913
2021-06-17,AUD,8Y,6M BBSW,1.419524022944959
2021-06-16,AUD,8Y,6M BBSW,1.341628544586241
2021-06-15,AUD,8Y,6M BBSW,1.311513510543748
2021-06-11,AUD,8Y,6M BBSW,1.331045759888421
2021-06-10,AUD,8Y,6M BBSW,1.285150460760282
2021-06-09,AUD,8Y,6M BBSW,1.365673177845576
2021-06-08,AUD,8Y,6M BBSW,1.418673315881658
2021-06-07,AUD,8Y,6M BBSW,1.407465114258219
2021-06-04,AUD,8Y,6M BBSW,1.467471319610588
2021-06-03,AUD,8Y,6M BBSW,1.41952553214446
2021-06-02,AUD,8Y,6M BBSW,1.472847954290068
2021-06-01,AUD,8Y,6M BBSW,1.468784781987374
2021-05-31,AUD,8Y,6M BBSW,1.458829398299814
2021-05-28,AUD,8Y,6M BBSW,1.441171514718029
2021-05-27,AUD,8Y,6M BBSW,1.404521951207944
2021-05-26,AUD,8Y,6M BBSW,1.415290794026783
2021-05-25,AUD,8Y,6M BBSW,1.441172995509248
2021-05-24,AUD,8Y,6M BBSW,1.461181493685098
2021-05-21,AUD,8Y,6M BBSW,1.461170402235642
2021-05-20,AUD,8Y,6M BBSW,1.484495337175454
2021-05-19,AUD,8Y,6M BBSW,1.499040202791286
2021-05-18,AUD,8Y,6M BBSW,1.503670576922654
2021-05-17,AUD,8Y,6M BBSW,1.471181063596559
2021-05-14,AUD,8Y,6M BBSW,1.50118782361389
2021-05-13,AUD,8Y,6M BBSW,1.51448515083721
2021-05-12,AUD,8Y,6M BBSW,1.486548625727542
2021-05-11,AUD,8Y,6M BBSW,1.462472434882352
2021-05-10,AUD,8Y,6M BBSW,1.454981553289279
2021-05-07,AUD,8Y,6M BBSW,1.436171483884719
2021-05-06,AUD,8Y,6M BBSW,1.448307381236201
2021-05-05,AUD,8Y,6M BBSW,1.467856878667259
2021-05-04,AUD,8Y,6M BBSW,1.459972310380889
2021-05-03,AUD,8Y,6M BBSW,1.481180771319619
2021-04-30,AUD,8Y,6M BBSW,1.472521372142995
2021-04-29,AUD,8Y,6M BBSW,1.434543613543123
2021-04-28,AUD,8Y,6M BBSW,1.434072573289844
2021-04-27,AUD,8Y,6M BBSW,1.446185381381296
2021-04-26,AUD,8Y,6M BBSW,1.447472759971187
2021-04-23,AUD,8Y,6M BBSW,1.444969728435906
2021-04-22,AUD,8Y,6M BBSW,1.408329380152616
2021-04-21,AUD,8Y,6M BBSW,1.435267521846894
2021-04-20,AUD,8Y,6M BBSW,1.464980872189127
2021-04-19,AUD,8Y,6M BBSW,1.427469795575441
2021-04-16,AUD,8Y,6M BBSW,1.457462563368808
2021-04-15,AUD,8Y,6M BBSW,1.478506488268672
2021-04-14,AUD,8Y,6M BBSW,1.466833217861252
2021-04-13,AUD,8Y,6M BBSW,1.504984780844775
2021-04-12,AUD,8Y,6M BBSW,1.469972266699649
2021-04-09,AUD,8Y,6M BBSW,1.489968551702484
2021-04-08,AUD,8Y,6M BBSW,1.450814967409738
2021-04-07,AUD,8Y,6M BBSW,1.46784393527528
2021-04-06,AUD,8Y,6M BBSW,1.501169431089402
2021-04-01,AUD,8Y,6M BBSW,1.552780459346255
2021-03-31,AUD,8Y,6M BBSW,1.579813020573615
2021-03-30,AUD,8Y,6M BBSW,1.527991920689288
2021-03-29,AUD,8Y,6M BBSW,1.443778809146754
2021-03-26,AUD,8Y,6M BBSW,1.466143351789994
2021-03-25,AUD,8Y,6M BBSW,1.444507916821832
2021-03-24,AUD,8Y,6M BBSW,1.409096028616351
2021-03-23,AUD,8Y,6M BBSW,1.479972072195411
2021-03-22,AUD,8Y,6M BBSW,1.571177513861706
2021-03-19,AUD,8Y,6M BBSW,1.57116526385302
2021-03-18,AUD,8Y,6M BBSW,1.540675914789306
2021-03-17,AUD,8Y,6M BBSW,1.506537199881762
2021-03-16,AUD,8Y,6M BBSW,1.492471459467709
2021-03-15,AUD,8Y,6M BBSW,1.575524209367685
2021-03-12,AUD,8Y,6M BBSW,1.586463799303674
2021-03-11,AUD,8Y,6M BBSW,1.455004728806637
2021-03-10,AUD,8Y,6M BBSW,1.51852885382717
2021-03-09,AUD,8Y,6M BBSW,1.595766937022486
2021-03-08,AUD,8Y,6M BBSW,1.589977381097656
2021-03-05,AUD,8Y,6M BBSW,1.574966616773955
2021-03-04,AUD,8Y,6M BBSW,1.566967059327042
2021-03-03,AUD,8Y,6M BBSW,1.457866116684097
2021-03-02,AUD,8Y,6M BBSW,1.501171278605012
2021-03-01,AUD,8Y,6M BBSW,1.423782524000747
2021-02-26,AUD,8Y,6M BBSW,1.464970202161299
2021-02-25,AUD,8Y,6M BBSW,1.443335274248811
2021-02-24,AUD,8Y,6M BBSW,1.359121474490313
2021-02-23,AUD,8Y,6M BBSW,1.328782768810389
2021-02-22,AUD,8Y,6M BBSW,1.356169091803389
2021-02-19,AUD,8Y,6M BBSW,1.273775189449855
2021-02-18,AUD,8Y,6M BBSW,1.130832101528391
2021-02-17,AUD,8Y,6M BBSW,1.16174434871047
2021-02-16,AUD,8Y,6M BBSW,1.087488676692683
2021-02-15,AUD,8Y,6M BBSW,1.08001588875835
2021-02-12,AUD,8Y,6M BBSW,0.9949843178712984
2021-02-11,AUD,8Y,6M BBSW,0.9658837516047406
2021-02-10,AUD,8Y,6M BBSW,0.991850450926249
2021-02-09,AUD,8Y,6M BBSW,0.991190767936938
2021-02-08,AUD,8Y,6M BBSW,1.022482038615716
2021-02-05,AUD,8Y,6M BBSW,1.01117846539228
2021-02-04,AUD,8Y,6M BBSW,0.9734775535688592
2021-02-03,AUD,8Y,6M BBSW,0.9318822894098762
2021-02-02,AUD,8Y,6M BBSW,0.9087835508819496
2021-02-01,AUD,8Y,6M BBSW,0.9074789432696532
2021-01-29,AUD,8Y,6M BBSW,0.9211864856660512
2021-01-28,AUD,8Y,6M BBSW,0.8472206927610224
2021-01-27,AUD,8Y,6M BBSW,0.8532358486858439
2021-01-25,AUD,8Y,6M BBSW,0.874983096266067
2021-01-22,AUD,8Y,6M BBSW,0.8474879029306635
2021-01-21,AUD,8Y,6M BBSW,0.8259275109012639
2021-01-20,AUD,8Y,6M BBSW,0.845642308701302
2021-01-19,AUD,8Y,6M BBSW,0.84499347615235
2021-01-18,AUD,8Y,6M BBSW,0.8249886551795028
2021-01-15,AUD,8Y,6M BBSW,0.8212051904129057
2021-01-14,AUD,8Y,6M BBSW,0.8385243945479192
2021-01-13,AUD,8Y,6M BBSW,0.8469415157239698
2021-01-12,AUD,8Y,6M BBSW,0.8649931790647593
2021-01-11,AUD,8Y,6M BBSW,0.83498847562316
2021-01-08,AUD,8Y,6M BBSW,0.848787966000358
2021-01-07,AUD,8Y,6M BBSW,0.8059339399491956
2021-01-06,AUD,8Y,6M BBSW,0.7919767985785673
2021-01-05,AUD,8Y,6M BBSW,0.726195256479584
2021-01-04,AUD,8Y,6M BBSW,0.7699901933032959
2020-12-31,AUD,8Y,6M BBSW,0.7767128695359844
2020-12-30,AUD,8Y,6M BBSW,0.776457133059373
2020-12-29,AUD,8Y,6M BBSW,0.7649985307761654
2020-12-24,AUD,8Y,6M BBSW,0.7867178467110759
2020-12-23,AUD,8Y,6M BBSW,0.7240447548160642
2020-12-22,AUD,8Y,6M BBSW,0.7487960434713212
2020-12-21,AUD,8Y,6M BBSW,0.8674913181613113
2020-12-18,AUD,8Y,6M BBSW,0.789991760078744
2020-12-17,AUD,8Y,6M BBSW,0.7697407489688758
2020-12-16,AUD,8Y,6M BBSW,0.7495055615078828
2020-12-15,AUD,8Y,6M BBSW,0.7495046803657982
2020-12-14,AUD,8Y,6M BBSW,0.7394963929521495
2020-12-11,AUD,8Y,6M BBSW,0.7234903234018368
2020-12-10,AUD,8Y,6M BBSW,0.76054065435355
2020-12-09,AUD,8Y,6M BBSW,0.7769861785647765
2020-12-08,AUD,8Y,6M BBSW,0.7624923104165297
2020-12-07,AUD,8Y,6M BBSW,0.7699892860491435
2020-12-04,AUD,8Y,6M BBSW,0.80499171516101
2020-12-03,AUD,8Y,6M BBSW,0.7422503171117385
2020-12-02,AUD,8Y,6M BBSW,0.7457084713965941
2020-12-01,AUD,8Y,6M BBSW,0.6824968337457483
2020-11-30,AUD,8Y,6M BBSW,0.6800023396761165
2020-11-27,AUD,8Y,6M BBSW,0.6711921883224975
2020-11-26,AUD,8Y,6M BBSW,0.6860724047105887
2020-11-25,AUD,8Y,6M BBSW,0.7095294798402562
2020-11-24,AUD,8Y,6M BBSW,0.6862959122212311
2020-11-23,AUD,8Y,6M BBSW,0.6361934478733872
2020-11-20,AUD,8Y,6M BBSW,0.6599924109236651
2020-11-19,AUD,8Y,6M BBSW,0.6709773168974771
2020-11-18,AUD,8Y,6M BBSW,0.6645586250358178
2020-11-17,AUD,8Y,6M BBSW,0.687495729230838
2020-11-16,AUD,8Y,6M BBSW,0.6274936631478812
2020-11-13,AUD,8Y,6M BBSW,0.6287930332451785
2020-11-12,AUD,8Y,6M BBSW,0.6447858844098809
2020-11-11,AUD,8Y,6M BBSW,0.7107290581401304
2020-11-10,AUD,8Y,6M BBSW,0.647496418538035
2020-11-09,AUD,8Y,6M BBSW,0.5511949410557194
2020-11-06,AUD,8Y,6M BBSW,0.568794331223053
2020-11-05,AUD,8Y,6M BBSW,0.5260245269984938
2020-11-04,AUD,8Y,6M BBSW,0.5621253240075473
2020-11-03,AUD,8Y,6M BBSW,0.5349975663188098
2020-11-02,AUD,8Y,6M BBSW,0.5736945672482372
2020-10-30,AUD,8Y,6M BBSW,0.593804585550179
2020-10-29,AUD,8Y,6M BBSW,0.5536172830696258
2020-10-28,AUD,8Y,6M BBSW,0.5534318670681486
2020-10-27,AUD,8Y,6M BBSW,0.548798060104666
2020-10-26,AUD,8Y,6M BBSW,0.5487961549605933
2020-10-23,AUD,8Y,6M BBSW,0.5537958082329177
2020-10-22,AUD,8Y,6M BBSW,0.5848026443401835
2020-10-21,AUD,8Y,6M BBSW,0.56842147690245
2020-10-20,AUD,8Y,6M BBSW,0.5349975727530178
2020-10-19,AUD,8Y,6M BBSW,0.5349959276085052
2020-10-16,AUD,8Y,6M BBSW,0.5099952004555149
2020-10-15,AUD,8Y,6M BBSW,0.5373774072921212
2020-10-14,AUD,8Y,6M BBSW,0.5747037574850029
2020-10-13,AUD,8Y,6M BBSW,0.5811978218891626
2020-10-12,AUD,8Y,6M BBSW,0.5949955769142687
2020-10-09,AUD,8Y,6M BBSW,0.5974949052967304
2020-10-08,AUD,8Y,6M BBSW,0.5959985307269325
2020-10-07,AUD,8Y,6M BBSW,0.5796134412224578
2020-10-06,AUD,8Y,6M BBSW,0.6161948787579817
2020-10-02,AUD,8Y,6M BBSW,0.6072891230964508
2020-10-01,AUD,8Y,6M BBSW,0.5995978292531414
2020-09-30,AUD,8Y,6M BBSW,0.582693777789994
2020-09-29,AUD,8Y,6M BBSW,0.5674966700009755
2020-09-28,AUD,8Y,6M BBSW,0.5599939227530205
2020-09-25,AUD,8Y,6M BBSW,0.5499945503359381
2020-09-24,AUD,8Y,6M BBSW,0.5810062605748043
2020-09-23,AUD,8Y,6M BBSW,0.5846100680508771
2020-09-22,AUD,8Y,6M BBSW,0.6137966384798657
2020-09-21,AUD,8Y,6M BBSW,0.6199938858148926
2020-09-18,AUD,8Y,6M BBSW,0.6349930395607952
2020-09-17,AUD,8Y,6M BBSW,0.6147952617142614
2020-09-16,AUD,8Y,6M BBSW,0.6083946617960717
2020-09-15,AUD,8Y,6M BBSW,0.6203037157307696
2020-09-14,AUD,8Y,6M BBSW,0.6331984575935621
2020-09-11,AUD,8Y,6M BBSW,0.6331931796675752
2020-09-10,AUD,8Y,6M BBSW,0.6642790742343048
2020-09-09,AUD,8Y,6M BBSW,0.64137284273319
2020-09-08,AUD,8Y,6M BBSW,0.6787960570783836
2020-09-07,AUD,8Y,6M BBSW,0.692492236960772
2020-09-04,AUD,8Y,6M BBSW,0.6999921600873995
2020-09-03,AUD,8Y,6M BBSW,0.6472844946881668
2020-09-02,AUD,8Y,6M BBSW,0.6645579330821109
2020-09-01,AUD,8Y,6M BBSW,0.6949958967219689
2020-08-31,AUD,8Y,6M BBSW,0.6962078210891645
2020-08-28,AUD,8Y,6M BBSW,0.7212021255885336
2020-08-27,AUD,8Y,6M BBSW,0.6485847605019919
2020-08-26,AUD,8Y,6M BBSW,0.6820445256721843
2020-08-25,AUD,8Y,6M BBSW,0.6349979013649125
2020-08-24,AUD,8Y,6M BBSW,0.6224964629346914
2020-08-21,AUD,8Y,6M BBSW,0.6374926348467573
2020-08-20,AUD,8Y,6M BBSW,0.6359827029796199
2020-08-19,AUD,8Y,6M BBSW,0.6432696180651072
2020-08-18,AUD,8Y,6M BBSW,0.6549977623811664
2020-08-17,AUD,8Y,6M BBSW,0.673795888882648
2020-08-14,AUD,8Y,6M BBSW,0.6887998962025327
2020-08-13,AUD,8Y,6M BBSW,0.6485784714440733
2020-08-12,AUD,8Y,6M BBSW,0.6707517763900692
2020-08-11,AUD,8Y,6M BBSW,0.6324979244248778
2020-08-10,AUD,8Y,6M BBSW,0.6136966743766227
2020-08-07,AUD,8Y,6M BBSW,0.5835997574709512
2020-08-06,AUD,8Y,6M BBSW,0.6132868828917216
2020-08-05,AUD,8Y,6M BBSW,0.5869106251512234
2020-08-04,AUD,8Y,6M BBSW,0.6049966393767262
2020-07-31,AUD,8Y,6M BBSW,0.6062053091835791
2020-07-30,AUD,8Y,6M BBSW,0.6372890171760102
2020-07-29,AUD,8Y,6M BBSW,0.6333760171462653
2020-07-28,AUD,8Y,6M BBSW,0.6837975857475729
2020-07-27,AUD,8Y,6M BBSW,0.6399954841710673
2020-07-24,AUD,8Y,6M BBSW,0.6362917623203439
2020-07-23,AUD,8Y,6M BBSW,0.6397814871069784
2020-07-22,AUD,8Y,6M BBSW,0.6507646279077249
2020-07-21,AUD,8Y,6M BBSW,0.6324978378951681
2020-07-20,AUD,8Y,6M BBSW,0.6499960253470962
2020-07-17,AUD,8Y,6M BBSW,0.6549924389597068
2020-07-16,AUD,8Y,6M BBSW,0.6759693376613422
2020-07-15,AUD,8Y,6M BBSW,0.6759071636529782
2020-07-14,AUD,8Y,6M BBSW,0.6587986432815062
2020-07-13,AUD,8Y,6M BBSW,0.6537959676736423
2020-07-10,AUD,8Y,6M BBSW,0.6211930426886954
2020-07-09,AUD,8Y,6M BBSW,0.6647730323241001
2020-07-08,AUD,8Y,6M BBSW,0.6670541248222743
2020-07-07,AUD,8Y,6M BBSW,0.6711976151094371
2020-07-06,AUD,8Y,6M BBSW,0.70879529335128
2020-07-03,AUD,8Y,6M BBSW,0.6887897379553494
2020-07-02,AUD,8Y,6M BBSW,0.7122545397051112
2020-07-01,AUD,8Y,6M BBSW,0.7245036307728943
2020-06-30,AUD,8Y,6M BBSW,0.6875025873717345
2020-06-29,AUD,8Y,6M BBSW,0.6887988003733004
2020-06-26,AUD,8Y,6M BBSW,0.693778146331421
2020-06-25,AUD,8Y,6M BBSW,0.6910454510947344
2020-06-24,AUD,8Y,6M BBSW,0.7407062070680734
2020-06-23,AUD,8Y,6M BBSW,0.7324957107705511
2020-06-22,AUD,8Y,6M BBSW,0.6987959540253382
2020-06-19,AUD,8Y,6M BBSW,0.6974898127200233
2020-06-18,AUD,8Y,6M BBSW,0.7110597548642794
2020-06-17,AUD,8Y,6M BBSW,0.7233198537874865
2020-06-16,AUD,8Y,6M BBSW,0.7549969347640416
2020-06-15,AUD,8Y,6M BBSW,0.7287053911661869
2020-06-12,AUD,8Y,6M BBSW,0.748438939871324
2020-06-11,AUD,8Y,6M BBSW,0.7557947177474396
2020-06-10,AUD,8Y,6M BBSW,0.8266803282798187
2020-06-09,AUD,8Y,6M BBSW,0.8237934165798915
2020-06-05,AUD,8Y,6M BBSW,0.8799837588467505
2020-06-04,AUD,8Y,6M BBSW,0.8034291947026376
2020-06-03,AUD,8Y,6M BBSW,0.7719886595786322
2020-06-02,AUD,8Y,6M BBSW,0.7199972553976037
2020-06-01,AUD,8Y,6M BBSW,0.7361955261207549
2020-05-29,AUD,8Y,6M BBSW,0.7249949334647634
2020-05-28,AUD,8Y,6M BBSW,0.7247529266760575
2020-05-27,AUD,8Y,6M BBSW,0.7295129920094311
2020-05-26,AUD,8Y,6M BBSW,0.721197170062226
2020-05-25,AUD,8Y,6M BBSW,0.7112952955138234
2020-05-22,AUD,8Y,6M BBSW,0.6999913757554013
2020-05-21,AUD,8Y,6M BBSW,0.7060588368304681
2020-05-20,AUD,8Y,6M BBSW,0.7420053403051956
2020-05-19,AUD,8Y,6M BBSW,0.7599968949972412
2020-05-18,AUD,8Y,6M BBSW,0.7237950183114485
2020-05-15,AUD,8Y,6M BBSW,0.7188058821718122
2020-05-14,AUD,8Y,6M BBSW,0.6809729924714805
2020-05-13,AUD,8Y,6M BBSW,0.7295135188347999
2020-05-12,AUD,8Y,6M BBSW,0.746196995143511
2020-05-11,AUD,8Y,6M BBSW,0.7486953726561711
2020-05-08,AUD,8Y,6M BBSW,0.7037913060613056
2020-05-07,AUD,8Y,6M BBSW,0.7747357975183923
2020-05-06,AUD,8Y,6M BBSW,0.7544969935915878
2020-05-05,AUD,8Y,6M BBSW,0.747496829837659
2020-05-04,AUD,8Y,6M BBSW,0.7361948300433633
2020-05-01,AUD,8Y,6M BBSW,0.7761897483620013
2020-04-30,AUD,8Y,6M BBSW,0.80553316973755
2020-04-29,AUD,8Y,6M BBSW,0.8414742369674738
2020-04-28,AUD,8Y,6M BBSW,0.8324961460852376
2020-04-27,AUD,8Y,6M BBSW,0.8237942029144425
2020-04-24,AUD,8Y,6M BBSW,0.7961867339238333
2020-04-23,AUD,8Y,6M BBSW,0.794730617805874
2020-04-22,AUD,8Y,6M BBSW,0.7782835225156783
2020-04-21,AUD,8Y,6M BBSW,0.7774953308004435
2020-04-20,AUD,8Y,6M BBSW,0.797493149275753
2020-04-17,AUD,8Y,6M BBSW,0.8272141866863987
2020-04-16,AUD,8Y,6M BBSW,0.8231509814937251
2020-04-15,AUD,8Y,6M BBSW,0.9105177202988958
2020-04-14,AUD,8Y,6M BBSW,0.8888552189099838
2020-04-09,AUD,8Y,6M BBSW,0.8822007708898183
2020-04-08,AUD,8Y,6M BBSW,0.8669249903235348
2020-04-07,AUD,8Y,6M BBSW,0.797491020516377
2020-04-06,AUD,8Y,6M BBSW,0.738691697564213
2020-04-03,AUD,8Y,6M BBSW,0.743678235117132
2020-04-02,AUD,8Y,6M BBSW,0.7809303518234997
2020-04-01,AUD,8Y,6M BBSW,0.7432027103953825
2020-03-31,AUD,8Y,6M BBSW,0.8338056507835017
2020-03-30,AUD,8Y,6M BBSW,0.7713021676250199
2020-03-27,AUD,8Y,6M BBSW,0.8862847804547377
2020-03-26,AUD,8Y,6M BBSW,0.9146787671275892
2020-03-25,AUD,8Y,6M BBSW,0.9993374453393108
2020-03-24,AUD,8Y,6M BBSW,0.9087952570833908
2020-03-23,AUD,8Y,6M BBSW,0.924992429719194
2020-03-20,AUD,8Y,6M BBSW,1.039981790895068
2020-03-19,AUD,8Y,6M BBSW,1.529484533630832
2020-03-18,AUD,8Y,6M BBSW,1.203006376038223
2020-03-17,AUD,8Y,6M BBSW,1.073791846272812
2020-03-16,AUD,8Y,6M BBSW,0.9249911500853784
2020-03-13,AUD,8Y,6M BBSW,1.064982895699312
2020-03-12,AUD,8Y,6M BBSW,0.8572066586501254
2020-03-11,AUD,8Y,6M BBSW,0.8194511552264808
2020-03-10,AUD,8Y,6M BBSW,0.7974955816829575
2020-03-09,AUD,8Y,6M BBSW,0.7449947686120305
2020-03-06,AUD,8Y,6M BBSW,0.7861902346415005
2020-03-05,AUD,8Y,6M BBSW,0.8347147294792863
2020-03-04,AUD,8Y,6M BBSW,0.7881726888068281
2020-03-03,AUD,8Y,6M BBSW,0.8124957875315336
2020-03-02,AUD,8Y,6M BBSW,0.8387931335184898
2020-02-28,AUD,8Y,6M BBSW,0.7912007321612603
2020-02-27,AUD,8Y,6M BBSW,0.8847072396131389
2020-02-26,AUD,8Y,6M BBSW,0.9343797030456642
2020-02-25,AUD,8Y,6M BBSW,0.9311939441708084
2020-02-24,AUD,8Y,6M BBSW,0.9311917010642798
2020-02-21,AUD,8Y,6M BBSW,0.9562855484734196
2020-02-20,AUD,8Y,6M BBSW,1.005858576225828
2020-02-19,AUD,8Y,6M BBSW,1.031816899339296
2020-02-18,AUD,8Y,6M BBSW,1.057492223844083
2020-02-17,AUD,8Y,6M BBSW,1.086188359973486
2020-02-14,AUD,8Y,6M BBSW,1.058800657864858
2020-02-13,AUD,8Y,6M BBSW,1.097127289924176
2020-02-12,AUD,8Y,6M BBSW,1.098074580610198
2020-02-11,AUD,8Y,6M BBSW,1.051292116411677
2020-02-10,AUD,8Y,6M BBSW,1.05248910597152
2020-02-07,AUD,8Y,6M BBSW,1.041181131225339
2020-02-06,AUD,8Y,6M BBSW,1.138411082037512
2020-02-05,AUD,8Y,6M BBSW,1.073086582382229
2020-02-04,AUD,8Y,6M BBSW,0.9424901482477528
2020-02-03,AUD,8Y,6M BBSW,0.9687827517181666
2020-01-31,AUD,8Y,6M BBSW,0.9800142555949536
2020-01-30,AUD,8Y,6M BBSW,1.00967139455086
2020-01-29,AUD,8Y,6M BBSW,1.073090986744483
2020-01-28,AUD,8Y,6M BBSW,0.99619282662497
2020-01-24,AUD,8Y,6M BBSW,1.086179100454193
2020-01-23,AUD,8Y,6M BBSW,1.149609725246891
2020-01-22,AUD,8Y,6M BBSW,1.186720564514604
2020-01-21,AUD,8Y,6M BBSW,1.181189628106321
2020-01-20,AUD,8Y,6M BBSW,1.208785144817059
2020-01-17,AUD,8Y,6M BBSW,1.208777059694341
2020-01-16,AUD,8Y,6M BBSW,1.219586216084295
2020-01-15,AUD,8Y,6M BBSW,1.243472026504172
2020-01-14,AUD,8Y,6M BBSW,1.26619571342907
2020-01-13,AUD,8Y,6M BBSW,1.224985065068648
2020-01-10,AUD,8Y,6M BBSW,1.239975764931592
2020-01-09,AUD,8Y,6M BBSW,1.238379931820761
2020-01-08,AUD,8Y,6M BBSW,1.190416515223856
2020-01-07,AUD,8Y,6M BBSW,1.216189198919625
2020-01-06,AUD,8Y,6M BBSW,1.237484688325805
2020-01-03,AUD,8Y,6M BBSW,1.247069845853593
2020-01-02,AUD,8Y,6M BBSW,1.397770571713216
2019-12-31,AUD,8Y,6M BBSW,1.39381893028979
2019-12-30,AUD,8Y,6M BBSW,1.345010810798001
2019-12-27,AUD,8Y,6M BBSW,1.351581195696144
2019-12-24,AUD,8Y,6M BBSW,1.34627019747983
2019-12-23,AUD,8Y,6M BBSW,1.338782225067351
2019-12-20,AUD,8Y,6M BBSW,1.343767046892568
2019-12-19,AUD,8Y,6M BBSW,1.283359909770604
2019-12-18,AUD,8Y,6M BBSW,1.221695830746001
2019-12-17,AUD,8Y,6M BBSW,1.213787390122979
2019-12-16,AUD,8Y,6M BBSW,1.198791372060739
2019-12-13,AUD,8Y,6M BBSW,1.18116790395651
2019-12-12,AUD,8Y,6M BBSW,1.182084941690166
2019-12-11,AUD,8Y,6M BBSW,1.174221757932521
2019-12-10,AUD,8Y,6M BBSW,1.162482608971924
2019-12-09,AUD,8Y,6M BBSW,1.178785886205426
2019-12-06,AUD,8Y,6M BBSW,1.178768067196203
2019-12-05,AUD,8Y,6M BBSW,1.140808546348236
2019-12-04,AUD,8Y,6M BBSW,1.114264308052399
2019-12-03,AUD,8Y,6M BBSW,1.183786877709215
2019-12-02,AUD,8Y,6M BBSW,1.127492403284077
2019-11-29,AUD,8Y,6M BBSW,1.086188760104216
2019-11-28,AUD,8Y,6M BBSW,1.077134681235213
2019-11-27,AUD,8Y,6M BBSW,1.121760879049784
2019-11-26,AUD,8Y,6M BBSW,1.149990414114191
2019-11-25,AUD,8Y,6M BBSW,1.137487278161724
2019-11-22,AUD,8Y,6M BBSW,1.141179639626402
2019-11-21,AUD,8Y,6M BBSW,1.094627954164126
2019-11-20,AUD,8Y,6M BBSW,1.119261393730231
2019-11-19,AUD,8Y,6M BBSW,1.15749037932413
2019-11-18,AUD,8Y,6M BBSW,1.199985659407443
2019-11-15,AUD,8Y,6M BBSW,1.186220288090016
2019-11-14,AUD,8Y,6M BBSW,1.220906523672684
2019-11-13,AUD,8Y,6M BBSW,1.295349571924794
2019-11-12,AUD,8Y,6M BBSW,1.312487504539278
2019-11-11,AUD,8Y,6M BBSW,1.328782527005512
2019-11-08,AUD,8Y,6M BBSW,1.342471890091894
2019-11-07,AUD,8Y,6M BBSW,1.275866511699897
2019-11-06,AUD,8Y,6M BBSW,1.307940682887864
2019-11-05,AUD,8Y,6M BBSW,1.268788161873234
2019-11-04,AUD,8Y,6M BBSW,1.228785461148521
2019-11-01,AUD,8Y,6M BBSW,1.234976262787009
2019-10-31,AUD,8Y,6M BBSW,1.225811600554544
2019-10-30,AUD,8Y,6M BBSW,1.201597047003223
2019-10-29,AUD,8Y,6M BBSW,1.224995095769323
2019-10-28,AUD,8Y,6M BBSW,1.15749206596246
2019-10-25,AUD,8Y,6M BBSW,1.122462805731278
2019-10-24,AUD,8Y,6M BBSW,1.167096804303277
2019-10-23,AUD,8Y,6M BBSW,1.174222927991344
2019-10-22,AUD,8Y,6M BBSW,1.229986437965
2019-10-21,AUD,8Y,6M BBSW,1.197488855200017
2019-10-18,AUD,8Y,6M BBSW,1.197459787932924
2019-10-17,AUD,8Y,6M BBSW,1.117114804483434
2019-10-16,AUD,8Y,6M BBSW,1.093075388103296
2019-10-15,AUD,8Y,6M BBSW,1.058808229379498
2019-10-14,AUD,8Y,6M BBSW,1.083799831040727
2019-10-11,AUD,8Y,6M BBSW,1.11617440303495
2019-10-10,AUD,8Y,6M BBSW,0.9258744691521053
2019-10-09,AUD,8Y,6M BBSW,0.9268826984494596
2019-10-08,AUD,8Y,6M BBSW,0.9336910503353284
2019-10-04,AUD,8Y,6M BBSW,0.9196731815662508
2019-10-03,AUD,8Y,6M BBSW,0.970533653482147
2019-10-02,AUD,8Y,6M BBSW,1.001499746786416
2019-10-01,AUD,8Y,6M BBSW,1.063783775840566
2019-09-30,AUD,8Y,6M BBSW,1.028703134518748
2019-09-27,AUD,8Y,6M BBSW,1.028681355357039
2019-09-26,AUD,8Y,6M BBSW,1.040835802079247
2019-09-25,AUD,8Y,6M BBSW,1.034314805804956
2019-09-24,AUD,8Y,6M BBSW,1.066192013063459
2019-09-23,AUD,8Y,6M BBSW,1.067489118664256
2019-09-20,AUD,8Y,6M BBSW,1.071182300590113
2019-09-19,AUD,8Y,6M BBSW,1.130815596246577
2019-09-18,AUD,8Y,6M BBSW,1.199209326631995
2019-09-17,AUD,8Y,6M BBSW,1.20249007104727
2019-09-16,AUD,8Y,6M BBSW,1.234985586319685
2019-09-13,AUD,8Y,6M BBSW,1.2199766260027
2019-09-12,AUD,8Y,6M BBSW,1.20459060118257
2019-09-11,AUD,8Y,6M BBSW,1.169228417985755
2019-09-10,AUD,8Y,6M BBSW,1.127491254767293
2019-09-09,AUD,8Y,6M BBSW,1.083789010328243
2019-09-06,AUD,8Y,6M BBSW,1.098681185859717
2019-09-05,AUD,8Y,6M BBSW,1.04964312142994
2019-09-04,AUD,8Y,6M BBSW,1.01302894230812
2019-09-03,AUD,8Y,6M BBSW,1.014992890957324
2019-09-02,AUD,8Y,6M BBSW,0.9911905366030268
2019-08-30,AUD,8Y,6M BBSW,1.005009280575666
2019-08-29,AUD,8Y,6M BBSW,0.9521893853805165
2019-08-28,AUD,8Y,6M BBSW,0.9543777049718772
2019-08-27,AUD,8Y,6M BBSW,0.9974970005368216
2019-08-26,AUD,8Y,6M BBSW,0.971192425394106
2019-08-23,AUD,8Y,6M BBSW,0.9537902688310572
2019-08-22,AUD,8Y,6M BBSW,1.009651066216676
2019-08-21,AUD,8Y,6M BBSW,0.9905394247366214
2019-08-20,AUD,8Y,6M BBSW,1.008786894877082
2019-08-19,AUD,8Y,6M BBSW,0.9861920763356136
2019-08-16,AUD,8Y,6M BBSW,0.9412899641741336
2019-08-15,AUD,8Y,6M BBSW,0.9685940607236212
2019-08-14,AUD,8Y,6M BBSW,1.018336932529855
2019-08-13,AUD,8Y,6M BBSW,1.008786752080972
2019-08-12,AUD,8Y,6M BBSW,1.034991560359863
2019-08-09,AUD,8Y,6M BBSW,1.052487252515227
2019-08-08,AUD,8Y,6M BBSW,1.034642224502066
2019-08-07,AUD,8Y,6M BBSW,1.014322416405312
2019-08-06,AUD,8Y,6M BBSW,1.101882034650479
2019-08-02,AUD,8Y,6M BBSW,1.153300811744808
2019-08-01,AUD,8Y,6M BBSW,1.271638729688161
2019-07-31,AUD,8Y,6M BBSW,1.267931688736809
2019-07-30,AUD,8Y,6M BBSW,1.288803064606445
2019-07-29,AUD,8Y,6M BBSW,1.273686827591045
2019-07-26,AUD,8Y,6M BBSW,1.303749603385633
2019-07-25,AUD,8Y,6M BBSW,1.34832228926305
2019-07-24,AUD,8Y,6M BBSW,1.380287152420317
2019-07-23,AUD,8Y,6M BBSW,1.412473805848937
2019-07-22,AUD,8Y,6M BBSW,1.429983253379808
2019-07-19,AUD,8Y,6M BBSW,1.433776811078255
2019-07-18,AUD,8Y,6M BBSW,1.41700900738806
2019-07-17,AUD,8Y,6M BBSW,1.459038666210387
2019-07-16,AUD,8Y,6M BBSW,1.452472311134736
2019-07-15,AUD,8Y,6M BBSW,1.503714196260802
2019-07-12,AUD,8Y,6M BBSW,1.486175374062023
2019-07-11,AUD,8Y,6M BBSW,1.400714395464157
2019-07-10,AUD,8Y,6M BBSW,1.397777208430782
2019-07-09,AUD,8Y,6M BBSW,1.407474046345442
2019-07-08,AUD,8Y,6M BBSW,1.414983377939824
2019-07-05,AUD,8Y,6M BBSW,1.367479254397615
2019-07-04,AUD,8Y,6M BBSW,1.388218720125598
2019-07-03,AUD,8Y,6M BBSW,1.386582079082409
2019-07-02,AUD,8Y,6M BBSW,1.423767129843488
2019-07-01,AUD,8Y,6M BBSW,1.422440809895082
2019-06-28,AUD,8Y,6M BBSW,1.427455577468801
2019-06-27,AUD,8Y,6M BBSW,1.446985800541225
2019-06-26,AUD,8Y,6M BBSW,1.384044469603145
2019-06-25,AUD,8Y,6M BBSW,1.393705515397956
2019-06-24,AUD,8Y,6M BBSW,1.409967798314368
2019-06-21,AUD,8Y,6M BBSW,1.41246451632803
2019-06-20,AUD,8Y,6M BBSW,1.395720557679481
2019-06-19,AUD,8Y,6M BBSW,1.457838921510384
2019-06-18,AUD,8Y,6M BBSW,1.478778963482144
2019-06-17,AUD,8Y,6M BBSW,1.529978336483344
2019-06-14,AUD,8Y,6M BBSW,1.498314815021698
2019-06-13,AUD,8Y,6M BBSW,1.541470462937119
2019-06-12,AUD,8Y,6M BBSW,1.564657744245571
2019-06-11,AUD,8Y,6M BBSW,1.599966130540281
2019-06-07,AUD,8Y,6M BBSW,1.577444803999906
2019-06-06,AUD,8Y,6M BBSW,1.605639062985989
2019-06-05,AUD,8Y,6M BBSW,1.640121823876564
2019-06-04,AUD,8Y,6M BBSW,1.632473888255904
2019-06-03,AUD,8Y,6M BBSW,1.644974957865726
2019-05-31,AUD,8Y,6M BBSW,1.607541964408418
2019-05-30,AUD,8Y,6M BBSW,1.660698418603065
2019-05-29,AUD,8Y,6M BBSW,1.61515531565712
2019-05-28,AUD,8Y,6M BBSW,1.657463916332005
2019-05-27,AUD,8Y,6M BBSW,1.667476856643756
2019-05-24,AUD,8Y,6M BBSW,1.649970616466196
2019-05-23,AUD,8Y,6M BBSW,1.699409515317899
2019-05-22,AUD,8Y,6M BBSW,1.755051332630069
2019-05-21,AUD,8Y,6M BBSW,1.774958643182992
2019-05-20,AUD,8Y,6M BBSW,1.80247269922408
2019-05-17,AUD,8Y,6M BBSW,1.759966229560832
2019-05-16,AUD,8Y,6M BBSW,1.776882147469742
2019-05-15,AUD,8Y,6M BBSW,1.812442529082848
2019-05-14,AUD,8Y,6M BBSW,1.818804831559061
2019-05-13,AUD,8Y,6M BBSW,1.834971842645934
2019-05-10,AUD,8Y,6M BBSW,1.861162194606869
2019-05-09,AUD,8Y,6M BBSW,1.84435817010423
2019-05-08,AUD,8Y,6M BBSW,1.862583455480994
2019-05-07,AUD,8Y,6M BBSW,1.85495518214679
2019-05-06,AUD,8Y,6M BBSW,1.847471172599248
2019-05-03,AUD,8Y,6M BBSW,1.89996085139703
2019-05-02,AUD,8Y,6M BBSW,1.888043286560216
2019-05-01,AUD,8Y,6M BBSW,1.88497063961973
2019-04-30,AUD,8Y,6M BBSW,1.906218955301982
2019-04-29,AUD,8Y,6M BBSW,1.894987059169353
2019-04-26,AUD,8Y,6M BBSW,1.874941715722286
2019-04-24,AUD,8Y,6M BBSW,1.878766865736184
2019-04-23,AUD,8Y,6M BBSW,1.992453964654677
2019-04-18,AUD,8Y,6M BBSW,2.041755803868427
2019-04-17,AUD,8Y,6M BBSW,2.054953664435373
2019-04-16,AUD,8Y,6M BBSW,2.026152455692153
2019-04-15,AUD,8Y,6M BBSW,2.045035392495833
2019-04-12,AUD,8Y,6M BBSW,2.08742208166061
2019-04-11,AUD,8Y,6M BBSW,1.971815222683542
2019-04-10,AUD,8Y,6M BBSW,1.973684904963558
2019-04-09,AUD,8Y,6M BBSW,2.001252361514636
2019-04-08,AUD,8Y,6M BBSW,2.00245496125598
2019-04-05,AUD,8Y,6M BBSW,2.008683943407155
2019-04-04,AUD,8Y,6M BBSW,2.020461303762008
2019-04-03,AUD,8Y,6M BBSW,1.967451703516699
2019-04-02,AUD,8Y,6M BBSW,1.958721511473282
2019-04-01,AUD,8Y,6M BBSW,1.953742930417042
2019-03-29,AUD,8Y,6M BBSW,1.908164917885081
2019-03-28,AUD,8Y,6M BBSW,1.871255770760038
2019-03-27,AUD,8Y,6M BBSW,1.900658544166769
2019-03-26,AUD,8Y,6M BBSW,1.922524506149256
2019-03-25,AUD,8Y,6M BBSW,1.912469148670338
2019-03-22,AUD,8Y,6M BBSW,1.887456105678046
2019-03-21,AUD,8Y,6M BBSW,2.031791658559755
2019-03-20,AUD,8Y,6M BBSW,2.056162348445275
2019-03-19,AUD,8Y,6M BBSW,2.06994358567154
2019-03-18,AUD,8Y,6M BBSW,2.093762518286463
2019-03-15,AUD,8Y,6M BBSW,2.06756507538166
2019-03-14,AUD,8Y,6M BBSW,2.078062856057905
2019-03-13,AUD,8Y,6M BBSW,2.083644706480912
2019-03-12,AUD,8Y,6M BBSW,2.162438413259002
2019-03-11,AUD,8Y,6M BBSW,2.144960655424756
2019-03-08,AUD,8Y,6M BBSW,2.161251158428986
2019-03-07,AUD,8Y,6M BBSW,2.199232053353712
2019-03-06,AUD,8Y,6M BBSW,2.238547751705363
2019-03-05,AUD,8Y,6M BBSW,2.282430733696264
2019-03-04,AUD,8Y,6M BBSW,2.303754158380881
2019-03-01,AUD,8Y,6M BBSW,2.28494531386273
2019-02-28,AUD,8Y,6M BBSW,2.233891030173724
2019-02-27,AUD,8Y,6M BBSW,2.200658105387821
2019-02-26,AUD,8Y,6M BBSW,2.206155666922466
2019-02-25,AUD,8Y,6M BBSW,2.202454926275914
2019-02-22,AUD,8Y,6M BBSW,2.189920447926347
2019-02-21,AUD,8Y,6M BBSW,2.186769316300537
2019-02-20,AUD,8Y,6M BBSW,2.233558517480736
2019-02-19,AUD,8Y,6M BBSW,2.263753457413151
2019-02-18,AUD,8Y,6M BBSW,2.254952155109165
2019-02-15,AUD,8Y,6M BBSW,2.257568261425264
2019-02-14,AUD,8Y,6M BBSW,2.255497966824929
2019-02-13,AUD,8Y,6M BBSW,2.258543092032609
2019-02-12,AUD,8Y,6M BBSW,2.231255176985772
2019-02-11,AUD,8Y,6M BBSW,2.214953792167498
2019-02-08,AUD,8Y,6M BBSW,2.202420116002248
2019-02-07,AUD,8Y,6M BBSW,2.250439783747946
2019-02-06,AUD,8Y,6M BBSW,2.317199234922649
2019-02-05,AUD,8Y,6M BBSW,2.344919826857087
2019-02-04,AUD,8Y,6M BBSW,2.347418180943316
2019-02-01,AUD,8Y,6M BBSW,2.371069480351166
2019-01-31,AUD,8Y,6M BBSW,2.361518998267238
2019-01-30,AUD,8Y,6M BBSW,2.381935854894124
2019-01-29,AUD,8Y,6M BBSW,2.369948798149386
2019-01-25,AUD,8Y,6M BBSW,2.382377202630465
2019-01-24,AUD,8Y,6M BBSW,2.429179122817696
2019-01-23,AUD,8Y,6M BBSW,2.430937886833861
2019-01-22,AUD,8Y,6M BBSW,2.439945741056516
2019-01-21,AUD,8Y,6M BBSW,2.378745712503535
2019-01-18,AUD,8Y,6M BBSW,2.469898998821374
2019-01-17,AUD,8Y,6M BBSW,2.411696058553025
2019-01-16,AUD,8Y,6M BBSW,2.404654110887882
2019-01-15,AUD,8Y,6M BBSW,2.412542294563594
2019-01-14,AUD,8Y,6M BBSW,2.417478733857247
2019-01-11,AUD,8Y,6M BBSW,2.43360295456328
2019-01-10,AUD,8Y,6M BBSW,2.421693078752645
2019-01-09,AUD,8Y,6M BBSW,2.443430666500193
2019-01-08,AUD,8Y,6M BBSW,2.424946118082424
2019-01-07,AUD,8Y,6M BBSW,2.394946611346823
2019-01-04,AUD,8Y,6M BBSW,2.453600680407474
2019-01-03,AUD,8Y,6M BBSW,2.337911799284432
2019-01-02,AUD,8Y,6M BBSW,2.410929469830067
2018-12-31,AUD,8Y,6M BBSW,2.442574113737842
2018-12-28,AUD,8Y,6M BBSW,2.457929297557675
2018-12-27,AUD,8Y,6M BBSW,2.490841886659945
2018-12-24,AUD,8Y,6M BBSW,2.488692704213467
2018-12-21,AUD,8Y,6M BBSW,2.507403442343928
2018-12-20,AUD,8Y,6M BBSW,2.504145899630132
2018-12-19,AUD,8Y,6M BBSW,2.520887279536558
2018-12-18,AUD,8Y,6M BBSW,2.541127542215204
2018-12-17,AUD,8Y,6M BBSW,2.552437317438201
2018-12-14,AUD,8Y,6M BBSW,2.543789743444697
2018-12-13,AUD,8Y,6M BBSW,2.574098321513474
2018-12-12,AUD,8Y,6M BBSW,2.548334683484291
2018-12-11,AUD,8Y,6M BBSW,2.551102061932915
2018-12-10,AUD,8Y,6M BBSW,2.534900653328809
2018-12-07,AUD,8Y,6M BBSW,2.524868261669209
2018-12-06,AUD,8Y,6M BBSW,2.574101016197653
2018-12-05,AUD,8Y,6M BBSW,2.600839043330125
2018-12-04,AUD,8Y,6M BBSW,2.634921431211489
2018-12-03,AUD,8Y,6M BBSW,2.697428846044336
2018-11-30,AUD,8Y,6M BBSW,2.665061539810603
2018-11-29,AUD,8Y,6M BBSW,2.691642496137743
2018-11-28,AUD,8Y,6M BBSW,2.699574470329916
2018-11-27,AUD,8Y,6M BBSW,2.709931323113771
2018-11-26,AUD,8Y,6M BBSW,2.716132330009842
2018-11-23,AUD,8Y,6M BBSW,2.722377512456204
2018-11-22,AUD,8Y,6M BBSW,2.740287215412557
2018-11-21,AUD,8Y,6M BBSW,2.770731927304562
2018-11-20,AUD,8Y,6M BBSW,2.774927723661032
2018-11-19,AUD,8Y,6M BBSW,2.741130204439596
2018-11-16,AUD,8Y,6M BBSW,2.758673741242707
2018-11-15,AUD,8Y,6M BBSW,2.789758386780941
2018-11-14,AUD,8Y,6M BBSW,2.782595881303366
2018-11-13,AUD,8Y,6M BBSW,2.797426467541782
2018-11-12,AUD,8Y,6M BBSW,2.798627630684664
2018-11-09,AUD,8Y,6M BBSW,2.784871951210894
2018-11-08,AUD,8Y,6M BBSW,2.817762273918345
2018-11-07,AUD,8Y,6M BBSW,2.782025556071826
2018-11-06,AUD,8Y,6M BBSW,2.786226783958291
2018-11-05,AUD,8Y,6M BBSW,2.777428181734933
2018-11-02,AUD,8Y,6M BBSW,2.776072195974275
2018-11-01,AUD,8Y,6M BBSW,2.725293079582332
2018-10-31,AUD,8Y,6M BBSW,2.678396066183717
2018-10-30,AUD,8Y,6M BBSW,2.657540435362581
2018-10-29,AUD,8Y,6M BBSW,2.646273828182608
2018-10-26,AUD,8Y,6M BBSW,2.647391767547766
2018-10-25,AUD,8Y,6M BBSW,2.678993181874432
2018-10-24,AUD,8Y,6M BBSW,2.7232526507254
2018-10-23,AUD,8Y,6M BBSW,2.749899598044532
2018-10-22,AUD,8Y,6M BBSW,2.764910213874154
2018-10-19,AUD,8Y,6M BBSW,2.783115317503124
2018-10-18,AUD,8Y,6M BBSW,2.793974053771534
2018-10-17,AUD,8Y,6M BBSW,2.769424592945308
2018-10-16,AUD,8Y,6M BBSW,2.788596668345042
2018-10-15,AUD,8Y,6M BBSW,2.756273010606827
2018-10-12,AUD,8Y,6M BBSW,2.758671753680566
2018-10-11,AUD,8Y,6M BBSW,2.761546739381764
2018-10-10,AUD,8Y,6M BBSW,2.79446621499544
2018-10-09,AUD,8Y,6M BBSW,2.80109553435999
2018-10-08,AUD,8Y,6M BBSW,2.803707766566189
2018-10-05,AUD,8Y,6M BBSW,2.785256490971126
2018-10-04,AUD,8Y,6M BBSW,2.754356944433527
2018-10-03,AUD,8Y,6M BBSW,2.707348704316396
2018-10-02,AUD,8Y,6M BBSW,2.744825379762533
2018-09-28,AUD,8Y,6M BBSW,2.72357721383024
2018-09-27,AUD,8Y,6M BBSW,2.771578260250456
2018-09-26,AUD,8Y,6M BBSW,2.804513497888285
2018-09-25,AUD,8Y,6M BBSW,2.809925727760989
2018-09-24,AUD,8Y,6M BBSW,2.77242752226981
2018-09-21,AUD,8Y,6M BBSW,2.771073065021164
2018-09-20,AUD,8Y,6M BBSW,2.820262174506722
2018-09-19,AUD,8Y,6M BBSW,2.758239318626515
2018-09-18,AUD,8Y,6M BBSW,2.714930940531919
2018-09-17,AUD,8Y,6M BBSW,2.686132177448649
2018-09-14,AUD,8Y,6M BBSW,2.683722613402333
2018-09-13,AUD,8Y,6M BBSW,2.66661206493944
2018-09-12,AUD,8Y,6M BBSW,2.639512240225552
2018-09-11,AUD,8Y,6M BBSW,2.638734991733984
2018-09-10,AUD,8Y,6M BBSW,2.64493459883918
2018-09-07,AUD,8Y,6M BBSW,2.647384155092257
2018-09-06,AUD,8Y,6M BBSW,2.650317555954427
2018-09-05,AUD,8Y,6M BBSW,2.629516704041032
2018-09-04,AUD,8Y,6M BBSW,2.589937712141526
2018-09-03,AUD,8Y,6M BBSW,2.582437054240766
2018-08-31,AUD,8Y,6M BBSW,2.572589041817534
2018-08-30,AUD,8Y,6M BBSW,2.645500391464557
2018-08-29,AUD,8Y,6M BBSW,2.667143264239563
2018-08-28,AUD,8Y,6M BBSW,2.677496279351504
2018-08-27,AUD,8Y,6M BBSW,2.634957538221917
2018-08-24,AUD,8Y,6M BBSW,2.643706493606091
2018-08-23,AUD,8Y,6M BBSW,2.609121746302899
2018-08-22,AUD,8Y,6M BBSW,2.627099424488939
2018-08-21,AUD,8Y,6M BBSW,2.623626706699026
2018-08-20,AUD,8Y,6M BBSW,2.616126473973571
2018-08-17,AUD,8Y,6M BBSW,2.643705798806393
2018-08-16,AUD,8Y,6M BBSW,2.632913544628109
2018-08-15,AUD,8Y,6M BBSW,2.641356069430864
2018-08-14,AUD,8Y,6M BBSW,2.668799274703064
2018-08-13,AUD,8Y,6M BBSW,2.668723746332032
2018-08-10,AUD,8Y,6M BBSW,2.688702654013804
2018-08-09,AUD,8Y,6M BBSW,2.72408342033407
2018-08-08,AUD,8Y,6M BBSW,2.74952510736478
2018-08-07,AUD,8Y,6M BBSW,2.742405697232452
2018-08-03,AUD,8Y,6M BBSW,2.764006142860478
2018-08-02,AUD,8Y,6M BBSW,2.796870125812832
2018-08-01,AUD,8Y,6M BBSW,2.769829426395027
2018-07-31,AUD,8Y,6M BBSW,2.755082060905438
2018-07-30,AUD,8Y,6M BBSW,2.716198840310239
2018-07-27,AUD,8Y,6M BBSW,2.713566269742592
2018-07-26,AUD,8Y,6M BBSW,2.772731815593429
2018-07-25,AUD,8Y,6M BBSW,2.765675915564526
2018-07-24,AUD,8Y,6M BBSW,2.794902860951913
2018-07-23,AUD,8Y,6M BBSW,2.756118049384644
2018-07-20,AUD,8Y,6M BBSW,2.757396549140025
2018-07-19,AUD,8Y,6M BBSW,2.751574644944033
2018-07-18,AUD,8Y,6M BBSW,2.740729178659127
2018-07-17,AUD,8Y,6M BBSW,2.736119525778054
2018-07-16,AUD,8Y,6M BBSW,2.721220175858698
2018-07-13,AUD,8Y,6M BBSW,2.708701424745842
2018-07-12,AUD,8Y,6M BBSW,2.719085321350953
2018-07-11,AUD,8Y,6M BBSW,2.718243835328789
2018-07-10,AUD,8Y,6M BBSW,2.737420154539767
2018-07-09,AUD,8Y,6M BBSW,2.707420670826949
2018-07-06,AUD,8Y,6M BBSW,2.717401656995296
2018-07-05,AUD,8Y,6M BBSW,2.696593128881886
2018-07-04,AUD,8Y,6M BBSW,2.687062654564681
2018-07-03,AUD,8Y,6M BBSW,2.68990853970881
2018-07-02,AUD,8Y,6M BBSW,2.709892485089279
2018-06-29,AUD,8Y,6M BBSW,2.716164948900997
2018-06-28,AUD,8Y,6M BBSW,2.712846740916047
2018-06-27,AUD,8Y,6M BBSW,2.72570710051372
2018-06-26,AUD,8Y,6M BBSW,2.71856494640023
2018-06-25,AUD,8Y,6M BBSW,2.718458126065917
2018-06-22,AUD,8Y,6M BBSW,2.732393207511694
2018-06-21,AUD,8Y,6M BBSW,2.764054411325706
2018-06-20,AUD,8Y,6M BBSW,2.733257956320351
2018-06-19,AUD,8Y,6M BBSW,2.722419998464343
2018-06-18,AUD,8Y,6M BBSW,2.754912254554914
2018-06-15,AUD,8Y,6M BBSW,2.781313794740935
2018-06-14,AUD,8Y,6M BBSW,2.811646973648729
2018-06-13,AUD,8Y,6M BBSW,2.851857710846864
2018-06-12,AUD,8Y,6M BBSW,2.864864980431704
2018-06-08,AUD,8Y,6M BBSW,2.863360226059385
2018-06-07,AUD,8Y,6M BBSW,2.884311768281924
2018-06-06,AUD,8Y,6M BBSW,2.818537178899092
2018-06-05,AUD,8Y,6M BBSW,2.81931397366349
2018-06-04,AUD,8Y,6M BBSW,2.797408905498395
2025-11-13,AUD,9Y,6M BBSW,4.4599
2025-11-12,AUD,9Y,6M BBSW,4.355900000002332
2025-11-11,AUD,9Y,6M BBSW,4.325800000003152
2025-11-10,AUD,9Y,6M BBSW,4.332597449711692
2025-11-07,AUD,9Y,6M BBSW,4.283199999998769
2025-11-06,AUD,9Y,6M BBSW,4.282299999997432
2025-11-05,AUD,9Y,6M BBSW,4.315800000002043
2025-11-04,AUD,9Y,6M BBSW,4.292000000001857
2025-11-03,AUD,9Y,6M BBSW,4.31179737566513
2025-10-31,AUD,9Y,6M BBSW,4.279499999999622
2025-10-30,AUD,9Y,6M BBSW,4.265099999998334
2025-10-29,AUD,9Y,6M BBSW,4.289600000001516
2025-10-28,AUD,9Y,6M BBSW,4.142900000004521
2025-10-27,AUD,9Y,6M BBSW,4.140500000003679
2025-10-24,AUD,9Y,6M BBSW,4.096000000001784
2025-10-23,AUD,9Y,6M BBSW,4.112600000005758
2025-10-22,AUD,9Y,6M BBSW,4.06360000000526
2025-10-21,AUD,9Y,6M BBSW,4.084600000005261
2025-10-20,AUD,9Y,6M BBSW,4.051600000005944
2025-10-17,AUD,9Y,6M BBSW,4.068099999998482
2025-10-16,AUD,9Y,6M BBSW,4.048900000000718
2025-10-15,AUD,9Y,6M BBSW,4.147768171056089
2025-10-14,AUD,9Y,6M BBSW,4.169382903718906
2025-10-13,AUD,9Y,6M BBSW,4.181200000008493
2025-10-10,AUD,9Y,6M BBSW,4.23149999999788
2025-10-09,AUD,9Y,6M BBSW,4.254099999994989
2025-10-08,AUD,9Y,6M BBSW,4.206199999997843
2025-10-07,AUD,9Y,6M BBSW,4.224089742114931
2025-10-03,AUD,9Y,6M BBSW,4.199763388369959
2025-10-02,AUD,9Y,6M BBSW,4.199682942580131
2025-10-01,AUD,9Y,6M BBSW,4.220468624788266
2025-09-30,AUD,9Y,6M BBSW,4.239676446483393
2025-09-29,AUD,9Y,6M BBSW,4.193971025669196
2025-09-26,AUD,9Y,6M BBSW,4.232279049961972
2025-09-25,AUD,9Y,6M BBSW,4.246331994628992
2025-09-24,AUD,9Y,6M BBSW,4.206083569588938
2025-09-23,AUD,9Y,6M BBSW,4.113578980773743
2025-09-22,AUD,9Y,6M BBSW,4.14343662886661
2025-09-19,AUD,9Y,6M BBSW,4.114302513717318
2025-09-18,AUD,9Y,6M BBSW,4.102549816569558
2025-09-17,AUD,9Y,6M BBSW,4.101913251084094
2025-09-16,AUD,9Y,6M BBSW,4.078095525877817
2025-09-15,AUD,9Y,6M BBSW,4.088586202113452
2025-09-12,AUD,9Y,6M BBSW,4.096804258999867
2025-09-11,AUD,9Y,6M BBSW,4.057055824978738
2025-09-10,AUD,9Y,6M BBSW,4.081719206043859
2025-09-09,AUD,9Y,6M BBSW,4.135069632742708
2025-09-08,AUD,9Y,6M BBSW,4.08254084266683
2025-09-05,AUD,9Y,6M BBSW,4.127303503236415
2025-09-04,AUD,9Y,6M BBSW,4.152643842206946
2025-09-03,AUD,9Y,6M BBSW,4.18519078185506
2025-09-02,AUD,9Y,6M BBSW,4.174153840383491
2025-09-01,AUD,9Y,6M BBSW,4.161133690192026
2025-08-29,AUD,9Y,6M BBSW,4.102005190473303
2025-08-28,AUD,9Y,6M BBSW,4.088471521667724
2025-08-27,AUD,9Y,6M BBSW,4.118065680106217
2025-08-26,AUD,9Y,6M BBSW,4.125633868555177
2025-08-25,AUD,9Y,6M BBSW,4.117637875831097
2025-08-22,AUD,9Y,6M BBSW,4.121202245448552
2025-08-21,AUD,9Y,6M BBSW,4.130650861636255
2025-08-20,AUD,9Y,6M BBSW,4.093505442635657
2025-08-19,AUD,9Y,6M BBSW,4.1375274173743
2025-08-18,AUD,9Y,6M BBSW,4.127437308159887
2025-08-15,AUD,9Y,6M BBSW,4.069189857983882
2025-08-14,AUD,9Y,6M BBSW,4.070683722856739
2025-08-13,AUD,9Y,6M BBSW,4.028723506170237
2025-08-12,AUD,9Y,6M BBSW,4.077356971419134
2025-08-11,AUD,9Y,6M BBSW,4.091441281777991
2025-08-08,AUD,9Y,6M BBSW,4.094104699887237
2025-08-07,AUD,9Y,6M BBSW,4.085308990798751
2025-08-06,AUD,9Y,6M BBSW,4.058243646841339
2025-08-05,AUD,9Y,6M BBSW,4.066064550597494
2025-08-01,AUD,9Y,6M BBSW,4.058910470073974
2025-07-31,AUD,9Y,6M BBSW,4.129298880244832
2025-07-30,AUD,9Y,6M BBSW,4.118043136098708
2025-07-29,AUD,9Y,6M BBSW,4.13482735779995
2025-07-28,AUD,9Y,6M BBSW,4.171305996222952
2025-07-25,AUD,9Y,6M BBSW,4.16861911502121
2025-07-24,AUD,9Y,6M BBSW,4.175392949512754
2025-07-23,AUD,9Y,6M BBSW,4.14329102645636
2025-07-22,AUD,9Y,6M BBSW,4.110040850717521
2025-07-21,AUD,9Y,6M BBSW,4.125937317658387
2025-07-18,AUD,9Y,6M BBSW,4.162698815535991
2025-07-17,AUD,9Y,6M BBSW,4.140248727232213
2025-07-16,AUD,9Y,6M BBSW,4.201074523062453
2025-07-15,AUD,9Y,6M BBSW,4.2441516205352
2025-07-14,AUD,9Y,6M BBSW,4.178700384528637
2025-07-11,AUD,9Y,6M BBSW,4.177097484882141
2025-07-10,AUD,9Y,6M BBSW,4.142148373888189
2025-07-09,AUD,9Y,6M BBSW,4.111299760017857
2025-07-08,AUD,9Y,6M BBSW,4.135826965649652
2025-07-07,AUD,9Y,6M BBSW,4.055843573457621
2025-07-04,AUD,9Y,6M BBSW,4.025611946806196
2025-07-03,AUD,9Y,6M BBSW,4.046513143485346
2025-07-02,AUD,9Y,6M BBSW,4.023552894613693
2025-07-01,AUD,9Y,6M BBSW,3.978648100548055
2025-06-30,AUD,9Y,6M BBSW,3.991578322271357
2025-06-27,AUD,9Y,6M BBSW,3.99355735328477
2025-06-26,AUD,9Y,6M BBSW,3.964617961589273
2025-06-25,AUD,9Y,6M BBSW,3.974442650266119
2025-06-24,AUD,9Y,6M BBSW,3.9905452571491
2025-06-23,AUD,9Y,6M BBSW,4.038988857281054
2025-06-20,AUD,9Y,6M BBSW,4.039290925962838
2025-06-19,AUD,9Y,6M BBSW,4.039287521930203
2025-06-18,AUD,9Y,6M BBSW,4.078978777489247
2025-06-17,AUD,9Y,6M BBSW,4.060710390212635
2025-06-16,AUD,9Y,6M BBSW,4.07633754256842
2025-06-13,AUD,9Y,6M BBSW,4.087815065870341
2025-06-12,AUD,9Y,6M BBSW,4.000290022691257
2025-06-11,AUD,9Y,6M BBSW,4.06978501288232
2025-06-10,AUD,9Y,6M BBSW,4.114576037033085
2025-06-06,AUD,9Y,6M BBSW,4.163956517448505
2025-06-05,AUD,9Y,6M BBSW,4.094781389023069
2025-06-04,AUD,9Y,6M BBSW,4.033192901336773
2025-06-03,AUD,9Y,6M BBSW,4.072606709064615
2025-06-02,AUD,9Y,6M BBSW,4.117332497494411
2025-05-30,AUD,9Y,6M BBSW,4.069477773909894
2025-05-29,AUD,9Y,6M BBSW,4.111607783610286
2025-05-28,AUD,9Y,6M BBSW,4.185379043644868
2025-05-27,AUD,9Y,6M BBSW,4.076657865801333
2025-05-26,AUD,9Y,6M BBSW,4.132337111286533
2025-05-23,AUD,9Y,6M BBSW,4.173997465536404
2025-05-22,AUD,9Y,6M BBSW,4.206142177987815
2025-05-21,AUD,9Y,6M BBSW,4.299648480137884
2025-05-20,AUD,9Y,6M BBSW,4.189202488653826
2025-05-19,AUD,9Y,6M BBSW,4.26412905475603
2025-05-16,AUD,9Y,6M BBSW,4.284485746941757
2025-05-15,AUD,9Y,6M BBSW,4.254889948706139
2025-05-14,AUD,9Y,6M BBSW,4.333597846016227
2025-05-13,AUD,9Y,6M BBSW,4.262062221346287
2025-05-12,AUD,9Y,6M BBSW,4.217932009174115
2025-05-09,AUD,9Y,6M BBSW,4.08800563873635
2025-05-08,AUD,9Y,6M BBSW,4.087956533948627
2025-05-07,AUD,9Y,6M BBSW,4.023026472776456
2025-05-06,AUD,9Y,6M BBSW,4.105543588417128
2025-05-05,AUD,9Y,6M BBSW,4.092440887227321
2025-05-02,AUD,9Y,6M BBSW,4.078207483809361
2025-05-01,AUD,9Y,6M BBSW,4.022164450162364
2025-04-30,AUD,9Y,6M BBSW,3.986102230450814
2025-04-29,AUD,9Y,6M BBSW,3.998329819108688
2025-04-28,AUD,9Y,6M BBSW,4.003842677222373
2025-04-24,AUD,9Y,6M BBSW,4.059761937111714
2025-04-23,AUD,9Y,6M BBSW,4.114942240746961
2025-04-22,AUD,9Y,6M BBSW,4.066781901557119
2025-04-17,AUD,9Y,6M BBSW,4.075235711416894
2025-04-16,AUD,9Y,6M BBSW,4.104721256800191
2025-04-15,AUD,9Y,6M BBSW,4.168639446235344
2025-04-14,AUD,9Y,6M BBSW,4.188792254340188
2025-04-11,AUD,9Y,6M BBSW,4.300451823886762
2025-04-10,AUD,9Y,6M BBSW,4.205331807628029
2025-04-09,AUD,9Y,6M BBSW,4.124135761506777
2025-04-08,AUD,9Y,6M BBSW,4.082180960253965
2025-04-07,AUD,9Y,6M BBSW,4.14965565805608
2025-04-04,AUD,9Y,6M BBSW,4.004253791034426
2025-03-28,AUD,9Y,6M BBSW,4.268329055408906
2025-03-27,AUD,9Y,6M BBSW,4.316769753133312
2025-03-26,AUD,9Y,6M BBSW,4.326811785633887
2025-03-25,AUD,9Y,6M BBSW,4.311230774292758
2025-03-24,AUD,9Y,6M BBSW,4.286329803493818
2025-03-21,AUD,9Y,6M BBSW,4.267186855215957
2025-03-20,AUD,9Y,6M BBSW,4.27303429463439
2025-03-19,AUD,9Y,6M BBSW,4.272447589419451
2025-03-18,AUD,9Y,6M BBSW,4.300836570998202
2025-03-17,AUD,9Y,6M BBSW,4.288430070006945
2025-03-14,AUD,9Y,6M BBSW,4.307848282734921
2025-03-13,AUD,9Y,6M BBSW,4.276533292340308
2025-03-12,AUD,9Y,6M BBSW,4.328432380419072
2025-03-11,AUD,9Y,6M BBSW,4.319728540913141
2025-03-10,AUD,9Y,6M BBSW,4.269731109699163
2025-03-07,AUD,9Y,6M BBSW,4.320281293422071
2025-03-06,AUD,9Y,6M BBSW,4.343924556331416
2025-03-05,AUD,9Y,6M BBSW,4.373618697471924
2025-03-04,AUD,9Y,6M BBSW,4.28434401019452
2025-03-03,AUD,9Y,6M BBSW,4.202237787769539
2025-02-28,AUD,9Y,6M BBSW,4.24757510587243
2025-02-27,AUD,9Y,6M BBSW,4.263391125077
2025-02-26,AUD,9Y,6M BBSW,4.281334153345169
2025-02-25,AUD,9Y,6M BBSW,4.310833022862159
2025-02-24,AUD,9Y,6M BBSW,4.363993364036697
2025-02-21,AUD,9Y,6M BBSW,4.425213312802797
2025-02-20,AUD,9Y,6M BBSW,4.472492994958448
2025-02-19,AUD,9Y,6M BBSW,4.465780321858927
2025-02-18,AUD,9Y,6M BBSW,4.480657466589373
2025-02-17,AUD,9Y,6M BBSW,4.394991030057081
2025-02-14,AUD,9Y,6M BBSW,4.366662236424506
2025-02-13,AUD,9Y,6M BBSW,4.371402621773175
2025-02-12,AUD,9Y,6M BBSW,4.475077572373574
2025-02-11,AUD,9Y,6M BBSW,4.393696560177493
2025-02-10,AUD,9Y,6M BBSW,4.320197702191246
2025-02-07,AUD,9Y,6M BBSW,4.341594631069408
2025-02-06,AUD,9Y,6M BBSW,4.278151365298161
2025-02-05,AUD,9Y,6M BBSW,4.242460646595922
2025-02-04,AUD,9Y,6M BBSW,4.360595069106638
2025-02-03,AUD,9Y,6M BBSW,4.361180598277144
2025-01-31,AUD,9Y,6M BBSW,4.32591729699415
2025-01-30,AUD,9Y,6M BBSW,4.310968161906002
2025-01-29,AUD,9Y,6M BBSW,4.325721535271732
2025-01-28,AUD,9Y,6M BBSW,4.368378104823796
2025-01-24,AUD,9Y,6M BBSW,4.409659203027457
2025-01-23,AUD,9Y,6M BBSW,4.433798338858666
2025-01-22,AUD,9Y,6M BBSW,4.44028733620849
2025-01-21,AUD,9Y,6M BBSW,4.407489368505489
2025-01-20,AUD,9Y,6M BBSW,4.407590428927592
2025-01-17,AUD,9Y,6M BBSW,4.464808591476813
2025-01-16,AUD,9Y,6M BBSW,4.448096992450829
2025-01-15,AUD,9Y,6M BBSW,4.466447536157032
2025-01-14,AUD,9Y,6M BBSW,4.5862886697724
2025-01-13,AUD,9Y,6M BBSW,4.551399283733555
2025-01-10,AUD,9Y,6M BBSW,4.510504942161747
2025-01-09,AUD,9Y,6M BBSW,4.430998839757212
2025-01-08,AUD,9Y,6M BBSW,4.47447838942993
2025-01-07,AUD,9Y,6M BBSW,4.476358686076938
2025-01-06,AUD,9Y,6M BBSW,4.389819596578534
2025-01-03,AUD,9Y,6M BBSW,4.344069917489493
2025-01-02,AUD,9Y,6M BBSW,4.33437273404331
2024-12-31,AUD,9Y,6M BBSW,4.298118872418406
2024-12-30,AUD,9Y,6M BBSW,4.322188918737627
2024-12-27,AUD,9Y,6M BBSW,4.350430816951545
2024-12-24,AUD,9Y,6M BBSW,4.379758620136301
2024-12-23,AUD,9Y,6M BBSW,4.379160398001166
2024-12-20,AUD,9Y,6M BBSW,4.382145379053718
2024-12-19,AUD,9Y,6M BBSW,4.413743903404741
2024-12-18,AUD,9Y,6M BBSW,4.320328354621357
2024-12-17,AUD,9Y,6M BBSW,4.254452976766957
2024-12-16,AUD,9Y,6M BBSW,4.286428595654634
2024-12-13,AUD,9Y,6M BBSW,4.315775123167496
2024-12-12,AUD,9Y,6M BBSW,4.294252281012793
2024-12-11,AUD,9Y,6M BBSW,4.190884969673468
2024-12-10,AUD,9Y,6M BBSW,4.172311416326896
2024-12-09,AUD,9Y,6M BBSW,4.250850325359328
2024-12-06,AUD,9Y,6M BBSW,4.23223848378196
2024-12-05,AUD,9Y,6M BBSW,4.265264288332728
2024-12-04,AUD,9Y,6M BBSW,4.221956879018244
2024-12-03,AUD,9Y,6M BBSW,4.333314194825544
2024-12-02,AUD,9Y,6M BBSW,4.288029637678545
2024-11-29,AUD,9Y,6M BBSW,4.316896318768518
2024-11-28,AUD,9Y,6M BBSW,4.372606343164554
2024-11-27,AUD,9Y,6M BBSW,4.392800539211599
2024-11-26,AUD,9Y,6M BBSW,4.42127868703563
2024-11-25,AUD,9Y,6M BBSW,4.412919828846533
2024-11-22,AUD,9Y,6M BBSW,4.492305433599367
2024-11-21,AUD,9Y,6M BBSW,4.526091599228001
2024-11-20,AUD,9Y,6M BBSW,4.52466236587433
2024-11-19,AUD,9Y,6M BBSW,4.507641576272678
2024-11-18,AUD,9Y,6M BBSW,4.506809607266488
2024-11-15,AUD,9Y,6M BBSW,4.550462869573421
2024-11-14,AUD,9Y,6M BBSW,4.583767956704027
2024-11-13,AUD,9Y,6M BBSW,4.617134644136441
2024-11-12,AUD,9Y,6M BBSW,4.60889561756667
2024-11-11,AUD,9Y,6M BBSW,4.547004409460882
2024-11-08,AUD,9Y,6M BBSW,4.497205086893112
2024-11-07,AUD,9Y,6M BBSW,4.543990285079381
2024-11-06,AUD,9Y,6M BBSW,4.595841998347646
2024-11-05,AUD,9Y,6M BBSW,4.526431842704883
2024-11-04,AUD,9Y,6M BBSW,4.506207993134523
2024-11-01,AUD,9Y,6M BBSW,4.545099582908134
2024-10-31,AUD,9Y,6M BBSW,4.534646279805401
2024-10-30,AUD,9Y,6M BBSW,4.524736328750801
2024-10-29,AUD,9Y,6M BBSW,4.45575930709681
2024-10-28,AUD,9Y,6M BBSW,4.445515258348043
2024-10-24,AUD,9Y,6M BBSW,4.418718536286383
2024-10-23,AUD,9Y,6M BBSW,4.487653364436429
2024-10-22,AUD,9Y,6M BBSW,4.453435523695829
2024-10-21,AUD,9Y,6M BBSW,4.395983376812752
2024-10-17,AUD,9Y,6M BBSW,4.33529894092991
2024-10-16,AUD,9Y,6M BBSW,4.218392495151637
2024-10-15,AUD,9Y,6M BBSW,4.245336311577624
2024-10-14,AUD,9Y,6M BBSW,4.28530508408969
2024-10-11,AUD,9Y,6M BBSW,4.265654170536627
2024-10-10,AUD,9Y,6M BBSW,4.245966724403161
2024-10-09,AUD,9Y,6M BBSW,4.257247059730784
2024-10-08,AUD,9Y,6M BBSW,4.218371754232955
2024-10-04,AUD,9Y,6M BBSW,4.186017413954551
2024-10-03,AUD,9Y,6M BBSW,4.096785001557518
2024-10-02,AUD,9Y,6M BBSW,4.043986297706772
2024-10-01,AUD,9Y,6M BBSW,3.999584657327977
2024-09-30,AUD,9Y,6M BBSW,4.025272932272967
2024-09-27,AUD,9Y,6M BBSW,3.972526742079464
2024-09-26,AUD,9Y,6M BBSW,3.996954491735897
2024-09-25,AUD,9Y,6M BBSW,3.971026594618904
2024-09-24,AUD,9Y,6M BBSW,3.932706152964877
2024-09-23,AUD,9Y,6M BBSW,4.002448333047048
2024-09-20,AUD,9Y,6M BBSW,3.982871948418572
2024-09-19,AUD,9Y,6M BBSW,3.962141989263385
2024-09-18,AUD,9Y,6M BBSW,3.939035339800671
2024-09-17,AUD,9Y,6M BBSW,3.8863261654485
2024-09-16,AUD,9Y,6M BBSW,3.840064022523839
2024-09-13,AUD,9Y,6M BBSW,3.873684527754508
2024-09-12,AUD,9Y,6M BBSW,3.882848422997789
2024-09-11,AUD,9Y,6M BBSW,3.921639768294317
2024-09-10,AUD,9Y,6M BBSW,3.928506100189329
2024-09-09,AUD,9Y,6M BBSW,3.979246757676518
2024-09-06,AUD,9Y,6M BBSW,3.976971423833783
2024-09-05,AUD,9Y,6M BBSW,4.004138807588296
2024-09-04,AUD,9Y,6M BBSW,3.972125441394826
2024-09-03,AUD,9Y,6M BBSW,4.022663051344827
2024-09-02,AUD,9Y,6M BBSW,4.109831636757145
2024-08-30,AUD,9Y,6M BBSW,4.069219173744755
2024-08-29,AUD,9Y,6M BBSW,4.043823098094022
2024-08-27,AUD,9Y,6M BBSW,3.980731211248254
2024-08-26,AUD,9Y,6M BBSW,3.963974166743596
2024-08-23,AUD,9Y,6M BBSW,3.978088762366373
2024-08-22,AUD,9Y,6M BBSW,4.013885898039529
2024-08-21,AUD,9Y,6M BBSW,3.970886579597237
2024-08-20,AUD,9Y,6M BBSW,3.979663509809785
2024-08-19,AUD,9Y,6M BBSW,4.028328288606938
2024-08-16,AUD,9Y,6M BBSW,4.022683814217245
2024-08-15,AUD,9Y,6M BBSW,4.058911092983805
2024-08-14,AUD,9Y,6M BBSW,3.970566683061309
2024-08-13,AUD,9Y,6M BBSW,4.019544135418208
2024-08-12,AUD,9Y,6M BBSW,4.078223458723203
2024-08-09,AUD,9Y,6M BBSW,4.105174755459247
2024-08-08,AUD,9Y,6M BBSW,4.172271682140068
2024-08-07,AUD,9Y,6M BBSW,4.156801190609489
2024-08-06,AUD,9Y,6M BBSW,4.135834808031428
2024-08-02,AUD,9Y,6M BBSW,4.006169549268273
2024-08-01,AUD,9Y,6M BBSW,4.082184563097006
2024-07-31,AUD,9Y,6M BBSW,4.129935010223612
2024-07-30,AUD,9Y,6M BBSW,4.339629673557917
2024-07-29,AUD,9Y,6M BBSW,4.365502261918699
2024-07-26,AUD,9Y,6M BBSW,4.338933534772672
2024-07-24,AUD,9Y,6M BBSW,4.415788248866733
2024-07-23,AUD,9Y,6M BBSW,4.427247964978834
2024-07-22,AUD,9Y,6M BBSW,4.410497716667046
2024-07-19,AUD,9Y,6M BBSW,4.410138727515573
2024-07-18,AUD,9Y,6M BBSW,4.352149251546098
2024-07-17,AUD,9Y,6M BBSW,4.313075364850793
2024-07-16,AUD,9Y,6M BBSW,4.316698958852312
2024-07-15,AUD,9Y,6M BBSW,4.405548578882884
2024-07-12,AUD,9Y,6M BBSW,4.416737804683336
2024-07-11,AUD,9Y,6M BBSW,4.461639076832993
2024-07-10,AUD,9Y,6M BBSW,4.478621153788538
2024-07-09,AUD,9Y,6M BBSW,4.490316087065266
2024-07-08,AUD,9Y,6M BBSW,4.476293434970721
2024-07-05,AUD,9Y,6M BBSW,4.49002814692912
2024-07-04,AUD,9Y,6M BBSW,4.550419513244881
2024-07-03,AUD,9Y,6M BBSW,4.53524448791401
2024-07-02,AUD,9Y,6M BBSW,4.545232182232025
2024-07-01,AUD,9Y,6M BBSW,4.57355853959328
2024-06-28,AUD,9Y,6M BBSW,4.540864009008995
2024-06-27,AUD,9Y,6M BBSW,4.473189089111789
2024-06-26,AUD,9Y,6M BBSW,4.543472361602627
2024-06-24,AUD,9Y,6M BBSW,4.348227798113973
2024-06-21,AUD,9Y,6M BBSW,4.349906629640995
2024-06-20,AUD,9Y,6M BBSW,4.364148295188086
2024-06-19,AUD,9Y,6M BBSW,4.322598354690651
2024-06-18,AUD,9Y,6M BBSW,4.303403896402286
2024-06-17,AUD,9Y,6M BBSW,4.303786688175681
2024-06-14,AUD,9Y,6M BBSW,4.25565878325316
2024-06-13,AUD,9Y,6M BBSW,4.300525242774735
2024-06-12,AUD,9Y,6M BBSW,4.354212991715649
2024-06-11,AUD,9Y,6M BBSW,4.436379370776663
2024-06-07,AUD,9Y,6M BBSW,4.446282754035361
2024-06-06,AUD,9Y,6M BBSW,4.371120414550313
2024-06-05,AUD,9Y,6M BBSW,4.356488497924544
2024-06-04,AUD,9Y,6M BBSW,4.350782965051386
2024-06-03,AUD,9Y,6M BBSW,4.437678869159699
2024-05-31,AUD,9Y,6M BBSW,4.530810568375909
2024-05-30,AUD,9Y,6M BBSW,4.532649858193438
2024-05-29,AUD,9Y,6M BBSW,4.582974542735016
2024-05-28,AUD,9Y,6M BBSW,4.48112320487872
2024-05-27,AUD,9Y,6M BBSW,4.411897995525601
2024-05-24,AUD,9Y,6M BBSW,4.444033566860943
2024-05-23,AUD,9Y,6M BBSW,4.436132308558598
2024-05-22,AUD,9Y,6M BBSW,4.42334002965444
2024-05-21,AUD,9Y,6M BBSW,4.388768599007554
2024-05-20,AUD,9Y,6M BBSW,4.408197699675537
2024-05-17,AUD,9Y,6M BBSW,4.407038656633435
2024-05-16,AUD,9Y,6M BBSW,4.383344163914147
2024-05-15,AUD,9Y,6M BBSW,4.395721092226733
2024-05-14,AUD,9Y,6M BBSW,4.499716986071897
2024-05-13,AUD,9Y,6M BBSW,4.509088043072063
2024-05-10,AUD,9Y,6M BBSW,4.545021827380062
2024-05-09,AUD,9Y,6M BBSW,4.534423753267279
2024-05-08,AUD,9Y,6M BBSW,4.520910660625684
2024-05-07,AUD,9Y,6M BBSW,4.433047889365124
2024-05-06,AUD,9Y,6M BBSW,4.565983608871513
2024-05-03,AUD,9Y,6M BBSW,4.563619961539604
2024-05-02,AUD,9Y,6M BBSW,4.60731558400493
2024-05-01,AUD,9Y,6M BBSW,4.671163175066711
2024-04-30,AUD,9Y,6M BBSW,4.664782178844751
2024-04-29,AUD,9Y,6M BBSW,4.655068867182584
2024-04-26,AUD,9Y,6M BBSW,4.683637256899257
2024-04-24,AUD,9Y,6M BBSW,4.625169035072239
2024-04-23,AUD,9Y,6M BBSW,4.454630672992932
2024-04-22,AUD,9Y,6M BBSW,4.465646898606264
2024-04-19,AUD,9Y,6M BBSW,4.490016015647906
2024-04-18,AUD,9Y,6M BBSW,4.511384478418917
2024-04-17,AUD,9Y,6M BBSW,4.514791615891446
2024-04-16,AUD,9Y,6M BBSW,4.553135654925206
2024-04-15,AUD,9Y,6M BBSW,4.485408744408001
2024-04-12,AUD,9Y,6M BBSW,4.393154940445725
2024-04-11,AUD,9Y,6M BBSW,4.475119640148559
2024-04-10,AUD,9Y,6M BBSW,4.402276656167069
2024-04-09,AUD,9Y,6M BBSW,4.267625261059616
2024-04-08,AUD,9Y,6M BBSW,4.353382856166822
2024-04-04,AUD,9Y,6M BBSW,4.275502429888558
2024-04-03,AUD,9Y,6M BBSW,4.297520903401522
2024-04-02,AUD,9Y,6M BBSW,4.293403624031029
2024-03-28,AUD,9Y,6M BBSW,4.179205864394822
2024-03-27,AUD,9Y,6M BBSW,4.17607073363893
2024-03-26,AUD,9Y,6M BBSW,4.238530705862805
2024-03-25,AUD,9Y,6M BBSW,4.233810089929058
2024-03-22,AUD,9Y,6M BBSW,4.218761572047386
2024-03-21,AUD,9Y,6M BBSW,4.267652485538173
2024-03-20,AUD,9Y,6M BBSW,4.229805704314611
2024-03-19,AUD,9Y,6M BBSW,4.278823174002815
2024-03-18,AUD,9Y,6M BBSW,4.328302330787359
2024-03-15,AUD,9Y,6M BBSW,4.347105939656288
2024-03-14,AUD,9Y,6M BBSW,4.329206866552689
2024-03-13,AUD,9Y,6M BBSW,4.25859541145214
2024-03-12,AUD,9Y,6M BBSW,4.216550448292189
2024-03-11,AUD,9Y,6M BBSW,4.169116999382863
2024-03-08,AUD,9Y,6M BBSW,4.197164346253087
2024-03-07,AUD,9Y,6M BBSW,4.223657464693536
2024-03-06,AUD,9Y,6M BBSW,4.206411410734498
2024-03-05,AUD,9Y,6M BBSW,4.248136794825316
2024-03-04,AUD,9Y,6M BBSW,4.338601354050424
2024-03-01,AUD,9Y,6M BBSW,4.324748930220637
2024-02-29,AUD,9Y,6M BBSW,4.343126356767373
2024-02-28,AUD,9Y,6M BBSW,4.350499887716816
2024-02-27,AUD,9Y,6M BBSW,4.403273116442985
2024-02-26,AUD,9Y,6M BBSW,4.374372234925822
2024-02-23,AUD,9Y,6M BBSW,4.368746919484528
2024-02-22,AUD,9Y,6M BBSW,4.384916736998759
2024-02-21,AUD,9Y,6M BBSW,4.415344528591215
2024-02-20,AUD,9Y,6M BBSW,4.389789955813583
2024-02-19,AUD,9Y,6M BBSW,4.408557538712554
2024-02-16,AUD,9Y,6M BBSW,4.428739977033957
2024-02-15,AUD,9Y,6M BBSW,4.391324369808249
2024-02-14,AUD,9Y,6M BBSW,4.428686612225909
2024-02-13,AUD,9Y,6M BBSW,4.48946296636327
2024-02-12,AUD,9Y,6M BBSW,4.388666815405494
2024-02-09,AUD,9Y,6M BBSW,4.370847004016161
2024-02-08,AUD,9Y,6M BBSW,4.346122938794015
2024-02-07,AUD,9Y,6M BBSW,4.325825856058064
2024-02-06,AUD,9Y,6M BBSW,4.302355353325615
2024-02-05,AUD,9Y,6M BBSW,4.334885542739801
2024-02-02,AUD,9Y,6M BBSW,4.273425767606829
2024-02-01,AUD,9Y,6M BBSW,4.179068144463194
2024-01-31,AUD,9Y,6M BBSW,4.19015482624808
2024-01-30,AUD,9Y,6M BBSW,4.324290416196448
2024-01-29,AUD,9Y,6M BBSW,4.35848130850685
2024-01-25,AUD,9Y,6M BBSW,4.411302493603776
2024-01-24,AUD,9Y,6M BBSW,4.468682521280555
2024-01-23,AUD,9Y,6M BBSW,4.432978601461439
2024-01-22,AUD,9Y,6M BBSW,4.402559865422337
2024-01-19,AUD,9Y,6M BBSW,4.481633814828786
2024-01-18,AUD,9Y,6M BBSW,4.504501525999191
2024-01-17,AUD,9Y,6M BBSW,4.47573726948765
2024-01-16,AUD,9Y,6M BBSW,4.39828754559272
2024-01-15,AUD,9Y,6M BBSW,4.357186620768613
2024-01-12,AUD,9Y,6M BBSW,4.305255900035794
2024-01-11,AUD,9Y,6M BBSW,4.287030932355209
2024-01-10,AUD,9Y,6M BBSW,4.356051738297573
2024-01-09,AUD,9Y,6M BBSW,4.276118296826644
2024-01-08,AUD,9Y,6M BBSW,4.32019750650163
2024-01-05,AUD,9Y,6M BBSW,4.389945101010312
2024-01-04,AUD,9Y,6M BBSW,4.314026451401988
2024-01-03,AUD,9Y,6M BBSW,4.216680865048877
2024-01-02,AUD,9Y,6M BBSW,4.21774669593729
2023-12-29,AUD,9Y,6M BBSW,4.142602138428549
2023-12-28,AUD,9Y,6M BBSW,4.123734184086087
2023-12-27,AUD,9Y,6M BBSW,4.11232758344907
2023-12-22,AUD,9Y,6M BBSW,4.213536902034604
2023-12-21,AUD,9Y,6M BBSW,4.22181359121529
2023-12-20,AUD,9Y,6M BBSW,4.225567620906705
2023-12-19,AUD,9Y,6M BBSW,4.279534913714374
2023-12-18,AUD,9Y,6M BBSW,4.282369682704769
2023-12-15,AUD,9Y,6M BBSW,4.28762631386866
2023-12-14,AUD,9Y,6M BBSW,4.348988988666472
2023-12-13,AUD,9Y,6M BBSW,4.332198538500701
2023-12-12,AUD,9Y,6M BBSW,4.52607146000958
2023-12-11,AUD,9Y,6M BBSW,4.550790562727323
2023-12-07,AUD,9Y,6M BBSW,4.521779764918038
2023-12-06,AUD,9Y,6M BBSW,4.465810278492363
2023-12-05,AUD,9Y,6M BBSW,4.530663406624484
2023-12-04,AUD,9Y,6M BBSW,4.668103036425188
2023-12-01,AUD,9Y,6M BBSW,4.670079587562143
2023-11-30,AUD,9Y,6M BBSW,4.720662007899447
2023-11-29,AUD,9Y,6M BBSW,4.625302552565883
2023-11-28,AUD,9Y,6M BBSW,4.707107652620782
2023-11-27,AUD,9Y,6M BBSW,4.759993828945478
2023-11-24,AUD,9Y,6M BBSW,4.803792134869296
2023-11-23,AUD,9Y,6M BBSW,4.794759107549808
2023-11-22,AUD,9Y,6M BBSW,4.759204480894429
2023-11-21,AUD,9Y,6M BBSW,4.708408807640079
2023-11-20,AUD,9Y,6M BBSW,4.747001100434791
2023-11-17,AUD,9Y,6M BBSW,4.745899602601981
2023-11-16,AUD,9Y,6M BBSW,4.732968505486619
2023-11-15,AUD,9Y,6M BBSW,4.854713547335694
2023-11-14,AUD,9Y,6M BBSW,4.815688260422394
2023-11-13,AUD,9Y,6M BBSW,4.930517361952639
2023-11-10,AUD,9Y,6M BBSW,4.87348297811022
2023-11-09,AUD,9Y,6M BBSW,4.888945130360255
2023-11-08,AUD,9Y,6M BBSW,4.767904354280932
2023-11-07,AUD,9Y,6M BBSW,4.840676427518127
2023-11-06,AUD,9Y,6M BBSW,5.004086792382373
2023-11-03,AUD,9Y,6M BBSW,4.92887649281196
2023-11-02,AUD,9Y,6M BBSW,4.994430208154161
2023-11-01,AUD,9Y,6M BBSW,5.066163819724869
2023-10-31,AUD,9Y,6M BBSW,5.238720028711468
2023-10-30,AUD,9Y,6M BBSW,5.202173371014201
2023-10-26,AUD,9Y,6M BBSW,5.060380810477037
2023-10-25,AUD,9Y,6M BBSW,5.047898787623123
2023-10-24,AUD,9Y,6M BBSW,4.943942109542082
2023-10-23,AUD,9Y,6M BBSW,4.951787837980596
2023-10-20,AUD,9Y,6M BBSW,4.962470149507081
2023-10-19,AUD,9Y,6M BBSW,5.012205432408353
2023-10-18,AUD,9Y,6M BBSW,5.00801292754956
2023-10-17,AUD,9Y,6M BBSW,4.905815184647526
2023-10-16,AUD,9Y,6M BBSW,4.73894298206663
2023-10-12,AUD,9Y,6M BBSW,4.71720548557029
2023-10-11,AUD,9Y,6M BBSW,4.608100117631719
2023-10-10,AUD,9Y,6M BBSW,4.713211748434718
2023-10-09,AUD,9Y,6M BBSW,4.698897473738648
2023-10-05,AUD,9Y,6M BBSW,4.831312671348346
2023-10-04,AUD,9Y,6M BBSW,4.815849059837445
2023-10-03,AUD,9Y,6M BBSW,4.827292241697989
2023-09-29,AUD,9Y,6M BBSW,4.70314376589947
2023-09-28,AUD,9Y,6M BBSW,4.693408159031273
2023-09-27,AUD,9Y,6M BBSW,4.673250491564638
2023-09-26,AUD,9Y,6M BBSW,4.639773637918813
2023-09-25,AUD,9Y,6M BBSW,4.639649674234039
2023-09-22,AUD,9Y,6M BBSW,4.567519777269223
2023-09-21,AUD,9Y,6M BBSW,4.589885873483899
2023-09-20,AUD,9Y,6M BBSW,4.545830840519394
2023-09-19,AUD,9Y,6M BBSW,4.500259646876501
2023-09-18,AUD,9Y,6M BBSW,4.476424396770728
2023-09-15,AUD,9Y,6M BBSW,4.435387317343417
2023-09-14,AUD,9Y,6M BBSW,4.402891392835248
2023-09-13,AUD,9Y,6M BBSW,4.419945222733629
2023-09-12,AUD,9Y,6M BBSW,4.460470909275946
2023-09-11,AUD,9Y,6M BBSW,4.459733933119066
2023-09-08,AUD,9Y,6M BBSW,4.422837790502969
2023-09-07,AUD,9Y,6M BBSW,4.416614705769723
2023-09-06,AUD,9Y,6M BBSW,4.440643292581312
2023-09-05,AUD,9Y,6M BBSW,4.454773752527279
2023-09-04,AUD,9Y,6M BBSW,4.44014181891563
2023-09-01,AUD,9Y,6M BBSW,4.361145572263446
2023-08-31,AUD,9Y,6M BBSW,4.328802190790801
2023-08-30,AUD,9Y,6M BBSW,4.375554353117207
2023-08-28,AUD,9Y,6M BBSW,4.448145504033107
2023-08-25,AUD,9Y,6M BBSW,4.45864787856289
2023-08-24,AUD,9Y,6M BBSW,4.464667881883008
2023-08-23,AUD,9Y,6M BBSW,4.423644385742867
2023-08-22,AUD,9Y,6M BBSW,4.541703422831311
2023-08-21,AUD,9Y,6M BBSW,4.611009940042942
2023-08-18,AUD,9Y,6M BBSW,4.549213176432154
2023-08-17,AUD,9Y,6M BBSW,4.593750655764023
2023-08-16,AUD,9Y,6M BBSW,4.543230861455962
2023-08-15,AUD,9Y,6M BBSW,4.556462211623431
2023-08-14,AUD,9Y,6M BBSW,4.563100552762656
2023-08-11,AUD,9Y,6M BBSW,4.487017331625037
2023-08-10,AUD,9Y,6M BBSW,4.417073989696011
2023-08-09,AUD,9Y,6M BBSW,4.382350386989005
2023-08-08,AUD,9Y,6M BBSW,4.338269153884927
2023-08-04,AUD,9Y,6M BBSW,4.376181795249652
2023-08-03,AUD,9Y,6M BBSW,4.490913498610031
2023-08-02,AUD,9Y,6M BBSW,4.409937278596389
2023-08-01,AUD,9Y,6M BBSW,4.373606907140379
2023-07-31,AUD,9Y,6M BBSW,4.40784451378678
2023-07-28,AUD,9Y,6M BBSW,4.372899525072577
2023-07-27,AUD,9Y,6M BBSW,4.461377591280348
2023-07-25,AUD,9Y,6M BBSW,4.493999553643375
2023-07-24,AUD,9Y,6M BBSW,4.443226455667365
2023-07-21,AUD,9Y,6M BBSW,4.444703996883868
2023-07-20,AUD,9Y,6M BBSW,4.449569460588387
2023-07-19,AUD,9Y,6M BBSW,4.346054694432673
2023-07-18,AUD,9Y,6M BBSW,4.358157423047456
2023-07-17,AUD,9Y,6M BBSW,4.390907049145164
2023-07-14,AUD,9Y,6M BBSW,4.417806754755911
2023-07-13,AUD,9Y,6M BBSW,4.386177483121077
2023-07-12,AUD,9Y,6M BBSW,4.45114309628072
2023-07-11,AUD,9Y,6M BBSW,4.572786678064559
2023-07-10,AUD,9Y,6M BBSW,4.628287839202936
2023-07-07,AUD,9Y,6M BBSW,4.71330216784227
2023-07-06,AUD,9Y,6M BBSW,4.625144860402923
2023-07-05,AUD,9Y,6M BBSW,4.476240574008148
2023-07-04,AUD,9Y,6M BBSW,4.388844892971421
2023-07-03,AUD,9Y,6M BBSW,4.38817652888574
2023-06-30,AUD,9Y,6M BBSW,4.403795163345599
2023-06-29,AUD,9Y,6M BBSW,4.359896958647859
2023-06-28,AUD,9Y,6M BBSW,4.239861801594577
2023-06-27,AUD,9Y,6M BBSW,4.324913292321051
2023-06-26,AUD,9Y,6M BBSW,4.309823235406149
2023-06-22,AUD,9Y,6M BBSW,4.422106349716375
2023-06-21,AUD,9Y,6M BBSW,4.36911767528145
2023-06-20,AUD,9Y,6M BBSW,4.390777519438836
2023-06-19,AUD,9Y,6M BBSW,4.451924922613201
2023-06-15,AUD,9Y,6M BBSW,4.390332848283261
2023-06-14,AUD,9Y,6M BBSW,4.371015187196316
2023-06-13,AUD,9Y,6M BBSW,4.399845701568628
2023-06-09,AUD,9Y,6M BBSW,4.349798353790896
2023-06-08,AUD,9Y,6M BBSW,4.355274931190596
2023-06-07,AUD,9Y,6M BBSW,4.373113538570879
2023-06-06,AUD,9Y,6M BBSW,4.229704890121915
2023-06-05,AUD,9Y,6M BBSW,4.182562275780693
2023-06-01,AUD,9Y,6M BBSW,4.060852872434608
2023-05-31,AUD,9Y,6M BBSW,4.047734992393888
2023-05-30,AUD,9Y,6M BBSW,4.059115213483868
2023-05-29,AUD,9Y,6M BBSW,4.070414617849297
2023-05-26,AUD,9Y,6M BBSW,4.136243144206778
2023-05-25,AUD,9Y,6M BBSW,4.168907558754034
2023-05-24,AUD,9Y,6M BBSW,4.12317729280606
2023-05-23,AUD,9Y,6M BBSW,4.118939230739062
2023-05-22,AUD,9Y,6M BBSW,4.063180686848007
2023-05-19,AUD,9Y,6M BBSW,4.073647192394887
2023-05-18,AUD,9Y,6M BBSW,4.069520412108663
2023-05-17,AUD,9Y,6M BBSW,3.959095283580359
2023-05-16,AUD,9Y,6M BBSW,3.918704708203595
2023-05-15,AUD,9Y,6M BBSW,3.935900908385111
2023-05-12,AUD,9Y,6M BBSW,3.856162199174702
2023-05-11,AUD,9Y,6M BBSW,3.804655261840812
2023-05-10,AUD,9Y,6M BBSW,3.880004057926365
2023-05-09,AUD,9Y,6M BBSW,3.950295442263587
2023-05-08,AUD,9Y,6M BBSW,3.958434541804024
2023-05-05,AUD,9Y,6M BBSW,3.884961050863671
2023-05-04,AUD,9Y,6M BBSW,3.79035838099728
2023-05-03,AUD,9Y,6M BBSW,3.845907549212419
2023-05-02,AUD,9Y,6M BBSW,3.887711213664332
2023-05-01,AUD,9Y,6M BBSW,3.909257753701735
2023-04-28,AUD,9Y,6M BBSW,3.759007388242132
2023-04-27,AUD,9Y,6M BBSW,3.894371653505337
2023-04-26,AUD,9Y,6M BBSW,3.843965271610007
2023-04-24,AUD,9Y,6M BBSW,3.932383084181883
2023-04-21,AUD,9Y,6M BBSW,3.965340000235595
2023-04-20,AUD,9Y,6M BBSW,3.979416538212385
2023-04-19,AUD,9Y,6M BBSW,4.005524711629689
2023-04-18,AUD,9Y,6M BBSW,4.033098813033828
2023-04-17,AUD,9Y,6M BBSW,3.949153239517829
2023-04-14,AUD,9Y,6M BBSW,3.904197343297063
2023-04-13,AUD,9Y,6M BBSW,3.832058532011111
2023-04-12,AUD,9Y,6M BBSW,3.773753822257636
2023-04-11,AUD,9Y,6M BBSW,3.725400698128386
2023-04-06,AUD,9Y,6M BBSW,3.647704993549398
2023-04-05,AUD,9Y,6M BBSW,3.697964025117821
2023-04-04,AUD,9Y,6M BBSW,3.720984496052647
2023-04-03,AUD,9Y,6M BBSW,3.781826014935149
2023-03-31,AUD,9Y,6M BBSW,3.799744454318194
2023-03-30,AUD,9Y,6M BBSW,3.878642359932952
2023-03-29,AUD,9Y,6M BBSW,3.905475238061324
2023-03-28,AUD,9Y,6M BBSW,3.926579798631072
2023-03-27,AUD,9Y,6M BBSW,3.878763411861636
2023-03-24,AUD,9Y,6M BBSW,3.814868145532409
2023-03-23,AUD,9Y,6M BBSW,3.842656754334932
2023-03-22,AUD,9Y,6M BBSW,3.861104705253236
2023-03-21,AUD,9Y,6M BBSW,3.916502700322167
2023-03-20,AUD,9Y,6M BBSW,3.865378794491167
2023-03-17,AUD,9Y,6M BBSW,3.922862297263505
2023-03-16,AUD,9Y,6M BBSW,4.046332862434821
2023-03-15,AUD,9Y,6M BBSW,3.944911428332401
2023-03-14,AUD,9Y,6M BBSW,4.141761659733796
2023-03-13,AUD,9Y,6M BBSW,3.936738575402289
2023-03-10,AUD,9Y,6M BBSW,4.042652239850782
2023-03-09,AUD,9Y,6M BBSW,4.165510701140827
2023-03-08,AUD,9Y,6M BBSW,4.215368311107836
2023-03-07,AUD,9Y,6M BBSW,4.239098779005437
2023-03-06,AUD,9Y,6M BBSW,4.31215287525656
2023-03-03,AUD,9Y,6M BBSW,4.391925750109333
2023-03-02,AUD,9Y,6M BBSW,4.474464915228792
2023-03-01,AUD,9Y,6M BBSW,4.391647377803084
2023-02-28,AUD,9Y,6M BBSW,4.453239506047758
2023-02-27,AUD,9Y,6M BBSW,4.387543837122175
2023-02-24,AUD,9Y,6M BBSW,4.417276424303119
2023-02-23,AUD,9Y,6M BBSW,4.444643573790579
2023-02-22,AUD,9Y,6M BBSW,4.417669823005955
2023-02-21,AUD,9Y,6M BBSW,4.332690679742219
2023-02-20,AUD,9Y,6M BBSW,4.319453786855989
2023-02-17,AUD,9Y,6M BBSW,4.291794198147912
2023-02-16,AUD,9Y,6M BBSW,4.257966613214258
2023-02-15,AUD,9Y,6M BBSW,4.267544084752868
2023-02-14,AUD,9Y,6M BBSW,4.266937319375552
2023-02-13,AUD,9Y,6M BBSW,4.289656606386671
2023-02-10,AUD,9Y,6M BBSW,4.281796440846821
2023-02-09,AUD,9Y,6M BBSW,4.156807852672596
2023-02-08,AUD,9Y,6M BBSW,4.123560454921862
2023-02-07,AUD,9Y,6M BBSW,4.120945474734965
2023-02-06,AUD,9Y,6M BBSW,3.971806501577914
2023-02-03,AUD,9Y,6M BBSW,3.999019707090989
2023-02-02,AUD,9Y,6M BBSW,4.020792666528307
2023-02-01,AUD,9Y,6M BBSW,4.093816908705849
2023-01-31,AUD,9Y,6M BBSW,4.073231277775735
2023-01-30,AUD,9Y,6M BBSW,4.085950380272943
2023-01-27,AUD,9Y,6M BBSW,4.093750839431701
2023-01-25,AUD,9Y,6M BBSW,4.035597994405536
2023-01-24,AUD,9Y,6M BBSW,3.969739659191181
2023-01-23,AUD,9Y,6M BBSW,3.970674974304417
2023-01-20,AUD,9Y,6M BBSW,3.980540293602655
2023-01-19,AUD,9Y,6M BBSW,3.858905944456649
2023-01-18,AUD,9Y,6M BBSW,4.044384175722648
2023-01-17,AUD,9Y,6M BBSW,4.100502781170237
2023-01-16,AUD,9Y,6M BBSW,4.103966801059672
2023-01-13,AUD,9Y,6M BBSW,4.115821026358052
2023-01-12,AUD,9Y,6M BBSW,4.096782202457621
2023-01-11,AUD,9Y,6M BBSW,4.223027680449374
2023-01-10,AUD,9Y,6M BBSW,4.251629224630095
2023-01-09,AUD,9Y,6M BBSW,4.270856628087143
2023-01-06,AUD,9Y,6M BBSW,4.240303346233699
2023-01-05,AUD,9Y,6M BBSW,4.33875533744332
2023-01-04,AUD,9Y,6M BBSW,4.380780133786402
2023-01-03,AUD,9Y,6M BBSW,4.475496539046474
2022-12-30,AUD,9Y,6M BBSW,4.511189073960994
2022-12-29,AUD,9Y,6M BBSW,4.492888051288597
2022-12-28,AUD,9Y,6M BBSW,4.522920332123546
2022-12-23,AUD,9Y,6M BBSW,4.330623985443527
2022-12-22,AUD,9Y,6M BBSW,4.306928185582475
2022-12-21,AUD,9Y,6M BBSW,4.215187185860107
2022-12-20,AUD,9Y,6M BBSW,4.275688229767498
2022-12-19,AUD,9Y,6M BBSW,4.107364886531522
2022-12-16,AUD,9Y,6M BBSW,4.06207160995645
2022-12-15,AUD,9Y,6M BBSW,4.041768117538147
2022-12-14,AUD,9Y,6M BBSW,3.946117489929883
2022-12-13,AUD,9Y,6M BBSW,3.9898006452769
2022-12-12,AUD,9Y,6M BBSW,3.965300524021007
2022-12-09,AUD,9Y,6M BBSW,3.945471311761838
2022-12-08,AUD,9Y,6M BBSW,3.944054754062539
2022-12-07,AUD,9Y,6M BBSW,3.925109965704298
2022-12-06,AUD,9Y,6M BBSW,3.955016930230154
2022-12-05,AUD,9Y,6M BBSW,3.925077211189709
2022-12-02,AUD,9Y,6M BBSW,3.898990725108316
2022-12-01,AUD,9Y,6M BBSW,4.036660349072367
2022-11-30,AUD,9Y,6M BBSW,4.089063835773351
2022-11-29,AUD,9Y,6M BBSW,4.155190206714129
2022-11-28,AUD,9Y,6M BBSW,4.104469966715246
2022-11-25,AUD,9Y,6M BBSW,4.183007601203875
2022-11-24,AUD,9Y,6M BBSW,4.150776496020836
2022-11-23,AUD,9Y,6M BBSW,4.157046856567098
2022-11-22,AUD,9Y,6M BBSW,4.156274900677224
2022-11-21,AUD,9Y,6M BBSW,4.167763837256482
2022-11-18,AUD,9Y,6M BBSW,4.202605869981226
2022-11-17,AUD,9Y,6M BBSW,4.193471204438556
2022-11-16,AUD,9Y,6M BBSW,4.303705275285005
2022-11-15,AUD,9Y,6M BBSW,4.370364013823668
2022-11-14,AUD,9Y,6M BBSW,4.453743320391775
2022-11-11,AUD,9Y,6M BBSW,4.359685228818163
2022-11-10,AUD,9Y,6M BBSW,4.414744078324088
2022-11-09,AUD,9Y,6M BBSW,4.537430037897114
2022-11-08,AUD,9Y,6M BBSW,4.691227372455153
2022-11-07,AUD,9Y,6M BBSW,4.579834815468678
2022-11-04,AUD,9Y,6M BBSW,4.585852889977407
2022-11-03,AUD,9Y,6M BBSW,4.654717154537463
2022-11-02,AUD,9Y,6M BBSW,4.573619697091794
2022-11-01,AUD,9Y,6M BBSW,4.49761577344577
2022-10-31,AUD,9Y,6M BBSW,4.445218576011253
2022-10-28,AUD,9Y,6M BBSW,4.456026818488608
2022-10-27,AUD,9Y,6M BBSW,4.525902956912809
2022-10-26,AUD,9Y,6M BBSW,4.618551151019434
2022-10-25,AUD,9Y,6M BBSW,4.750800706677857
2022-10-24,AUD,9Y,6M BBSW,4.846009010806279
2022-10-21,AUD,9Y,6M BBSW,4.842112987805401
2022-10-20,AUD,9Y,6M BBSW,4.670817563091928
2022-10-19,AUD,9Y,6M BBSW,4.534729160092328
2022-10-18,AUD,9Y,6M BBSW,4.509946108778945
2022-10-17,AUD,9Y,6M BBSW,4.595997156799616
2022-10-14,AUD,9Y,6M BBSW,4.58751833478103
2022-10-13,AUD,9Y,6M BBSW,4.528472359090777
2022-10-12,AUD,9Y,6M BBSW,4.487364158485605
2022-10-11,AUD,9Y,6M BBSW,4.51746097219168
2022-10-10,AUD,9Y,6M BBSW,4.403618488302809
2022-10-07,AUD,9Y,6M BBSW,4.405872702053952
2022-10-06,AUD,9Y,6M BBSW,4.279749025235481
2022-10-05,AUD,9Y,6M BBSW,4.121340310569442
2022-10-04,AUD,9Y,6M BBSW,4.149094881291544
2022-09-30,AUD,9Y,6M BBSW,4.427681590109521
2022-09-29,AUD,9Y,6M BBSW,4.389832047453446
2022-09-28,AUD,9Y,6M BBSW,4.586077385464283
2022-09-27,AUD,9Y,6M BBSW,4.513863589595403
2022-09-26,AUD,9Y,6M BBSW,4.393528510206514
2022-09-23,AUD,9Y,6M BBSW,4.364681569153286
2022-09-21,AUD,9Y,6M BBSW,4.14744761359713
2022-09-20,AUD,9Y,6M BBSW,4.046522095424011
2022-09-19,AUD,9Y,6M BBSW,4.101169426853063
2022-09-16,AUD,9Y,6M BBSW,4.125917375793097
2022-09-15,AUD,9Y,6M BBSW,4.087225433964009
2022-09-14,AUD,9Y,6M BBSW,4.107990572383321
2022-09-13,AUD,9Y,6M BBSW,4.016840926778056
2022-09-12,AUD,9Y,6M BBSW,3.999874987766398
2022-09-09,AUD,9Y,6M BBSW,3.974738586462419
2022-09-08,AUD,9Y,6M BBSW,4.007287037041215
2022-09-07,AUD,9Y,6M BBSW,4.16874183658885
2022-09-06,AUD,9Y,6M BBSW,4.042826518912773
2022-09-05,AUD,9Y,6M BBSW,4.079870555570313
2022-09-02,AUD,9Y,6M BBSW,4.059726383133584
2022-09-01,AUD,9Y,6M BBSW,4.150974057216553
2022-08-31,AUD,9Y,6M BBSW,4.05223055128098
2022-08-30,AUD,9Y,6M BBSW,4.096092517627607
2022-08-29,AUD,9Y,6M BBSW,4.168678056505687
2022-08-26,AUD,9Y,6M BBSW,4.042298484760871
2022-08-25,AUD,9Y,6M BBSW,4.175993661591639
2022-08-24,AUD,9Y,6M BBSW,4.07622292253403
2022-08-23,AUD,9Y,6M BBSW,4.083961787153436
2022-08-22,AUD,9Y,6M BBSW,3.971011200194388
2022-08-19,AUD,9Y,6M BBSW,3.869817346704894
2022-08-18,AUD,9Y,6M BBSW,3.737334615934876
2022-08-17,AUD,9Y,6M BBSW,3.658857745811766
2022-08-16,AUD,9Y,6M BBSW,3.632987111015556
2022-08-15,AUD,9Y,6M BBSW,3.790156960346748
2022-08-12,AUD,9Y,6M BBSW,3.796027188942486
2022-08-11,AUD,9Y,6M BBSW,3.741034471262026
2022-08-10,AUD,9Y,6M BBSW,3.646360932914324
2022-08-09,AUD,9Y,6M BBSW,3.589207073562032
2022-08-08,AUD,9Y,6M BBSW,3.593645206261449
2022-08-05,AUD,9Y,6M BBSW,3.632239271391877
2022-08-04,AUD,9Y,6M BBSW,3.553855059530177
2022-08-03,AUD,9Y,6M BBSW,3.452958041457876
2022-08-02,AUD,9Y,6M BBSW,3.425947037023813
2022-07-29,AUD,9Y,6M BBSW,3.453652672985578
2022-07-28,AUD,9Y,6M BBSW,3.588526191163406
2022-07-27,AUD,9Y,6M BBSW,3.690091127043359
2022-07-26,AUD,9Y,6M BBSW,3.792624118559243
2022-07-25,AUD,9Y,6M BBSW,3.782266035628156
2022-07-22,AUD,9Y,6M BBSW,3.739833191779853
2022-07-21,AUD,9Y,6M BBSW,3.996015116755387
2022-07-20,AUD,9Y,6M BBSW,4.021242309527483
2022-07-19,AUD,9Y,6M BBSW,3.981511930760217
2022-07-18,AUD,9Y,6M BBSW,3.894815551894266
2022-07-15,AUD,9Y,6M BBSW,3.903963048011814
2022-07-14,AUD,9Y,6M BBSW,3.89615980067101
2022-07-13,AUD,9Y,6M BBSW,3.892586284509424
2022-07-12,AUD,9Y,6M BBSW,3.912849278624576
2022-07-11,AUD,9Y,6M BBSW,4.077295363273476
2022-07-08,AUD,9Y,6M BBSW,4.008605141042842
2022-07-07,AUD,9Y,6M BBSW,3.924819357852637
2022-07-06,AUD,9Y,6M BBSW,3.85759816437823
2022-07-05,AUD,9Y,6M BBSW,4.045283492449718
2022-07-04,AUD,9Y,6M BBSW,3.911012675755347
2022-07-01,AUD,9Y,6M BBSW,3.923248011889599
2022-06-30,AUD,9Y,6M BBSW,4.186461678467335
2022-06-29,AUD,9Y,6M BBSW,4.233862876029076
2022-06-28,AUD,9Y,6M BBSW,4.172631496248219
2022-06-27,AUD,9Y,6M BBSW,4.178520561077216
2022-06-24,AUD,9Y,6M BBSW,4.145816836665461
2022-06-23,AUD,9Y,6M BBSW,4.249650394082578
2022-06-22,AUD,9Y,6M BBSW,4.383655814980821
2022-06-21,AUD,9Y,6M BBSW,4.481224139449178
2022-06-20,AUD,9Y,6M BBSW,4.461006492435968
2022-06-17,AUD,9Y,6M BBSW,4.553520867095627
2022-06-16,AUD,9Y,6M BBSW,4.568424906725943
2022-06-15,AUD,9Y,6M BBSW,4.513603583047045
2022-06-14,AUD,9Y,6M BBSW,4.311704166717057
2022-06-10,AUD,9Y,6M BBSW,4.117641525678401
2022-06-09,AUD,9Y,6M BBSW,3.945694789238352
2022-06-08,AUD,9Y,6M BBSW,3.929001678485999
2022-06-07,AUD,9Y,6M BBSW,3.914272347947404
2022-06-06,AUD,9Y,6M BBSW,3.84482813960703
2022-06-03,AUD,9Y,6M BBSW,3.847303310724608
2022-06-02,AUD,9Y,6M BBSW,3.842300436701445
2022-06-01,AUD,9Y,6M BBSW,3.727657720747181
2022-05-31,AUD,9Y,6M BBSW,3.664893758127683
2022-05-30,AUD,9Y,6M BBSW,3.517578835737305
2022-05-27,AUD,9Y,6M BBSW,3.518650849971713
2022-05-26,AUD,9Y,6M BBSW,3.502356509264327
2022-05-25,AUD,9Y,6M BBSW,3.508904793666372
2022-05-24,AUD,9Y,6M BBSW,3.588012193913644
2022-05-23,AUD,9Y,6M BBSW,3.557343225665476
2022-05-20,AUD,9Y,6M BBSW,3.511053048119525
2022-05-19,AUD,9Y,6M BBSW,3.69484008476405
2022-05-18,AUD,9Y,6M BBSW,3.718836866138481
2022-05-17,AUD,9Y,6M BBSW,3.691660677336351
2022-05-16,AUD,9Y,6M BBSW,3.619836868772468
2022-05-13,AUD,9Y,6M BBSW,3.661039799171991
2022-05-12,AUD,9Y,6M BBSW,3.749835441205347
2022-05-11,AUD,9Y,6M BBSW,3.791312573866354
2022-05-10,AUD,9Y,6M BBSW,3.814200289545594
2022-05-09,AUD,9Y,6M BBSW,3.83231813795133
2022-05-06,AUD,9Y,6M BBSW,3.868615203915241
2022-05-05,AUD,9Y,6M BBSW,3.709838947280403
2022-05-04,AUD,9Y,6M BBSW,3.803803064733017
2022-05-03,AUD,9Y,6M BBSW,3.599204330008694
2022-05-02,AUD,9Y,6M BBSW,3.579838733001095
2022-04-29,AUD,9Y,6M BBSW,3.592454556756363
2022-04-28,AUD,9Y,6M BBSW,3.454833853239998
2022-04-27,AUD,9Y,6M BBSW,3.416451503468286
2022-04-26,AUD,9Y,6M BBSW,3.400588233776839
2022-04-22,AUD,9Y,6M BBSW,3.424828339374323
2022-04-21,AUD,9Y,6M BBSW,3.319807976160316
2022-04-20,AUD,9Y,6M BBSW,3.321446689528684
2022-04-19,AUD,9Y,6M BBSW,3.259285370431248
2022-04-14,AUD,9Y,6M BBSW,3.19288864957451
2022-04-13,AUD,9Y,6M BBSW,3.254356186816004
2022-04-12,AUD,9Y,6M BBSW,3.287292656709836
2022-04-11,AUD,9Y,6M BBSW,3.247699589924204
2022-04-08,AUD,9Y,6M BBSW,3.249843984656733
2022-04-07,AUD,9Y,6M BBSW,3.175954386917304
2022-04-06,AUD,9Y,6M BBSW,3.228939280732499
2022-04-05,AUD,9Y,6M BBSW,3.046890261077786
2022-04-04,AUD,9Y,6M BBSW,3.101037735451939
2022-04-01,AUD,9Y,6M BBSW,3.122290206576189
2022-03-31,AUD,9Y,6M BBSW,3.036364509682062
2022-03-30,AUD,9Y,6M BBSW,3.083092430668326
2022-03-29,AUD,9Y,6M BBSW,3.180761360110472
2022-03-28,AUD,9Y,6M BBSW,3.128656134023461
2022-03-25,AUD,9Y,6M BBSW,3.122387239933718
2022-03-24,AUD,9Y,6M BBSW,2.987396904230096
2022-03-23,AUD,9Y,6M BBSW,3.004058859488059
2022-03-22,AUD,9Y,6M BBSW,2.932039333507379
2022-03-21,AUD,9Y,6M BBSW,2.778697862608538
2022-03-18,AUD,9Y,6M BBSW,2.746115978758522
2022-03-17,AUD,9Y,6M BBSW,2.741112768484213
2022-03-16,AUD,9Y,6M BBSW,2.721653716499486
2022-03-15,AUD,9Y,6M BBSW,2.77214071954844
2022-03-14,AUD,9Y,6M BBSW,2.682013055850163
2022-03-11,AUD,9Y,6M BBSW,2.630920257816669
2022-03-10,AUD,9Y,6M BBSW,2.625918757823814
2022-03-09,AUD,9Y,6M BBSW,2.612188102649085
2022-03-08,AUD,9Y,6M BBSW,2.518567650217937
2022-03-07,AUD,9Y,6M BBSW,2.39742322399155
2022-03-04,AUD,9Y,6M BBSW,2.364937212546791
2022-03-03,AUD,9Y,6M BBSW,2.411231971958901
2022-03-02,AUD,9Y,6M BBSW,2.334277483892586
2022-03-01,AUD,9Y,6M BBSW,2.428618798273253
2022-02-28,AUD,9Y,6M BBSW,2.408806616304739
2022-02-25,AUD,9Y,6M BBSW,2.487422983813657
2022-02-24,AUD,9Y,6M BBSW,2.411202758033729
2022-02-23,AUD,9Y,6M BBSW,2.478068511442988
2022-02-22,AUD,9Y,6M BBSW,2.442316411064117
2022-02-21,AUD,9Y,6M BBSW,2.453742523468064
2022-02-18,AUD,9Y,6M BBSW,2.429926699157157
2022-02-17,AUD,9Y,6M BBSW,2.453699857798527
2022-02-16,AUD,9Y,6M BBSW,2.490465187924087
2022-02-15,AUD,9Y,6M BBSW,2.473430091277601
2022-02-14,AUD,9Y,6M BBSW,2.403805026876339
2022-02-11,AUD,9Y,6M BBSW,2.47742401399915
2022-02-10,AUD,9Y,6M BBSW,2.339908332487131
2022-02-09,AUD,9Y,6M BBSW,2.356803450463691
2022-02-08,AUD,9Y,6M BBSW,2.362459660741535
2022-02-07,AUD,9Y,6M BBSW,2.239936233899554
2022-02-04,AUD,9Y,6M BBSW,2.256102063859673
2022-02-03,AUD,9Y,6M BBSW,2.122393465499953
2022-02-02,AUD,9Y,6M BBSW,2.149339911001352
2022-02-01,AUD,9Y,6M BBSW,2.116272591074487
2022-01-31,AUD,9Y,6M BBSW,2.141237320227875
2022-01-28,AUD,9Y,6M BBSW,2.16243524963102
2022-01-27,AUD,9Y,6M BBSW,2.236789278504578
2022-01-25,AUD,9Y,6M BBSW,2.161859019135757
2022-01-24,AUD,9Y,6M BBSW,2.144947750652472
2022-01-21,AUD,9Y,6M BBSW,2.09994602525545
2022-01-20,AUD,9Y,6M BBSW,2.183620032404739
2022-01-19,AUD,9Y,6M BBSW,2.181854648978009
2022-01-18,AUD,9Y,6M BBSW,2.151275069570097
2022-01-17,AUD,9Y,6M BBSW,2.119956238724861
2022-01-14,AUD,9Y,6M BBSW,2.089979955189623
2022-01-13,AUD,9Y,6M BBSW,2.073727773755314
2022-01-12,AUD,9Y,6M BBSW,2.060590386386857
2022-01-11,AUD,9Y,6M BBSW,2.105000945494812
2022-01-10,AUD,9Y,6M BBSW,2.136154906944229
2022-01-07,AUD,9Y,6M BBSW,2.107446537795131
2022-01-06,AUD,9Y,6M BBSW,2.082427665403749
2022-01-05,AUD,9Y,6M BBSW,2.015603590281307
2022-01-04,AUD,9Y,6M BBSW,1.975070500360986
2021-12-31,AUD,9Y,6M BBSW,1.945061411048553
2021-12-30,AUD,9Y,6M BBSW,1.932538212490375
2021-12-29,AUD,9Y,6M BBSW,1.849475232079019
2021-12-24,AUD,9Y,6M BBSW,1.867422423191527
2021-12-23,AUD,9Y,6M BBSW,1.894920483336051
2021-12-22,AUD,9Y,6M BBSW,1.8994246677939
2021-12-21,AUD,9Y,6M BBSW,1.908903838514973
2021-12-20,AUD,9Y,6M BBSW,1.859963447550776
2021-12-17,AUD,9Y,6M BBSW,1.887451502043821
2021-12-16,AUD,9Y,6M BBSW,1.849947681608015
2021-12-15,AUD,9Y,6M BBSW,1.833336870692185
2021-12-14,AUD,9Y,6M BBSW,1.836291840053728
2021-12-13,AUD,9Y,6M BBSW,1.87095394750558
2021-12-10,AUD,9Y,6M BBSW,1.892921891750524
2021-12-09,AUD,9Y,6M BBSW,1.916718180888745
2021-12-08,AUD,9Y,6M BBSW,1.9193924059136
2021-12-07,AUD,9Y,6M BBSW,1.900096482193925
2021-12-06,AUD,9Y,6M BBSW,1.909955111573425
2021-12-03,AUD,9Y,6M BBSW,1.841152384405098
2021-12-02,AUD,9Y,6M BBSW,1.997438461827
2021-12-01,AUD,9Y,6M BBSW,2.026886549889753
2021-11-30,AUD,9Y,6M BBSW,2.00557300809124
2021-11-29,AUD,9Y,6M BBSW,2.028782229566729
2021-11-26,AUD,9Y,6M BBSW,1.912454627252957
2021-11-25,AUD,9Y,6M BBSW,2.102424131413852
2021-11-24,AUD,9Y,6M BBSW,2.115574871554874
2021-11-23,AUD,9Y,6M BBSW,2.174964252277176
2021-11-22,AUD,9Y,6M BBSW,2.086158017573071
2021-11-19,AUD,9Y,6M BBSW,2.039948189935846
2021-11-18,AUD,9Y,6M BBSW,2.049928064367331
2021-11-17,AUD,9Y,6M BBSW,2.084384061698142
2021-11-16,AUD,9Y,6M BBSW,2.063823988284298
2021-11-15,AUD,9Y,6M BBSW,2.001226889410353
2021-11-12,AUD,9Y,6M BBSW,2.018650148749977
2021-11-11,AUD,9Y,6M BBSW,2.038629874028537
2021-11-10,AUD,9Y,6M BBSW,1.934427726889851
2021-11-09,AUD,9Y,6M BBSW,1.966378961802262
2021-11-08,AUD,9Y,6M BBSW,1.938762297844025
2021-11-05,AUD,9Y,6M BBSW,1.97495211739632
2021-11-04,AUD,9Y,6M BBSW,2.001131248796716
2021-11-03,AUD,9Y,6M BBSW,1.963219920705382
2021-11-02,AUD,9Y,6M BBSW,2.101306652868805
2021-11-01,AUD,9Y,6M BBSW,2.087456413850315
2021-10-29,AUD,9Y,6M BBSW,2.052483373142284
2021-10-28,AUD,9Y,6M BBSW,2.024936674239785
2021-10-27,AUD,9Y,6M BBSW,1.956909187098276
2021-10-26,AUD,9Y,6M BBSW,1.865135858914746
2021-10-25,AUD,9Y,6M BBSW,1.832414451422028
2021-10-22,AUD,9Y,6M BBSW,1.831250932841989
2021-10-21,AUD,9Y,6M BBSW,1.868731829559882
2021-10-20,AUD,9Y,6M BBSW,1.859427399934634
2021-10-19,AUD,9Y,6M BBSW,1.801440432960765
2021-10-18,AUD,9Y,6M BBSW,1.787440446465542
2021-10-15,AUD,9Y,6M BBSW,1.716235081101666
2021-10-14,AUD,9Y,6M BBSW,1.655003746815539
2021-10-13,AUD,9Y,6M BBSW,1.70568677760434
2021-10-12,AUD,9Y,6M BBSW,1.745206142164396
2021-10-11,AUD,9Y,6M BBSW,1.727465774268909
2021-10-08,AUD,9Y,6M BBSW,1.693763466242565
2021-10-07,AUD,9Y,6M BBSW,1.602002331040027
2021-10-06,AUD,9Y,6M BBSW,1.610255474463407
2021-10-05,AUD,9Y,6M BBSW,1.576142310868893
2021-10-01,AUD,9Y,6M BBSW,1.568749546072066
2021-09-30,AUD,9Y,6M BBSW,1.546230096967091
2021-09-29,AUD,9Y,6M BBSW,1.552054661299959
2021-09-28,AUD,9Y,6M BBSW,1.534114858837663
2021-09-27,AUD,9Y,6M BBSW,1.472471442874258
2021-09-24,AUD,9Y,6M BBSW,1.453775001057842
2021-09-23,AUD,9Y,6M BBSW,1.32996997548085
2021-09-22,AUD,9Y,6M BBSW,1.358396792492518
2021-09-21,AUD,9Y,6M BBSW,1.355417964798477
2021-09-20,AUD,9Y,6M BBSW,1.374979001889174
2021-09-17,AUD,9Y,6M BBSW,1.389977397064037
2021-09-16,AUD,9Y,6M BBSW,1.346169190533368
2021-09-15,AUD,9Y,6M BBSW,1.302499533381241
2021-09-14,AUD,9Y,6M BBSW,1.356152460648949
2021-09-13,AUD,9Y,6M BBSW,1.32498058354892
2021-09-10,AUD,9Y,6M BBSW,1.331979287203249
2021-09-09,AUD,9Y,6M BBSW,1.331969609708737
2021-09-08,AUD,9Y,6M BBSW,1.342102014892346
2021-09-07,AUD,9Y,6M BBSW,1.323035450483681
2021-09-06,AUD,9Y,6M BBSW,1.312480899713815
2021-09-03,AUD,9Y,6M BBSW,1.309979773101374
2021-09-02,AUD,9Y,6M BBSW,1.274972212652677
2021-09-01,AUD,9Y,6M BBSW,1.310811037508699
2021-08-31,AUD,9Y,6M BBSW,1.230365505924882
2021-08-30,AUD,9Y,6M BBSW,1.248803621135665
2021-08-27,AUD,9Y,6M BBSW,1.23619196841835
2021-08-26,AUD,9Y,6M BBSW,1.228776400535436
2021-08-25,AUD,9Y,6M BBSW,1.22083758247506
2021-08-24,AUD,9Y,6M BBSW,1.193102996426956
2021-08-23,AUD,9Y,6M BBSW,1.15878441950169
2021-08-20,AUD,9Y,6M BBSW,1.126185805285871
2021-08-19,AUD,9Y,6M BBSW,1.162478053335097
2021-08-18,AUD,9Y,6M BBSW,1.190846481114056
2021-08-17,AUD,9Y,6M BBSW,1.194302175064343
2021-08-16,AUD,9Y,6M BBSW,1.187483723891093
2021-08-13,AUD,9Y,6M BBSW,1.219983518218116
2021-08-12,AUD,9Y,6M BBSW,1.2261760140023
2021-08-11,AUD,9Y,6M BBSW,1.252128272144204
2021-08-10,AUD,9Y,6M BBSW,1.231780534014375
2021-08-09,AUD,9Y,6M BBSW,1.261181722137094
2021-08-06,AUD,9Y,6M BBSW,1.223675242501062
2021-08-05,AUD,9Y,6M BBSW,1.180832325260767
2021-08-04,AUD,9Y,6M BBSW,1.184304296362381
2021-08-03,AUD,9Y,6M BBSW,1.176472432068531
2021-07-30,AUD,9Y,6M BBSW,1.217494415586206
2021-07-29,AUD,9Y,6M BBSW,1.177478601825235
2021-07-28,AUD,9Y,6M BBSW,1.198441132483398
2021-07-27,AUD,9Y,6M BBSW,1.228078225665252
2021-07-26,AUD,9Y,6M BBSW,1.224949886461006
2021-07-23,AUD,9Y,6M BBSW,1.231182803767416
2021-07-22,AUD,9Y,6M BBSW,1.22877570694313
2021-07-21,AUD,9Y,6M BBSW,1.217139088902792
2021-07-20,AUD,9Y,6M BBSW,1.21549103637165
2021-07-19,AUD,9Y,6M BBSW,1.28118094893784
2021-07-16,AUD,9Y,6M BBSW,1.296181271120692
2021-07-15,AUD,9Y,6M BBSW,1.326214752585077
2021-07-14,AUD,9Y,6M BBSW,1.36461244334033
2021-07-13,AUD,9Y,6M BBSW,1.348017896098834
2021-07-12,AUD,9Y,6M BBSW,1.326179362014523
2021-07-09,AUD,9Y,6M BBSW,1.383778227988805
2021-07-08,AUD,9Y,6M BBSW,1.361170341633692
2021-07-07,AUD,9Y,6M BBSW,1.389588914617662
2021-07-06,AUD,9Y,6M BBSW,1.45045963964091
2021-07-05,AUD,9Y,6M BBSW,1.45377543652073
2021-07-02,AUD,9Y,6M BBSW,1.473766697722283
2021-07-01,AUD,9Y,6M BBSW,1.50992041352424
2021-06-30,AUD,9Y,6M BBSW,1.500851148978791
2021-06-29,AUD,9Y,6M BBSW,1.477898391255481
2021-06-28,AUD,9Y,6M BBSW,1.531163776399076
2021-06-25,AUD,9Y,6M BBSW,1.547384382888792
2021-06-24,AUD,9Y,6M BBSW,1.498754142583476
2021-06-23,AUD,9Y,6M BBSW,1.499533084151049
2021-06-22,AUD,9Y,6M BBSW,1.526624515293915
2021-06-21,AUD,9Y,6M BBSW,1.452477270590967
2021-06-18,AUD,9Y,6M BBSW,1.488775956611471
2021-06-17,AUD,9Y,6M BBSW,1.547469333434964
2021-06-16,AUD,9Y,6M BBSW,1.473256540569486
2021-06-15,AUD,9Y,6M BBSW,1.439884356259417
2021-06-11,AUD,9Y,6M BBSW,1.460464840734626
2021-06-10,AUD,9Y,6M BBSW,1.414566199231848
2021-06-09,AUD,9Y,6M BBSW,1.498120749256826
2021-06-08,AUD,9Y,6M BBSW,1.553670338230683
2021-06-07,AUD,9Y,6M BBSW,1.542465664286533
2021-06-04,AUD,9Y,6M BBSW,1.604971896832767
2021-06-03,AUD,9Y,6M BBSW,1.556169825926234
2021-06-02,AUD,9Y,6M BBSW,1.607016951277128
2021-06-01,AUD,9Y,6M BBSW,1.60408604402632
2021-05-31,AUD,9Y,6M BBSW,1.597528922069247
2021-05-28,AUD,9Y,6M BBSW,1.582471885239155
2021-05-27,AUD,9Y,6M BBSW,1.544961898441078
2021-05-26,AUD,9Y,6M BBSW,1.554545295501083
2021-05-25,AUD,9Y,6M BBSW,1.584091741252223
2021-05-24,AUD,9Y,6M BBSW,1.606169122657618
2021-05-21,AUD,9Y,6M BBSW,1.606170816726317
2021-05-20,AUD,9Y,6M BBSW,1.632457893467641
2021-05-19,AUD,9Y,6M BBSW,1.647019168110893
2021-05-18,AUD,9Y,6M BBSW,1.654053974030198
2021-05-17,AUD,9Y,6M BBSW,1.621168264702331
2021-05-14,AUD,9Y,6M BBSW,1.652487978958815
2021-05-13,AUD,9Y,6M BBSW,1.667455851699337
2021-05-12,AUD,9Y,6M BBSW,1.639521761642973
2021-05-11,AUD,9Y,6M BBSW,1.60907846534692
2021-05-10,AUD,9Y,6M BBSW,1.599969240410538
2021-05-07,AUD,9Y,6M BBSW,1.577471901168457
2021-05-06,AUD,9Y,6M BBSW,1.588660002099818
2021-05-05,AUD,9Y,6M BBSW,1.609524986023527
2021-05-04,AUD,9Y,6M BBSW,1.605280207599251
2021-05-03,AUD,9Y,6M BBSW,1.628668009333039
2021-04-30,AUD,9Y,6M BBSW,1.618821157565713
2021-04-29,AUD,9Y,6M BBSW,1.578791454804476
2021-04-28,AUD,9Y,6M BBSW,1.579525244695172
2021-04-27,AUD,9Y,6M BBSW,1.590294078086035
2021-04-26,AUD,9Y,6M BBSW,1.589973117840315
2021-04-23,AUD,9Y,6M BBSW,1.586170235701504
2021-04-22,AUD,9Y,6M BBSW,1.549540939732171
2021-04-21,AUD,9Y,6M BBSW,1.581583203488823
2021-04-20,AUD,9Y,6M BBSW,1.614931957684037
2021-04-19,AUD,9Y,6M BBSW,1.574429224632712
2021-04-16,AUD,9Y,6M BBSW,1.602463084855726
2021-04-15,AUD,9Y,6M BBSW,1.626243117716661
2021-04-14,AUD,9Y,6M BBSW,1.613366292063144
2021-04-13,AUD,9Y,6M BBSW,1.656560229838783
2021-04-12,AUD,9Y,6M BBSW,1.621172512796411
2021-04-09,AUD,9Y,6M BBSW,1.639968964866206
2021-04-08,AUD,9Y,6M BBSW,1.599967255226266
2021-04-07,AUD,9Y,6M BBSW,1.618305436922638
2021-04-06,AUD,9Y,6M BBSW,1.65024810897144
2021-04-01,AUD,9Y,6M BBSW,1.707435713354704
2021-03-31,AUD,9Y,6M BBSW,1.736001071050472
2021-03-30,AUD,9Y,6M BBSW,1.68429461091911
2021-03-29,AUD,9Y,6M BBSW,1.597485466503003
2021-03-26,AUD,9Y,6M BBSW,1.618743841119011
2021-03-25,AUD,9Y,6M BBSW,1.598758172634088
2021-03-24,AUD,9Y,6M BBSW,1.560744349329044
2021-03-23,AUD,9Y,6M BBSW,1.635265753510558
2021-03-22,AUD,9Y,6M BBSW,1.731162960678859
2021-03-19,AUD,9Y,6M BBSW,1.731165609050364
2021-03-18,AUD,9Y,6M BBSW,1.706153334365522
2021-03-17,AUD,9Y,6M BBSW,1.663315459367607
2021-03-16,AUD,9Y,6M BBSW,1.639062833116053
2021-03-15,AUD,9Y,6M BBSW,1.737532316550967
2021-03-12,AUD,9Y,6M BBSW,1.739464350427347
2021-03-11,AUD,9Y,6M BBSW,1.599458894087112
2021-03-10,AUD,9Y,6M BBSW,1.663015005778979
2021-03-09,AUD,9Y,6M BBSW,1.743005790841781
2021-03-08,AUD,9Y,6M BBSW,1.733763781917808
2021-03-05,AUD,9Y,6M BBSW,1.723767181162871
2021-03-04,AUD,9Y,6M BBSW,1.71745330936028
2021-03-03,AUD,9Y,6M BBSW,1.608330774706887
2021-03-02,AUD,9Y,6M BBSW,1.6565539476697
2021-03-01,AUD,9Y,6M BBSW,1.572470284837732
2021-02-26,AUD,9Y,6M BBSW,1.622463309226946
2021-02-25,AUD,9Y,6M BBSW,1.599971464805234
2021-02-24,AUD,9Y,6M BBSW,1.509554187270575
2021-02-23,AUD,9Y,6M BBSW,1.476662648437568
2021-02-22,AUD,9Y,6M BBSW,1.502469248141926
2021-02-19,AUD,9Y,6M BBSW,1.417469885801919
2021-02-18,AUD,9Y,6M BBSW,1.272481793735547
2021-02-17,AUD,9Y,6M BBSW,1.304614198741872
2021-02-16,AUD,9Y,6M BBSW,1.22809666834763
2021-02-15,AUD,9Y,6M BBSW,1.221216058761764
2021-02-12,AUD,9Y,6M BBSW,1.128680359548791
2021-02-11,AUD,9Y,6M BBSW,1.096286336576591
2021-02-10,AUD,9Y,6M BBSW,1.127165668148559
2021-02-09,AUD,9Y,6M BBSW,1.126851817139462
2021-02-08,AUD,9Y,6M BBSW,1.161181654000183
2021-02-05,AUD,9Y,6M BBSW,1.144970608619117
2021-02-04,AUD,9Y,6M BBSW,1.111178214732334
2021-02-03,AUD,9Y,6M BBSW,1.067177080417598
2021-02-02,AUD,9Y,6M BBSW,1.033193918150558
2021-02-01,AUD,9Y,6M BBSW,1.037478267717394
2021-01-29,AUD,9Y,6M BBSW,1.049982915559144
2021-01-28,AUD,9Y,6M BBSW,0.9672118337009792
2021-01-27,AUD,9Y,6M BBSW,0.9732298962334508
2021-01-25,AUD,9Y,6M BBSW,0.9961828166957384
2021-01-22,AUD,9Y,6M BBSW,0.9724846818979648
2021-01-21,AUD,9Y,6M BBSW,0.9449893722656832
2021-01-20,AUD,9Y,6M BBSW,0.967211964091887
2021-01-19,AUD,9Y,6M BBSW,0.9669394601010504
2021-01-18,AUD,9Y,6M BBSW,0.9461882671057098
2021-01-15,AUD,9Y,6M BBSW,0.9462107462241034
2021-01-14,AUD,9Y,6M BBSW,0.9624981644437992
2021-01-13,AUD,9Y,6M BBSW,0.9747097354209028
2021-01-12,AUD,9Y,6M BBSW,0.9932250860933308
2021-01-11,AUD,9Y,6M BBSW,0.9624880114016814
2021-01-08,AUD,9Y,6M BBSW,0.9761846679404724
2021-01-07,AUD,9Y,6M BBSW,0.9299895395401228
2021-01-06,AUD,9Y,6M BBSW,0.9147274342057886
2021-01-05,AUD,9Y,6M BBSW,0.8395104907981905
2021-01-04,AUD,9Y,6M BBSW,0.8849898386554179
2020-12-31,AUD,9Y,6M BBSW,0.8925108981484537
2020-12-30,AUD,9Y,6M BBSW,0.8922507051924312
2020-12-29,AUD,9Y,6M BBSW,0.8769932473087189
2020-12-24,AUD,9Y,6M BBSW,0.9037810807035338
2020-12-23,AUD,9Y,6M BBSW,0.8347428822760159
2020-12-22,AUD,9Y,6M BBSW,0.8644975178179322
2020-12-21,AUD,9Y,6M BBSW,0.8649922570819945
2020-12-18,AUD,9Y,6M BBSW,0.9011915922814616
2020-12-17,AUD,9Y,6M BBSW,0.8799885287846355
2020-12-16,AUD,9Y,6M BBSW,0.8585412400319802
2020-12-15,AUD,9Y,6M BBSW,0.8619230864373245
2020-12-14,AUD,9Y,6M BBSW,0.8519962057021259
2020-12-11,AUD,9Y,6M BBSW,0.8359878081912377
2020-12-10,AUD,9Y,6M BBSW,0.8719830404707495
2020-12-09,AUD,9Y,6M BBSW,0.8985243735964161
2020-12-08,AUD,9Y,6M BBSW,0.8819842560545867
2020-12-07,AUD,9Y,6M BBSW,0.8924888919525014
2020-12-04,AUD,9Y,6M BBSW,0.921191517858958
2020-12-03,AUD,9Y,6M BBSW,0.8599892111418616
2020-12-02,AUD,9Y,6M BBSW,0.8647394042424005
2020-12-01,AUD,9Y,6M BBSW,0.7932374457092103
2020-11-30,AUD,9Y,6M BBSW,0.7888023785604992
2020-11-27,AUD,9Y,6M BBSW,0.7811898984269227
2020-11-26,AUD,9Y,6M BBSW,0.7974922543953045
2020-11-25,AUD,9Y,6M BBSW,0.8222544698735658
2020-11-24,AUD,9Y,6M BBSW,0.7945358084462083
2020-11-23,AUD,9Y,6M BBSW,0.7424931016207216
2020-11-20,AUD,9Y,6M BBSW,0.7674902118574953
2020-11-19,AUD,9Y,6M BBSW,0.7811925788902166
2020-11-18,AUD,9Y,6M BBSW,0.773568905730097
2020-11-17,AUD,9Y,6M BBSW,0.8020316813301277
2020-11-16,AUD,9Y,6M BBSW,0.7374933050542317
2020-11-13,AUD,9Y,6M BBSW,0.7386908592780378
2020-11-12,AUD,9Y,6M BBSW,0.7599928091314666
2020-11-11,AUD,9Y,6M BBSW,0.8272532579236898
2020-11-10,AUD,9Y,6M BBSW,0.760755263582796
2020-11-09,AUD,9Y,6M BBSW,0.6561945587153777
2020-11-06,AUD,9Y,6M BBSW,0.6711924934708631
2020-11-05,AUD,9Y,6M BBSW,0.6287950230287103
2020-11-04,AUD,9Y,6M BBSW,0.6598026532205494
2020-11-03,AUD,9Y,6M BBSW,0.6384245711897142
2020-11-02,AUD,9Y,6M BBSW,0.6761942240785613
2020-10-30,AUD,9Y,6M BBSW,0.6975048118365866
2020-10-29,AUD,9Y,6M BBSW,0.6524981263389472
2020-10-28,AUD,9Y,6M BBSW,0.6523028922678538
2020-10-27,AUD,9Y,6M BBSW,0.643322175790012
2020-10-26,AUD,9Y,6M BBSW,0.657495885840199
2020-10-23,AUD,9Y,6M BBSW,0.6624955215947824
2020-10-22,AUD,9Y,6M BBSW,0.6862930260056725
2020-10-21,AUD,9Y,6M BBSW,0.6659981527962426
2020-10-20,AUD,9Y,6M BBSW,0.6296292787733703
2020-10-19,AUD,9Y,6M BBSW,0.6274957352956017
2020-10-16,AUD,9Y,6M BBSW,0.6011949491724532
2020-10-15,AUD,9Y,6M BBSW,0.6300081678041768
2020-10-14,AUD,9Y,6M BBSW,0.668608556397609
2020-10-13,AUD,9Y,6M BBSW,0.678402069504104
2020-10-12,AUD,9Y,6M BBSW,0.6911954104621989
2020-10-09,AUD,9Y,6M BBSW,0.6949947065386927
2020-10-08,AUD,9Y,6M BBSW,0.6949926014898858
2020-10-07,AUD,9Y,6M BBSW,0.6759944461584431
2020-10-06,AUD,9Y,6M BBSW,0.7133794193062641
2020-10-02,AUD,9Y,6M BBSW,0.6987867705677449
2020-10-01,AUD,9Y,6M BBSW,0.6935866461008012
2020-09-30,AUD,9Y,6M BBSW,0.6741970035955138
2020-09-29,AUD,9Y,6M BBSW,0.6601893692642289
2020-09-28,AUD,9Y,6M BBSW,0.6537936095962708
2020-09-25,AUD,9Y,6M BBSW,0.6449929115647828
2020-09-24,AUD,9Y,6M BBSW,0.6749944421275405
2020-09-23,AUD,9Y,6M BBSW,0.6785967238295159
2020-09-22,AUD,9Y,6M BBSW,0.7070844716542984
2020-09-21,AUD,9Y,6M BBSW,0.7137936503987922
2020-09-18,AUD,9Y,6M BBSW,0.7299911983803278
2020-09-17,AUD,9Y,6M BBSW,0.7087940165179992
2020-09-16,AUD,9Y,6M BBSW,0.7035893840619957
2020-09-15,AUD,9Y,6M BBSW,0.7137287370436469
2020-09-14,AUD,9Y,6M BBSW,0.7257983662590107
2020-09-11,AUD,9Y,6M BBSW,0.7269913693246147
2020-09-10,AUD,9Y,6M BBSW,0.7607930935431544
2020-09-09,AUD,9Y,6M BBSW,0.7339801785371247
2020-09-08,AUD,9Y,6M BBSW,0.775745731670208
2020-09-07,AUD,9Y,6M BBSW,0.789992032950948
2020-09-04,AUD,9Y,6M BBSW,0.7911902615211099
2020-09-03,AUD,9Y,6M BBSW,0.7387935017324873
2020-09-02,AUD,9Y,6M BBSW,0.7797665954494104
2020-09-01,AUD,9Y,6M BBSW,0.7895377661620174
2020-08-31,AUD,9Y,6M BBSW,0.7938079698593358
2020-08-28,AUD,9Y,6M BBSW,0.8225001469965798
2020-08-27,AUD,9Y,6M BBSW,0.7374976299843832
2020-08-26,AUD,9Y,6M BBSW,0.7735665615653274
2020-08-25,AUD,9Y,6M BBSW,0.720776290813278
2020-08-24,AUD,9Y,6M BBSW,0.7049935685971305
2020-08-21,AUD,9Y,6M BBSW,0.7224925145453212
2020-08-20,AUD,9Y,6M BBSW,0.7211916153592259
2020-08-19,AUD,9Y,6M BBSW,0.7259807433772479
2020-08-18,AUD,9Y,6M BBSW,0.7383662161600006
2020-08-17,AUD,9Y,6M BBSW,0.7611925614958659
2020-08-14,AUD,9Y,6M BBSW,0.778799849696777
2020-08-13,AUD,9Y,6M BBSW,0.7337913681364251
2020-08-12,AUD,9Y,6M BBSW,0.7572714340457559
2020-08-11,AUD,9Y,6M BBSW,0.7083832207350618
2020-08-10,AUD,9Y,6M BBSW,0.6937938971337373
2020-08-07,AUD,9Y,6M BBSW,0.6636920845252359
2020-08-06,AUD,9Y,6M BBSW,0.6909888283549985
2020-08-05,AUD,9Y,6M BBSW,0.6646023818737485
2020-08-04,AUD,9Y,6M BBSW,0.6856943787759331
2020-07-31,AUD,9Y,6M BBSW,0.6837053472268962
2020-07-30,AUD,9Y,6M BBSW,0.7149985536025403
2020-07-29,AUD,9Y,6M BBSW,0.717283300973156
2020-07-28,AUD,9Y,6M BBSW,0.7708478003848322
2020-07-27,AUD,9Y,6M BBSW,0.7237924420542483
2020-07-24,AUD,9Y,6M BBSW,0.7174916750888845
2020-07-23,AUD,9Y,6M BBSW,0.7224916922833863
2020-07-22,AUD,9Y,6M BBSW,0.7322788265581307
2020-07-21,AUD,9Y,6M BBSW,0.7120809685976827
2020-07-20,AUD,9Y,6M BBSW,0.7312930140762733
2020-07-17,AUD,9Y,6M BBSW,0.7361923892256806
2020-07-16,AUD,9Y,6M BBSW,0.7574910329156661
2020-07-15,AUD,9Y,6M BBSW,0.757298981085379
2020-07-14,AUD,9Y,6M BBSW,0.7433507922740026
2020-07-13,AUD,9Y,6M BBSW,0.7386928266191174
2020-07-10,AUD,9Y,6M BBSW,0.7024929485963557
2020-07-09,AUD,9Y,6M BBSW,0.7499910361014727
2020-07-08,AUD,9Y,6M BBSW,0.7522728731746611
2020-07-07,AUD,9Y,6M BBSW,0.7570555450315029
2020-07-06,AUD,9Y,6M BBSW,0.7961917426152227
2020-07-03,AUD,9Y,6M BBSW,0.7737896648039283
2020-07-02,AUD,9Y,6M BBSW,0.799987356897651
2020-07-01,AUD,9Y,6M BBSW,0.8109404464603218
2020-06-30,AUD,9Y,6M BBSW,0.7702282197459908
2020-06-29,AUD,9Y,6M BBSW,0.7699988018189459
2020-06-26,AUD,9Y,6M BBSW,0.7774763206076066
2020-06-25,AUD,9Y,6M BBSW,0.7749684502207261
2020-06-24,AUD,9Y,6M BBSW,0.8285444620571694
2020-06-23,AUD,9Y,6M BBSW,0.8208125197267321
2020-06-22,AUD,9Y,6M BBSW,0.7824959517240111
2020-06-19,AUD,9Y,6M BBSW,0.7799897384028701
2020-06-18,AUD,9Y,6M BBSW,0.7924926145908784
2020-06-17,AUD,9Y,6M BBSW,0.8222524448779078
2020-06-16,AUD,9Y,6M BBSW,0.8395067153409295
2020-06-15,AUD,9Y,6M BBSW,0.8075053386124326
2020-06-12,AUD,9Y,6M BBSW,0.8287837654679633
2020-06-11,AUD,9Y,6M BBSW,0.843544182595156
2020-06-10,AUD,9Y,6M BBSW,0.9206536711718613
2020-06-09,AUD,9Y,6M BBSW,0.9216914221996574
2020-06-05,AUD,9Y,6M BBSW,0.9774834555188914
2020-06-04,AUD,9Y,6M BBSW,0.8937909542660987
2020-06-03,AUD,9Y,6M BBSW,0.858442080074338
2020-06-02,AUD,9Y,6M BBSW,0.7995293792045798
2020-06-01,AUD,9Y,6M BBSW,0.8162955667808215
2020-05-29,AUD,9Y,6M BBSW,0.8049949465737796
2020-05-28,AUD,9Y,6M BBSW,0.8061902075345191
2020-05-27,AUD,9Y,6M BBSW,0.812254734886108
2020-05-26,AUD,9Y,6M BBSW,0.7957331734963144
2020-05-25,AUD,9Y,6M BBSW,0.7911920353792641
2020-05-22,AUD,9Y,6M BBSW,0.7774914260415294
2020-05-21,AUD,9Y,6M BBSW,0.7949898650779441
2020-05-20,AUD,9Y,6M BBSW,0.8322489741285872
2020-05-19,AUD,9Y,6M BBSW,0.8483041043708138
2020-05-18,AUD,9Y,6M BBSW,0.8124913619220193
2020-05-15,AUD,9Y,6M BBSW,0.806205866185921
2020-05-14,AUD,9Y,6M BBSW,0.7662961149248412
2020-05-13,AUD,9Y,6M BBSW,0.8160538527426195
2020-05-12,AUD,9Y,6M BBSW,0.8358110972277615
2020-05-11,AUD,9Y,6M BBSW,0.8374915336687886
2020-05-08,AUD,9Y,6M BBSW,0.8049909620593394
2020-05-07,AUD,9Y,6M BBSW,0.8549887023820719
2020-05-06,AUD,9Y,6M BBSW,0.8372474485100971
2020-05-05,AUD,9Y,6M BBSW,0.8370098253770778
2020-05-04,AUD,9Y,6M BBSW,0.8111915698745993
2020-05-01,AUD,9Y,6M BBSW,0.8549899017081184
2020-04-30,AUD,9Y,6M BBSW,0.8863080087723167
2020-04-29,AUD,9Y,6M BBSW,0.920932594554718
2020-04-28,AUD,9Y,6M BBSW,0.9144639824474864
2020-04-27,AUD,9Y,6M BBSW,0.902494321532497
2020-04-24,AUD,9Y,6M BBSW,0.872486964348582
2020-04-23,AUD,9Y,6M BBSW,0.8736901402906887
2020-04-22,AUD,9Y,6M BBSW,0.8484445914195713
2020-04-21,AUD,9Y,6M BBSW,0.8519977372437436
2020-04-20,AUD,9Y,6M BBSW,0.8686933293473084
2020-04-17,AUD,9Y,6M BBSW,0.8699850781447857
2020-04-16,AUD,9Y,6M BBSW,0.8924881359253761
2020-04-15,AUD,9Y,6M BBSW,0.9836228440609964
2020-04-14,AUD,9Y,6M BBSW,0.9608275390958296
2020-04-09,AUD,9Y,6M BBSW,0.9537880258676236
2020-04-08,AUD,9Y,6M BBSW,0.9422153403611352
2020-04-07,AUD,9Y,6M BBSW,0.8644863078452192
2020-04-06,AUD,9Y,6M BBSW,0.8011919549425002
2020-04-03,AUD,9Y,6M BBSW,0.8074788522246787
2020-04-02,AUD,9Y,6M BBSW,0.8409405172889777
2020-04-01,AUD,9Y,6M BBSW,0.8007213611198962
2020-03-31,AUD,9Y,6M BBSW,0.9005288570913612
2020-03-30,AUD,9Y,6M BBSW,0.8352464790469045
2020-03-27,AUD,9Y,6M BBSW,0.9599852461357226
2020-03-26,AUD,9Y,6M BBSW,0.9899764621718968
2020-03-25,AUD,9Y,6M BBSW,1.078474822806334
2020-03-24,AUD,9Y,6M BBSW,0.9806275699117568
2020-03-23,AUD,9Y,6M BBSW,0.9861887304749066
2020-03-20,AUD,9Y,6M BBSW,1.126182327003716
2020-03-19,AUD,9Y,6M BBSW,1.639963911030046
2020-03-18,AUD,9Y,6M BBSW,1.267118313397037
2020-03-17,AUD,9Y,6M BBSW,1.12934154841921
2020-03-16,AUD,9Y,6M BBSW,0.968787982736248
2020-03-13,AUD,9Y,6M BBSW,1.116183921205628
2020-03-12,AUD,9Y,6M BBSW,0.904987962293859
2020-03-11,AUD,9Y,6M BBSW,0.8622383639221919
2020-03-10,AUD,9Y,6M BBSW,0.8370059197845771
2020-03-09,AUD,9Y,6M BBSW,0.7799926436775493
2020-03-06,AUD,9Y,6M BBSW,0.8349907057143103
2020-03-05,AUD,9Y,6M BBSW,0.8924882217444193
2020-03-04,AUD,9Y,6M BBSW,0.843544549043557
2020-03-03,AUD,9Y,6M BBSW,0.8856796507956212
2020-03-02,AUD,9Y,6M BBSW,0.8937900035365022
2020-02-28,AUD,9Y,6M BBSW,0.8425006962837465
2020-02-27,AUD,9Y,6M BBSW,0.93879465181635
2020-02-26,AUD,9Y,6M BBSW,0.9874855934980749
2020-02-25,AUD,9Y,6M BBSW,0.9847092764047884
2020-02-24,AUD,9Y,6M BBSW,0.9881203631038978
2020-02-21,AUD,9Y,6M BBSW,1.012486323239056
2020-02-20,AUD,9Y,6M BBSW,1.064983634742398
2020-02-19,AUD,9Y,6M BBSW,1.08878252623613
2020-02-18,AUD,9Y,6M BBSW,1.109673537093288
2020-02-17,AUD,9Y,6M BBSW,1.144331903837989
2020-02-14,AUD,9Y,6M BBSW,1.117500620973062
2020-02-13,AUD,9Y,6M BBSW,1.148680748202524
2020-02-12,AUD,9Y,6M BBSW,1.156180396459868
2020-02-11,AUD,9Y,6M BBSW,1.10347503075577
2020-02-10,AUD,9Y,6M BBSW,1.108052344454638
2020-02-07,AUD,9Y,6M BBSW,1.098679642506038
2020-02-06,AUD,9Y,6M BBSW,1.194974097565329
2020-02-05,AUD,9Y,6M BBSW,1.124975200393082
2020-02-04,AUD,9Y,6M BBSW,0.9997018095977608
2020-02-03,AUD,9Y,6M BBSW,1.026891011433702
2020-01-31,AUD,9Y,6M BBSW,1.036213475464366
2020-01-30,AUD,9Y,6M BBSW,1.066196905084969
2020-01-29,AUD,9Y,6M BBSW,1.131181247546908
2020-01-28,AUD,9Y,6M BBSW,1.050990207256166
2020-01-24,AUD,9Y,6M BBSW,1.147480249659813
2020-01-23,AUD,9Y,6M BBSW,1.211178462869643
2020-01-22,AUD,9Y,6M BBSW,1.199981508918822
2020-01-21,AUD,9Y,6M BBSW,1.250833304496678
2020-01-20,AUD,9Y,6M BBSW,1.271761103303478
2020-01-17,AUD,9Y,6M BBSW,1.273678360950881
2020-01-16,AUD,9Y,6M BBSW,1.283775798598199
2020-01-15,AUD,9Y,6M BBSW,1.308815175073971
2020-01-14,AUD,9Y,6M BBSW,1.329618037137098
2020-01-13,AUD,9Y,6M BBSW,1.290451021796628
2020-01-10,AUD,9Y,6M BBSW,1.306177142323786
2020-01-09,AUD,9Y,6M BBSW,1.304974953518544
2020-01-08,AUD,9Y,6M BBSW,1.249977101415739
2020-01-07,AUD,9Y,6M BBSW,1.282124585948331
2020-01-06,AUD,9Y,6M BBSW,1.301744517422356
2020-01-03,AUD,9Y,6M BBSW,1.309971754139616
2020-01-02,AUD,9Y,6M BBSW,1.464958886361454
2019-12-31,AUD,9Y,6M BBSW,1.462043841093466
2019-12-30,AUD,9Y,6M BBSW,1.409209419514148
2019-12-27,AUD,9Y,6M BBSW,1.414948023904837
2019-12-24,AUD,9Y,6M BBSW,1.407567833192193
2019-12-23,AUD,9Y,6M BBSW,1.399596853553572
2019-12-20,AUD,9Y,6M BBSW,1.409968897708591
2019-12-19,AUD,9Y,6M BBSW,1.349972522813009
2019-12-18,AUD,9Y,6M BBSW,1.287477818639416
2019-12-17,AUD,9Y,6M BBSW,1.275918062594822
2019-12-16,AUD,9Y,6M BBSW,1.260472837074631
2019-12-13,AUD,9Y,6M BBSW,1.247469497058003
2019-12-12,AUD,9Y,6M BBSW,1.247463745275556
2019-12-11,AUD,9Y,6M BBSW,1.242471890453895
2019-12-10,AUD,9Y,6M BBSW,1.227123780947767
2019-12-09,AUD,9Y,6M BBSW,1.261767522333717
2019-12-06,AUD,9Y,6M BBSW,1.244969596854954
2019-12-05,AUD,9Y,6M BBSW,1.202477709773345
2019-12-04,AUD,9Y,6M BBSW,1.187481063816582
2019-12-03,AUD,9Y,6M BBSW,1.217134439145083
2019-12-02,AUD,9Y,6M BBSW,1.189312077008132
2019-11-29,AUD,9Y,6M BBSW,1.146189390256239
2019-11-28,AUD,9Y,6M BBSW,1.13748131555592
2019-11-27,AUD,9Y,6M BBSW,1.148682371364336
2019-11-26,AUD,9Y,6M BBSW,1.205845820123108
2019-11-25,AUD,9Y,6M BBSW,1.195603357949384
2019-11-22,AUD,9Y,6M BBSW,1.199980843054591
2019-11-21,AUD,9Y,6M BBSW,1.152480428223607
2019-11-20,AUD,9Y,6M BBSW,1.178779541583103
2019-11-19,AUD,9Y,6M BBSW,1.219642278276404
2019-11-18,AUD,9Y,6M BBSW,1.25806851818174
2019-11-15,AUD,9Y,6M BBSW,1.246319077733996
2019-11-14,AUD,9Y,6M BBSW,1.28379543682126
2019-11-13,AUD,9Y,6M BBSW,1.359972747280823
2019-11-12,AUD,9Y,6M BBSW,1.373398494492325
2019-11-11,AUD,9Y,6M BBSW,1.385397546122807
2019-11-08,AUD,9Y,6M BBSW,1.40247369573445
2019-11-07,AUD,9Y,6M BBSW,1.332473907676226
2019-11-06,AUD,9Y,6M BBSW,1.364972831263295
2019-11-05,AUD,9Y,6M BBSW,1.328410581274828
2019-11-04,AUD,9Y,6M BBSW,1.281754724982251
2019-11-01,AUD,9Y,6M BBSW,1.287477849637106
2019-10-31,AUD,9Y,6M BBSW,1.265026979948306
2019-10-30,AUD,9Y,6M BBSW,1.262516239776514
2019-10-29,AUD,9Y,6M BBSW,1.275934584596213
2019-10-28,AUD,9Y,6M BBSW,1.215497101772906
2019-10-25,AUD,9Y,6M BBSW,1.179962067145691
2019-10-24,AUD,9Y,6M BBSW,1.224974666321643
2019-10-23,AUD,9Y,6M BBSW,1.233777809704644
2019-10-22,AUD,9Y,6M BBSW,1.289612990940527
2019-10-21,AUD,9Y,6M BBSW,1.254273162301709
2019-10-18,AUD,9Y,6M BBSW,1.254962154558845
2019-10-17,AUD,9Y,6M BBSW,1.174974371853031
2019-10-16,AUD,9Y,6M BBSW,1.149978110081985
2019-10-15,AUD,9Y,6M BBSW,1.116110168420451
2019-10-14,AUD,9Y,6M BBSW,1.141981701075693
2019-10-11,AUD,9Y,6M BBSW,1.177475742625754
2019-10-10,AUD,9Y,6M BBSW,0.9799777810539988
2019-10-09,AUD,9Y,6M BBSW,0.981186002648627
2019-10-08,AUD,9Y,6M BBSW,0.9747057588467576
2019-10-04,AUD,9Y,6M BBSW,0.9749746959899468
2019-10-03,AUD,9Y,6M BBSW,1.02616735214166
2019-10-02,AUD,9Y,6M BBSW,1.058469866316858
2019-10-01,AUD,9Y,6M BBSW,1.115537714987365
2019-09-30,AUD,9Y,6M BBSW,1.07911380677505
2019-09-27,AUD,9Y,6M BBSW,1.077482540314557
2019-09-26,AUD,9Y,6M BBSW,1.084973407985545
2019-09-25,AUD,9Y,6M BBSW,1.06248453241206
2019-09-24,AUD,9Y,6M BBSW,1.115871322555606
2019-09-23,AUD,9Y,6M BBSW,1.118146201139348
2019-09-20,AUD,9Y,6M BBSW,1.122483413964181
2019-09-19,AUD,9Y,6M BBSW,1.182479807967944
2019-09-18,AUD,9Y,6M BBSW,1.252477474458969
2019-09-17,AUD,9Y,6M BBSW,1.252132535948763
2019-09-16,AUD,9Y,6M BBSW,1.284252954150509
2019-09-13,AUD,9Y,6M BBSW,1.272478180346408
2019-09-12,AUD,9Y,6M BBSW,1.257476993421775
2019-09-11,AUD,9Y,6M BBSW,1.222478527073227
2019-09-10,AUD,9Y,6M BBSW,1.183452193699349
2019-09-09,AUD,9Y,6M BBSW,1.131838417657139
2019-09-06,AUD,9Y,6M BBSW,1.152482348848103
2019-09-05,AUD,9Y,6M BBSW,1.096282639909262
2019-09-04,AUD,9Y,6M BBSW,1.06118406456032
2019-09-03,AUD,9Y,6M BBSW,1.067185578674385
2019-09-02,AUD,9Y,6M BBSW,1.039390726885974
2019-08-30,AUD,9Y,6M BBSW,1.053804194420984
2019-08-29,AUD,9Y,6M BBSW,0.9999979317197132
2019-08-28,AUD,9Y,6M BBSW,1.003800250375195
2019-08-27,AUD,9Y,6M BBSW,1.048492167801798
2019-08-26,AUD,9Y,6M BBSW,1.02189764108948
2019-08-23,AUD,9Y,6M BBSW,1.004990749844951
2019-08-22,AUD,9Y,6M BBSW,1.061180564319898
2019-08-21,AUD,9Y,6M BBSW,1.043685061373196
2019-08-20,AUD,9Y,6M BBSW,1.058480075413028
2019-08-19,AUD,9Y,6M BBSW,1.035589837173675
2019-08-16,AUD,9Y,6M BBSW,0.9924904807628652
2019-08-15,AUD,9Y,6M BBSW,1.021215143945293
2019-08-14,AUD,9Y,6M BBSW,1.078800457389729
2019-08-13,AUD,9Y,6M BBSW,1.070876470534351
2019-08-12,AUD,9Y,6M BBSW,1.098055098605043
2019-08-09,AUD,9Y,6M BBSW,1.114987853410192
2019-08-08,AUD,9Y,6M BBSW,1.094979024688815
2019-08-07,AUD,9Y,6M BBSW,1.078471948755314
2019-08-06,AUD,9Y,6M BBSW,1.146822750822115
2019-08-02,AUD,9Y,6M BBSW,1.221273860750856
2019-08-01,AUD,9Y,6M BBSW,1.342456008066068
2019-07-31,AUD,9Y,6M BBSW,1.338824101855721
2019-07-30,AUD,9Y,6M BBSW,1.359613272215675
2019-07-29,AUD,9Y,6M BBSW,1.343017293186294
2019-07-26,AUD,9Y,6M BBSW,1.37374836385905
2019-07-25,AUD,9Y,6M BBSW,1.416155459922919
2019-07-24,AUD,9Y,6M BBSW,1.45116752866157
2019-07-23,AUD,9Y,6M BBSW,1.4783535830061
2019-07-22,AUD,9Y,6M BBSW,1.496631009348999
2019-07-19,AUD,9Y,6M BBSW,1.502478140888274
2019-07-18,AUD,9Y,6M BBSW,1.489962139525085
2019-07-17,AUD,9Y,6M BBSW,1.532467106186279
2019-07-16,AUD,9Y,6M BBSW,1.524539968681423
2019-07-15,AUD,9Y,6M BBSW,1.579862514310854
2019-07-12,AUD,9Y,6M BBSW,1.55997673546076
2019-07-11,AUD,9Y,6M BBSW,1.466163016853005
2019-07-10,AUD,9Y,6M BBSW,1.466170088966014
2019-07-09,AUD,9Y,6M BBSW,1.472055394490321
2019-07-08,AUD,9Y,6M BBSW,1.481638591864001
2019-07-05,AUD,9Y,6M BBSW,1.432480428475003
2019-07-04,AUD,9Y,6M BBSW,1.453763708258351
2019-07-03,AUD,9Y,6M BBSW,1.456163570030244
2019-07-02,AUD,9Y,6M BBSW,1.493339010017942
2019-07-01,AUD,9Y,6M BBSW,1.494087526474066
2019-06-28,AUD,9Y,6M BBSW,1.496153654535325
2019-06-27,AUD,9Y,6M BBSW,1.517439650776255
2019-06-26,AUD,9Y,6M BBSW,1.456117993665907
2019-06-25,AUD,9Y,6M BBSW,1.466978973815788
2019-06-24,AUD,9Y,6M BBSW,1.484132559044195
2019-06-21,AUD,9Y,6M BBSW,1.489966349794551
2019-06-20,AUD,9Y,6M BBSW,1.47126671926472
2019-06-19,AUD,9Y,6M BBSW,1.528662227521046
2019-06-18,AUD,9Y,6M BBSW,1.554533043086382
2019-06-17,AUD,9Y,6M BBSW,1.597782456595057
2019-06-14,AUD,9Y,6M BBSW,1.56749047727664
2019-06-13,AUD,9Y,6M BBSW,1.611249288057363
2019-06-12,AUD,9Y,6M BBSW,1.634482412647678
2019-06-11,AUD,9Y,6M BBSW,1.665225370903603
2019-06-07,AUD,9Y,6M BBSW,1.642448305254731
2019-06-06,AUD,9Y,6M BBSW,1.672449270007991
2019-06-05,AUD,9Y,6M BBSW,1.704953313087345
2019-06-04,AUD,9Y,6M BBSW,1.696990200972312
2019-06-03,AUD,9Y,6M BBSW,1.709021525556435
2019-05-31,AUD,9Y,6M BBSW,1.670039101804073
2019-05-30,AUD,9Y,6M BBSW,1.728814194368587
2019-05-29,AUD,9Y,6M BBSW,1.683776301648789
2019-05-28,AUD,9Y,6M BBSW,1.726978425312821
2019-05-27,AUD,9Y,6M BBSW,1.73150063377762
2019-05-24,AUD,9Y,6M BBSW,1.719972440592162
2019-05-23,AUD,9Y,6M BBSW,1.76874725896523
2019-05-22,AUD,9Y,6M BBSW,1.82615431718803
2019-05-21,AUD,9Y,6M BBSW,1.841943852954369
2019-05-20,AUD,9Y,6M BBSW,1.870124324495564
2019-05-17,AUD,9Y,6M BBSW,1.832468335724694
2019-05-16,AUD,9Y,6M BBSW,1.847442551800028
2019-05-15,AUD,9Y,6M BBSW,1.883845708793006
2019-05-14,AUD,9Y,6M BBSW,1.890774103375808
2019-05-13,AUD,9Y,6M BBSW,1.906404727780346
2019-05-10,AUD,9Y,6M BBSW,1.933764638764908
2019-05-09,AUD,9Y,6M BBSW,1.913738467066072
2019-05-08,AUD,9Y,6M BBSW,1.931149358896348
2019-05-07,AUD,9Y,6M BBSW,1.925719227043517
2019-05-06,AUD,9Y,6M BBSW,1.918898227210192
2019-05-03,AUD,9Y,6M BBSW,1.973663384749374
2019-05-02,AUD,9Y,6M BBSW,1.962435495080123
2019-05-01,AUD,9Y,6M BBSW,1.961147517203606
2019-04-30,AUD,9Y,6M BBSW,1.981117467828422
2019-04-29,AUD,9Y,6M BBSW,1.966730774906424
2019-04-26,AUD,9Y,6M BBSW,1.947445430851141
2019-04-24,AUD,9Y,6M BBSW,1.952433796648717
2019-04-23,AUD,9Y,6M BBSW,2.059375723658801
2019-04-18,AUD,9Y,6M BBSW,2.11239548235663
2019-04-17,AUD,9Y,6M BBSW,2.124339038625796
2019-04-16,AUD,9Y,6M BBSW,2.093790685940802
2019-04-15,AUD,9Y,6M BBSW,2.11714676457891
2019-04-12,AUD,9Y,6M BBSW,2.154927448012861
2019-04-11,AUD,9Y,6M BBSW,2.039932704407082
2019-04-10,AUD,9Y,6M BBSW,2.048607733117576
2019-04-09,AUD,9Y,6M BBSW,2.066872320724646
2019-04-08,AUD,9Y,6M BBSW,2.066321800508891
2019-04-05,AUD,9Y,6M BBSW,2.073692037961512
2019-04-04,AUD,9Y,6M BBSW,2.087387494890708
2019-04-03,AUD,9Y,6M BBSW,2.02736902418323
2019-04-02,AUD,9Y,6M BBSW,2.021848213174472
2019-04-01,AUD,9Y,6M BBSW,2.015035296263602
2019-03-29,AUD,9Y,6M BBSW,1.9724627380161
2019-03-28,AUD,9Y,6M BBSW,1.934930250257488
2019-03-27,AUD,9Y,6M BBSW,1.958742343921688
2019-03-26,AUD,9Y,6M BBSW,1.984371577086473
2019-03-25,AUD,9Y,6M BBSW,1.971367372080641
2019-03-22,AUD,9Y,6M BBSW,1.947459238726738
2019-03-21,AUD,9Y,6M BBSW,2.096227115322837
2019-03-20,AUD,9Y,6M BBSW,2.122439231300517
2019-03-19,AUD,9Y,6M BBSW,2.134354283360653
2019-03-18,AUD,9Y,6M BBSW,2.156267380525661
2019-03-15,AUD,9Y,6M BBSW,2.131260200956813
2019-03-14,AUD,9Y,6M BBSW,2.142505012154904
2019-03-13,AUD,9Y,6M BBSW,2.146238498154689
2019-03-12,AUD,9Y,6M BBSW,2.209330804968163
2019-03-11,AUD,9Y,6M BBSW,2.202541946955729
2019-03-08,AUD,9Y,6M BBSW,2.222454723789742
2019-03-07,AUD,9Y,6M BBSW,2.262415265628184
2019-03-06,AUD,9Y,6M BBSW,2.302427886661871
2019-03-05,AUD,9Y,6M BBSW,2.346789115279333
2019-03-04,AUD,9Y,6M BBSW,2.367454050894474
2019-03-01,AUD,9Y,6M BBSW,2.348749323336382
2019-02-28,AUD,9Y,6M BBSW,2.294999776245655
2019-02-27,AUD,9Y,6M BBSW,2.259365390491725
2019-02-26,AUD,9Y,6M BBSW,2.263722933943164
2019-02-25,AUD,9Y,6M BBSW,2.262458322230642
2019-02-22,AUD,9Y,6M BBSW,2.253717563458745
2019-02-21,AUD,9Y,6M BBSW,2.249929747168486
2019-02-20,AUD,9Y,6M BBSW,2.296810330206566
2019-02-19,AUD,9Y,6M BBSW,2.326191247360339
2019-02-18,AUD,9Y,6M BBSW,2.31865573413506
2019-02-15,AUD,9Y,6M BBSW,2.318781041842313
2019-02-14,AUD,9Y,6M BBSW,2.32000015073334
2019-02-13,AUD,9Y,6M BBSW,2.324302408752083
2019-02-12,AUD,9Y,6M BBSW,2.29370829788786
2019-02-11,AUD,9Y,6M BBSW,2.279957244925956
2019-02-08,AUD,9Y,6M BBSW,2.267417099593648
2019-02-07,AUD,9Y,6M BBSW,2.319916427427198
2019-02-06,AUD,9Y,6M BBSW,2.371779458813795
2019-02-05,AUD,9Y,6M BBSW,2.403622279558419
2019-02-04,AUD,9Y,6M BBSW,2.407424920764982
2019-02-01,AUD,9Y,6M BBSW,2.432359696301808
2019-01-31,AUD,9Y,6M BBSW,2.421380299013483
2019-01-30,AUD,9Y,6M BBSW,2.442447067646558
2019-01-29,AUD,9Y,6M BBSW,2.429936530854393
2019-01-25,AUD,9Y,6M BBSW,2.441176778029495
2019-01-24,AUD,9Y,6M BBSW,2.48990415337817
2019-01-23,AUD,9Y,6M BBSW,2.493051287755576
2019-01-22,AUD,9Y,6M BBSW,2.501099803702014
2019-01-21,AUD,9Y,6M BBSW,2.402450401293688
2019-01-18,AUD,9Y,6M BBSW,2.53369591825725
2019-01-17,AUD,9Y,6M BBSW,2.476115461073373
2019-01-16,AUD,9Y,6M BBSW,2.465459866493998
2019-01-15,AUD,9Y,6M BBSW,2.478727356647383
2019-01-14,AUD,9Y,6M BBSW,2.481180524868064
2019-01-11,AUD,9Y,6M BBSW,2.496099907660903
2019-01-10,AUD,9Y,6M BBSW,2.484914872598155
2019-01-09,AUD,9Y,6M BBSW,2.506747253000837
2019-01-08,AUD,9Y,6M BBSW,2.486107842638696
2019-01-07,AUD,9Y,6M BBSW,2.456150649992353
2019-01-04,AUD,9Y,6M BBSW,2.513697885957316
2019-01-03,AUD,9Y,6M BBSW,2.398062437190456
2019-01-02,AUD,9Y,6M BBSW,2.467372901689949
2018-12-31,AUD,9Y,6M BBSW,2.50006832827025
2018-12-28,AUD,9Y,6M BBSW,2.516707398635968
2018-12-27,AUD,9Y,6M BBSW,2.550980780710879
2018-12-24,AUD,9Y,6M BBSW,2.547401051110345
2018-12-21,AUD,9Y,6M BBSW,2.566210959317049
2018-12-20,AUD,9Y,6M BBSW,2.561102318168859
2018-12-19,AUD,9Y,6M BBSW,2.579206804744478
2018-12-18,AUD,9Y,6M BBSW,2.598537080887257
2018-12-17,AUD,9Y,6M BBSW,2.604942351169627
2018-12-14,AUD,9Y,6M BBSW,2.59747974995452
2018-12-13,AUD,9Y,6M BBSW,2.627364950997552
2018-12-12,AUD,9Y,6M BBSW,2.606054333546664
2018-12-11,AUD,9Y,6M BBSW,2.604810530853205
2018-12-10,AUD,9Y,6M BBSW,2.59240851308385
2018-12-07,AUD,9Y,6M BBSW,2.582378586670829
2018-12-06,AUD,9Y,6M BBSW,2.633676987406329
2018-12-05,AUD,9Y,6M BBSW,2.656682381831073
2018-12-04,AUD,9Y,6M BBSW,2.689788666961775
2018-12-03,AUD,9Y,6M BBSW,2.756134421955834
2018-11-30,AUD,9Y,6M BBSW,2.725044710748723
2018-11-29,AUD,9Y,6M BBSW,2.752431006462454
2018-11-28,AUD,9Y,6M BBSW,2.756670547008339
2018-11-27,AUD,9Y,6M BBSW,2.767162234629931
2018-11-26,AUD,9Y,6M BBSW,2.776137618285135
2018-11-23,AUD,9Y,6M BBSW,2.781074710476321
2018-11-22,AUD,9Y,6M BBSW,2.798591186997998
2018-11-21,AUD,9Y,6M BBSW,2.835346629217262
2018-11-20,AUD,9Y,6M BBSW,2.832229176108261
2018-11-19,AUD,9Y,6M BBSW,2.799935814534864
2018-11-16,AUD,9Y,6M BBSW,2.816171097764525
2018-11-15,AUD,9Y,6M BBSW,2.83880910253903
2018-11-14,AUD,9Y,6M BBSW,2.84305643205705
2018-11-13,AUD,9Y,6M BBSW,2.830927834646285
2018-11-12,AUD,9Y,6M BBSW,2.862433187601277
2018-11-09,AUD,9Y,6M BBSW,2.846168940989192
2018-11-08,AUD,9Y,6M BBSW,2.879884530283082
2018-11-07,AUD,9Y,6M BBSW,2.847942937592485
2018-11-06,AUD,9Y,6M BBSW,2.84842271601083
2018-11-05,AUD,9Y,6M BBSW,2.841133765307176
2018-11-02,AUD,9Y,6M BBSW,2.839869007196431
2018-11-01,AUD,9Y,6M BBSW,2.789891741864154
2018-10-31,AUD,9Y,6M BBSW,2.752851239524142
2018-10-30,AUD,9Y,6M BBSW,2.718262989984948
2018-10-29,AUD,9Y,6M BBSW,2.706175866798232
2018-10-26,AUD,9Y,6M BBSW,2.707400196143524
2018-10-25,AUD,9Y,6M BBSW,2.74360154626326
2018-10-24,AUD,9Y,6M BBSW,2.786628220618576
2018-10-23,AUD,9Y,6M BBSW,2.810913846364616
2018-10-22,AUD,9Y,6M BBSW,2.827417321791867
2018-10-19,AUD,9Y,6M BBSW,2.845030558637866
2018-10-18,AUD,9Y,6M BBSW,2.857310557333455
2018-10-17,AUD,9Y,6M BBSW,2.834112453627061
2018-10-16,AUD,9Y,6M BBSW,2.848394300697638
2018-10-15,AUD,9Y,6M BBSW,2.820067399037864
2018-10-12,AUD,9Y,6M BBSW,2.824881502889849
2018-10-11,AUD,9Y,6M BBSW,2.827369827454219
2018-10-10,AUD,9Y,6M BBSW,2.859064048333442
2018-10-09,AUD,9Y,6M BBSW,2.864586646781214
2018-10-08,AUD,9Y,6M BBSW,2.869914788425512
2018-10-05,AUD,9Y,6M BBSW,2.852304247869542
2018-10-04,AUD,9Y,6M BBSW,2.821558034377435
2018-10-03,AUD,9Y,6M BBSW,2.772101037589958
2018-10-02,AUD,9Y,6M BBSW,2.807602183954617
2018-09-28,AUD,9Y,6M BBSW,2.786061805491991
2018-09-27,AUD,9Y,6M BBSW,2.832376376983276
2018-09-26,AUD,9Y,6M BBSW,2.866585442707197
2018-09-25,AUD,9Y,6M BBSW,2.868411612892492
2018-09-24,AUD,9Y,6M BBSW,2.832433296995907
2018-09-21,AUD,9Y,6M BBSW,2.837369674154594
2018-09-20,AUD,9Y,6M BBSW,2.861087647423381
2018-09-19,AUD,9Y,6M BBSW,2.820351091316405
2018-09-18,AUD,9Y,6M BBSW,2.775958776443852
2018-09-17,AUD,9Y,6M BBSW,2.744937647273578
2018-09-14,AUD,9Y,6M BBSW,2.747508553721739
2018-09-13,AUD,9Y,6M BBSW,2.726097119002695
2018-09-12,AUD,9Y,6M BBSW,2.700488503739461
2018-09-11,AUD,9Y,6M BBSW,2.695999095381592
2018-09-10,AUD,9Y,6M BBSW,2.709939638098653
2018-09-07,AUD,9Y,6M BBSW,2.708681236414014
2018-09-06,AUD,9Y,6M BBSW,2.711198191294252
2018-09-05,AUD,9Y,6M BBSW,2.686691925744945
2018-09-04,AUD,9Y,6M BBSW,2.644824822417966
2018-09-03,AUD,9Y,6M BBSW,2.639942029685194
2018-08-31,AUD,9Y,6M BBSW,2.631305051386657
2018-08-30,AUD,9Y,6M BBSW,2.707556817622824
2018-08-29,AUD,9Y,6M BBSW,2.724285080277443
2018-08-28,AUD,9Y,6M BBSW,2.731062173722626
2018-08-27,AUD,9Y,6M BBSW,2.693672563686769
2018-08-24,AUD,9Y,6M BBSW,2.698714055147974
2018-08-23,AUD,9Y,6M BBSW,2.663617164115751
2018-08-22,AUD,9Y,6M BBSW,2.681676050524004
2018-08-21,AUD,9Y,6M BBSW,2.674688587127308
2018-08-20,AUD,9Y,6M BBSW,2.671209922095632
2018-08-17,AUD,9Y,6M BBSW,2.699913373323653
2018-08-16,AUD,9Y,6M BBSW,2.691214701059805
2018-08-15,AUD,9Y,6M BBSW,2.702101148598662
2018-08-14,AUD,9Y,6M BBSW,2.728687116459571
2018-08-13,AUD,9Y,6M BBSW,2.727406302462745
2018-08-10,AUD,9Y,6M BBSW,2.746110478748492
2018-08-09,AUD,9Y,6M BBSW,2.783709022411414
2018-08-08,AUD,9Y,6M BBSW,2.809136330311917
2018-08-07,AUD,9Y,6M BBSW,2.799611056130021
2018-08-03,AUD,9Y,6M BBSW,2.824847187573684
2018-08-02,AUD,9Y,6M BBSW,2.855297992837136
2018-08-01,AUD,9Y,6M BBSW,2.829528813405392
2018-07-31,AUD,9Y,6M BBSW,2.817149975929079
2018-07-30,AUD,9Y,6M BBSW,2.775011189321864
2018-07-27,AUD,9Y,6M BBSW,2.774876854849597
2018-07-26,AUD,9Y,6M BBSW,2.819769787478484
2018-07-25,AUD,9Y,6M BBSW,2.82159648460108
2018-07-24,AUD,9Y,6M BBSW,2.850884543786736
2018-07-23,AUD,9Y,6M BBSW,2.808600442385247
2018-07-20,AUD,9Y,6M BBSW,2.813704879264189
2018-07-19,AUD,9Y,6M BBSW,2.80740839748712
2018-07-18,AUD,9Y,6M BBSW,2.800338211088691
2018-07-17,AUD,9Y,6M BBSW,2.793426214192757
2018-07-16,AUD,9Y,6M BBSW,2.779902252198654
2018-07-13,AUD,9Y,6M BBSW,2.766109307608811
2018-07-12,AUD,9Y,6M BBSW,2.776109992735204
2018-07-11,AUD,9Y,6M BBSW,2.771647953586999
2018-07-10,AUD,9Y,6M BBSW,2.790927350196111
2018-07-09,AUD,9Y,6M BBSW,2.762403282461063
2018-07-06,AUD,9Y,6M BBSW,2.771109672858568
2018-07-05,AUD,9Y,6M BBSW,2.751211855064093
2018-07-04,AUD,9Y,6M BBSW,2.741657195901035
2018-07-03,AUD,9Y,6M BBSW,2.743440047065604
2018-07-02,AUD,9Y,6M BBSW,2.763677497154615
2018-06-29,AUD,9Y,6M BBSW,2.769967953231042
2018-06-28,AUD,9Y,6M BBSW,2.769860495871057
2018-06-27,AUD,9Y,6M BBSW,2.779092059127932
2018-06-26,AUD,9Y,6M BBSW,2.764474375789985
2018-06-25,AUD,9Y,6M BBSW,2.769638138266642
2018-06-22,AUD,9Y,6M BBSW,2.787402001327298
2018-06-21,AUD,9Y,6M BBSW,2.821092032266743
2018-06-20,AUD,9Y,6M BBSW,2.789151576730818
2018-06-19,AUD,9Y,6M BBSW,2.77842143142698
2018-06-18,AUD,9Y,6M BBSW,2.8099192631261
2018-06-15,AUD,9Y,6M BBSW,2.837605002980346
2018-06-14,AUD,9Y,6M BBSW,2.868027818457114
2018-06-13,AUD,9Y,6M BBSW,2.912015434204853
2018-06-12,AUD,9Y,6M BBSW,2.917534629141587
2018-06-08,AUD,9Y,6M BBSW,2.914828992872691
2018-06-07,AUD,9Y,6M BBSW,2.94234312318201
2018-06-06,AUD,9Y,6M BBSW,2.87659927695995
2018-06-05,AUD,9Y,6M BBSW,2.873371055199911
2018-06-04,AUD,9Y,6M BBSW,2.849916265567745
2025-11-13,AUD,10Y,6M BBSW,4.5149
2025-11-12,AUD,10Y,6M BBSW,4.417200000001496
2025-11-11,AUD,10Y,6M BBSW,4.385700000000623
2025-11-10,AUD,10Y,6M BBSW,4.392699759797537
2025-11-07,AUD,10Y,6M BBSW,4.342799999999873
2025-11-06,AUD,10Y,6M BBSW,4.342400000002439
2025-11-05,AUD,10Y,6M BBSW,4.375999999999404
2025-11-04,AUD,10Y,6M BBSW,4.351799999999767
2025-11-03,AUD,10Y,6M BBSW,4.371899673376157
2025-10-31,AUD,10Y,6M BBSW,4.340000000000817
2025-10-30,AUD,10Y,6M BBSW,4.325100000000212
2025-10-29,AUD,10Y,6M BBSW,4.34839999999838
2025-10-28,AUD,10Y,6M BBSW,4.205599999999102
2025-10-27,AUD,10Y,6M BBSW,4.204099999999973
2025-10-24,AUD,10Y,6M BBSW,4.161699999999234
2025-10-23,AUD,10Y,6M BBSW,4.178299999999521
2025-10-22,AUD,10Y,6M BBSW,4.128799999999747
2025-10-21,AUD,10Y,6M BBSW,4.149299999998814
2025-10-20,AUD,10Y,6M BBSW,4.116600000000184
2025-10-17,AUD,10Y,6M BBSW,4.134099999987965
2025-10-16,AUD,10Y,6M BBSW,4.115100000004097
2025-10-15,AUD,10Y,6M BBSW,4.208197103662502
2025-10-14,AUD,10Y,6M BBSW,4.231295324229772
2025-10-13,AUD,10Y,6M BBSW,4.242600000001312
2025-10-10,AUD,10Y,6M BBSW,4.293400000000751
2025-10-09,AUD,10Y,6M BBSW,4.316799999999647
2025-10-08,AUD,10Y,6M BBSW,4.268800000002576
2025-10-07,AUD,10Y,6M BBSW,4.290584371499984
2025-10-03,AUD,10Y,6M BBSW,4.263593703634984
2025-10-02,AUD,10Y,6M BBSW,4.265631603541618
2025-10-01,AUD,10Y,6M BBSW,4.286587995111251
2025-09-30,AUD,10Y,6M BBSW,4.302912357732824
2025-09-29,AUD,10Y,6M BBSW,4.258510220764375
2025-09-26,AUD,10Y,6M BBSW,4.296983333983167
2025-09-25,AUD,10Y,6M BBSW,4.31060246269668
2025-09-24,AUD,10Y,6M BBSW,4.271149802296836
2025-09-23,AUD,10Y,6M BBSW,4.18189579325465
2025-09-22,AUD,10Y,6M BBSW,4.209207816207098
2025-09-19,AUD,10Y,6M BBSW,4.181815522291062
2025-09-18,AUD,10Y,6M BBSW,4.170443546882921
2025-09-17,AUD,10Y,6M BBSW,4.170382846709513
2025-09-16,AUD,10Y,6M BBSW,4.14509694392318
2025-09-15,AUD,10Y,6M BBSW,4.155905827391676
2025-09-12,AUD,10Y,6M BBSW,4.161517291433009
2025-09-11,AUD,10Y,6M BBSW,4.121649962015024
2025-09-10,AUD,10Y,6M BBSW,4.151284670684394
2025-09-09,AUD,10Y,6M BBSW,4.206081336161399
2025-09-08,AUD,10Y,6M BBSW,4.149532675386004
2025-09-05,AUD,10Y,6M BBSW,4.200016194518446
2025-09-04,AUD,10Y,6M BBSW,4.223937084446283
2025-09-03,AUD,10Y,6M BBSW,4.257373264311673
2025-09-02,AUD,10Y,6M BBSW,4.251870300317194
2025-09-01,AUD,10Y,6M BBSW,4.234500581085127
2025-08-29,AUD,10Y,6M BBSW,4.175382791443709
2025-08-28,AUD,10Y,6M BBSW,4.162350414505203
2025-08-27,AUD,10Y,6M BBSW,4.195377013455948
2025-08-26,AUD,10Y,6M BBSW,4.202841906552508
2025-08-25,AUD,10Y,6M BBSW,4.191993999808226
2025-08-22,AUD,10Y,6M BBSW,4.196315309704962
2025-08-21,AUD,10Y,6M BBSW,4.205967637982555
2025-08-20,AUD,10Y,6M BBSW,4.171916353688833
2025-08-19,AUD,10Y,6M BBSW,4.216137823795289
2025-08-18,AUD,10Y,6M BBSW,4.204189482218689
2025-08-15,AUD,10Y,6M BBSW,4.144230467658329
2025-08-14,AUD,10Y,6M BBSW,4.1443382323325
2025-08-13,AUD,10Y,6M BBSW,4.104322458140473
2025-08-12,AUD,10Y,6M BBSW,4.153355790754388
2025-08-11,AUD,10Y,6M BBSW,4.161604946923105
2025-08-08,AUD,10Y,6M BBSW,4.165017828239423
2025-08-07,AUD,10Y,6M BBSW,4.157427585849566
2025-08-06,AUD,10Y,6M BBSW,4.129341791843623
2025-08-05,AUD,10Y,6M BBSW,4.13855610586377
2025-08-01,AUD,10Y,6M BBSW,4.130729688795364
2025-07-31,AUD,10Y,6M BBSW,4.20028595115125
2025-07-30,AUD,10Y,6M BBSW,4.190351003076628
2025-07-29,AUD,10Y,6M BBSW,4.207639872880177
2025-07-28,AUD,10Y,6M BBSW,4.241745340347045
2025-07-25,AUD,10Y,6M BBSW,4.24104039156642
2025-07-24,AUD,10Y,6M BBSW,4.246816746918186
2025-07-23,AUD,10Y,6M BBSW,4.218112192114319
2025-07-22,AUD,10Y,6M BBSW,4.183447147070389
2025-07-21,AUD,10Y,6M BBSW,4.19899121293033
2025-07-18,AUD,10Y,6M BBSW,4.240112029718138
2025-07-17,AUD,10Y,6M BBSW,4.21806549029977
2025-07-16,AUD,10Y,6M BBSW,4.276007107145318
2025-07-15,AUD,10Y,6M BBSW,4.318784422193143
2025-07-14,AUD,10Y,6M BBSW,4.253908347683389
2025-07-11,AUD,10Y,6M BBSW,4.251310891891083
2025-07-10,AUD,10Y,6M BBSW,4.214765533248848
2025-07-09,AUD,10Y,6M BBSW,4.18381560790572
2025-07-08,AUD,10Y,6M BBSW,4.20823975776758
2025-07-07,AUD,10Y,6M BBSW,4.127820972436201
2025-07-04,AUD,10Y,6M BBSW,4.097124565949
2025-07-03,AUD,10Y,6M BBSW,4.119132528984632
2025-07-02,AUD,10Y,6M BBSW,4.098255082353861
2025-07-01,AUD,10Y,6M BBSW,4.051120921023296
2025-06-30,AUD,10Y,6M BBSW,4.06498988614254
2025-06-27,AUD,10Y,6M BBSW,4.068680059677505
2025-06-26,AUD,10Y,6M BBSW,4.035635210636388
2025-06-25,AUD,10Y,6M BBSW,4.046528009372125
2025-06-24,AUD,10Y,6M BBSW,4.061564840340889
2025-06-23,AUD,10Y,6M BBSW,4.108510560668122
2025-06-20,AUD,10Y,6M BBSW,4.112105247168389
2025-06-19,AUD,10Y,6M BBSW,4.107901461002916
2025-06-18,AUD,10Y,6M BBSW,4.149890764344851
2025-06-17,AUD,10Y,6M BBSW,4.132681385693974
2025-06-16,AUD,10Y,6M BBSW,4.143586631904257
2025-06-13,AUD,10Y,6M BBSW,4.137536289016774
2025-06-12,AUD,10Y,6M BBSW,4.06539429192494
2025-06-11,AUD,10Y,6M BBSW,4.142088235506769
2025-06-10,AUD,10Y,6M BBSW,4.185853481879389
2025-06-06,AUD,10Y,6M BBSW,4.235873172087986
2025-06-05,AUD,10Y,6M BBSW,4.16519561800094
2025-06-04,AUD,10Y,6M BBSW,4.105694471525213
2025-06-03,AUD,10Y,6M BBSW,4.149177025630363
2025-06-02,AUD,10Y,6M BBSW,4.190766891376838
2025-05-30,AUD,10Y,6M BBSW,4.143850514329777
2025-05-29,AUD,10Y,6M BBSW,4.185090612518893
2025-05-28,AUD,10Y,6M BBSW,4.259108563289604
2025-05-27,AUD,10Y,6M BBSW,4.149857126168811
2025-05-26,AUD,10Y,6M BBSW,4.205188704172983
2025-05-23,AUD,10Y,6M BBSW,4.246811023979025
2025-05-22,AUD,10Y,6M BBSW,4.281559626027293
2025-05-21,AUD,10Y,6M BBSW,4.378397832615811
2025-05-20,AUD,10Y,6M BBSW,4.264624842442434
2025-05-19,AUD,10Y,6M BBSW,4.328534426175183
2025-05-16,AUD,10Y,6M BBSW,4.352100300019949
2025-05-15,AUD,10Y,6M BBSW,4.322054482130181
2025-05-14,AUD,10Y,6M BBSW,4.40514676470662
2025-05-13,AUD,10Y,6M BBSW,4.330904700147422
2025-05-12,AUD,10Y,6M BBSW,4.282353465017443
2025-05-09,AUD,10Y,6M BBSW,4.158918705681717
2025-05-08,AUD,10Y,6M BBSW,4.157373345929688
2025-05-07,AUD,10Y,6M BBSW,4.092924968859005
2025-05-06,AUD,10Y,6M BBSW,4.179048951872755
2025-05-05,AUD,10Y,6M BBSW,4.162005539947873
2025-05-02,AUD,10Y,6M BBSW,4.150120396378735
2025-05-01,AUD,10Y,6M BBSW,4.092380667277464
2025-04-30,AUD,10Y,6M BBSW,4.053934351825548
2025-04-29,AUD,10Y,6M BBSW,4.066635171913786
2025-04-28,AUD,10Y,6M BBSW,4.073417306687192
2025-04-24,AUD,10Y,6M BBSW,4.129877456649513
2025-04-23,AUD,10Y,6M BBSW,4.184762960727307
2025-04-22,AUD,10Y,6M BBSW,4.137855901838225
2025-04-17,AUD,10Y,6M BBSW,4.14495295894146
2025-04-16,AUD,10Y,6M BBSW,4.176140165904812
2025-04-15,AUD,10Y,6M BBSW,4.240908233674963
2025-04-14,AUD,10Y,6M BBSW,4.264349037446835
2025-04-11,AUD,10Y,6M BBSW,4.378874820602839
2025-04-10,AUD,10Y,6M BBSW,4.290963907506508
2025-04-09,AUD,10Y,6M BBSW,4.195264190797563
2025-04-08,AUD,10Y,6M BBSW,4.159451659978383
2025-04-07,AUD,10Y,6M BBSW,4.215634408754583
2025-04-04,AUD,10Y,6M BBSW,4.06538130580651
2025-03-28,AUD,10Y,6M BBSW,4.323848116663931
2025-03-27,AUD,10Y,6M BBSW,4.371893472152053
2025-03-26,AUD,10Y,6M BBSW,4.383337589799565
2025-03-25,AUD,10Y,6M BBSW,4.365142111472771
2025-03-24,AUD,10Y,6M BBSW,4.338578762030421
2025-03-21,AUD,10Y,6M BBSW,4.320802063328921
2025-03-20,AUD,10Y,6M BBSW,4.325653670840754
2025-03-19,AUD,10Y,6M BBSW,4.324003117980169
2025-03-18,AUD,10Y,6M BBSW,4.354396989119325
2025-03-17,AUD,10Y,6M BBSW,4.337924788735056
2025-03-14,AUD,10Y,6M BBSW,4.359752389362665
2025-03-13,AUD,10Y,6M BBSW,4.330552688680016
2025-03-12,AUD,10Y,6M BBSW,4.383197449049128
2025-03-11,AUD,10Y,6M BBSW,4.3765911384437
2025-03-10,AUD,10Y,6M BBSW,4.322731906579513
2025-03-07,AUD,10Y,6M BBSW,4.369997114252208
2025-03-06,AUD,10Y,6M BBSW,4.396544692864008
2025-03-05,AUD,10Y,6M BBSW,4.427192965459007
2025-03-04,AUD,10Y,6M BBSW,4.336801809510839
2025-03-03,AUD,10Y,6M BBSW,4.247961049787037
2025-02-28,AUD,10Y,6M BBSW,4.295576862236032
2025-02-27,AUD,10Y,6M BBSW,4.310875848740428
2025-02-26,AUD,10Y,6M BBSW,4.328347459083575
2025-02-25,AUD,10Y,6M BBSW,4.361791158842336
2025-02-24,AUD,10Y,6M BBSW,4.412189828365108
2025-02-21,AUD,10Y,6M BBSW,4.474333376584634
2025-02-20,AUD,10Y,6M BBSW,4.522582367553356
2025-02-19,AUD,10Y,6M BBSW,4.517124529120194
2025-02-18,AUD,10Y,6M BBSW,4.531851229014391
2025-02-17,AUD,10Y,6M BBSW,4.443077445254863
2025-02-14,AUD,10Y,6M BBSW,4.417557899143257
2025-02-13,AUD,10Y,6M BBSW,4.422492176201194
2025-02-12,AUD,10Y,6M BBSW,4.52892253597313
2025-02-11,AUD,10Y,6M BBSW,4.444771773586076
2025-02-10,AUD,10Y,6M BBSW,4.368308312532641
2025-02-07,AUD,10Y,6M BBSW,4.392692001772847
2025-02-06,AUD,10Y,6M BBSW,4.328122523534228
2025-02-05,AUD,10Y,6M BBSW,4.295148437542432
2025-02-04,AUD,10Y,6M BBSW,4.414670027945109
2025-02-03,AUD,10Y,6M BBSW,4.414185111418949
2025-01-31,AUD,10Y,6M BBSW,4.380002298369366
2025-01-30,AUD,10Y,6M BBSW,4.361146819678657
2025-01-29,AUD,10Y,6M BBSW,4.379540757294883
2025-01-28,AUD,10Y,6M BBSW,4.41945054804706
2025-01-24,AUD,10Y,6M BBSW,4.459083046409503
2025-01-23,AUD,10Y,6M BBSW,4.483587742418002
2025-01-22,AUD,10Y,6M BBSW,4.489128580966591
2025-01-21,AUD,10Y,6M BBSW,4.455869489855266
2025-01-20,AUD,10Y,6M BBSW,4.45287187348634
2025-01-17,AUD,10Y,6M BBSW,4.515028914717989
2025-01-16,AUD,10Y,6M BBSW,4.496586483191871
2025-01-15,AUD,10Y,6M BBSW,4.513521910255825
2025-01-14,AUD,10Y,6M BBSW,4.63440358098927
2025-01-13,AUD,10Y,6M BBSW,4.598033089554638
2025-01-10,AUD,10Y,6M BBSW,4.561225450469579
2025-01-09,AUD,10Y,6M BBSW,4.485587729495996
2025-01-08,AUD,10Y,6M BBSW,4.527923643305384
2025-01-07,AUD,10Y,6M BBSW,4.524953269958157
2025-01-06,AUD,10Y,6M BBSW,4.437703542916524
2025-01-03,AUD,10Y,6M BBSW,4.393093089047619
2025-01-02,AUD,10Y,6M BBSW,4.385121872275785
2024-12-31,AUD,10Y,6M BBSW,4.345760157082968
2024-12-30,AUD,10Y,6M BBSW,4.37143739984291
2024-12-27,AUD,10Y,6M BBSW,4.400616596886535
2024-12-24,AUD,10Y,6M BBSW,4.427391433876831
2024-12-23,AUD,10Y,6M BBSW,4.420524393102414
2024-12-20,AUD,10Y,6M BBSW,4.424963609142245
2024-12-19,AUD,10Y,6M BBSW,4.457262187966545
2024-12-18,AUD,10Y,6M BBSW,4.364974352054018
2024-12-17,AUD,10Y,6M BBSW,4.300057256098711
2024-12-16,AUD,10Y,6M BBSW,4.328043480940988
2024-12-13,AUD,10Y,6M BBSW,4.360298307951596
2024-12-12,AUD,10Y,6M BBSW,4.337954238628938
2024-12-11,AUD,10Y,6M BBSW,4.239788405651971
2024-12-10,AUD,10Y,6M BBSW,4.218182567503683
2024-12-09,AUD,10Y,6M BBSW,4.289784156972329
2024-12-06,AUD,10Y,6M BBSW,4.272157473621921
2024-12-05,AUD,10Y,6M BBSW,4.305481374495806
2024-12-04,AUD,10Y,6M BBSW,4.263985447003052
2024-12-03,AUD,10Y,6M BBSW,4.371738688710673
2024-12-02,AUD,10Y,6M BBSW,4.323341943077121
2024-11-29,AUD,10Y,6M BBSW,4.35530386803797
2024-11-28,AUD,10Y,6M BBSW,4.41359667166085
2024-11-27,AUD,10Y,6M BBSW,4.434937728184639
2024-11-26,AUD,10Y,6M BBSW,4.464366202162172
2024-11-25,AUD,10Y,6M BBSW,4.450793869914042
2024-11-22,AUD,10Y,6M BBSW,4.533026603212544
2024-11-21,AUD,10Y,6M BBSW,4.568381395177896
2024-11-20,AUD,10Y,6M BBSW,4.569421273505474
2024-11-19,AUD,10Y,6M BBSW,4.552345854080435
2024-11-18,AUD,10Y,6M BBSW,4.548355158892936
2024-11-15,AUD,10Y,6M BBSW,4.594544209378116
2024-11-14,AUD,10Y,6M BBSW,4.623444767929045
2024-11-13,AUD,10Y,6M BBSW,4.659410494177354
2024-11-12,AUD,10Y,6M BBSW,4.650822769705049
2024-11-11,AUD,10Y,6M BBSW,4.588636012466154
2024-11-08,AUD,10Y,6M BBSW,4.539326185748044
2024-11-07,AUD,10Y,6M BBSW,4.588779733946796
2024-11-06,AUD,10Y,6M BBSW,4.643011698082801
2024-11-05,AUD,10Y,6M BBSW,4.56654207769438
2024-11-04,AUD,10Y,6M BBSW,4.547453461008857
2024-11-01,AUD,10Y,6M BBSW,4.5891209077769
2024-10-31,AUD,10Y,6M BBSW,4.578280232610588
2024-10-30,AUD,10Y,6M BBSW,4.569370475252002
2024-10-29,AUD,10Y,6M BBSW,4.505369371848829
2024-10-28,AUD,10Y,6M BBSW,4.4919779852996
2024-10-24,AUD,10Y,6M BBSW,4.467138311627861
2024-10-23,AUD,10Y,6M BBSW,4.537130066367588
2024-10-22,AUD,10Y,6M BBSW,4.503377929073276
2024-10-21,AUD,10Y,6M BBSW,4.443766132236164
2024-10-17,AUD,10Y,6M BBSW,4.382520231389399
2024-10-16,AUD,10Y,6M BBSW,4.267033843332194
2024-10-15,AUD,10Y,6M BBSW,4.293417515415586
2024-10-14,AUD,10Y,6M BBSW,4.33517137466846
2024-10-11,AUD,10Y,6M BBSW,4.312478701836458
2024-10-10,AUD,10Y,6M BBSW,4.294360381805501
2024-10-09,AUD,10Y,6M BBSW,4.304257713984415
2024-10-08,AUD,10Y,6M BBSW,4.265445177555531
2024-10-04,AUD,10Y,6M BBSW,4.230844781045291
2024-10-03,AUD,10Y,6M BBSW,4.147522641920828
2024-10-02,AUD,10Y,6M BBSW,4.094577979203705
2024-10-01,AUD,10Y,6M BBSW,4.046634359694292
2024-09-30,AUD,10Y,6M BBSW,4.073072232698402
2024-09-27,AUD,10Y,6M BBSW,4.022946007910024
2024-09-26,AUD,10Y,6M BBSW,4.046658096145767
2024-09-25,AUD,10Y,6M BBSW,4.023182722802286
2024-09-24,AUD,10Y,6M BBSW,3.986181603721004
2024-09-23,AUD,10Y,6M BBSW,4.049061192167603
2024-09-20,AUD,10Y,6M BBSW,4.029888212056635
2024-09-19,AUD,10Y,6M BBSW,4.008033040468884
2024-09-18,AUD,10Y,6M BBSW,3.987187173420758
2024-09-17,AUD,10Y,6M BBSW,3.935793341630274
2024-09-16,AUD,10Y,6M BBSW,3.885933401189258
2024-09-13,AUD,10Y,6M BBSW,3.921799869820547
2024-09-12,AUD,10Y,6M BBSW,3.92663988755348
2024-09-11,AUD,10Y,6M BBSW,3.966389803264876
2024-09-10,AUD,10Y,6M BBSW,3.977083186696304
2024-09-09,AUD,10Y,6M BBSW,4.024267823088641
2024-09-06,AUD,10Y,6M BBSW,4.024787682424297
2024-09-05,AUD,10Y,6M BBSW,4.049829715956064
2024-09-04,AUD,10Y,6M BBSW,4.020983356120693
2024-09-03,AUD,10Y,6M BBSW,4.071461108364794
2024-09-02,AUD,10Y,6M BBSW,4.156808184871331
2024-08-30,AUD,10Y,6M BBSW,4.118890340243232
2024-08-29,AUD,10Y,6M BBSW,4.093800654689598
2024-08-27,AUD,10Y,6M BBSW,4.030214459418226
2024-08-26,AUD,10Y,6M BBSW,4.011888272592542
2024-08-23,AUD,10Y,6M BBSW,4.024804191050089
2024-08-22,AUD,10Y,6M BBSW,4.059802024845029
2024-08-21,AUD,10Y,6M BBSW,4.015989033232477
2024-08-20,AUD,10Y,6M BBSW,4.025154295559479
2024-08-19,AUD,10Y,6M BBSW,4.070510828151806
2024-08-16,AUD,10Y,6M BBSW,4.067299699255896
2024-08-15,AUD,10Y,6M BBSW,4.102168313347082
2024-08-14,AUD,10Y,6M BBSW,4.017548586622767
2024-08-13,AUD,10Y,6M BBSW,4.065143931243457
2024-08-12,AUD,10Y,6M BBSW,4.120488030184002
2024-08-09,AUD,10Y,6M BBSW,4.148591333932473
2024-08-08,AUD,10Y,6M BBSW,4.217288897534237
2024-08-07,AUD,10Y,6M BBSW,4.202615744227558
2024-08-06,AUD,10Y,6M BBSW,4.177941894139847
2024-08-02,AUD,10Y,6M BBSW,4.052193608039238
2024-08-01,AUD,10Y,6M BBSW,4.125917192444879
2024-07-31,AUD,10Y,6M BBSW,4.168981753653804
2024-07-30,AUD,10Y,6M BBSW,4.375211052453157
2024-07-29,AUD,10Y,6M BBSW,4.400364635861028
2024-07-26,AUD,10Y,6M BBSW,4.378254110511844
2024-07-24,AUD,10Y,6M BBSW,4.457186889117868
2024-07-23,AUD,10Y,6M BBSW,4.465042330508028
2024-07-22,AUD,10Y,6M BBSW,4.44664542370594
2024-07-19,AUD,10Y,6M BBSW,4.447258286104308
2024-07-18,AUD,10Y,6M BBSW,4.387268723859443
2024-07-17,AUD,10Y,6M BBSW,4.348551251795742
2024-07-16,AUD,10Y,6M BBSW,4.352670428607864
2024-07-15,AUD,10Y,6M BBSW,4.44399371702224
2024-07-12,AUD,10Y,6M BBSW,4.450957580712191
2024-07-11,AUD,10Y,6M BBSW,4.495959311015504
2024-07-10,AUD,10Y,6M BBSW,4.512231003352936
2024-07-09,AUD,10Y,6M BBSW,4.523826419283584
2024-07-08,AUD,10Y,6M BBSW,4.504018151834908
2024-07-05,AUD,10Y,6M BBSW,4.520948789430857
2024-07-04,AUD,10Y,6M BBSW,4.582241305708012
2024-07-03,AUD,10Y,6M BBSW,4.568469713251858
2024-07-02,AUD,10Y,6M BBSW,4.579932935156335
2024-07-01,AUD,10Y,6M BBSW,4.606248933977964
2024-06-28,AUD,10Y,6M BBSW,4.5720972357934
2024-06-27,AUD,10Y,6M BBSW,4.504595819685276
2024-06-26,AUD,10Y,6M BBSW,4.573079943780435
2024-06-24,AUD,10Y,6M BBSW,4.379048398117647
2024-06-21,AUD,10Y,6M BBSW,4.38351183167289
2024-06-20,AUD,10Y,6M BBSW,4.397266934378476
2024-06-19,AUD,10Y,6M BBSW,4.355975285468854
2024-06-18,AUD,10Y,6M BBSW,4.337650634195029
2024-06-17,AUD,10Y,6M BBSW,4.340442577782114
2024-06-14,AUD,10Y,6M BBSW,4.29268705847108
2024-06-13,AUD,10Y,6M BBSW,4.338202226295132
2024-06-12,AUD,10Y,6M BBSW,4.391704412245892
2024-06-11,AUD,10Y,6M BBSW,4.474260025260901
2024-06-07,AUD,10Y,6M BBSW,4.482114172488216
2024-06-06,AUD,10Y,6M BBSW,4.405940992904609
2024-06-05,AUD,10Y,6M BBSW,4.392270779525052
2024-06-04,AUD,10Y,6M BBSW,4.386338380178024
2024-06-03,AUD,10Y,6M BBSW,4.471688445003936
2024-05-31,AUD,10Y,6M BBSW,4.569088071870224
2024-05-30,AUD,10Y,6M BBSW,4.572613986367348
2024-05-29,AUD,10Y,6M BBSW,4.62368815291942
2024-05-28,AUD,10Y,6M BBSW,4.52002813807724
2024-05-27,AUD,10Y,6M BBSW,4.444046641816617
2024-05-24,AUD,10Y,6M BBSW,4.478553638551855
2024-05-23,AUD,10Y,6M BBSW,4.470953048252619
2024-05-22,AUD,10Y,6M BBSW,4.459736929165135
2024-05-21,AUD,10Y,6M BBSW,4.428852522829443
2024-05-20,AUD,10Y,6M BBSW,4.444047912923738
2024-05-17,AUD,10Y,6M BBSW,4.445958104487602
2024-05-16,AUD,10Y,6M BBSW,4.420963842345776
2024-05-15,AUD,10Y,6M BBSW,4.42901376833259
2024-05-14,AUD,10Y,6M BBSW,4.533984105670872
2024-05-13,AUD,10Y,6M BBSW,4.545304673609032
2024-05-10,AUD,10Y,6M BBSW,4.582242545230218
2024-05-09,AUD,10Y,6M BBSW,4.570944992062048
2024-05-08,AUD,10Y,6M BBSW,4.558525907977668
2024-05-07,AUD,10Y,6M BBSW,4.470042691382954
2024-05-06,AUD,10Y,6M BBSW,4.597780874784688
2024-05-03,AUD,10Y,6M BBSW,4.599740879882421
2024-05-02,AUD,10Y,6M BBSW,4.643537466006016
2024-05-01,AUD,10Y,6M BBSW,4.709706952930803
2024-04-30,AUD,10Y,6M BBSW,4.703351938813503
2024-04-29,AUD,10Y,6M BBSW,4.692132096912077
2024-04-26,AUD,10Y,6M BBSW,4.719664740616979
2024-04-24,AUD,10Y,6M BBSW,4.663516532839251
2024-04-23,AUD,10Y,6M BBSW,4.496285668487364
2024-04-22,AUD,10Y,6M BBSW,4.502850908635107
2024-04-19,AUD,10Y,6M BBSW,4.530751898537326
2024-04-18,AUD,10Y,6M BBSW,4.553405427954757
2024-04-17,AUD,10Y,6M BBSW,4.555898136991044
2024-04-16,AUD,10Y,6M BBSW,4.597528414879656
2024-04-15,AUD,10Y,6M BBSW,4.526568063957455
2024-04-12,AUD,10Y,6M BBSW,4.43218094851656
2024-04-11,AUD,10Y,6M BBSW,4.51714688816305
2024-04-10,AUD,10Y,6M BBSW,4.441296364774685
2024-04-09,AUD,10Y,6M BBSW,4.309112277723585
2024-04-08,AUD,10Y,6M BBSW,4.393163706774603
2024-04-04,AUD,10Y,6M BBSW,4.31843099825395
2024-04-03,AUD,10Y,6M BBSW,4.340778741409515
2024-04-02,AUD,10Y,6M BBSW,4.337525923409581
2024-03-28,AUD,10Y,6M BBSW,4.218528315967787
2024-03-27,AUD,10Y,6M BBSW,4.215920125608179
2024-03-26,AUD,10Y,6M BBSW,4.281194779607307
2024-03-25,AUD,10Y,6M BBSW,4.274121380482182
2024-03-22,AUD,10Y,6M BBSW,4.258579322529346
2024-03-21,AUD,10Y,6M BBSW,4.308571384416895
2024-03-20,AUD,10Y,6M BBSW,4.274760396602841
2024-03-19,AUD,10Y,6M BBSW,4.3238797451532
2024-03-18,AUD,10Y,6M BBSW,4.36788136382492
2024-03-15,AUD,10Y,6M BBSW,4.386970318253973
2024-03-14,AUD,10Y,6M BBSW,4.370291025615494
2024-03-13,AUD,10Y,6M BBSW,4.299757011662317
2024-03-12,AUD,10Y,6M BBSW,4.257695466923566
2024-03-11,AUD,10Y,6M BBSW,4.205450717886815
2024-03-08,AUD,10Y,6M BBSW,4.235781980026953
2024-03-07,AUD,10Y,6M BBSW,4.260976194330493
2024-03-06,AUD,10Y,6M BBSW,4.243563705446656
2024-03-05,AUD,10Y,6M BBSW,4.28888848673649
2024-03-04,AUD,10Y,6M BBSW,4.376677891648844
2024-03-01,AUD,10Y,6M BBSW,4.368567375907297
2024-02-29,AUD,10Y,6M BBSW,4.385281725315372
2024-02-28,AUD,10Y,6M BBSW,4.394976252106169
2024-02-27,AUD,10Y,6M BBSW,4.446098287850214
2024-02-26,AUD,10Y,6M BBSW,4.417650514889488
2024-02-23,AUD,10Y,6M BBSW,4.408565218236237
2024-02-22,AUD,10Y,6M BBSW,4.425937126859482
2024-02-21,AUD,10Y,6M BBSW,4.454739128446436
2024-02-20,AUD,10Y,6M BBSW,4.437316957238464
2024-02-19,AUD,10Y,6M BBSW,4.453841933021977
2024-02-16,AUD,10Y,6M BBSW,4.470958595397432
2024-02-15,AUD,10Y,6M BBSW,4.432801065503861
2024-02-14,AUD,10Y,6M BBSW,4.468856263950894
2024-02-13,AUD,10Y,6M BBSW,4.532309291114771
2024-02-12,AUD,10Y,6M BBSW,4.433847279462223
2024-02-09,AUD,10Y,6M BBSW,4.413565124630936
2024-02-08,AUD,10Y,6M BBSW,4.392242575065192
2024-02-07,AUD,10Y,6M BBSW,4.372221782106601
2024-02-06,AUD,10Y,6M BBSW,4.349771208954572
2024-02-05,AUD,10Y,6M BBSW,4.381260614022124
2024-02-02,AUD,10Y,6M BBSW,4.319652328693676
2024-02-01,AUD,10Y,6M BBSW,4.224669647885867
2024-01-31,AUD,10Y,6M BBSW,4.237689380969448
2024-01-30,AUD,10Y,6M BBSW,4.36997181065587
2024-01-29,AUD,10Y,6M BBSW,4.406353883213847
2024-01-25,AUD,10Y,6M BBSW,4.459630418971515
2024-01-24,AUD,10Y,6M BBSW,4.515880035384186
2024-01-23,AUD,10Y,6M BBSW,4.479813518147216
2024-01-22,AUD,10Y,6M BBSW,4.446343831276453
2024-01-19,AUD,10Y,6M BBSW,4.524752794088619
2024-01-18,AUD,10Y,6M BBSW,4.550922570217907
2024-01-17,AUD,10Y,6M BBSW,4.519731248133555
2024-01-16,AUD,10Y,6M BBSW,4.446016090410162
2024-01-15,AUD,10Y,6M BBSW,4.406270006413725
2024-01-12,AUD,10Y,6M BBSW,4.353573092902913
2024-01-11,AUD,10Y,6M BBSW,4.332250089392282
2024-01-10,AUD,10Y,6M BBSW,4.40094573154657
2024-01-09,AUD,10Y,6M BBSW,4.321026877352432
2024-01-08,AUD,10Y,6M BBSW,4.363864397800334
2024-01-05,AUD,10Y,6M BBSW,4.430963451344447
2024-01-04,AUD,10Y,6M BBSW,4.355946134232087
2024-01-03,AUD,10Y,6M BBSW,4.258513563211825
2024-01-02,AUD,10Y,6M BBSW,4.2650443968032
2023-12-29,AUD,10Y,6M BBSW,4.182387976968334
2023-12-28,AUD,10Y,6M BBSW,4.164676116961463
2023-12-27,AUD,10Y,6M BBSW,4.152562467057116
2023-12-22,AUD,10Y,6M BBSW,4.252257022612336
2023-12-21,AUD,10Y,6M BBSW,4.262234346277872
2023-12-20,AUD,10Y,6M BBSW,4.264784528080582
2023-12-19,AUD,10Y,6M BBSW,4.318574969868696
2023-12-18,AUD,10Y,6M BBSW,4.322679655679439
2023-12-15,AUD,10Y,6M BBSW,4.326241617345221
2023-12-14,AUD,10Y,6M BBSW,4.388989784742449
2023-12-13,AUD,10Y,6M BBSW,4.372197296190048
2023-12-12,AUD,10Y,6M BBSW,4.565838640853434
2023-12-11,AUD,10Y,6M BBSW,4.592230897139759
2023-12-07,AUD,10Y,6M BBSW,4.565809604644239
2023-12-06,AUD,10Y,6M BBSW,4.50853097559912
2023-12-05,AUD,10Y,6M BBSW,4.574748097522845
2023-12-04,AUD,10Y,6M BBSW,4.711285218612728
2023-12-01,AUD,10Y,6M BBSW,4.714703467559866
2023-11-30,AUD,10Y,6M BBSW,4.766350626697065
2023-11-29,AUD,10Y,6M BBSW,4.668683335463666
2023-11-28,AUD,10Y,6M BBSW,4.745992902932579
2023-11-27,AUD,10Y,6M BBSW,4.798755885285002
2023-11-24,AUD,10Y,6M BBSW,4.842214186483277
2023-11-23,AUD,10Y,6M BBSW,4.834683423248069
2023-11-22,AUD,10Y,6M BBSW,4.794699031633829
2023-11-21,AUD,10Y,6M BBSW,4.749793001563137
2023-11-20,AUD,10Y,6M BBSW,4.787559327309014
2023-11-17,AUD,10Y,6M BBSW,4.787220970645656
2023-11-16,AUD,10Y,6M BBSW,4.775891983514544
2023-11-15,AUD,10Y,6M BBSW,4.895254556020538
2023-11-14,AUD,10Y,6M BBSW,4.854966742650289
2023-11-13,AUD,10Y,6M BBSW,4.968714039950141
2023-11-10,AUD,10Y,6M BBSW,4.912205608283645
2023-11-09,AUD,10Y,6M BBSW,4.928470385387567
2023-11-08,AUD,10Y,6M BBSW,4.807198323255452
2023-11-07,AUD,10Y,6M BBSW,4.884780867229388
2023-11-06,AUD,10Y,6M BBSW,5.048694332064916
2023-11-03,AUD,10Y,6M BBSW,4.96969938888665
2023-11-02,AUD,10Y,6M BBSW,5.035856267809026
2023-11-01,AUD,10Y,6M BBSW,5.112156678150777
2023-10-31,AUD,10Y,6M BBSW,5.282801473888683
2023-10-30,AUD,10Y,6M BBSW,5.249093211101712
2023-10-26,AUD,10Y,6M BBSW,5.108409723443097
2023-10-25,AUD,10Y,6M BBSW,5.094317810547841
2023-10-24,AUD,10Y,6M BBSW,4.988469236342012
2023-10-23,AUD,10Y,6M BBSW,5.0011868156293
2023-10-20,AUD,10Y,6M BBSW,5.009601455117983
2023-10-19,AUD,10Y,6M BBSW,5.059446539685196
2023-10-18,AUD,10Y,6M BBSW,5.054516963846623
2023-10-17,AUD,10Y,6M BBSW,4.949639636692491
2023-10-16,AUD,10Y,6M BBSW,4.789907130873998
2023-10-12,AUD,10Y,6M BBSW,4.768432705823367
2023-10-11,AUD,10Y,6M BBSW,4.654628211508347
2023-10-10,AUD,10Y,6M BBSW,4.764725227364914
2023-10-09,AUD,10Y,6M BBSW,4.754975914984414
2023-10-05,AUD,10Y,6M BBSW,4.884452815475246
2023-10-04,AUD,10Y,6M BBSW,4.867025474507107
2023-10-03,AUD,10Y,6M BBSW,4.878450651190698
2023-09-29,AUD,10Y,6M BBSW,4.748562338510611
2023-09-28,AUD,10Y,6M BBSW,4.737135881278152
2023-09-27,AUD,10Y,6M BBSW,4.717148679281769
2023-09-26,AUD,10Y,6M BBSW,4.682064236718911
2023-09-25,AUD,10Y,6M BBSW,4.681285308696561
2023-09-22,AUD,10Y,6M BBSW,4.603540160502654
2023-09-21,AUD,10Y,6M BBSW,4.624708795320294
2023-09-20,AUD,10Y,6M BBSW,4.577226112290822
2023-09-19,AUD,10Y,6M BBSW,4.534811894167053
2023-09-18,AUD,10Y,6M BBSW,4.513827771886875
2023-09-15,AUD,10Y,6M BBSW,4.474066502643479
2023-09-14,AUD,10Y,6M BBSW,4.439992020141985
2023-09-13,AUD,10Y,6M BBSW,4.456939986800806
2023-09-12,AUD,10Y,6M BBSW,4.500813595393653
2023-09-11,AUD,10Y,6M BBSW,4.502830917898719
2023-09-08,AUD,10Y,6M BBSW,4.46275672090341
2023-09-07,AUD,10Y,6M BBSW,4.457235255990684
2023-09-06,AUD,10Y,6M BBSW,4.483537290517613
2023-09-05,AUD,10Y,6M BBSW,4.499813553298095
2023-09-04,AUD,10Y,6M BBSW,4.482635166257426
2023-09-01,AUD,10Y,6M BBSW,4.402263903904879
2023-08-31,AUD,10Y,6M BBSW,4.367780245379335
2023-08-30,AUD,10Y,6M BBSW,4.415119912737294
2023-08-28,AUD,10Y,6M BBSW,4.484061116828681
2023-08-25,AUD,10Y,6M BBSW,4.494836250817736
2023-08-24,AUD,10Y,6M BBSW,4.503495528611744
2023-08-23,AUD,10Y,6M BBSW,4.462262920296651
2023-08-22,AUD,10Y,6M BBSW,4.584720154773186
2023-08-21,AUD,10Y,6M BBSW,4.65754044901421
2023-08-18,AUD,10Y,6M BBSW,4.591029346967639
2023-08-17,AUD,10Y,6M BBSW,4.637179346025035
2023-08-16,AUD,10Y,6M BBSW,4.585950067634091
2023-08-15,AUD,10Y,6M BBSW,4.597816245471628
2023-08-14,AUD,10Y,6M BBSW,4.60288871559441
2023-08-11,AUD,10Y,6M BBSW,4.531033123225611
2023-08-10,AUD,10Y,6M BBSW,4.458500953144982
2023-08-09,AUD,10Y,6M BBSW,4.42226845234675
2023-08-08,AUD,10Y,6M BBSW,4.379747491767081
2023-08-04,AUD,10Y,6M BBSW,4.419707197533694
2023-08-03,AUD,10Y,6M BBSW,4.538351555417108
2023-08-02,AUD,10Y,6M BBSW,4.457135733565637
2023-08-01,AUD,10Y,6M BBSW,4.413700292120488
2023-07-31,AUD,10Y,6M BBSW,4.440901612523648
2023-07-28,AUD,10Y,6M BBSW,4.40481692436039
2023-07-27,AUD,10Y,6M BBSW,4.490812602474574
2023-07-25,AUD,10Y,6M BBSW,4.517147399982496
2023-07-24,AUD,10Y,6M BBSW,4.466240543536794
2023-07-21,AUD,10Y,6M BBSW,4.464838085629684
2023-07-20,AUD,10Y,6M BBSW,4.469698147384247
2023-07-19,AUD,10Y,6M BBSW,4.368573481536952
2023-07-18,AUD,10Y,6M BBSW,4.380947295348022
2023-07-17,AUD,10Y,6M BBSW,4.416304428847896
2023-07-14,AUD,10Y,6M BBSW,4.442416157695884
2023-07-13,AUD,10Y,6M BBSW,4.413405074453252
2023-07-12,AUD,10Y,6M BBSW,4.474762623630562
2023-07-11,AUD,10Y,6M BBSW,4.593519208249337
2023-07-10,AUD,10Y,6M BBSW,4.646239684131513
2023-07-07,AUD,10Y,6M BBSW,4.724820326159946
2023-07-06,AUD,10Y,6M BBSW,4.637176009155701
2023-07-05,AUD,10Y,6M BBSW,4.494760579244341
2023-07-04,AUD,10Y,6M BBSW,4.408542403483352
2023-07-03,AUD,10Y,6M BBSW,4.406257203318723
2023-06-30,AUD,10Y,6M BBSW,4.42018035653675
2023-06-29,AUD,10Y,6M BBSW,4.377404968902572
2023-06-28,AUD,10Y,6M BBSW,4.260866829955661
2023-06-27,AUD,10Y,6M BBSW,4.347157210021506
2023-06-26,AUD,10Y,6M BBSW,4.330964562901656
2023-06-22,AUD,10Y,6M BBSW,4.438549036792804
2023-06-21,AUD,10Y,6M BBSW,4.389718897838169
2023-06-20,AUD,10Y,6M BBSW,4.415970345974979
2023-06-19,AUD,10Y,6M BBSW,4.471311257978474
2023-06-15,AUD,10Y,6M BBSW,4.411507305377062
2023-06-14,AUD,10Y,6M BBSW,4.39798629491554
2023-06-13,AUD,10Y,6M BBSW,4.431246058684041
2023-06-09,AUD,10Y,6M BBSW,4.383630743675147
2023-06-08,AUD,10Y,6M BBSW,4.39010624745324
2023-06-07,AUD,10Y,6M BBSW,4.404642258096279
2023-06-06,AUD,10Y,6M BBSW,4.268562736228779
2023-06-05,AUD,10Y,6M BBSW,4.226377600313211
2023-06-01,AUD,10Y,6M BBSW,4.103570735297144
2023-05-31,AUD,10Y,6M BBSW,4.089017919613066
2023-05-30,AUD,10Y,6M BBSW,4.105109908081984
2023-05-29,AUD,10Y,6M BBSW,4.117818562007578
2023-05-26,AUD,10Y,6M BBSW,4.182356562776841
2023-05-25,AUD,10Y,6M BBSW,4.214731468746797
2023-05-24,AUD,10Y,6M BBSW,4.169793145447355
2023-05-23,AUD,10Y,6M BBSW,4.16727061566007
2023-05-22,AUD,10Y,6M BBSW,4.111391460925849
2023-05-19,AUD,10Y,6M BBSW,4.119860227651746
2023-05-18,AUD,10Y,6M BBSW,4.114743261965638
2023-05-17,AUD,10Y,6M BBSW,4.008609759353252
2023-05-16,AUD,10Y,6M BBSW,3.969794134012303
2023-05-15,AUD,10Y,6M BBSW,3.98613091218316
2023-05-12,AUD,10Y,6M BBSW,3.907373847795803
2023-05-11,AUD,10Y,6M BBSW,3.85477502823795
2023-05-10,AUD,10Y,6M BBSW,3.932317777876099
2023-05-09,AUD,10Y,6M BBSW,4.004789799736224
2023-05-08,AUD,10Y,6M BBSW,4.011418484256528
2023-05-05,AUD,10Y,6M BBSW,3.934872859283258
2023-05-04,AUD,10Y,6M BBSW,3.843577942266385
2023-05-03,AUD,10Y,6M BBSW,3.893621260491427
2023-05-02,AUD,10Y,6M BBSW,3.925996833811571
2023-05-01,AUD,10Y,6M BBSW,3.956432476620989
2023-04-28,AUD,10Y,6M BBSW,3.802321867934359
2023-04-27,AUD,10Y,6M BBSW,3.939788026405295
2023-04-26,AUD,10Y,6M BBSW,3.890982019357062
2023-04-24,AUD,10Y,6M BBSW,3.974256492650294
2023-04-21,AUD,10Y,6M BBSW,4.005961251358414
2023-04-20,AUD,10Y,6M BBSW,4.022237013417412
2023-04-19,AUD,10Y,6M BBSW,4.045852026096656
2023-04-18,AUD,10Y,6M BBSW,4.076313238225297
2023-04-17,AUD,10Y,6M BBSW,3.998025346089369
2023-04-14,AUD,10Y,6M BBSW,3.95019082738974
2023-04-13,AUD,10Y,6M BBSW,3.87727587078994
2023-04-12,AUD,10Y,6M BBSW,3.820971389256656
2023-04-11,AUD,10Y,6M BBSW,3.774753522705683
2023-04-06,AUD,10Y,6M BBSW,3.693526192249543
2023-04-05,AUD,10Y,6M BBSW,3.74718784615773
2023-04-04,AUD,10Y,6M BBSW,3.76592026889504
2023-04-03,AUD,10Y,6M BBSW,3.823842914511874
2023-03-31,AUD,10Y,6M BBSW,3.840226600043046
2023-03-30,AUD,10Y,6M BBSW,3.920112712496651
2023-03-29,AUD,10Y,6M BBSW,3.947356769655134
2023-03-28,AUD,10Y,6M BBSW,3.97094798232128
2023-03-27,AUD,10Y,6M BBSW,3.923898886998026
2023-03-24,AUD,10Y,6M BBSW,3.85737961506287
2023-03-23,AUD,10Y,6M BBSW,3.885977105231257
2023-03-22,AUD,10Y,6M BBSW,3.901018973500618
2023-03-21,AUD,10Y,6M BBSW,3.957291912948244
2023-03-20,AUD,10Y,6M BBSW,3.908943862700216
2023-03-17,AUD,10Y,6M BBSW,3.964874396721614
2023-03-16,AUD,10Y,6M BBSW,4.085955242729617
2023-03-15,AUD,10Y,6M BBSW,3.98899622877745
2023-03-14,AUD,10Y,6M BBSW,4.178481496635078
2023-03-13,AUD,10Y,6M BBSW,3.972425186930817
2023-03-10,AUD,10Y,6M BBSW,4.076865341690485
2023-03-09,AUD,10Y,6M BBSW,4.200735172222855
2023-03-08,AUD,10Y,6M BBSW,4.248785478037052
2023-03-07,AUD,10Y,6M BBSW,4.280956257420858
2023-03-06,AUD,10Y,6M BBSW,4.346324448233771
2023-03-03,AUD,10Y,6M BBSW,4.424841104235379
2023-03-02,AUD,10Y,6M BBSW,4.509693029645979
2023-03-01,AUD,10Y,6M BBSW,4.427265862725843
2023-02-28,AUD,10Y,6M BBSW,4.482507244175872
2023-02-27,AUD,10Y,6M BBSW,4.417783046028076
2023-02-24,AUD,10Y,6M BBSW,4.445900673575225
2023-02-23,AUD,10Y,6M BBSW,4.478562456559519
2023-02-22,AUD,10Y,6M BBSW,4.454737562706532
2023-02-21,AUD,10Y,6M BBSW,4.367275034628131
2023-02-20,AUD,10Y,6M BBSW,4.352712851676367
2023-02-17,AUD,10Y,6M BBSW,4.324716896540028
2023-02-16,AUD,10Y,6M BBSW,4.293583805344133
2023-02-15,AUD,10Y,6M BBSW,4.295272209221941
2023-02-14,AUD,10Y,6M BBSW,4.298871392533327
2023-02-13,AUD,10Y,6M BBSW,4.320120808733217
2023-02-10,AUD,10Y,6M BBSW,4.314718975037396
2023-02-09,AUD,10Y,6M BBSW,4.192292790519811
2023-02-08,AUD,10Y,6M BBSW,4.160971048059168
2023-02-07,AUD,10Y,6M BBSW,4.162247506577908
2023-02-06,AUD,10Y,6M BBSW,4.011429418888849
2023-02-03,AUD,10Y,6M BBSW,4.042147196970718
2023-02-02,AUD,10Y,6M BBSW,4.063494345986307
2023-02-01,AUD,10Y,6M BBSW,4.137202421698143
2023-01-31,AUD,10Y,6M BBSW,4.11633962223491
2023-01-30,AUD,10Y,6M BBSW,4.124041678906125
2023-01-27,AUD,10Y,6M BBSW,4.13217641473837
2023-01-25,AUD,10Y,6M BBSW,4.077193599005965
2023-01-24,AUD,10Y,6M BBSW,4.015962355595819
2023-01-23,AUD,10Y,6M BBSW,4.013994757252504
2023-01-20,AUD,10Y,6M BBSW,4.024758992278773
2023-01-19,AUD,10Y,6M BBSW,3.901020058489581
2023-01-18,AUD,10Y,6M BBSW,4.083578589148996
2023-01-17,AUD,10Y,6M BBSW,4.140992863261421
2023-01-16,AUD,10Y,6M BBSW,4.140163167428688
2023-01-13,AUD,10Y,6M BBSW,4.153541493429149
2023-01-12,AUD,10Y,6M BBSW,4.129798436113733
2023-01-11,AUD,10Y,6M BBSW,4.255958328714253
2023-01-10,AUD,10Y,6M BBSW,4.284779722573515
2023-01-09,AUD,10Y,6M BBSW,4.300125343679842
2023-01-06,AUD,10Y,6M BBSW,4.269725605329445
2023-01-05,AUD,10Y,6M BBSW,4.36597375366041
2023-01-04,AUD,10Y,6M BBSW,4.414739761648104
2023-01-03,AUD,10Y,6M BBSW,4.512549131510037
2022-12-30,AUD,10Y,6M BBSW,4.547675327078111
2022-12-29,AUD,10Y,6M BBSW,4.52869621306501
2022-12-28,AUD,10Y,6M BBSW,4.561152131244532
2022-12-23,AUD,10Y,6M BBSW,4.365851592649989
2022-12-22,AUD,10Y,6M BBSW,4.344747994894561
2022-12-21,AUD,10Y,6M BBSW,4.254738513303213
2022-12-20,AUD,10Y,6M BBSW,4.312269854188831
2022-12-19,AUD,10Y,6M BBSW,4.138917921004222
2022-12-16,AUD,10Y,6M BBSW,4.092288814337548
2022-12-15,AUD,10Y,6M BBSW,4.070747821271457
2022-12-14,AUD,10Y,6M BBSW,3.975480314975965
2022-12-13,AUD,10Y,6M BBSW,4.021258943715837
2022-12-12,AUD,10Y,6M BBSW,3.99636681263177
2022-12-09,AUD,10Y,6M BBSW,3.97749602676051
2022-12-08,AUD,10Y,6M BBSW,3.973480949290208
2022-12-07,AUD,10Y,6M BBSW,3.954712157698287
2022-12-06,AUD,10Y,6M BBSW,3.98598199923101
2022-12-05,AUD,10Y,6M BBSW,3.953964716368747
2022-12-02,AUD,10Y,6M BBSW,3.927306670524089
2022-12-01,AUD,10Y,6M BBSW,4.069778244735087
2022-11-30,AUD,10Y,6M BBSW,4.118913822937436
2022-11-29,AUD,10Y,6M BBSW,4.184928445761797
2022-11-28,AUD,10Y,6M BBSW,4.127764522299744
2022-11-25,AUD,10Y,6M BBSW,4.204730131533665
2022-11-24,AUD,10Y,6M BBSW,4.172293748217715
2022-11-23,AUD,10Y,6M BBSW,4.184766783374607
2022-11-22,AUD,10Y,6M BBSW,4.187290150006693
2022-11-21,AUD,10Y,6M BBSW,4.198950260516801
2022-11-18,AUD,10Y,6M BBSW,4.234727762642336
2022-11-17,AUD,10Y,6M BBSW,4.228588077053474
2022-11-16,AUD,10Y,6M BBSW,4.343547715511136
2022-11-15,AUD,10Y,6M BBSW,4.405162519969521
2022-11-14,AUD,10Y,6M BBSW,4.48897642558304
2022-11-11,AUD,10Y,6M BBSW,4.394708305563332
2022-11-10,AUD,10Y,6M BBSW,4.444763097931466
2022-11-09,AUD,10Y,6M BBSW,4.568419224259353
2022-11-08,AUD,10Y,6M BBSW,4.730930000247076
2022-11-07,AUD,10Y,6M BBSW,4.61265561931901
2022-11-04,AUD,10Y,6M BBSW,4.617178426666761
2022-11-03,AUD,10Y,6M BBSW,4.701037077737269
2022-11-02,AUD,10Y,6M BBSW,4.610914021788752
2022-11-01,AUD,10Y,6M BBSW,4.538550759935059
2022-10-31,AUD,10Y,6M BBSW,4.478447851242333
2022-10-28,AUD,10Y,6M BBSW,4.487247036000282
2022-10-27,AUD,10Y,6M BBSW,4.553525110224191
2022-10-26,AUD,10Y,6M BBSW,4.645985994411015
2022-10-25,AUD,10Y,6M BBSW,4.785683112293239
2022-10-24,AUD,10Y,6M BBSW,4.877432254802552
2022-10-21,AUD,10Y,6M BBSW,4.868441579953831
2022-10-20,AUD,10Y,6M BBSW,4.695846157973481
2022-10-19,AUD,10Y,6M BBSW,4.560858192842137
2022-10-18,AUD,10Y,6M BBSW,4.537128201732863
2022-10-17,AUD,10Y,6M BBSW,4.621266856829567
2022-10-14,AUD,10Y,6M BBSW,4.615016971498028
2022-10-13,AUD,10Y,6M BBSW,4.554696853708387
2022-10-12,AUD,10Y,6M BBSW,4.519673330518309
2022-10-11,AUD,10Y,6M BBSW,4.550839589344183
2022-10-10,AUD,10Y,6M BBSW,4.421323622250845
2022-10-07,AUD,10Y,6M BBSW,4.429606337102579
2022-10-06,AUD,10Y,6M BBSW,4.307125276486711
2022-10-05,AUD,10Y,6M BBSW,4.154601679689123
2022-10-04,AUD,10Y,6M BBSW,4.181233846347099
2022-09-30,AUD,10Y,6M BBSW,4.447667662965188
2022-09-29,AUD,10Y,6M BBSW,4.404823051957015
2022-09-28,AUD,10Y,6M BBSW,4.603460386135126
2022-09-27,AUD,10Y,6M BBSW,4.52470515281673
2022-09-26,AUD,10Y,6M BBSW,4.396201077972966
2022-09-23,AUD,10Y,6M BBSW,4.379706449808263
2022-09-21,AUD,10Y,6M BBSW,4.170967170940563
2022-09-20,AUD,10Y,6M BBSW,4.069801932512133
2022-09-19,AUD,10Y,6M BBSW,4.120265881078654
2022-09-16,AUD,10Y,6M BBSW,4.148439153399268
2022-09-15,AUD,10Y,6M BBSW,4.112208183233116
2022-09-14,AUD,10Y,6M BBSW,4.133983448994182
2022-09-13,AUD,10Y,6M BBSW,4.05380036074576
2022-09-12,AUD,10Y,6M BBSW,4.03598884293398
2022-09-09,AUD,10Y,6M BBSW,4.012757803626397
2022-09-08,AUD,10Y,6M BBSW,4.039802959423101
2022-09-07,AUD,10Y,6M BBSW,4.202261472502812
2022-09-06,AUD,10Y,6M BBSW,4.072299805120432
2022-09-05,AUD,10Y,6M BBSW,4.1064707745428
2022-09-02,AUD,10Y,6M BBSW,4.088447085164323
2022-09-01,AUD,10Y,6M BBSW,4.178591163011588
2022-08-31,AUD,10Y,6M BBSW,4.076546138664992
2022-08-30,AUD,10Y,6M BBSW,4.116433658403817
2022-08-29,AUD,10Y,6M BBSW,4.192815136740039
2022-08-26,AUD,10Y,6M BBSW,4.068514152190482
2022-08-25,AUD,10Y,6M BBSW,4.203609848912521
2022-08-24,AUD,10Y,6M BBSW,4.103550800336199
2022-08-23,AUD,10Y,6M BBSW,4.108499407469806
2022-08-22,AUD,10Y,6M BBSW,4.000113571297757
2022-08-19,AUD,10Y,6M BBSW,3.901031297324247
2022-08-18,AUD,10Y,6M BBSW,3.764847922137419
2022-08-17,AUD,10Y,6M BBSW,3.687298906971053
2022-08-16,AUD,10Y,6M BBSW,3.662339202018614
2022-08-15,AUD,10Y,6M BBSW,3.817137680171168
2022-08-12,AUD,10Y,6M BBSW,3.824840606110359
2022-08-11,AUD,10Y,6M BBSW,3.763647706092189
2022-08-10,AUD,10Y,6M BBSW,3.668601511283689
2022-08-09,AUD,10Y,6M BBSW,3.61234365038058
2022-08-08,AUD,10Y,6M BBSW,3.616516710685384
2022-08-05,AUD,10Y,6M BBSW,3.661059299589326
2022-08-04,AUD,10Y,6M BBSW,3.58357605706876
2022-08-03,AUD,10Y,6M BBSW,3.49354003705195
2022-08-02,AUD,10Y,6M BBSW,3.458996194543411
2022-07-29,AUD,10Y,6M BBSW,3.491063978752994
2022-07-28,AUD,10Y,6M BBSW,3.618639800928272
2022-07-27,AUD,10Y,6M BBSW,3.714743495131843
2022-07-26,AUD,10Y,6M BBSW,3.814549049352716
2022-07-25,AUD,10Y,6M BBSW,3.802691440706677
2022-07-22,AUD,10Y,6M BBSW,3.764846128062729
2022-07-21,AUD,10Y,6M BBSW,4.014830080556416
2022-07-20,AUD,10Y,6M BBSW,4.039760869988621
2022-07-19,AUD,10Y,6M BBSW,4.004807601319986
2022-07-18,AUD,10Y,6M BBSW,3.917733519946948
2022-07-15,AUD,10Y,6M BBSW,3.928950718771723
2022-07-14,AUD,10Y,6M BBSW,3.918763413087952
2022-07-13,AUD,10Y,6M BBSW,3.922273986861708
2022-07-12,AUD,10Y,6M BBSW,3.943511102005975
2022-07-11,AUD,10Y,6M BBSW,4.101382033299069
2022-07-08,AUD,10Y,6M BBSW,4.033620194694987
2022-07-07,AUD,10Y,6M BBSW,3.949833799147729
2022-07-06,AUD,10Y,6M BBSW,3.887278222701509
2022-07-05,AUD,10Y,6M BBSW,4.079796712313405
2022-07-04,AUD,10Y,6M BBSW,3.942628143736583
2022-07-01,AUD,10Y,6M BBSW,3.953364961973791
2022-06-30,AUD,10Y,6M BBSW,4.211349716753116
2022-06-29,AUD,10Y,6M BBSW,4.253608163441023
2022-06-28,AUD,10Y,6M BBSW,4.192188241779486
2022-06-27,AUD,10Y,6M BBSW,4.198773900662839
2022-06-24,AUD,10Y,6M BBSW,4.164647353986847
2022-06-23,AUD,10Y,6M BBSW,4.264677753487301
2022-06-22,AUD,10Y,6M BBSW,4.403543390923993
2022-06-21,AUD,10Y,6M BBSW,4.519693791200131
2022-06-20,AUD,10Y,6M BBSW,4.470000932017775
2022-06-17,AUD,10Y,6M BBSW,4.567243126849007
2022-06-16,AUD,10Y,6M BBSW,4.587245937586502
2022-06-15,AUD,10Y,6M BBSW,4.518804686470021
2022-06-14,AUD,10Y,6M BBSW,4.323048823811533
2022-06-10,AUD,10Y,6M BBSW,4.138669927283751
2022-06-09,AUD,10Y,6M BBSW,3.964701923602071
2022-06-08,AUD,10Y,6M BBSW,3.947187102821697
2022-06-07,AUD,10Y,6M BBSW,3.935902117928826
2022-06-06,AUD,10Y,6M BBSW,3.867737834111205
2022-06-03,AUD,10Y,6M BBSW,3.872318782616738
2022-06-02,AUD,10Y,6M BBSW,3.863615985853369
2022-06-01,AUD,10Y,6M BBSW,3.753610057492401
2022-05-31,AUD,10Y,6M BBSW,3.690191111932435
2022-05-30,AUD,10Y,6M BBSW,3.544296557679041
2022-05-27,AUD,10Y,6M BBSW,3.547362387490725
2022-05-26,AUD,10Y,6M BBSW,3.532367500779752
2022-05-25,AUD,10Y,6M BBSW,3.539810626051696
2022-05-24,AUD,10Y,6M BBSW,3.61603975079747
2022-05-23,AUD,10Y,6M BBSW,3.582824368190571
2022-05-20,AUD,10Y,6M BBSW,3.542364288215965
2022-05-19,AUD,10Y,6M BBSW,3.723652591355789
2022-05-18,AUD,10Y,6M BBSW,3.749787331506572
2022-05-17,AUD,10Y,6M BBSW,3.723630052457462
2022-05-16,AUD,10Y,6M BBSW,3.650206193765674
2022-05-13,AUD,10Y,6M BBSW,3.696051885674156
2022-05-12,AUD,10Y,6M BBSW,3.777348257689478
2022-05-11,AUD,10Y,6M BBSW,3.822277744221709
2022-05-10,AUD,10Y,6M BBSW,3.848617845902466
2022-05-09,AUD,10Y,6M BBSW,3.858948816097725
2022-05-06,AUD,10Y,6M BBSW,3.891029743079069
2022-05-05,AUD,10Y,6M BBSW,3.727352021321691
2022-05-04,AUD,10Y,6M BBSW,3.816076693060553
2022-05-03,AUD,10Y,6M BBSW,3.617338951938435
2022-05-02,AUD,10Y,6M BBSW,3.596518237676566
2022-04-29,AUD,10Y,6M BBSW,3.612458511427449
2022-04-28,AUD,10Y,6M BBSW,3.471047196573392
2022-04-27,AUD,10Y,6M BBSW,3.433538093731326
2022-04-26,AUD,10Y,6M BBSW,3.419824285022881
2022-04-22,AUD,10Y,6M BBSW,3.438642525230065
2022-04-21,AUD,10Y,6M BBSW,3.346022888279332
2022-04-20,AUD,10Y,6M BBSW,3.354810210574252
2022-04-19,AUD,10Y,6M BBSW,3.302255291686243
2022-04-14,AUD,10Y,6M BBSW,3.235007027941864
2022-04-13,AUD,10Y,6M BBSW,3.288635723058672
2022-04-12,AUD,10Y,6M BBSW,3.32101508445884
2022-04-11,AUD,10Y,6M BBSW,3.274065990865815
2022-04-08,AUD,10Y,6M BBSW,3.266056887919638
2022-04-07,AUD,10Y,6M BBSW,3.189774462263881
2022-04-06,AUD,10Y,6M BBSW,3.239777862644121
2022-04-05,AUD,10Y,6M BBSW,3.063567827691477
2022-04-04,AUD,10Y,6M BBSW,3.109091926727571
2022-04-01,AUD,10Y,6M BBSW,3.131009122752289
2022-03-31,AUD,10Y,6M BBSW,3.052651137977166
2022-03-30,AUD,10Y,6M BBSW,3.093884703742644
2022-03-29,AUD,10Y,6M BBSW,3.187971962029813
2022-03-28,AUD,10Y,6M BBSW,3.145893486898541
2022-03-25,AUD,10Y,6M BBSW,3.143696264006401
2022-03-24,AUD,10Y,6M BBSW,3.009905223515192
2022-03-23,AUD,10Y,6M BBSW,3.02485169460721
2022-03-22,AUD,10Y,6M BBSW,2.962375824615332
2022-03-21,AUD,10Y,6M BBSW,2.807933755692795
2022-03-18,AUD,10Y,6M BBSW,2.777422479357095
2022-03-17,AUD,10Y,6M BBSW,2.772419526368626
2022-03-16,AUD,10Y,6M BBSW,2.759878001640136
2022-03-15,AUD,10Y,6M BBSW,2.803105858264206
2022-03-14,AUD,10Y,6M BBSW,2.708360496714838
2022-03-11,AUD,10Y,6M BBSW,2.657926538486067
2022-03-10,AUD,10Y,6M BBSW,2.653925140667756
2022-03-09,AUD,10Y,6M BBSW,2.641888398377447
2022-03-08,AUD,10Y,6M BBSW,2.544914573434849
2022-03-07,AUD,10Y,6M BBSW,2.42433822315317
2022-03-04,AUD,10Y,6M BBSW,2.394942013662828
2022-03-03,AUD,10Y,6M BBSW,2.446137184558114
2022-03-02,AUD,10Y,6M BBSW,2.373709265439917
2022-03-01,AUD,10Y,6M BBSW,2.466118950756055
2022-02-28,AUD,10Y,6M BBSW,2.440591914757985
2022-02-25,AUD,10Y,6M BBSW,2.514928981231791
2022-02-24,AUD,10Y,6M BBSW,2.438702314388715
2022-02-23,AUD,10Y,6M BBSW,2.502417908355451
2022-02-22,AUD,10Y,6M BBSW,2.468134160955749
2022-02-21,AUD,10Y,6M BBSW,2.480058096172314
2022-02-18,AUD,10Y,6M BBSW,2.45993233970135
2022-02-17,AUD,10Y,6M BBSW,2.481199374743829
2022-02-16,AUD,10Y,6M BBSW,2.517416911198665
2022-02-15,AUD,10Y,6M BBSW,2.493926831147001
2022-02-14,AUD,10Y,6M BBSW,2.425767635627769
2022-02-11,AUD,10Y,6M BBSW,2.499930076563232
2022-02-10,AUD,10Y,6M BBSW,2.369907675614854
2022-02-09,AUD,10Y,6M BBSW,2.384924388383724
2022-02-08,AUD,10Y,6M BBSW,2.391854866448996
2022-02-07,AUD,10Y,6M BBSW,2.263843393004616
2022-02-04,AUD,10Y,6M BBSW,2.286102368144746
2022-02-03,AUD,10Y,6M BBSW,2.149889012637926
2022-02-02,AUD,10Y,6M BBSW,2.182406889769065
2022-02-01,AUD,10Y,6M BBSW,2.150601105952545
2022-01-31,AUD,10Y,6M BBSW,2.178064500108966
2022-01-28,AUD,10Y,6M BBSW,2.189940285634612
2022-01-27,AUD,10Y,6M BBSW,2.266193200044619
2022-01-25,AUD,10Y,6M BBSW,2.193852719173876
2022-01-24,AUD,10Y,6M BBSW,2.175864200811789
2022-01-21,AUD,10Y,6M BBSW,2.13115012944757
2022-01-20,AUD,10Y,6M BBSW,2.216119165146662
2022-01-19,AUD,10Y,6M BBSW,2.218733190361147
2022-01-18,AUD,10Y,6M BBSW,2.181911986492117
2022-01-17,AUD,10Y,6M BBSW,2.158910352200704
2022-01-14,AUD,10Y,6M BBSW,2.129981397822978
2022-01-13,AUD,10Y,6M BBSW,2.117426175220787
2022-01-12,AUD,10Y,6M BBSW,2.103739088690509
2022-01-11,AUD,10Y,6M BBSW,2.151920159661741
2022-01-10,AUD,10Y,6M BBSW,2.183899990886504
2022-01-07,AUD,10Y,6M BBSW,2.147450382650977
2022-01-06,AUD,10Y,6M BBSW,2.126126035867645
2022-01-05,AUD,10Y,6M BBSW,2.059941609115576
2022-01-04,AUD,10Y,6M BBSW,2.014456825175255
2021-12-31,AUD,10Y,6M BBSW,1.980056885591378
2021-12-30,AUD,10Y,6M BBSW,1.970035443874557
2021-12-29,AUD,10Y,6M BBSW,1.884978525178763
2021-12-24,AUD,10Y,6M BBSW,1.907427928485706
2021-12-23,AUD,10Y,6M BBSW,1.929926330879573
2021-12-22,AUD,10Y,6M BBSW,1.937442751807646
2021-12-21,AUD,10Y,6M BBSW,1.944462855984327
2021-12-20,AUD,10Y,6M BBSW,1.886533634185417
2021-12-17,AUD,10Y,6M BBSW,1.912455312834952
2021-12-16,AUD,10Y,6M BBSW,1.879951660128634
2021-12-15,AUD,10Y,6M BBSW,1.862058453969936
2021-12-14,AUD,10Y,6M BBSW,1.865044620292938
2021-12-13,AUD,10Y,6M BBSW,1.906018049271719
2021-12-10,AUD,10Y,6M BBSW,1.928927595712966
2021-12-09,AUD,10Y,6M BBSW,1.952918605467707
2021-12-08,AUD,10Y,6M BBSW,1.94871345809099
2021-12-07,AUD,10Y,6M BBSW,1.934448803325835
2021-12-06,AUD,10Y,6M BBSW,1.942802540083069
2021-12-03,AUD,10Y,6M BBSW,1.873755935874691
2021-12-02,AUD,10Y,6M BBSW,2.031143047688084
2021-12-01,AUD,10Y,6M BBSW,2.067434895311359
2021-11-30,AUD,10Y,6M BBSW,2.048526762125711
2021-11-29,AUD,10Y,6M BBSW,2.072988918870606
2021-11-26,AUD,10Y,6M BBSW,1.952457853050584
2021-11-25,AUD,10Y,6M BBSW,2.144922750064208
2021-11-24,AUD,10Y,6M BBSW,2.153736518959128
2021-11-23,AUD,10Y,6M BBSW,2.219402608010052
2021-11-22,AUD,10Y,6M BBSW,2.130126091201397
2021-11-19,AUD,10Y,6M BBSW,2.084951785816187
2021-11-18,AUD,10Y,6M BBSW,2.07242797148371
2021-11-17,AUD,10Y,6M BBSW,2.132436913673814
2021-11-16,AUD,10Y,6M BBSW,2.106932725999479
2021-11-15,AUD,10Y,6M BBSW,2.043353737181296
2021-11-12,AUD,10Y,6M BBSW,2.056253771663501
2021-11-11,AUD,10Y,6M BBSW,2.078728518785838
2021-11-10,AUD,10Y,6M BBSW,1.984944751517935
2021-11-09,AUD,10Y,6M BBSW,2.021956370874466
2021-11-08,AUD,10Y,6M BBSW,1.991492676443552
2021-11-05,AUD,10Y,6M BBSW,2.022455359208736
2021-11-04,AUD,10Y,6M BBSW,2.053729260826013
2021-11-03,AUD,10Y,6M BBSW,2.02244222591348
2021-11-02,AUD,10Y,6M BBSW,2.161919244860303
2021-11-01,AUD,10Y,6M BBSW,2.142721170071109
2021-10-29,AUD,10Y,6M BBSW,2.107484452879476
2021-10-28,AUD,10Y,6M BBSW,2.062441288397381
2021-10-27,AUD,10Y,6M BBSW,2.004938728745062
2021-10-26,AUD,10Y,6M BBSW,1.930669135394327
2021-10-25,AUD,10Y,6M BBSW,1.897772762455662
2021-10-22,AUD,10Y,6M BBSW,1.899953669679961
2021-10-21,AUD,10Y,6M BBSW,1.944935405232245
2021-10-20,AUD,10Y,6M BBSW,1.92742980822538
2021-10-19,AUD,10Y,6M BBSW,1.869457407584365
2021-10-18,AUD,10Y,6M BBSW,1.85403409466768
2021-10-15,AUD,10Y,6M BBSW,1.795033157232688
2021-10-14,AUD,10Y,6M BBSW,1.732498200566053
2021-10-13,AUD,10Y,6M BBSW,1.787443230311398
2021-10-12,AUD,10Y,6M BBSW,1.829493156050837
2021-10-11,AUD,10Y,6M BBSW,1.811557179748973
2021-10-08,AUD,10Y,6M BBSW,1.779965065273962
2021-10-07,AUD,10Y,6M BBSW,1.687444323724365
2021-10-06,AUD,10Y,6M BBSW,1.699516805573324
2021-10-05,AUD,10Y,6M BBSW,1.662912679723612
2021-10-01,AUD,10Y,6M BBSW,1.654951597366941
2021-09-30,AUD,10Y,6M BBSW,1.633723791422283
2021-09-29,AUD,10Y,6M BBSW,1.639971906297376
2021-09-28,AUD,10Y,6M BBSW,1.619561034683152
2021-09-27,AUD,10Y,6M BBSW,1.554201150328156
2021-09-24,AUD,10Y,6M BBSW,1.537475974599383
2021-09-23,AUD,10Y,6M BBSW,1.409967167929731
2021-09-22,AUD,10Y,6M BBSW,1.442467316810695
2021-09-21,AUD,10Y,6M BBSW,1.439613604277945
2021-09-20,AUD,10Y,6M BBSW,1.460451010444737
2021-09-17,AUD,10Y,6M BBSW,1.47617819213994
2021-09-16,AUD,10Y,6M BBSW,1.431166148487157
2021-09-15,AUD,10Y,6M BBSW,1.387027544085392
2021-09-14,AUD,10Y,6M BBSW,1.442642323124699
2021-09-13,AUD,10Y,6M BBSW,1.40827625925374
2021-09-10,AUD,10Y,6M BBSW,1.411980060399868
2021-09-09,AUD,10Y,6M BBSW,1.412966769073667
2021-09-08,AUD,10Y,6M BBSW,1.423768848603893
2021-09-07,AUD,10Y,6M BBSW,1.403423201804058
2021-09-06,AUD,10Y,6M BBSW,1.394282727974847
2021-09-03,AUD,10Y,6M BBSW,1.389980512831865
2021-09-02,AUD,10Y,6M BBSW,1.356169453609491
2021-09-01,AUD,10Y,6M BBSW,1.39377003280477
2021-08-31,AUD,10Y,6M BBSW,1.308178984164201
2021-08-30,AUD,10Y,6M BBSW,1.327841278556653
2021-08-27,AUD,10Y,6M BBSW,1.313792235923289
2021-08-26,AUD,10Y,6M BBSW,1.313777016545298
2021-08-25,AUD,10Y,6M BBSW,1.302480908887695
2021-08-24,AUD,10Y,6M BBSW,1.275852541113449
2021-08-23,AUD,10Y,6M BBSW,1.241853450757973
2021-08-20,AUD,10Y,6M BBSW,1.212486095715
2021-08-19,AUD,10Y,6M BBSW,1.243778635019585
2021-08-18,AUD,10Y,6M BBSW,1.272481850144892
2021-08-17,AUD,10Y,6M BBSW,1.274652748683588
2021-08-16,AUD,10Y,6M BBSW,1.264341974735895
2021-08-13,AUD,10Y,6M BBSW,1.299984036562969
2021-08-12,AUD,10Y,6M BBSW,1.301176978228273
2021-08-11,AUD,10Y,6M BBSW,1.331280045585795
2021-08-10,AUD,10Y,6M BBSW,1.309643030325838
2021-08-09,AUD,10Y,6M BBSW,1.340504041562069
2021-08-06,AUD,10Y,6M BBSW,1.303776030112796
2021-08-05,AUD,10Y,6M BBSW,1.266165457406056
2021-08-04,AUD,10Y,6M BBSW,1.265851650208058
2021-08-03,AUD,10Y,6M BBSW,1.260529268232799
2021-07-30,AUD,10Y,6M BBSW,1.302494558322869
2021-07-29,AUD,10Y,6M BBSW,1.2611792140401
2021-07-28,AUD,10Y,6M BBSW,1.281178432166066
2021-07-27,AUD,10Y,6M BBSW,1.309634653012644
2021-07-26,AUD,10Y,6M BBSW,1.30678610514446
2021-07-23,AUD,10Y,6M BBSW,1.313783350938492
2021-07-22,AUD,10Y,6M BBSW,1.311176459831503
2021-07-21,AUD,10Y,6M BBSW,1.292481364661519
2021-07-20,AUD,10Y,6M BBSW,1.292148582365624
2021-07-19,AUD,10Y,6M BBSW,1.356796245796482
2021-07-16,AUD,10Y,6M BBSW,1.37618195856219
2021-07-15,AUD,10Y,6M BBSW,1.410014215027426
2021-07-14,AUD,10Y,6M BBSW,1.449992065512713
2021-07-13,AUD,10Y,6M BBSW,1.432111036596088
2021-07-12,AUD,10Y,6M BBSW,1.411770079311721
2021-07-09,AUD,10Y,6M BBSW,1.469979002029207
2021-07-08,AUD,10Y,6M BBSW,1.443771486888549
2021-07-07,AUD,10Y,6M BBSW,1.468775986944884
2021-07-06,AUD,10Y,6M BBSW,1.537081593655449
2021-07-05,AUD,10Y,6M BBSW,1.540407051488195
2021-07-02,AUD,10Y,6M BBSW,1.562468291842909
2021-07-01,AUD,10Y,6M BBSW,1.599918843583694
2021-06-30,AUD,10Y,6M BBSW,1.591223483174293
2021-06-29,AUD,10Y,6M BBSW,1.568397836191265
2021-06-28,AUD,10Y,6M BBSW,1.627851590597536
2021-06-25,AUD,10Y,6M BBSW,1.636078755491271
2021-06-24,AUD,10Y,6M BBSW,1.589955769412037
2021-06-23,AUD,10Y,6M BBSW,1.583748306304129
2021-06-22,AUD,10Y,6M BBSW,1.613362286950642
2021-06-21,AUD,10Y,6M BBSW,1.531707895507322
2021-06-18,AUD,10Y,6M BBSW,1.574976936150706
2021-06-17,AUD,10Y,6M BBSW,1.651170234273835
2021-06-16,AUD,10Y,6M BBSW,1.582462234710968
2021-06-15,AUD,10Y,6M BBSW,1.547124494078173
2021-06-11,AUD,10Y,6M BBSW,1.564465822626919
2021-06-10,AUD,10Y,6M BBSW,1.518957452863435
2021-06-09,AUD,10Y,6M BBSW,1.604549190785261
2021-06-08,AUD,10Y,6M BBSW,1.666622502670955
2021-06-07,AUD,10Y,6M BBSW,1.651239426494311
2021-06-04,AUD,10Y,6M BBSW,1.71747268314397
2021-06-03,AUD,10Y,6M BBSW,1.669970536414413
2021-06-02,AUD,10Y,6M BBSW,1.723755732000833
2021-06-01,AUD,10Y,6M BBSW,1.717035468993865
2021-05-31,AUD,10Y,6M BBSW,1.712953106911312
2021-05-28,AUD,10Y,6M BBSW,1.696172638197514
2021-05-27,AUD,10Y,6M BBSW,1.658762823264083
2021-05-26,AUD,10Y,6M BBSW,1.673770163648394
2021-05-25,AUD,10Y,6M BBSW,1.703339478758577
2021-05-24,AUD,10Y,6M BBSW,1.725321786577008
2021-05-21,AUD,10Y,6M BBSW,1.724971496661533
2021-05-20,AUD,10Y,6M BBSW,1.75245889175623
2021-05-19,AUD,10Y,6M BBSW,1.768766664383976
2021-05-18,AUD,10Y,6M BBSW,1.778319329171317
2021-05-17,AUD,10Y,6M BBSW,1.74291335977511
2021-05-14,AUD,10Y,6M BBSW,1.776188270786841
2021-05-13,AUD,10Y,6M BBSW,1.792456865522244
2021-05-12,AUD,10Y,6M BBSW,1.766166848451436
2021-05-11,AUD,10Y,6M BBSW,1.733331605829443
2021-05-10,AUD,10Y,6M BBSW,1.719124582499076
2021-05-07,AUD,10Y,6M BBSW,1.693772566108059
2021-05-06,AUD,10Y,6M BBSW,1.706160907643455
2021-05-05,AUD,10Y,6M BBSW,1.727463152854176
2021-05-04,AUD,10Y,6M BBSW,1.72703308428196
2021-05-03,AUD,10Y,6M BBSW,1.751609195671374
2021-04-30,AUD,10Y,6M BBSW,1.746220867223228
2021-04-29,AUD,10Y,6M BBSW,1.698791631618544
2021-04-28,AUD,10Y,6M BBSW,1.698756591983713
2021-04-27,AUD,10Y,6M BBSW,1.707038195614407
2021-04-26,AUD,10Y,6M BBSW,1.705328167454998
2021-04-23,AUD,10Y,6M BBSW,1.703770910896966
2021-04-22,AUD,10Y,6M BBSW,1.667464838380132
2021-04-21,AUD,10Y,6M BBSW,1.702446020563888
2021-04-20,AUD,10Y,6M BBSW,1.737019882550422
2021-04-19,AUD,10Y,6M BBSW,1.695305533791221
2021-04-16,AUD,10Y,6M BBSW,1.724963824053312
2021-04-15,AUD,10Y,6M BBSW,1.751242274230474
2021-04-14,AUD,10Y,6M BBSW,1.734581843419721
2021-04-13,AUD,10Y,6M BBSW,1.787883188488137
2021-04-12,AUD,10Y,6M BBSW,1.74618499062943
2021-04-09,AUD,10Y,6M BBSW,1.764969624416802
2021-04-08,AUD,10Y,6M BBSW,1.722467909470481
2021-04-07,AUD,10Y,6M BBSW,1.742439616459539
2021-04-06,AUD,10Y,6M BBSW,1.774499379658217
2021-04-01,AUD,10Y,6M BBSW,1.83493706709084
2021-03-31,AUD,10Y,6M BBSW,1.861263894010114
2021-03-30,AUD,10Y,6M BBSW,1.813399151182269
2021-03-29,AUD,10Y,6M BBSW,1.72533872203972
2021-03-26,AUD,10Y,6M BBSW,1.744944903322805
2021-03-25,AUD,10Y,6M BBSW,1.726158963853991
2021-03-24,AUD,10Y,6M BBSW,1.686169868461034
2021-03-23,AUD,10Y,6M BBSW,1.767023348602333
2021-03-22,AUD,10Y,6M BBSW,1.862856932604535
2021-03-19,AUD,10Y,6M BBSW,1.863766318904255
2021-03-18,AUD,10Y,6M BBSW,1.838754412017482
2021-03-17,AUD,10Y,6M BBSW,1.788766235752057
2021-03-16,AUD,10Y,6M BBSW,1.762024329939269
2021-03-15,AUD,10Y,6M BBSW,1.862941730488464
2021-03-12,AUD,10Y,6M BBSW,1.865465236809586
2021-03-11,AUD,10Y,6M BBSW,1.716459956985016
2021-03-10,AUD,10Y,6M BBSW,1.780466601366747
2021-03-09,AUD,10Y,6M BBSW,1.862496690296854
2021-03-08,AUD,10Y,6M BBSW,1.847862727486102
2021-03-05,AUD,10Y,6M BBSW,1.847467996491414
2021-03-04,AUD,10Y,6M BBSW,1.842454431314301
2021-03-03,AUD,10Y,6M BBSW,1.736168155585206
2021-03-02,AUD,10Y,6M BBSW,1.788317472082563
2021-03-01,AUD,10Y,6M BBSW,1.696636103208087
2021-02-26,AUD,10Y,6M BBSW,1.7587637904614
2021-02-25,AUD,10Y,6M BBSW,1.734965207770495
2021-02-24,AUD,10Y,6M BBSW,1.636155325994733
2021-02-23,AUD,10Y,6M BBSW,1.603378139508517
2021-02-22,AUD,10Y,6M BBSW,1.626671870539912
2021-02-19,AUD,10Y,6M BBSW,1.539970247551804
2021-02-18,AUD,10Y,6M BBSW,1.398777142643716
2021-02-17,AUD,10Y,6M BBSW,1.421166486799393
2021-02-16,AUD,10Y,6M BBSW,1.34964339806488
2021-02-15,AUD,10Y,6M BBSW,1.340069391752239
2021-02-12,AUD,10Y,6M BBSW,1.24378035355324
2021-02-11,AUD,10Y,6M BBSW,1.209982717688164
2021-02-10,AUD,10Y,6M BBSW,1.246173649982926
2021-02-09,AUD,10Y,6M BBSW,1.245870197315064
2021-02-08,AUD,10Y,6M BBSW,1.281839411116911
2021-02-05,AUD,10Y,6M BBSW,1.263766636476783
2021-02-04,AUD,10Y,6M BBSW,1.232470491270409
2021-02-03,AUD,10Y,6M BBSW,1.187466247692678
2021-02-02,AUD,10Y,6M BBSW,1.143487276496525
2021-02-01,AUD,10Y,6M BBSW,1.150595927413455
2021-01-29,AUD,10Y,6M BBSW,1.162482840049325
2021-01-28,AUD,10Y,6M BBSW,1.072483093450644
2021-01-27,AUD,10Y,6M BBSW,1.080900678293279
2021-01-25,AUD,10Y,6M BBSW,1.104142131465638
2021-01-22,AUD,10Y,6M BBSW,1.082484539517575
2021-01-21,AUD,10Y,6M BBSW,1.059986195402995
2021-01-20,AUD,10Y,6M BBSW,1.077479995970082
2021-01-19,AUD,10Y,6M BBSW,1.076013997631995
2021-01-18,AUD,10Y,6M BBSW,1.054451291731446
2021-01-15,AUD,10Y,6M BBSW,1.056210875085169
2021-01-14,AUD,10Y,6M BBSW,1.071195206575758
2021-01-13,AUD,10Y,6M BBSW,1.087479484259007
2021-01-12,AUD,10Y,6M BBSW,1.108505646877546
2021-01-11,AUD,10Y,6M BBSW,1.074441720719849
2021-01-08,AUD,10Y,6M BBSW,1.08878449324104
2021-01-07,AUD,10Y,6M BBSW,1.043686458124707
2021-01-06,AUD,10Y,6M BBSW,1.019982072836606
2021-01-05,AUD,10Y,6M BBSW,0.93974944340014
2021-01-04,AUD,10Y,6M BBSW,0.986984837581244
2020-12-31,AUD,10Y,6M BBSW,0.9950162351014042
2020-12-30,AUD,10Y,6M BBSW,0.995010317435446
2020-12-29,AUD,10Y,6M BBSW,0.9772460672373396
2020-12-24,AUD,10Y,6M BBSW,1.004980934379988
2020-12-23,AUD,10Y,6M BBSW,0.93497913262022
2020-12-22,AUD,10Y,6M BBSW,0.9635394745793948
2020-12-21,AUD,10Y,6M BBSW,0.964497246407106
2020-12-18,AUD,10Y,6M BBSW,0.9999915458205112
2020-12-17,AUD,10Y,6M BBSW,0.9799884252750788
2020-12-16,AUD,10Y,6M BBSW,0.9649837903061284
2020-12-15,AUD,10Y,6M BBSW,0.9595702838776884
2020-12-14,AUD,10Y,6M BBSW,0.9530304574550864
2020-12-11,AUD,10Y,6M BBSW,0.9359876351791764
2020-12-10,AUD,10Y,6M BBSW,0.9794801615482052
2020-12-09,AUD,10Y,6M BBSW,1.007474525958919
2020-12-08,AUD,10Y,6M BBSW,0.9897259665877934
2020-12-07,AUD,10Y,6M BBSW,1.001976860124069
2020-12-04,AUD,10Y,6M BBSW,1.022491466432614
2020-12-03,AUD,10Y,6M BBSW,0.9661890174894624
2020-12-02,AUD,10Y,6M BBSW,0.9699834297008904
2020-12-01,AUD,10Y,6M BBSW,0.8910588417354908
2020-11-30,AUD,10Y,6M BBSW,0.8852303926867665
2020-11-27,AUD,10Y,6M BBSW,0.8774897251804904
2020-11-26,AUD,10Y,6M BBSW,0.8961899512796949
2020-11-25,AUD,10Y,6M BBSW,0.9224851874281856
2020-11-24,AUD,10Y,6M BBSW,0.8897626067479653
2020-11-23,AUD,10Y,6M BBSW,0.8370604574833227
2020-11-20,AUD,10Y,6M BBSW,0.8637900253079891
2020-11-19,AUD,10Y,6M BBSW,0.8774903767486998
2020-11-18,AUD,10Y,6M BBSW,0.8724867308433158
2020-11-17,AUD,10Y,6M BBSW,0.9047586126695876
2020-11-16,AUD,10Y,6M BBSW,0.8383602557282401
2020-11-13,AUD,10Y,6M BBSW,0.8387906031787841
2020-11-12,AUD,10Y,6M BBSW,0.8649904645712834
2020-11-11,AUD,10Y,6M BBSW,0.9374846392665964
2020-11-10,AUD,10Y,6M BBSW,0.8685682982434079
2020-11-09,AUD,10Y,6M BBSW,0.7508045489831874
2020-11-06,AUD,10Y,6M BBSW,0.7636922711747423
2020-11-05,AUD,10Y,6M BBSW,0.7199933218175824
2020-11-04,AUD,10Y,6M BBSW,0.7599897780662817
2020-11-03,AUD,10Y,6M BBSW,0.7260056288677732
2020-11-02,AUD,10Y,6M BBSW,0.7670960114753853
2020-10-30,AUD,10Y,6M BBSW,0.7887049242710279
2020-10-29,AUD,10Y,6M BBSW,0.7411980743839766
2020-10-28,AUD,10Y,6M BBSW,0.7411900328028718
2020-10-27,AUD,10Y,6M BBSW,0.743598090223993
2020-10-26,AUD,10Y,6M BBSW,0.7434094157162803
2020-10-23,AUD,10Y,6M BBSW,0.7499954128406067
2020-10-22,AUD,10Y,6M BBSW,0.7786911442852165
2020-10-21,AUD,10Y,6M BBSW,0.7561874237265925
2020-10-20,AUD,10Y,6M BBSW,0.7148040630510482
2020-10-19,AUD,10Y,6M BBSW,0.7108194828464028
2020-10-16,AUD,10Y,6M BBSW,0.6811948245348577
2020-10-15,AUD,10Y,6M BBSW,0.7125083552903609
2020-10-14,AUD,10Y,6M BBSW,0.753800648107953
2020-10-13,AUD,10Y,6M BBSW,0.7634931099967504
2020-10-12,AUD,10Y,6M BBSW,0.7757925546132534
2020-10-09,AUD,10Y,6M BBSW,0.7799946241018596
2020-10-08,AUD,10Y,6M BBSW,0.7824924619574153
2020-10-07,AUD,10Y,6M BBSW,0.7622902671566744
2020-10-06,AUD,10Y,6M BBSW,0.798374027649584
2020-10-02,AUD,10Y,6M BBSW,0.7786865991906256
2020-10-01,AUD,10Y,6M BBSW,0.7774870895901457
2020-09-30,AUD,10Y,6M BBSW,0.7575080982794323
2020-09-29,AUD,10Y,6M BBSW,0.7398053417906028
2020-09-28,AUD,10Y,6M BBSW,0.7321121459589491
2020-09-25,AUD,10Y,6M BBSW,0.7274927677862228
2020-09-24,AUD,10Y,6M BBSW,0.7587927875143439
2020-09-23,AUD,10Y,6M BBSW,0.7599900477672048
2020-09-22,AUD,10Y,6M BBSW,0.7872890202446667
2020-09-21,AUD,10Y,6M BBSW,0.7983794580812744
2020-09-18,AUD,10Y,6M BBSW,0.8136911209192046
2020-09-17,AUD,10Y,6M BBSW,0.7911923113629035
2020-09-16,AUD,10Y,6M BBSW,0.7861894173909749
2020-09-15,AUD,10Y,6M BBSW,0.7950575482461895
2020-09-14,AUD,10Y,6M BBSW,0.8090583037207628
2020-09-11,AUD,10Y,6M BBSW,0.8094913028824334
2020-09-10,AUD,10Y,6M BBSW,0.8457912120722565
2020-09-09,AUD,10Y,6M BBSW,0.8154886256926657
2020-09-08,AUD,10Y,6M BBSW,0.8622695047251796
2020-09-07,AUD,10Y,6M BBSW,0.8757399699799446
2020-09-04,AUD,10Y,6M BBSW,0.8712902906761424
2020-09-03,AUD,10Y,6M BBSW,0.8199917516944439
2020-09-02,AUD,10Y,6M BBSW,0.8449880868149802
2020-09-01,AUD,10Y,6M BBSW,0.8747661970998337
2020-08-31,AUD,10Y,6M BBSW,0.877734580954594
2020-08-28,AUD,10Y,6M BBSW,0.9124980420449152
2020-08-27,AUD,10Y,6M BBSW,0.8149959677434065
2020-08-26,AUD,10Y,6M BBSW,0.8524894604106541
2020-08-25,AUD,10Y,6M BBSW,0.7972861452817188
2020-08-24,AUD,10Y,6M BBSW,0.7770878471946223
2020-08-21,AUD,10Y,6M BBSW,0.7961925167652363
2020-08-20,AUD,10Y,6M BBSW,0.7924916545998886
2020-08-19,AUD,10Y,6M BBSW,0.7987907916448391
2020-08-18,AUD,10Y,6M BBSW,0.8109825677115754
2020-08-17,AUD,10Y,6M BBSW,0.8357577561548927
2020-08-14,AUD,10Y,6M BBSW,0.8574998341874713
2020-08-13,AUD,10Y,6M BBSW,0.8087913526771919
2020-08-12,AUD,10Y,6M BBSW,0.8337900042947121
2020-08-11,AUD,10Y,6M BBSW,0.7822901262876624
2020-08-10,AUD,10Y,6M BBSW,0.763395016919146
2020-08-07,AUD,10Y,6M BBSW,0.733692065357348
2020-08-06,AUD,10Y,6M BBSW,0.7636891408973889
2020-08-05,AUD,10Y,6M BBSW,0.7347967964898071
2020-08-04,AUD,10Y,6M BBSW,0.75839596382982
2020-07-31,AUD,10Y,6M BBSW,0.7538053327569585
2020-07-30,AUD,10Y,6M BBSW,0.787497018453907
2020-07-29,AUD,10Y,6M BBSW,0.7911909236444175
2020-07-28,AUD,10Y,6M BBSW,0.8485709145049554
2020-07-27,AUD,10Y,6M BBSW,0.7970751962804924
2020-07-24,AUD,10Y,6M BBSW,0.7886916990271976
2020-07-23,AUD,10Y,6M BBSW,0.7924917435118796
2020-07-22,AUD,10Y,6M BBSW,0.8074906091630627
2020-07-21,AUD,10Y,6M BBSW,0.780990347295666
2020-07-20,AUD,10Y,6M BBSW,0.8008754128339935
2020-07-17,AUD,10Y,6M BBSW,0.8061924394278684
2020-07-16,AUD,10Y,6M BBSW,0.8274911032665064
2020-07-15,AUD,10Y,6M BBSW,0.8325072651153932
2020-07-14,AUD,10Y,6M BBSW,0.813587431222473
2020-07-13,AUD,10Y,6M BBSW,0.8120697881228135
2020-07-10,AUD,10Y,6M BBSW,0.7737929513410967
2020-07-09,AUD,10Y,6M BBSW,0.8262910224502225
2020-07-08,AUD,10Y,6M BBSW,0.8262901351527602
2020-07-07,AUD,10Y,6M BBSW,0.8310772323842783
2020-07-06,AUD,10Y,6M BBSW,0.8720390176112557
2020-07-03,AUD,10Y,6M BBSW,0.8474897355915525
2020-07-02,AUD,10Y,6M BBSW,0.9124866597370684
2020-07-01,AUD,10Y,6M BBSW,0.8862721776672497
2020-06-30,AUD,10Y,6M BBSW,0.8442418098438552
2020-06-29,AUD,10Y,6M BBSW,0.8440141745278098
2020-06-26,AUD,10Y,6M BBSW,0.8499749128949657
2020-06-25,AUD,10Y,6M BBSW,0.8474654601239047
2020-06-24,AUD,10Y,6M BBSW,0.9049827799908844
2020-06-23,AUD,10Y,6M BBSW,0.8835551062875341
2020-06-22,AUD,10Y,6M BBSW,0.8532506856605775
2020-06-19,AUD,10Y,6M BBSW,0.8586896979664311
2020-06-18,AUD,10Y,6M BBSW,0.8674926822977189
2020-06-17,AUD,10Y,6M BBSW,0.8937890071129165
2020-06-16,AUD,10Y,6M BBSW,0.9209495631509812
2020-06-15,AUD,10Y,6M BBSW,0.8770695287766087
2020-06-12,AUD,10Y,6M BBSW,0.9011839712590664
2020-06-11,AUD,10Y,6M BBSW,0.9186867118109164
2020-06-10,AUD,10Y,6M BBSW,1.002222977725204
2020-06-09,AUD,10Y,6M BBSW,1.006961506181259
2020-06-05,AUD,10Y,6M BBSW,1.108682572160679
2020-06-04,AUD,10Y,6M BBSW,0.9724910854972328
2020-06-03,AUD,10Y,6M BBSW,0.9349885855244452
2020-06-02,AUD,10Y,6M BBSW,0.8697635364288164
2020-06-01,AUD,10Y,6M BBSW,0.8820357441858235
2020-05-29,AUD,10Y,6M BBSW,0.8724950343065828
2020-05-28,AUD,10Y,6M BBSW,0.8749903694718051
2020-05-27,AUD,10Y,6M BBSW,0.883788791195187
2020-05-26,AUD,10Y,6M BBSW,0.8572702843166385
2020-05-25,AUD,10Y,6M BBSW,0.8495500805090029
2020-05-22,AUD,10Y,6M BBSW,0.8449915442404192
2020-05-21,AUD,10Y,6M BBSW,0.871189927344054
2020-05-20,AUD,10Y,6M BBSW,0.9099881375998063
2020-05-19,AUD,10Y,6M BBSW,0.9347500737335566
2020-05-18,AUD,10Y,6M BBSW,0.8870314828450427
2020-05-15,AUD,10Y,6M BBSW,0.8813057987138995
2020-05-14,AUD,10Y,6M BBSW,0.8399961226138557
2020-05-13,AUD,10Y,6M BBSW,0.8887887030548096
2020-05-12,AUD,10Y,6M BBSW,0.9122559719741716
2020-05-11,AUD,10Y,6M BBSW,0.9132184819156264
2020-05-08,AUD,10Y,6M BBSW,0.8736912393946343
2020-05-07,AUD,10Y,6M BBSW,0.9274888485682614
2020-05-06,AUD,10Y,6M BBSW,0.9074883619906052
2020-05-05,AUD,10Y,6M BBSW,0.8885619639124261
2020-05-04,AUD,10Y,6M BBSW,0.8695396158233393
2020-05-01,AUD,10Y,6M BBSW,0.921190141065888
2020-04-30,AUD,10Y,6M BBSW,0.9550078345638956
2020-04-29,AUD,10Y,6M BBSW,0.991196286373512
2020-04-28,AUD,10Y,6M BBSW,0.9847325665840716
2020-04-27,AUD,10Y,6M BBSW,0.9607955278970668
2020-04-24,AUD,10Y,6M BBSW,0.9349873580030008
2020-04-23,AUD,10Y,6M BBSW,0.9286905113702276
2020-04-22,AUD,10Y,6M BBSW,0.905954848422056
2020-04-21,AUD,10Y,6M BBSW,0.9107157306332916
2020-04-20,AUD,10Y,6M BBSW,0.9267717320074887
2020-04-17,AUD,10Y,6M BBSW,0.9274853075740392
2020-04-16,AUD,10Y,6M BBSW,0.9499885656605092
2020-04-15,AUD,10Y,6M BBSW,1.042517259629572
2020-04-14,AUD,10Y,6M BBSW,1.01974161409798
2020-04-09,AUD,10Y,6M BBSW,1.014988458505056
2020-04-08,AUD,10Y,6M BBSW,1.004985670450711
2020-04-07,AUD,10Y,6M BBSW,0.9197449882709492
2020-04-06,AUD,10Y,6M BBSW,0.8557445843062919
2020-04-03,AUD,10Y,6M BBSW,0.8624796573950637
2020-04-02,AUD,10Y,6M BBSW,0.8924837626625715
2020-04-01,AUD,10Y,6M BBSW,0.8499838585412093
2020-03-31,AUD,10Y,6M BBSW,0.9580093831178697
2020-03-30,AUD,10Y,6M BBSW,0.8890390559177126
2020-03-27,AUD,10Y,6M BBSW,1.022485768092565
2020-03-26,AUD,10Y,6M BBSW,1.054977247033646
2020-03-25,AUD,10Y,6M BBSW,1.144981973114013
2020-03-24,AUD,10Y,6M BBSW,1.052218474824729
2020-03-23,AUD,10Y,6M BBSW,1.044450517518277
2020-03-20,AUD,10Y,6M BBSW,1.197483018851189
2020-03-19,AUD,10Y,6M BBSW,1.74496537611134
2020-03-18,AUD,10Y,6M BBSW,1.322476671638512
2020-03-17,AUD,10Y,6M BBSW,1.184682092996841
2020-03-16,AUD,10Y,6M BBSW,1.010664475338052
2020-03-13,AUD,10Y,6M BBSW,1.163784817345116
2020-03-12,AUD,10Y,6M BBSW,0.9449886340901184
2020-03-11,AUD,10Y,6M BBSW,0.9024885821129656
2020-03-10,AUD,10Y,6M BBSW,0.8747638834516757
2020-03-09,AUD,10Y,6M BBSW,0.8245604513885822
2020-03-06,AUD,10Y,6M BBSW,0.8799911029398033
2020-03-05,AUD,10Y,6M BBSW,0.9449886366286266
2020-03-04,AUD,10Y,6M BBSW,0.8962888059096965
2020-03-03,AUD,10Y,6M BBSW,0.9097553407935604
2020-03-02,AUD,10Y,6M BBSW,0.9420003501051172
2020-02-28,AUD,10Y,6M BBSW,0.891300666505698
2020-02-27,AUD,10Y,6M BBSW,0.9874949075743004
2020-02-26,AUD,10Y,6M BBSW,1.036184268411108
2020-02-25,AUD,10Y,6M BBSW,1.036188375538822
2020-02-24,AUD,10Y,6M BBSW,1.039720233054162
2020-02-21,AUD,10Y,6M BBSW,1.064986972005649
2020-02-20,AUD,10Y,6M BBSW,1.119984409251076
2020-02-19,AUD,10Y,6M BBSW,1.143780872180995
2020-02-18,AUD,10Y,6M BBSW,1.171185011046944
2020-02-17,AUD,10Y,6M BBSW,1.198477882374957
2020-02-14,AUD,10Y,6M BBSW,1.172500590371246
2020-02-13,AUD,10Y,6M BBSW,1.203781716285174
2020-02-12,AUD,10Y,6M BBSW,1.208778737301089
2020-02-11,AUD,10Y,6M BBSW,1.166184922975596
2020-02-10,AUD,10Y,6M BBSW,1.162187520959828
2020-02-07,AUD,10Y,6M BBSW,1.152480652543681
2020-02-06,AUD,10Y,6M BBSW,1.234973143186949
2020-02-05,AUD,10Y,6M BBSW,1.182471022176908
2020-02-04,AUD,10Y,6M BBSW,1.054982410071979
2020-02-03,AUD,10Y,6M BBSW,1.082201401112939
2020-01-31,AUD,10Y,6M BBSW,1.091212853481082
2020-01-30,AUD,10Y,6M BBSW,1.118797058057332
2020-01-29,AUD,10Y,6M BBSW,1.184979576152228
2020-01-28,AUD,10Y,6M BBSW,1.104702698208017
2020-01-24,AUD,10Y,6M BBSW,1.201181262929529
2020-01-23,AUD,10Y,6M BBSW,1.266179587474238
2020-01-22,AUD,10Y,6M BBSW,1.257479292393395
2020-01-21,AUD,10Y,6M BBSW,1.309981220077136
2020-01-20,AUD,10Y,6M BBSW,1.332142534869064
2020-01-17,AUD,10Y,6M BBSW,1.33247946767989
2020-01-16,AUD,10Y,6M BBSW,1.341177067668965
2020-01-15,AUD,10Y,6M BBSW,1.367520991840184
2020-01-14,AUD,10Y,6M BBSW,1.389996076377334
2020-01-13,AUD,10Y,6M BBSW,1.352137552911992
2020-01-10,AUD,10Y,6M BBSW,1.367478291485534
2020-01-09,AUD,10Y,6M BBSW,1.363776255578563
2020-01-08,AUD,10Y,6M BBSW,1.309975010104392
2020-01-07,AUD,10Y,6M BBSW,1.342480408861667
2020-01-06,AUD,10Y,6M BBSW,1.359635452429687
2020-01-03,AUD,10Y,6M BBSW,1.368673229398508
2020-01-02,AUD,10Y,6M BBSW,1.527461080860554
2019-12-31,AUD,10Y,6M BBSW,1.522529033753931
2019-12-30,AUD,10Y,6M BBSW,1.465847727472395
2019-12-27,AUD,10Y,6M BBSW,1.472450833480555
2019-12-24,AUD,10Y,6M BBSW,1.467451076697076
2019-12-23,AUD,10Y,6M BBSW,1.459593927203653
2019-12-20,AUD,10Y,6M BBSW,1.468770542728885
2019-12-19,AUD,10Y,6M BBSW,1.412473913645934
2019-12-18,AUD,10Y,6M BBSW,1.34877892154895
2019-12-17,AUD,10Y,6M BBSW,1.337475800680062
2019-12-16,AUD,10Y,6M BBSW,1.323443392564831
2019-12-13,AUD,10Y,6M BBSW,1.309970852630252
2019-12-12,AUD,10Y,6M BBSW,1.3087655046014
2019-12-11,AUD,10Y,6M BBSW,1.307469923498389
2019-12-10,AUD,10Y,6M BBSW,1.288766072936224
2019-12-09,AUD,10Y,6M BBSW,1.324635066555602
2019-12-06,AUD,10Y,6M BBSW,1.304971189110383
2019-12-05,AUD,10Y,6M BBSW,1.259978824801179
2019-12-04,AUD,10Y,6M BBSW,1.232482183770282
2019-12-03,AUD,10Y,6M BBSW,1.287476943437373
2019-12-02,AUD,10Y,6M BBSW,1.247163837526756
2019-11-29,AUD,10Y,6M BBSW,1.203789901169699
2019-11-28,AUD,10Y,6M BBSW,1.194982210281169
2019-11-27,AUD,10Y,6M BBSW,1.236179365852716
2019-11-26,AUD,10Y,6M BBSW,1.259982824174853
2019-11-25,AUD,10Y,6M BBSW,1.24846476908339
2019-11-22,AUD,10Y,6M BBSW,1.24998191052736
2019-11-21,AUD,10Y,6M BBSW,1.234980989196578
2019-11-20,AUD,10Y,6M BBSW,1.232477811626617
2019-11-19,AUD,10Y,6M BBSW,1.277482367381423
2019-11-18,AUD,10Y,6M BBSW,1.31344753848637
2019-11-15,AUD,10Y,6M BBSW,1.302518079007106
2019-11-14,AUD,10Y,6M BBSW,1.342495671966649
2019-11-13,AUD,10Y,6M BBSW,1.422470436242789
2019-11-12,AUD,10Y,6M BBSW,1.432477945072426
2019-11-11,AUD,10Y,6M BBSW,1.448411817397296
2019-11-08,AUD,10Y,6M BBSW,1.457475193337972
2019-11-07,AUD,10Y,6M BBSW,1.386175377963166
2019-11-06,AUD,10Y,6M BBSW,1.417470900684588
2019-11-05,AUD,10Y,6M BBSW,1.382479450658886
2019-11-04,AUD,10Y,6M BBSW,1.333442237170509
2019-11-01,AUD,10Y,6M BBSW,1.337479133580427
2019-10-31,AUD,10Y,6M BBSW,1.317525478849032
2019-10-30,AUD,10Y,6M BBSW,1.316215352433054
2019-10-29,AUD,10Y,6M BBSW,1.327492477123338
2019-10-28,AUD,10Y,6M BBSW,1.269657829188828
2019-10-25,AUD,10Y,6M BBSW,1.233761194606914
2019-10-24,AUD,10Y,6M BBSW,1.279976000398271
2019-10-23,AUD,10Y,6M BBSW,1.291178944252765
2019-10-22,AUD,10Y,6M BBSW,1.343775257620233
2019-10-21,AUD,10Y,6M BBSW,1.309644797859401
2019-10-18,AUD,10Y,6M BBSW,1.309964069758668
2019-10-17,AUD,10Y,6M BBSW,1.232475633565166
2019-10-16,AUD,10Y,6M BBSW,1.202479256162385
2019-10-15,AUD,10Y,6M BBSW,1.168822284935717
2019-10-14,AUD,10Y,6M BBSW,1.193502319099076
2019-10-11,AUD,10Y,6M BBSW,1.239976421133209
2019-10-10,AUD,10Y,6M BBSW,1.033778315000618
2019-10-09,AUD,10Y,6M BBSW,1.036186615554493
2019-10-08,AUD,10Y,6M BBSW,1.02618447841522
2019-10-04,AUD,10Y,6M BBSW,1.026175815225702
2019-10-03,AUD,10Y,6M BBSW,1.079968881518918
2019-10-02,AUD,10Y,6M BBSW,1.11247150924094
2019-10-01,AUD,10Y,6M BBSW,1.167671317073202
2019-09-30,AUD,10Y,6M BBSW,1.12808691249498
2019-09-27,AUD,10Y,6M BBSW,1.11998356261704
2019-09-26,AUD,10Y,6M BBSW,1.132474858744482
2019-09-25,AUD,10Y,6M BBSW,1.108683033853489
2019-09-24,AUD,10Y,6M BBSW,1.163785615022064
2019-09-23,AUD,10Y,6M BBSW,1.165886505269673
2019-09-20,AUD,10Y,6M BBSW,1.17118432111479
2019-09-19,AUD,10Y,6M BBSW,1.244980731628628
2019-09-18,AUD,10Y,6M BBSW,1.299975854315531
2019-09-17,AUD,10Y,6M BBSW,1.299982476927122
2019-09-16,AUD,10Y,6M BBSW,1.33344220980836
2019-09-13,AUD,10Y,6M BBSW,1.317479516898932
2019-09-12,AUD,10Y,6M BBSW,1.307478311590508
2019-09-11,AUD,10Y,6M BBSW,1.273676808587819
2019-09-10,AUD,10Y,6M BBSW,1.227484475371886
2019-09-09,AUD,10Y,6M BBSW,1.17968293043398
2019-09-06,AUD,10Y,6M BBSW,1.202483311733862
2019-09-05,AUD,10Y,6M BBSW,1.141183630651941
2019-09-04,AUD,10Y,6M BBSW,1.103782805024675
2019-09-03,AUD,10Y,6M BBSW,1.116186803284924
2019-09-02,AUD,10Y,6M BBSW,1.087207351474001
2019-08-30,AUD,10Y,6M BBSW,1.100003833908058
2019-08-29,AUD,10Y,6M BBSW,1.046197988409461
2019-08-28,AUD,10Y,6M BBSW,1.048800236860562
2019-08-27,AUD,10Y,6M BBSW,1.097492978301511
2019-08-26,AUD,10Y,6M BBSW,1.075907424629641
2019-08-23,AUD,10Y,6M BBSW,1.059991210679962
2019-08-22,AUD,10Y,6M BBSW,1.109981630056147
2019-08-21,AUD,10Y,6M BBSW,1.092485838107856
2019-08-20,AUD,10Y,6M BBSW,1.106184001584117
2019-08-19,AUD,10Y,6M BBSW,1.08470507578587
2019-08-16,AUD,10Y,6M BBSW,1.041191015008221
2019-08-15,AUD,10Y,6M BBSW,1.076214483326577
2019-08-14,AUD,10Y,6M BBSW,1.137500436931416
2019-08-13,AUD,10Y,6M BBSW,1.129983141447603
2019-08-12,AUD,10Y,6M BBSW,1.155886192040625
2019-08-09,AUD,10Y,6M BBSW,1.172488542093194
2019-08-08,AUD,10Y,6M BBSW,1.152480031652159
2019-08-07,AUD,10Y,6M BBSW,1.17377974625134
2019-08-06,AUD,10Y,6M BBSW,1.212166581440409
2019-08-02,AUD,10Y,6M BBSW,1.279975238218327
2019-08-01,AUD,10Y,6M BBSW,1.407458338813592
2019-07-31,AUD,10Y,6M BBSW,1.405022949862817
2019-07-30,AUD,10Y,6M BBSW,1.424995391453407
2019-07-29,AUD,10Y,6M BBSW,1.407118556938925
2019-07-26,AUD,10Y,6M BBSW,1.437439671243976
2019-07-25,AUD,10Y,6M BBSW,1.478757803969205
2019-07-24,AUD,10Y,6M BBSW,1.512469275095787
2019-07-23,AUD,10Y,6M BBSW,1.541168482097972
2019-07-22,AUD,10Y,6M BBSW,1.560777028691298
2019-07-19,AUD,10Y,6M BBSW,1.564979533254445
2019-07-18,AUD,10Y,6M BBSW,1.554964420143914
2019-07-17,AUD,10Y,6M BBSW,1.597468857805572
2019-07-16,AUD,10Y,6M BBSW,1.589966449944362
2019-07-15,AUD,10Y,6M BBSW,1.647579448274843
2019-07-12,AUD,10Y,6M BBSW,1.6287782216696
2019-07-11,AUD,10Y,6M BBSW,1.529965077529589
2019-07-10,AUD,10Y,6M BBSW,1.527471710797992
2019-07-09,AUD,10Y,6M BBSW,1.532468896444526
2019-07-08,AUD,10Y,6M BBSW,1.537082986056589
2019-07-05,AUD,10Y,6M BBSW,1.493781668366774
2019-07-04,AUD,10Y,6M BBSW,1.513765890715391
2019-07-03,AUD,10Y,6M BBSW,1.521165450991454
2019-07-02,AUD,10Y,6M BBSW,1.556158152337491
2019-07-01,AUD,10Y,6M BBSW,1.559530370553778
2019-06-28,AUD,10Y,6M BBSW,1.559956042202321
2019-06-27,AUD,10Y,6M BBSW,1.583742799450962
2019-06-26,AUD,10Y,6M BBSW,1.519918124084225
2019-06-25,AUD,10Y,6M BBSW,1.533685759630494
2019-06-24,AUD,10Y,6M BBSW,1.553360258738248
2019-06-21,AUD,10Y,6M BBSW,1.55116889203643
2019-06-20,AUD,10Y,6M BBSW,1.536168448747843
2019-06-19,AUD,10Y,6M BBSW,1.591164293379119
2019-06-18,AUD,10Y,6M BBSW,1.617467458204968
2019-06-17,AUD,10Y,6M BBSW,1.658353201087854
2019-06-14,AUD,10Y,6M BBSW,1.629991228122596
2019-06-13,AUD,10Y,6M BBSW,1.673752139267957
2019-06-12,AUD,10Y,6M BBSW,1.697439185706415
2019-06-11,AUD,10Y,6M BBSW,1.728320623823103
2019-06-07,AUD,10Y,6M BBSW,1.703751462009175
2019-06-06,AUD,10Y,6M BBSW,1.736152140901868
2019-06-05,AUD,10Y,6M BBSW,1.766156044074125
2019-06-04,AUD,10Y,6M BBSW,1.753661967432122
2019-06-03,AUD,10Y,6M BBSW,1.769523411812475
2019-05-31,AUD,10Y,6M BBSW,1.728836782159141
2019-05-30,AUD,10Y,6M BBSW,1.791213323905693
2019-05-29,AUD,10Y,6M BBSW,1.744977680392063
2019-05-28,AUD,10Y,6M BBSW,1.789957486110971
2019-05-27,AUD,10Y,6M BBSW,1.794513933267926
2019-05-24,AUD,10Y,6M BBSW,1.782474362919404
2019-05-23,AUD,10Y,6M BBSW,1.83245073941411
2019-05-22,AUD,10Y,6M BBSW,1.891256970272635
2019-05-21,AUD,10Y,6M BBSW,1.904951930673575
2019-05-20,AUD,10Y,6M BBSW,1.935675607665414
2019-05-17,AUD,10Y,6M BBSW,1.898670564480024
2019-05-16,AUD,10Y,6M BBSW,1.911146338613039
2019-05-15,AUD,10Y,6M BBSW,1.947542989183813
2019-05-14,AUD,10Y,6M BBSW,1.954991683889824
2019-05-13,AUD,10Y,6M BBSW,1.970766262842293
2019-05-10,AUD,10Y,6M BBSW,1.997467203710251
2019-05-09,AUD,10Y,6M BBSW,1.978742547996453
2019-05-08,AUD,10Y,6M BBSW,1.99745233840842
2019-05-07,AUD,10Y,6M BBSW,1.994947535850695
2019-05-06,AUD,10Y,6M BBSW,1.989461228209141
2019-05-03,AUD,10Y,6M BBSW,2.041165972746797
2019-05-02,AUD,10Y,6M BBSW,2.031139717147045
2019-05-01,AUD,10Y,6M BBSW,2.028650587510282
2019-04-30,AUD,10Y,6M BBSW,2.050037575831853
2019-04-29,AUD,10Y,6M BBSW,2.033291558979602
2019-04-26,AUD,10Y,6M BBSW,2.012449096822425
2019-04-24,AUD,10Y,6M BBSW,2.022437585138637
2019-04-23,AUD,10Y,6M BBSW,2.124938348957868
2019-04-18,AUD,10Y,6M BBSW,2.179901770785134
2019-04-17,AUD,10Y,6M BBSW,2.189918405440714
2019-04-16,AUD,10Y,6M BBSW,2.157429209278712
2019-04-15,AUD,10Y,6M BBSW,2.180424582685402
2019-04-12,AUD,10Y,6M BBSW,2.217432814069728
2019-04-11,AUD,10Y,6M BBSW,2.102436860958643
2019-04-10,AUD,10Y,6M BBSW,2.111113431243057
2019-04-09,AUD,10Y,6M BBSW,2.129937083993912
2019-04-08,AUD,10Y,6M BBSW,2.128220831960228
2019-04-05,AUD,10Y,6M BBSW,2.134899073672962
2019-04-04,AUD,10Y,6M BBSW,2.146194673112446
2019-04-03,AUD,10Y,6M BBSW,2.093676873699588
2019-04-02,AUD,10Y,6M BBSW,2.078190219703066
2019-04-01,AUD,10Y,6M BBSW,2.073908975212313
2019-03-29,AUD,10Y,6M BBSW,2.02616514962706
2019-03-28,AUD,10Y,6M BBSW,1.992434606870448
2019-03-27,AUD,10Y,6M BBSW,2.019945901129992
2019-03-26,AUD,10Y,6M BBSW,2.03741886007574
2019-03-25,AUD,10Y,6M BBSW,2.028150172875391
2019-03-22,AUD,10Y,6M BBSW,2.006162159070719
2019-03-21,AUD,10Y,6M BBSW,2.154932374559105
2019-03-20,AUD,10Y,6M BBSW,2.182443094316476
2019-03-19,AUD,10Y,6M BBSW,2.194935994074001
2019-03-18,AUD,10Y,6M BBSW,2.216899155960513
2019-03-15,AUD,10Y,6M BBSW,2.191356843735371
2019-03-14,AUD,10Y,6M BBSW,2.216205164240361
2019-03-13,AUD,10Y,6M BBSW,2.203642492584623
2019-03-12,AUD,10Y,6M BBSW,2.279930933972587
2019-03-11,AUD,10Y,6M BBSW,2.259387645842788
2019-03-08,AUD,10Y,6M BBSW,2.279958248097727
2019-03-07,AUD,10Y,6M BBSW,2.321121442171748
2019-03-06,AUD,10Y,6M BBSW,2.361132598922535
2019-03-05,AUD,10Y,6M BBSW,2.406122500417171
2019-03-04,AUD,10Y,6M BBSW,2.428142007889546
2019-03-01,AUD,10Y,6M BBSW,2.413653209536922
2019-02-28,AUD,10Y,6M BBSW,2.353799790909765
2019-02-27,AUD,10Y,6M BBSW,2.314967167876236
2019-02-26,AUD,10Y,6M BBSW,2.322428761793132
2019-02-25,AUD,10Y,6M BBSW,2.319400652017732
2019-02-22,AUD,10Y,6M BBSW,2.311122997328363
2019-02-21,AUD,10Y,6M BBSW,2.307434374117804
2019-02-20,AUD,10Y,6M BBSW,2.354923429443829
2019-02-19,AUD,10Y,6M BBSW,2.384925279885639
2019-02-18,AUD,10Y,6M BBSW,2.373187246529441
2019-02-15,AUD,10Y,6M BBSW,2.38007579624225
2019-02-14,AUD,10Y,6M BBSW,2.380000140902133
2019-02-13,AUD,10Y,6M BBSW,2.384921813727849
2019-02-12,AUD,10Y,6M BBSW,2.354927149506526
2019-02-11,AUD,10Y,6M BBSW,2.339395855451109
2019-02-08,AUD,10Y,6M BBSW,2.328622435097524
2019-02-07,AUD,10Y,6M BBSW,2.377413413040154
2019-02-06,AUD,10Y,6M BBSW,2.433600953312837
2019-02-05,AUD,10Y,6M BBSW,2.466084956135261
2019-02-04,AUD,10Y,6M BBSW,2.465538998561186
2019-02-01,AUD,10Y,6M BBSW,2.487369195664655
2019-01-31,AUD,10Y,6M BBSW,2.476274861752883
2019-01-30,AUD,10Y,6M BBSW,2.499389044585126
2019-01-29,AUD,10Y,6M BBSW,2.487418956890686
2019-01-25,AUD,10Y,6M BBSW,2.49868501151266
2019-01-24,AUD,10Y,6M BBSW,2.547410572811071
2019-01-23,AUD,10Y,6M BBSW,2.549910272340675
2019-01-22,AUD,10Y,6M BBSW,2.558614505420135
2019-01-21,AUD,10Y,6M BBSW,2.438168980786205
2019-01-18,AUD,10Y,6M BBSW,2.589902956228706
2019-01-17,AUD,10Y,6M BBSW,2.532421157939842
2019-01-16,AUD,10Y,6M BBSW,2.526112126652694
2019-01-15,AUD,10Y,6M BBSW,2.533856063631299
2019-01-14,AUD,10Y,6M BBSW,2.515581045195504
2019-01-11,AUD,10Y,6M BBSW,2.552406655890175
2019-01-10,AUD,10Y,6M BBSW,2.541120612232155
2019-01-09,AUD,10Y,6M BBSW,2.563709113975985
2019-01-08,AUD,10Y,6M BBSW,2.536216480114347
2019-01-07,AUD,10Y,6M BBSW,2.509354211535636
2019-01-04,AUD,10Y,6M BBSW,2.564904970823046
2019-01-03,AUD,10Y,6M BBSW,2.459909363995433
2019-01-02,AUD,10Y,6M BBSW,2.521185171809138
2018-12-31,AUD,10Y,6M BBSW,2.553782690427627
2018-12-28,AUD,10Y,6M BBSW,2.569884253041338
2018-12-27,AUD,10Y,6M BBSW,2.604844385793569
2018-12-24,AUD,10Y,6M BBSW,2.598032895603338
2018-12-21,AUD,10Y,6M BBSW,2.617417152877642
2018-12-20,AUD,10Y,6M BBSW,2.597409639929921
2018-12-19,AUD,10Y,6M BBSW,2.631097309248081
2018-12-18,AUD,10Y,6M BBSW,2.641108850409561
2018-12-17,AUD,10Y,6M BBSW,2.656795136829986
2018-12-14,AUD,10Y,6M BBSW,2.64878116033608
2018-12-13,AUD,10Y,6M BBSW,2.678674366705974
2018-12-12,AUD,10Y,6M BBSW,2.657344228226968
2018-12-11,AUD,10Y,6M BBSW,2.658675170995852
2018-12-10,AUD,10Y,6M BBSW,2.644256854870022
2018-12-07,AUD,10Y,6M BBSW,2.634886979227488
2018-12-06,AUD,10Y,6M BBSW,2.684885558661213
2018-12-05,AUD,10Y,6M BBSW,2.708690986941507
2018-12-04,AUD,10Y,6M BBSW,2.742400465349878
2018-12-03,AUD,10Y,6M BBSW,2.81675408848736
2018-11-30,AUD,10Y,6M BBSW,2.777541605092164
2018-11-29,AUD,10Y,6M BBSW,2.801135890464466
2018-11-28,AUD,10Y,6M BBSW,2.811089474139814
2018-11-27,AUD,10Y,6M BBSW,2.822395589572614
2018-11-26,AUD,10Y,6M BBSW,2.829277198937906
2018-11-23,AUD,10Y,6M BBSW,2.836183315898041
2018-11-22,AUD,10Y,6M BBSW,2.854898619999576
2018-11-21,AUD,10Y,6M BBSW,2.889882596560252
2018-11-20,AUD,10Y,6M BBSW,2.887390725729459
2018-11-19,AUD,10Y,6M BBSW,2.849271398554649
2018-11-16,AUD,10Y,6M BBSW,2.86868007315684
2018-11-15,AUD,10Y,6M BBSW,2.9001018158272
2018-11-14,AUD,10Y,6M BBSW,2.897486324925418
2018-11-13,AUD,10Y,6M BBSW,2.914884570754321
2018-11-12,AUD,10Y,6M BBSW,2.919255743851567
2018-11-09,AUD,10Y,6M BBSW,2.901077960008918
2018-11-08,AUD,10Y,6M BBSW,2.934892477390579
2018-11-07,AUD,10Y,6M BBSW,2.903581310132379
2018-11-06,AUD,10Y,6M BBSW,2.907388646158663
2018-11-05,AUD,10Y,6M BBSW,2.902959304653052
2018-11-02,AUD,10Y,6M BBSW,2.896177956828238
2018-11-01,AUD,10Y,6M BBSW,2.839899353974455
2018-10-31,AUD,10Y,6M BBSW,2.795122259814404
2018-10-30,AUD,10Y,6M BBSW,2.770067662026729
2018-10-29,AUD,10Y,6M BBSW,2.749338757393604
2018-10-26,AUD,10Y,6M BBSW,2.762407035830628
2018-10-25,AUD,10Y,6M BBSW,2.796104340428819
2018-10-24,AUD,10Y,6M BBSW,2.843666666480375
2018-10-23,AUD,10Y,6M BBSW,2.856180307083068
2018-10-22,AUD,10Y,6M BBSW,2.881724567792664
2018-10-19,AUD,10Y,6M BBSW,2.897343346627215
2018-10-18,AUD,10Y,6M BBSW,2.914823431237069
2018-10-17,AUD,10Y,6M BBSW,2.892349543324646
2018-10-16,AUD,10Y,6M BBSW,2.904863315166327
2018-10-15,AUD,10Y,6M BBSW,2.879391321326352
2018-10-12,AUD,10Y,6M BBSW,2.872389933810614
2018-10-11,AUD,10Y,6M BBSW,2.889878450045937
2018-10-10,AUD,10Y,6M BBSW,2.918621097935076
2018-10-09,AUD,10Y,6M BBSW,2.92487323632283
2018-10-08,AUD,10Y,6M BBSW,2.929212409739285
2018-10-05,AUD,10Y,6M BBSW,2.911117448775908
2018-10-04,AUD,10Y,6M BBSW,2.866009404218821
2018-10-03,AUD,10Y,6M BBSW,2.829767966133691
2018-10-02,AUD,10Y,6M BBSW,2.864131748097997
2018-09-28,AUD,10Y,6M BBSW,2.841071290726151
2018-09-27,AUD,10Y,6M BBSW,2.887384874742579
2018-09-26,AUD,10Y,6M BBSW,2.922331338845077
2018-09-25,AUD,10Y,6M BBSW,2.922388223886227
2018-09-24,AUD,10Y,6M BBSW,2.886761938224096
2018-09-21,AUD,10Y,6M BBSW,2.887378848396936
2018-09-20,AUD,10Y,6M BBSW,2.893596201870713
2018-09-19,AUD,10Y,6M BBSW,2.877383554357065
2018-09-18,AUD,10Y,6M BBSW,2.831094973082146
2018-09-17,AUD,10Y,6M BBSW,2.800483049074761
2018-09-14,AUD,10Y,6M BBSW,2.806307978123367
2018-09-13,AUD,10Y,6M BBSW,2.781104173804502
2018-09-12,AUD,10Y,6M BBSW,2.758693880828167
2018-09-11,AUD,10Y,6M BBSW,2.753700212752159
2018-09-10,AUD,10Y,6M BBSW,2.761793175800632
2018-09-07,AUD,10Y,6M BBSW,2.758589579353261
2018-09-06,AUD,10Y,6M BBSW,2.761105345515243
2018-09-05,AUD,10Y,6M BBSW,2.742395156334433
2018-09-04,AUD,10Y,6M BBSW,2.701204195433867
2018-09-03,AUD,10Y,6M BBSW,2.694308112544364
2018-08-31,AUD,10Y,6M BBSW,2.686297870947128
2018-08-30,AUD,10Y,6M BBSW,2.760031416256154
2018-08-29,AUD,10Y,6M BBSW,2.777489738535972
2018-08-28,AUD,10Y,6M BBSW,2.782497114216544
2018-08-27,AUD,10Y,6M BBSW,2.74311546464136
2018-08-24,AUD,10Y,6M BBSW,2.748620087161218
2018-08-23,AUD,10Y,6M BBSW,2.713622967085639
2018-08-22,AUD,10Y,6M BBSW,2.732390773609567
2018-08-21,AUD,10Y,6M BBSW,2.726105673105812
2018-08-20,AUD,10Y,6M BBSW,2.721761630084048
2018-08-17,AUD,10Y,6M BBSW,2.749919455730336
2018-08-16,AUD,10Y,6M BBSW,2.744920577703735
2018-08-15,AUD,10Y,6M BBSW,2.76880349753706
2018-08-14,AUD,10Y,6M BBSW,2.779999257951086
2018-08-13,AUD,10Y,6M BBSW,2.779246519520937
2018-08-10,AUD,10Y,6M BBSW,2.798616688315325
2018-08-09,AUD,10Y,6M BBSW,2.836215448871516
2018-08-08,AUD,10Y,6M BBSW,2.862379724589943
2018-08-07,AUD,10Y,6M BBSW,2.850415117923729
2018-08-03,AUD,10Y,6M BBSW,2.877357902994638
2018-08-02,AUD,10Y,6M BBSW,2.909853681940175
2018-08-01,AUD,10Y,6M BBSW,2.882320226550305
2018-07-31,AUD,10Y,6M BBSW,2.868905896162607
2018-07-30,AUD,10Y,6M BBSW,2.825634432377804
2018-07-27,AUD,10Y,6M BBSW,2.828586361606151
2018-07-26,AUD,10Y,6M BBSW,2.872274676340165
2018-07-25,AUD,10Y,6M BBSW,2.874845523303585
2018-07-24,AUD,10Y,6M BBSW,2.902381323643771
2018-07-23,AUD,10Y,6M BBSW,2.856724714546062
2018-07-20,AUD,10Y,6M BBSW,2.859911798138802
2018-07-19,AUD,10Y,6M BBSW,2.852415120653869
2018-07-18,AUD,10Y,6M BBSW,2.851080049030968
2018-07-17,AUD,10Y,6M BBSW,2.847396394659132
2018-07-16,AUD,10Y,6M BBSW,2.83043210903569
2018-07-13,AUD,10Y,6M BBSW,2.817415674747551
2018-07-12,AUD,10Y,6M BBSW,2.8274163301646
2018-07-11,AUD,10Y,6M BBSW,2.817383842829829
2018-07-10,AUD,10Y,6M BBSW,2.838597925011968
2018-07-09,AUD,10Y,6M BBSW,2.813036321440519
2018-07-06,AUD,10Y,6M BBSW,2.821116023695933
2018-07-05,AUD,10Y,6M BBSW,2.801118054836281
2018-07-04,AUD,10Y,6M BBSW,2.792385746014803
2018-07-03,AUD,10Y,6M BBSW,2.796177249862264
2018-07-02,AUD,10Y,6M BBSW,2.811702059321039
2018-06-29,AUD,10Y,6M BBSW,2.823770257717622
2018-06-28,AUD,10Y,6M BBSW,2.817359431686869
2018-06-27,AUD,10Y,6M BBSW,2.829810774052695
2018-06-26,AUD,10Y,6M BBSW,2.814711210149343
2018-06-25,AUD,10Y,6M BBSW,2.817655063691743
2018-06-22,AUD,10Y,6M BBSW,2.836208995938001
2018-06-21,AUD,10Y,6M BBSW,2.869899684423951
2018-06-20,AUD,10Y,6M BBSW,2.838590436488635
2018-06-19,AUD,10Y,6M BBSW,2.827375214409166
2018-06-18,AUD,10Y,6M BBSW,2.856731325468874
2018-06-15,AUD,10Y,6M BBSW,2.885097608655355
2018-06-14,AUD,10Y,6M BBSW,2.921277055178163
2018-06-13,AUD,10Y,6M BBSW,2.95864197421209
2018-06-12,AUD,10Y,6M BBSW,2.970417483757287
2018-06-08,AUD,10Y,6M BBSW,2.969840554078561
2018-06-07,AUD,10Y,6M BBSW,2.992354192838332
2018-06-06,AUD,10Y,6M BBSW,2.924859973568953
2018-06-05,AUD,10Y,6M BBSW,2.922367018186769
2018-06-04,AUD,10Y,6M BBSW,2.899219150890227
2025-11-13,AUD,12Y,6M BBSW,4.609599999999999
2025-11-12,AUD,12Y,6M BBSW,4.519100000006962
2025-11-11,AUD,12Y,6M BBSW,4.485400000007397
2025-11-10,AUD,12Y,6M BBSW,4.494000112417355
2025-11-07,AUD,12Y,6M BBSW,4.446100000007754
2025-11-06,AUD,12Y,6M BBSW,4.443900000006069
2025-11-05,AUD,12Y,6M BBSW,4.477600000008784
2025-11-04,AUD,12Y,6M BBSW,4.451800000008031
2025-11-03,AUD,12Y,6M BBSW,4.474400032704033
2025-10-31,AUD,12Y,6M BBSW,4.441400000007846
2025-10-30,AUD,12Y,6M BBSW,4.426600000007547
2025-10-29,AUD,12Y,6M BBSW,4.450900000009132
2025-10-28,AUD,12Y,6M BBSW,4.311800000008182
2025-10-27,AUD,12Y,6M BBSW,4.312900000007411
2025-10-24,AUD,12Y,6M BBSW,4.271700000007924
2025-10-23,AUD,12Y,6M BBSW,4.288300000007926
2025-10-22,AUD,12Y,6M BBSW,4.238900000007405
2025-10-21,AUD,12Y,6M BBSW,4.257000000008168
2025-10-20,AUD,12Y,6M BBSW,4.225300000006889
2025-10-17,AUD,12Y,6M BBSW,4.245500000006062
2025-10-16,AUD,12Y,6M BBSW,4.225100000006362
2025-10-15,AUD,12Y,6M BBSW,4.314397419398174
2025-10-14,AUD,12Y,6M BBSW,4.340295829750206
2025-10-13,AUD,12Y,6M BBSW,4.350200000007276
2025-10-10,AUD,12Y,6M BBSW,4.400900000008029
2025-10-09,AUD,12Y,6M BBSW,4.425600000008856
2025-10-08,AUD,12Y,6M BBSW,4.378900000006817
2025-10-07,AUD,12Y,6M BBSW,4.404339596295726
2025-10-03,AUD,12Y,6M BBSW,4.37130954525189
2025-10-02,AUD,12Y,6M BBSW,4.37567136349062
2025-10-01,AUD,12Y,6M BBSW,4.397442680046863
2025-09-30,AUD,12Y,6M BBSW,4.408642864776422
2025-09-29,AUD,12Y,6M BBSW,4.365054713260965
2025-09-26,AUD,12Y,6M BBSW,4.403019947558078
2025-09-25,AUD,12Y,6M BBSW,4.420534550247205
2025-09-24,AUD,12Y,6M BBSW,4.383376677679704
2025-09-23,AUD,12Y,6M BBSW,4.297802971316478
2025-09-22,AUD,12Y,6M BBSW,4.327365924182831
2025-09-19,AUD,12Y,6M BBSW,4.296655199738619
2025-09-18,AUD,12Y,6M BBSW,4.285470970548751
2025-09-17,AUD,12Y,6M BBSW,4.282706199526616
2025-09-16,AUD,12Y,6M BBSW,4.25958872494301
2025-09-15,AUD,12Y,6M BBSW,4.267053278250112
2025-09-12,AUD,12Y,6M BBSW,4.268862119334055
2025-09-11,AUD,12Y,6M BBSW,4.232376986241319
2025-09-10,AUD,12Y,6M BBSW,4.266507690933366
2025-09-09,AUD,12Y,6M BBSW,4.325681617437859
2025-09-08,AUD,12Y,6M BBSW,4.269171558501054
2025-09-05,AUD,12Y,6M BBSW,4.320052061661676
2025-09-04,AUD,12Y,6M BBSW,4.346564712676951
2025-09-03,AUD,12Y,6M BBSW,4.379997068946808
2025-09-02,AUD,12Y,6M BBSW,4.380875260653104
2025-09-01,AUD,12Y,6M BBSW,4.362560594339173
2025-08-29,AUD,12Y,6M BBSW,4.297691766522551
2025-08-28,AUD,12Y,6M BBSW,4.284875727951593
2025-08-27,AUD,12Y,6M BBSW,4.32158982314689
2025-08-26,AUD,12Y,6M BBSW,4.329863612641351
2025-08-25,AUD,12Y,6M BBSW,4.320102488125775
2025-08-22,AUD,12Y,6M BBSW,4.318635105152079
2025-08-21,AUD,12Y,6M BBSW,4.33095540289143
2025-08-20,AUD,12Y,6M BBSW,4.298235486270063
2025-08-19,AUD,12Y,6M BBSW,4.34326184123164
2025-08-18,AUD,12Y,6M BBSW,4.334601221383627
2025-08-15,AUD,12Y,6M BBSW,4.268477730771234
2025-08-14,AUD,12Y,6M BBSW,4.265590917359782
2025-08-13,AUD,12Y,6M BBSW,4.225241199692999
2025-08-12,AUD,12Y,6M BBSW,4.274370182283409
2025-08-11,AUD,12Y,6M BBSW,4.280807256470578
2025-08-08,AUD,12Y,6M BBSW,4.28084478093093
2025-08-07,AUD,12Y,6M BBSW,4.277420841544358
2025-08-06,AUD,12Y,6M BBSW,4.246555391343685
2025-08-05,AUD,12Y,6M BBSW,4.260366223008242
2025-08-01,AUD,12Y,6M BBSW,4.247342525595194
2025-07-31,AUD,12Y,6M BBSW,4.316485060611995
2025-07-30,AUD,12Y,6M BBSW,4.306456222405722
2025-07-29,AUD,12Y,6M BBSW,4.324864339616775
2025-07-28,AUD,12Y,6M BBSW,4.360855497386215
2025-07-25,AUD,12Y,6M BBSW,4.356637573515871
2025-07-24,AUD,12Y,6M BBSW,4.365690167517965
2025-07-23,AUD,12Y,6M BBSW,4.340431916251418
2025-07-22,AUD,12Y,6M BBSW,4.305666580107576
2025-07-21,AUD,12Y,6M BBSW,4.323302346566817
2025-07-18,AUD,12Y,6M BBSW,4.36152245679878
2025-07-17,AUD,12Y,6M BBSW,4.344353354028867
2025-07-16,AUD,12Y,6M BBSW,4.397227393242592
2025-07-15,AUD,12Y,6M BBSW,4.437626944672777
2025-07-14,AUD,12Y,6M BBSW,4.372400223832944
2025-07-11,AUD,12Y,6M BBSW,4.370017586620185
2025-07-10,AUD,12Y,6M BBSW,4.332454388828502
2025-07-09,AUD,12Y,6M BBSW,4.301335195490079
2025-07-08,AUD,12Y,6M BBSW,4.326764206079196
2025-07-07,AUD,12Y,6M BBSW,4.248309689395843
2025-07-04,AUD,12Y,6M BBSW,4.214368892762238
2025-07-03,AUD,12Y,6M BBSW,4.236826139576279
2025-07-02,AUD,12Y,6M BBSW,4.217081041618039
2025-07-01,AUD,12Y,6M BBSW,4.167809729177674
2025-06-30,AUD,12Y,6M BBSW,4.180285758139203
2025-06-27,AUD,12Y,6M BBSW,4.18333042520037
2025-06-26,AUD,12Y,6M BBSW,4.150925766751556
2025-06-25,AUD,12Y,6M BBSW,4.163103755628563
2025-06-24,AUD,12Y,6M BBSW,4.176276764771236
2025-06-23,AUD,12Y,6M BBSW,4.223887814650321
2025-06-20,AUD,12Y,6M BBSW,4.220931466095691
2025-06-19,AUD,12Y,6M BBSW,4.219422854368741
2025-06-18,AUD,12Y,6M BBSW,4.262513237576158
2025-06-17,AUD,12Y,6M BBSW,4.248690939704803
2025-06-16,AUD,12Y,6M BBSW,4.26436526864988
2025-06-13,AUD,12Y,6M BBSW,4.255057900782678
2025-06-12,AUD,12Y,6M BBSW,4.184026777647885
2025-06-11,AUD,12Y,6M BBSW,4.257908995438036
2025-06-10,AUD,12Y,6M BBSW,4.301978117875975
2025-06-06,AUD,12Y,6M BBSW,4.350824330250408
2025-06-05,AUD,12Y,6M BBSW,4.281617372398378
2025-06-04,AUD,12Y,6M BBSW,4.224416258758507
2025-06-03,AUD,12Y,6M BBSW,4.27118757451002
2025-06-02,AUD,12Y,6M BBSW,4.313857998524891
2025-05-30,AUD,12Y,6M BBSW,4.263437553081852
2025-05-29,AUD,12Y,6M BBSW,4.3039223648486
2025-05-28,AUD,12Y,6M BBSW,4.376928840916968
2025-05-27,AUD,12Y,6M BBSW,4.265571363455816
2025-05-26,AUD,12Y,6M BBSW,4.325802325902214
2025-05-23,AUD,12Y,6M BBSW,4.365519678453468
2025-05-22,AUD,12Y,6M BBSW,4.402247983963078
2025-05-21,AUD,12Y,6M BBSW,4.50221889607094
2025-05-20,AUD,12Y,6M BBSW,4.381758048464481
2025-05-19,AUD,12Y,6M BBSW,4.440394297429412
2025-05-16,AUD,12Y,6M BBSW,4.459082786593456
2025-05-15,AUD,12Y,6M BBSW,4.430823135356674
2025-05-14,AUD,12Y,6M BBSW,4.515252477515812
2025-05-13,AUD,12Y,6M BBSW,4.439352092803622
2025-05-12,AUD,12Y,6M BBSW,4.389298316694677
2025-05-09,AUD,12Y,6M BBSW,4.263950054520918
2025-05-08,AUD,12Y,6M BBSW,4.265863360567542
2025-05-07,AUD,12Y,6M BBSW,4.204243834355812
2025-05-06,AUD,12Y,6M BBSW,4.293768203562827
2025-05-05,AUD,12Y,6M BBSW,4.275007510740154
2025-05-02,AUD,12Y,6M BBSW,4.258453371929851
2025-05-01,AUD,12Y,6M BBSW,4.204970203202548
2025-04-30,AUD,12Y,6M BBSW,4.165219859108475
2025-04-29,AUD,12Y,6M BBSW,4.177918884120434
2025-04-28,AUD,12Y,6M BBSW,4.186372949285583
2025-04-24,AUD,12Y,6M BBSW,4.240001475183792
2025-04-23,AUD,12Y,6M BBSW,4.295988472943193
2025-04-22,AUD,12Y,6M BBSW,4.251269007404747
2025-04-17,AUD,12Y,6M BBSW,4.257179494047739
2025-04-16,AUD,12Y,6M BBSW,4.291867843942477
2025-04-15,AUD,12Y,6M BBSW,4.356086864521844
2025-04-14,AUD,12Y,6M BBSW,4.380897074826614
2025-04-11,AUD,12Y,6M BBSW,4.494963895441476
2025-04-10,AUD,12Y,6M BBSW,4.412588610073613
2025-04-09,AUD,12Y,6M BBSW,4.310989333864678
2025-04-08,AUD,12Y,6M BBSW,4.278766896385356
2025-04-07,AUD,12Y,6M BBSW,4.321254502156731
2025-04-04,AUD,12Y,6M BBSW,4.16628629297773
2025-03-28,AUD,12Y,6M BBSW,4.415240128684522
2025-03-27,AUD,12Y,6M BBSW,4.465689634993321
2025-03-26,AUD,12Y,6M BBSW,4.476815880338997
2025-03-25,AUD,12Y,6M BBSW,4.458131775165872
2025-03-24,AUD,12Y,6M BBSW,4.43177744324953
2025-03-21,AUD,12Y,6M BBSW,4.407890144716868
2025-03-20,AUD,12Y,6M BBSW,4.413045559609298
2025-03-19,AUD,12Y,6M BBSW,4.410225432872958
2025-03-18,AUD,12Y,6M BBSW,4.44265463735341
2025-03-17,AUD,12Y,6M BBSW,4.427398540647783
2025-03-14,AUD,12Y,6M BBSW,4.450852131687951
2025-03-13,AUD,12Y,6M BBSW,4.418944586805576
2025-03-12,AUD,12Y,6M BBSW,4.473220175508856
2025-03-11,AUD,12Y,6M BBSW,4.467551440581554
2025-03-10,AUD,12Y,6M BBSW,4.41339923533207
2025-03-07,AUD,12Y,6M BBSW,4.458072729480154
2025-03-06,AUD,12Y,6M BBSW,4.482736789883343
2025-03-05,AUD,12Y,6M BBSW,4.513616325209741
2025-03-04,AUD,12Y,6M BBSW,4.422757110416756
2025-03-03,AUD,12Y,6M BBSW,4.330908016511993
2025-02-28,AUD,12Y,6M BBSW,4.376935666101618
2025-02-27,AUD,12Y,6M BBSW,4.390890101588632
2025-02-26,AUD,12Y,6M BBSW,4.406956800106012
2025-02-25,AUD,12Y,6M BBSW,4.446500350743002
2025-02-24,AUD,12Y,6M BBSW,4.497750462166135
2025-02-21,AUD,12Y,6M BBSW,4.558808122725276
2025-02-20,AUD,12Y,6M BBSW,4.607606934884248
2025-02-19,AUD,12Y,6M BBSW,4.600534401878824
2025-02-18,AUD,12Y,6M BBSW,4.616585690929472
2025-02-17,AUD,12Y,6M BBSW,4.529947380998181
2025-02-14,AUD,12Y,6M BBSW,4.503951880675099
2025-02-13,AUD,12Y,6M BBSW,4.508815653367411
2025-02-12,AUD,12Y,6M BBSW,4.615032271971089
2025-02-11,AUD,12Y,6M BBSW,4.530592989423892
2025-02-10,AUD,12Y,6M BBSW,4.456554811756895
2025-02-07,AUD,12Y,6M BBSW,4.471093008956267
2025-02-06,AUD,12Y,6M BBSW,4.413034132665851
2025-02-05,AUD,12Y,6M BBSW,4.379649359035384
2025-02-04,AUD,12Y,6M BBSW,4.499958922835405
2025-02-03,AUD,12Y,6M BBSW,4.503636715776647
2025-01-31,AUD,12Y,6M BBSW,4.468145735898357
2025-01-30,AUD,12Y,6M BBSW,4.445952859072619
2025-01-29,AUD,12Y,6M BBSW,4.463349950008852
2025-01-28,AUD,12Y,6M BBSW,4.504151383480344
2025-01-24,AUD,12Y,6M BBSW,4.542691406859581
2025-01-23,AUD,12Y,6M BBSW,4.565611874374744
2025-01-22,AUD,12Y,6M BBSW,4.567638700131721
2025-01-21,AUD,12Y,6M BBSW,4.533194472325877
2025-01-20,AUD,12Y,6M BBSW,4.532547936602723
2025-01-17,AUD,12Y,6M BBSW,4.589595119716695
2025-01-16,AUD,12Y,6M BBSW,4.576510852466814
2025-01-15,AUD,12Y,6M BBSW,4.596239154951536
2025-01-14,AUD,12Y,6M BBSW,4.718100220344541
2025-01-13,AUD,12Y,6M BBSW,4.679750466291956
2025-01-10,AUD,12Y,6M BBSW,4.64218074962477
2025-01-09,AUD,12Y,6M BBSW,4.572611617546289
2025-01-08,AUD,12Y,6M BBSW,4.613133350222203
2025-01-07,AUD,12Y,6M BBSW,4.606187990005618
2025-01-06,AUD,12Y,6M BBSW,4.520171713653093
2025-01-03,AUD,12Y,6M BBSW,4.470692592461053
2025-01-02,AUD,12Y,6M BBSW,4.467853568684066
2024-12-31,AUD,12Y,6M BBSW,4.422400877650794
2024-12-30,AUD,12Y,6M BBSW,4.448794279924415
2024-12-27,AUD,12Y,6M BBSW,4.48032274705705
2024-12-24,AUD,12Y,6M BBSW,4.504938142408572
2024-12-23,AUD,12Y,6M BBSW,4.499260960249616
2024-12-20,AUD,12Y,6M BBSW,4.498245553819115
2024-12-19,AUD,12Y,6M BBSW,4.531389704765014
2024-12-18,AUD,12Y,6M BBSW,4.437200642966074
2024-12-17,AUD,12Y,6M BBSW,4.376385304583935
2024-12-16,AUD,12Y,6M BBSW,4.402361711289278
2024-12-13,AUD,12Y,6M BBSW,4.428404732387346
2024-12-12,AUD,12Y,6M BBSW,4.413294328606093
2024-12-11,AUD,12Y,6M BBSW,4.318105470801921
2024-12-10,AUD,12Y,6M BBSW,4.293489500398256
2024-12-09,AUD,12Y,6M BBSW,4.360863892196008
2024-12-06,AUD,12Y,6M BBSW,4.340977507534547
2024-12-05,AUD,12Y,6M BBSW,4.375607021882874
2024-12-04,AUD,12Y,6M BBSW,4.335910569686615
2024-12-03,AUD,12Y,6M BBSW,4.43758124326096
2024-12-02,AUD,12Y,6M BBSW,4.388864657776494
2024-11-29,AUD,12Y,6M BBSW,4.425280500558832
2024-11-28,AUD,12Y,6M BBSW,4.484120412991642
2024-11-27,AUD,12Y,6M BBSW,4.50364820060523
2024-11-26,AUD,12Y,6M BBSW,4.535595648117438
2024-11-25,AUD,12Y,6M BBSW,4.521773694937695
2024-11-22,AUD,12Y,6M BBSW,4.599586646855884
2024-11-21,AUD,12Y,6M BBSW,4.640006709548357
2024-11-20,AUD,12Y,6M BBSW,4.642132089154853
2024-11-19,AUD,12Y,6M BBSW,4.627187226289004
2024-11-18,AUD,12Y,6M BBSW,4.625161409520151
2024-11-15,AUD,12Y,6M BBSW,4.664083192191932
2024-11-14,AUD,12Y,6M BBSW,4.695151152893781
2024-11-13,AUD,12Y,6M BBSW,4.73212174512256
2024-11-12,AUD,12Y,6M BBSW,4.725779451252849
2024-11-11,AUD,12Y,6M BBSW,4.663356208640909
2024-11-08,AUD,12Y,6M BBSW,4.615383542200685
2024-11-07,AUD,12Y,6M BBSW,4.665004992481292
2024-11-06,AUD,12Y,6M BBSW,4.719422586381528
2024-11-05,AUD,12Y,6M BBSW,4.637986837118778
2024-11-04,AUD,12Y,6M BBSW,4.623960129006004
2024-11-01,AUD,12Y,6M BBSW,4.65916905735729
2024-10-31,AUD,12Y,6M BBSW,4.651247891061973
2024-10-30,AUD,12Y,6M BBSW,4.643650840579144
2024-10-29,AUD,12Y,6M BBSW,4.58751022880902
2024-10-28,AUD,12Y,6M BBSW,4.57524235127536
2024-10-25,AUD,12Y,6M BBSW,4.532506519054428
2024-10-24,AUD,12Y,6M BBSW,4.547168225966258
2024-10-23,AUD,12Y,6M BBSW,4.618860752124934
2024-10-22,AUD,12Y,6M BBSW,4.586940138515264
2024-10-21,AUD,12Y,6M BBSW,4.529519074909905
2024-10-17,AUD,12Y,6M BBSW,4.465588751775765
2024-10-16,AUD,12Y,6M BBSW,4.34956435054535
2024-10-15,AUD,12Y,6M BBSW,4.372485130218338
2024-10-14,AUD,12Y,6M BBSW,4.416707337120573
2024-10-11,AUD,12Y,6M BBSW,4.39152308296802
2024-10-10,AUD,12Y,6M BBSW,4.374487949912613
2024-10-09,AUD,12Y,6M BBSW,4.383085651650114
2024-10-08,AUD,12Y,6M BBSW,4.347068958852635
2024-10-04,AUD,12Y,6M BBSW,4.311438469458862
2024-10-03,AUD,12Y,6M BBSW,4.233165756338358
2024-10-02,AUD,12Y,6M BBSW,4.178503382829851
2024-10-01,AUD,12Y,6M BBSW,4.131293252032831
2024-09-30,AUD,12Y,6M BBSW,4.15419642590717
2024-09-27,AUD,12Y,6M BBSW,4.110729875387083
2024-09-26,AUD,12Y,6M BBSW,4.133879241875797
2024-09-25,AUD,12Y,6M BBSW,4.112172065271812
2024-09-24,AUD,12Y,6M BBSW,4.076014398791907
2024-09-23,AUD,12Y,6M BBSW,4.132335792048324
2024-09-20,AUD,12Y,6M BBSW,4.111766140162378
2024-09-19,AUD,12Y,6M BBSW,4.087052462381798
2024-09-18,AUD,12Y,6M BBSW,4.068994487896083
2024-09-17,AUD,12Y,6M BBSW,4.016737236147428
2024-09-16,AUD,12Y,6M BBSW,3.967924358778668
2024-09-13,AUD,12Y,6M BBSW,4.004004689568
2024-09-12,AUD,12Y,6M BBSW,4.004958595633677
2024-09-11,AUD,12Y,6M BBSW,4.043697349723799
2024-09-10,AUD,12Y,6M BBSW,4.061233567240328
2024-09-09,AUD,12Y,6M BBSW,4.107106125391949
2024-09-06,AUD,12Y,6M BBSW,4.103367767218795
2024-09-05,AUD,12Y,6M BBSW,4.129849465393247
2024-09-04,AUD,12Y,6M BBSW,4.102290869767875
2024-09-03,AUD,12Y,6M BBSW,4.156026552579721
2024-09-02,AUD,12Y,6M BBSW,4.243589203205085
2024-08-30,AUD,12Y,6M BBSW,4.204634555449744
2024-08-29,AUD,12Y,6M BBSW,4.177501667966133
2024-08-27,AUD,12Y,6M BBSW,4.113766233785701
2024-08-26,AUD,12Y,6M BBSW,4.097291253525008
2024-08-23,AUD,12Y,6M BBSW,4.102149881194618
2024-08-22,AUD,12Y,6M BBSW,4.138628053624473
2024-08-21,AUD,12Y,6M BBSW,4.09231371374158
2024-08-20,AUD,12Y,6M BBSW,4.102350651101795
2024-08-19,AUD,12Y,6M BBSW,4.148587689691537
2024-08-16,AUD,12Y,6M BBSW,4.142134052509921
2024-08-15,AUD,12Y,6M BBSW,4.177553009061905
2024-08-14,AUD,12Y,6M BBSW,4.093842905523198
2024-08-13,AUD,12Y,6M BBSW,4.139847575742076
2024-08-12,AUD,12Y,6M BBSW,4.197282327949162
2024-08-09,AUD,12Y,6M BBSW,4.223304442672504
2024-08-08,AUD,12Y,6M BBSW,4.291017008120657
2024-08-07,AUD,12Y,6M BBSW,4.273554266655086
2024-08-06,AUD,12Y,6M BBSW,4.253558383335218
2024-08-02,AUD,12Y,6M BBSW,4.126318117314161
2024-08-01,AUD,12Y,6M BBSW,4.202253345609967
2024-07-31,AUD,12Y,6M BBSW,4.24636058765546
2024-07-30,AUD,12Y,6M BBSW,4.442454423622588
2024-07-29,AUD,12Y,6M BBSW,4.469757840032722
2024-07-26,AUD,12Y,6M BBSW,4.44786296567123
2024-07-24,AUD,12Y,6M BBSW,4.527223476775124
2024-07-23,AUD,12Y,6M BBSW,4.533618023249266
2024-07-22,AUD,12Y,6M BBSW,4.515952526234609
2024-07-19,AUD,12Y,6M BBSW,4.510695508286962
2024-07-18,AUD,12Y,6M BBSW,4.450999562185775
2024-07-17,AUD,12Y,6M BBSW,4.413580730859584
2024-07-16,AUD,12Y,6M BBSW,4.41862765340908
2024-07-15,AUD,12Y,6M BBSW,4.510225042526879
2024-07-12,AUD,12Y,6M BBSW,4.511993147012594
2024-07-11,AUD,12Y,6M BBSW,4.558591419735706
2024-07-10,AUD,12Y,6M BBSW,4.572262982601687
2024-07-09,AUD,12Y,6M BBSW,4.582313906186926
2024-07-08,AUD,12Y,6M BBSW,4.563549349432241
2024-07-05,AUD,12Y,6M BBSW,4.579366785228268
2024-07-04,AUD,12Y,6M BBSW,4.642275681156908
2024-07-03,AUD,12Y,6M BBSW,4.630908728498421
2024-07-02,AUD,12Y,6M BBSW,4.643538540817864
2024-07-01,AUD,12Y,6M BBSW,4.668207128000133
2024-06-28,AUD,12Y,6M BBSW,4.628060033668286
2024-06-27,AUD,12Y,6M BBSW,4.562144121269156
2024-06-26,AUD,12Y,6M BBSW,4.626825745732803
2024-06-24,AUD,12Y,6M BBSW,4.442182260210623
2024-06-21,AUD,12Y,6M BBSW,4.444410275353573
2024-06-20,AUD,12Y,6M BBSW,4.45859469812772
2024-06-19,AUD,12Y,6M BBSW,4.416002164164082
2024-06-18,AUD,12Y,6M BBSW,4.399808666082257
2024-06-17,AUD,12Y,6M BBSW,4.410989043112569
2024-06-14,AUD,12Y,6M BBSW,4.361354898429124
2024-06-13,AUD,12Y,6M BBSW,4.405237389383118
2024-06-12,AUD,12Y,6M BBSW,4.462686081843269
2024-06-11,AUD,12Y,6M BBSW,4.541184797417376
2024-06-07,AUD,12Y,6M BBSW,4.544318544475483
2024-06-06,AUD,12Y,6M BBSW,4.472271541681591
2024-06-05,AUD,12Y,6M BBSW,4.45729788956114
2024-06-04,AUD,12Y,6M BBSW,4.45230392120598
2024-06-03,AUD,12Y,6M BBSW,4.539777237993632
2024-05-31,AUD,12Y,6M BBSW,4.637246444138976
2024-05-30,AUD,12Y,6M BBSW,4.640101609334478
2024-05-29,AUD,12Y,6M BBSW,4.689901219244347
2024-05-28,AUD,12Y,6M BBSW,4.587312666585462
2024-05-27,AUD,12Y,6M BBSW,4.510953596191889
2024-05-24,AUD,12Y,6M BBSW,4.540683699077847
2024-05-23,AUD,12Y,6M BBSW,4.534785812885194
2024-05-22,AUD,12Y,6M BBSW,4.52356801431202
2024-05-21,AUD,12Y,6M BBSW,4.498620762120686
2024-05-20,AUD,12Y,6M BBSW,4.514752457568086
2024-05-17,AUD,12Y,6M BBSW,4.511996869545383
2024-05-16,AUD,12Y,6M BBSW,4.48979504568098
2024-05-15,AUD,12Y,6M BBSW,4.49638863364041
2024-05-14,AUD,12Y,6M BBSW,4.603752070518675
2024-05-13,AUD,12Y,6M BBSW,4.615941228766396
2024-05-10,AUD,12Y,6M BBSW,4.648147697943932
2024-05-09,AUD,12Y,6M BBSW,4.638578576261797
2024-05-08,AUD,12Y,6M BBSW,4.622258158298818
2024-05-07,AUD,12Y,6M BBSW,4.536018668389234
2024-05-06,AUD,12Y,6M BBSW,4.662237192353694
2024-05-03,AUD,12Y,6M BBSW,4.665641388461762
2024-05-02,AUD,12Y,6M BBSW,4.709772027995282
2024-05-01,AUD,12Y,6M BBSW,4.77724099274305
2024-04-30,AUD,12Y,6M BBSW,4.767656433183412
2024-04-29,AUD,12Y,6M BBSW,4.754909013312355
2024-04-26,AUD,12Y,6M BBSW,4.78188822862204
2024-04-24,AUD,12Y,6M BBSW,4.727249730065513
2024-04-23,AUD,12Y,6M BBSW,4.569770288640849
2024-04-22,AUD,12Y,6M BBSW,4.577248187080878
2024-04-19,AUD,12Y,6M BBSW,4.600534127056565
2024-04-18,AUD,12Y,6M BBSW,4.62345129531116
2024-04-17,AUD,12Y,6M BBSW,4.627233158224049
2024-04-16,AUD,12Y,6M BBSW,4.670932744307123
2024-04-15,AUD,12Y,6M BBSW,4.596510017336124
2024-04-12,AUD,12Y,6M BBSW,4.49989721960732
2024-04-11,AUD,12Y,6M BBSW,4.584052477995616
2024-04-10,AUD,12Y,6M BBSW,4.512272375897009
2024-04-09,AUD,12Y,6M BBSW,4.384788538133594
2024-04-08,AUD,12Y,6M BBSW,4.470961732355539
2024-04-04,AUD,12Y,6M BBSW,4.390874071627652
2024-04-03,AUD,12Y,6M BBSW,4.417127529945213
2024-04-02,AUD,12Y,6M BBSW,4.41217472038999
2024-03-28,AUD,12Y,6M BBSW,4.288560256715068
2024-03-27,AUD,12Y,6M BBSW,4.287253004323195
2024-03-26,AUD,12Y,6M BBSW,4.354640314666606
2024-03-25,AUD,12Y,6M BBSW,4.349748230917256
2024-03-22,AUD,12Y,6M BBSW,4.32946452649279
2024-03-21,AUD,12Y,6M BBSW,4.381001460386097
2024-03-20,AUD,12Y,6M BBSW,4.350988196058029
2024-03-19,AUD,12Y,6M BBSW,4.401027779165061
2024-03-18,AUD,12Y,6M BBSW,4.440958028533603
2024-03-15,AUD,12Y,6M BBSW,4.461290735592888
2024-03-14,AUD,12Y,6M BBSW,4.442715668658705
2024-03-13,AUD,12Y,6M BBSW,4.374785266215815
2024-03-12,AUD,12Y,6M BBSW,4.33063337045851
2024-03-11,AUD,12Y,6M BBSW,4.276275769212888
2024-03-08,AUD,12Y,6M BBSW,4.304273374313121
2024-03-07,AUD,12Y,6M BBSW,4.333605510165869
2024-03-06,AUD,12Y,6M BBSW,4.313591513061173
2024-03-05,AUD,12Y,6M BBSW,4.362331506360149
2024-03-04,AUD,12Y,6M BBSW,4.452256811201476
2024-03-01,AUD,12Y,6M BBSW,4.442026410471859
2024-02-29,AUD,12Y,6M BBSW,4.462524731290987
2024-02-28,AUD,12Y,6M BBSW,4.471178990710757
2024-02-27,AUD,12Y,6M BBSW,4.522389415678571
2024-02-26,AUD,12Y,6M BBSW,4.492255274909337
2024-02-23,AUD,12Y,6M BBSW,4.482049779462495
2024-02-22,AUD,12Y,6M BBSW,4.5009674901968
2024-02-21,AUD,12Y,6M BBSW,4.534768944211075
2024-02-20,AUD,12Y,6M BBSW,4.51731723872262
2024-02-19,AUD,12Y,6M BBSW,4.5335505008572
2024-02-16,AUD,12Y,6M BBSW,4.545729538740224
2024-02-15,AUD,12Y,6M BBSW,4.507766308756775
2024-02-14,AUD,12Y,6M BBSW,4.542549759410893
2024-02-13,AUD,12Y,6M BBSW,4.606010126955372
2024-02-12,AUD,12Y,6M BBSW,4.512253348204576
2024-02-09,AUD,12Y,6M BBSW,4.492048573994631
2024-02-08,AUD,12Y,6M BBSW,4.47477190439221
2024-02-07,AUD,12Y,6M BBSW,4.454733284640971
2024-02-06,AUD,12Y,6M BBSW,4.432238311491024
2024-02-05,AUD,12Y,6M BBSW,4.460831068387049
2024-02-02,AUD,12Y,6M BBSW,4.400672709794248
2024-02-01,AUD,12Y,6M BBSW,4.305907581746872
2024-01-31,AUD,12Y,6M BBSW,4.321367751317061
2024-01-30,AUD,12Y,6M BBSW,4.448754964093121
2024-01-29,AUD,12Y,6M BBSW,4.487254942475556
2024-01-25,AUD,12Y,6M BBSW,4.539672599061626
2024-01-24,AUD,12Y,6M BBSW,4.59851632619287
2024-01-23,AUD,12Y,6M BBSW,4.559813825844223
2024-01-22,AUD,12Y,6M BBSW,4.52355211305023
2024-01-19,AUD,12Y,6M BBSW,4.602011022468624
2024-01-18,AUD,12Y,6M BBSW,4.630954144390237
2024-01-17,AUD,12Y,6M BBSW,4.594762161120166
2024-01-16,AUD,12Y,6M BBSW,4.526016401204991
2024-01-15,AUD,12Y,6M BBSW,4.486423476251049
2024-01-12,AUD,12Y,6M BBSW,4.433272013164882
2024-01-11,AUD,12Y,6M BBSW,4.4109788267893
2024-01-10,AUD,12Y,6M BBSW,4.477275035586454
2024-01-09,AUD,12Y,6M BBSW,4.397327246320477
2024-01-08,AUD,12Y,6M BBSW,4.438561413365183
2024-01-05,AUD,12Y,6M BBSW,4.500743573749906
2024-01-04,AUD,12Y,6M BBSW,4.427275732910246
2024-01-03,AUD,12Y,6M BBSW,4.330947018148339
2024-01-02,AUD,12Y,6M BBSW,4.33976898575686
2023-12-29,AUD,12Y,6M BBSW,4.252181381547894
2023-12-28,AUD,12Y,6M BBSW,4.234714239023034
2023-12-27,AUD,12Y,6M BBSW,4.22350101360824
2023-12-22,AUD,12Y,6M BBSW,4.322085982934884
2023-12-21,AUD,12Y,6M BBSW,4.333565424769604
2023-12-20,AUD,12Y,6M BBSW,4.33480980527553
2023-12-19,AUD,12Y,6M BBSW,4.388601322743895
2023-12-18,AUD,12Y,6M BBSW,4.39480903296822
2023-12-15,AUD,12Y,6M BBSW,4.399964533226275
2023-12-14,AUD,12Y,6M BBSW,4.464990964491279
2023-12-13,AUD,12Y,6M BBSW,4.447232337692088
2023-12-12,AUD,12Y,6M BBSW,4.637159242109862
2023-12-11,AUD,12Y,6M BBSW,4.666870176817212
2023-12-07,AUD,12Y,6M BBSW,4.640854428454917
2023-12-06,AUD,12Y,6M BBSW,4.583561948807453
2023-12-05,AUD,12Y,6M BBSW,4.648577087253329
2023-12-04,AUD,12Y,6M BBSW,4.78727498249846
2023-12-01,AUD,12Y,6M BBSW,4.789326344695022
2023-11-30,AUD,12Y,6M BBSW,4.842633503528927
2023-11-29,AUD,12Y,6M BBSW,4.744896661234365
2023-11-28,AUD,12Y,6M BBSW,4.819793747979729
2023-11-27,AUD,12Y,6M BBSW,4.868516815354925
2023-11-24,AUD,12Y,6M BBSW,4.909301581662382
2023-11-23,AUD,12Y,6M BBSW,4.904719749895034
2023-11-22,AUD,12Y,6M BBSW,4.860933877821623
2023-11-21,AUD,12Y,6M BBSW,4.820993999294974
2023-11-20,AUD,12Y,6M BBSW,4.857218161543207
2023-11-17,AUD,12Y,6M BBSW,4.858120916939912
2023-11-16,AUD,12Y,6M BBSW,4.848527229070621
2023-11-15,AUD,12Y,6M BBSW,4.966425481133816
2023-11-14,AUD,12Y,6M BBSW,4.924946966633287
2023-11-13,AUD,12Y,6M BBSW,5.040897429929326
2023-11-10,AUD,12Y,6M BBSW,4.984277471491798
2023-11-09,AUD,12Y,6M BBSW,5.002207827734191
2023-11-08,AUD,12Y,6M BBSW,4.880932776272536
2023-11-07,AUD,12Y,6M BBSW,4.962281514804919
2023-11-06,AUD,12Y,6M BBSW,5.124685825029633
2023-11-03,AUD,12Y,6M BBSW,5.04306011222525
2023-11-02,AUD,12Y,6M BBSW,5.1096950941426
2023-11-01,AUD,12Y,6M BBSW,5.193494818527047
2023-10-31,AUD,12Y,6M BBSW,5.364124089848523
2023-10-30,AUD,12Y,6M BBSW,5.335193761199637
2023-10-26,AUD,12Y,6M BBSW,5.187153253461568
2023-10-25,AUD,12Y,6M BBSW,5.173144516876083
2023-10-24,AUD,12Y,6M BBSW,5.0659063940749
2023-10-23,AUD,12Y,6M BBSW,5.082220206063509
2023-10-20,AUD,12Y,6M BBSW,5.086771424807365
2023-10-19,AUD,12Y,6M BBSW,5.140708073545301
2023-10-18,AUD,12Y,6M BBSW,5.133370927832978
2023-10-17,AUD,12Y,6M BBSW,5.024680371981659
2023-10-16,AUD,12Y,6M BBSW,4.872212235938676
2023-10-12,AUD,12Y,6M BBSW,4.852173836653681
2023-10-11,AUD,12Y,6M BBSW,4.735870264309567
2023-10-10,AUD,12Y,6M BBSW,4.852232466529832
2023-10-09,AUD,12Y,6M BBSW,4.842244076833672
2023-10-05,AUD,12Y,6M BBSW,4.970713515790596
2023-10-04,AUD,12Y,6M BBSW,4.949578541160818
2023-10-03,AUD,12Y,6M BBSW,4.962019796099051
2023-09-29,AUD,12Y,6M BBSW,4.824423425161458
2023-09-28,AUD,12Y,6M BBSW,4.805877882321862
2023-09-27,AUD,12Y,6M BBSW,4.7871891469708
2023-09-26,AUD,12Y,6M BBSW,4.752071254743105
2023-09-25,AUD,12Y,6M BBSW,4.753507868438302
2023-09-22,AUD,12Y,6M BBSW,4.665680474071997
2023-09-21,AUD,12Y,6M BBSW,4.684743125838472
2023-09-20,AUD,12Y,6M BBSW,4.633558701636072
2023-09-19,AUD,12Y,6M BBSW,4.59601332835742
2023-09-18,AUD,12Y,6M BBSW,4.579749332165453
2023-09-15,AUD,12Y,6M BBSW,4.543777708827765
2023-09-14,AUD,12Y,6M BBSW,4.511192948992965
2023-09-13,AUD,12Y,6M BBSW,4.528270228221548
2023-09-12,AUD,12Y,6M BBSW,4.573314270363269
2023-09-11,AUD,12Y,6M BBSW,4.577548174472888
2023-09-08,AUD,12Y,6M BBSW,4.535028688887029
2023-09-07,AUD,12Y,6M BBSW,4.529765947488718
2023-09-06,AUD,12Y,6M BBSW,4.559767500801081
2023-09-05,AUD,12Y,6M BBSW,4.57481404756504
2023-09-04,AUD,12Y,6M BBSW,4.555950039559701
2023-09-01,AUD,12Y,6M BBSW,4.472050684217709
2023-08-31,AUD,12Y,6M BBSW,4.439047555913946
2023-08-30,AUD,12Y,6M BBSW,4.48390729398776
2023-08-28,AUD,12Y,6M BBSW,4.55122078240701
2023-08-25,AUD,12Y,6M BBSW,4.5620298331012
2023-08-24,AUD,12Y,6M BBSW,4.573492420233623
2023-08-23,AUD,12Y,6M BBSW,4.533590484670825
2023-08-22,AUD,12Y,6M BBSW,4.659752302755992
2023-08-21,AUD,12Y,6M BBSW,4.735949912850587
2023-08-18,AUD,12Y,6M BBSW,4.664398561085039
2023-08-17,AUD,12Y,6M BBSW,4.712175634335093
2023-08-16,AUD,12Y,6M BBSW,4.659778849511113
2023-08-15,AUD,12Y,6M BBSW,4.67147983959295
2023-08-14,AUD,12Y,6M BBSW,4.678852612845554
2023-08-11,AUD,12Y,6M BBSW,4.604417112487356
2023-08-10,AUD,12Y,6M BBSW,4.529697798366756
2023-08-09,AUD,12Y,6M BBSW,4.493595427985298
2023-08-08,AUD,12Y,6M BBSW,4.454776753722234
2023-08-04,AUD,12Y,6M BBSW,4.493562054022883
2023-08-03,AUD,12Y,6M BBSW,4.615764349332713
2023-08-02,AUD,12Y,6M BBSW,4.528478051081074
2023-08-01,AUD,12Y,6M BBSW,4.482184602331437
2023-07-31,AUD,12Y,6M BBSW,4.501380102928396
2023-07-28,AUD,12Y,6M BBSW,4.462035358500007
2023-07-27,AUD,12Y,6M BBSW,4.545821613488264
2023-07-25,AUD,12Y,6M BBSW,4.559696078441313
2023-07-24,AUD,12Y,6M BBSW,4.51223378062999
2023-07-21,AUD,12Y,6M BBSW,4.508237235830356
2023-07-20,AUD,12Y,6M BBSW,4.514697992505392
2023-07-19,AUD,12Y,6M BBSW,4.417301134221069
2023-07-18,AUD,12Y,6M BBSW,4.428578193656422
2023-07-17,AUD,12Y,6M BBSW,4.464782234050118
2023-07-14,AUD,12Y,6M BBSW,4.497118884265781
2023-07-13,AUD,12Y,6M BBSW,4.465904335507992
2023-07-12,AUD,12Y,6M BBSW,4.520991577810236
2023-07-11,AUD,12Y,6M BBSW,4.635953516284061
2023-07-10,AUD,12Y,6M BBSW,4.68595898405864
2023-07-07,AUD,12Y,6M BBSW,4.754353776775493
2023-07-06,AUD,12Y,6M BBSW,4.674676690475972
2023-07-05,AUD,12Y,6M BBSW,4.537289980386727
2023-07-04,AUD,12Y,6M BBSW,4.450974172076933
2023-07-03,AUD,12Y,6M BBSW,4.44974166057033
2023-06-30,AUD,12Y,6M BBSW,4.463453387229908
2023-06-29,AUD,12Y,6M BBSW,4.424916607599115
2023-06-28,AUD,12Y,6M BBSW,4.309707705701401
2023-06-27,AUD,12Y,6M BBSW,4.392180694754662
2023-06-26,AUD,12Y,6M BBSW,4.376918344592474
2023-06-22,AUD,12Y,6M BBSW,4.487277193455997
2023-06-21,AUD,12Y,6M BBSW,4.439753108686337
2023-06-20,AUD,12Y,6M BBSW,4.470998002907551
2023-06-19,AUD,12Y,6M BBSW,4.515997248343262
2023-06-15,AUD,12Y,6M BBSW,4.46146993814722
2023-06-14,AUD,12Y,6M BBSW,4.454187942848497
2023-06-13,AUD,12Y,6M BBSW,4.489730636939025
2023-06-09,AUD,12Y,6M BBSW,4.451325386221048
2023-06-08,AUD,12Y,6M BBSW,4.462652167283629
2023-06-07,AUD,12Y,6M BBSW,4.48348348645673
2023-06-06,AUD,12Y,6M BBSW,4.345990243046165
2023-06-05,AUD,12Y,6M BBSW,4.309812446850075
2023-06-01,AUD,12Y,6M BBSW,4.187297081544015
2023-05-31,AUD,12Y,6M BBSW,4.172692858204795
2023-05-30,AUD,12Y,6M BBSW,4.188897288436749
2023-05-29,AUD,12Y,6M BBSW,4.201119144080952
2023-05-26,AUD,12Y,6M BBSW,4.264530760450845
2023-05-25,AUD,12Y,6M BBSW,4.295926932514932
2023-05-24,AUD,12Y,6M BBSW,4.259816552485357
2023-05-23,AUD,12Y,6M BBSW,4.2547966965292
2023-05-22,AUD,12Y,6M BBSW,4.19980607352344
2023-05-19,AUD,12Y,6M BBSW,4.208349962425908
2023-05-18,AUD,12Y,6M BBSW,4.20353736863994
2023-05-17,AUD,12Y,6M BBSW,4.10103126168722
2023-05-16,AUD,12Y,6M BBSW,4.062317408787759
2023-05-15,AUD,12Y,6M BBSW,4.076348427711826
2023-05-12,AUD,12Y,6M BBSW,3.999622840305313
2023-05-11,AUD,12Y,6M BBSW,3.948568761451358
2023-05-10,AUD,12Y,6M BBSW,4.02733826925969
2023-05-09,AUD,12Y,6M BBSW,4.097313510321952
2023-05-08,AUD,12Y,6M BBSW,4.099813702289199
2023-05-05,AUD,12Y,6M BBSW,4.023415128208511
2023-05-04,AUD,12Y,6M BBSW,3.929772970341353
2023-05-03,AUD,12Y,6M BBSW,3.978641814564574
2023-05-02,AUD,12Y,6M BBSW,4.001020692338365
2023-05-01,AUD,12Y,6M BBSW,4.042318618660055
2023-04-28,AUD,12Y,6M BBSW,3.884626723889133
2023-04-27,AUD,12Y,6M BBSW,4.023612424148946
2023-04-26,AUD,12Y,6M BBSW,3.976007067387199
2023-04-24,AUD,12Y,6M BBSW,4.05231489889368
2023-04-21,AUD,12Y,6M BBSW,4.082116549211108
2023-04-20,AUD,12Y,6M BBSW,4.098567680425885
2023-04-19,AUD,12Y,6M BBSW,4.123492482819007
2023-04-18,AUD,12Y,6M BBSW,4.157231431845259
2023-04-17,AUD,12Y,6M BBSW,4.080990374471284
2023-04-14,AUD,12Y,6M BBSW,4.032658756514175
2023-04-13,AUD,12Y,6M BBSW,3.958601829891851
2023-04-12,AUD,12Y,6M BBSW,3.902297894580638
2023-04-11,AUD,12Y,6M BBSW,3.858581982473157
2023-04-06,AUD,12Y,6M BBSW,3.777257877866025
2023-04-05,AUD,12Y,6M BBSW,3.829723992463521
2023-04-04,AUD,12Y,6M BBSW,3.842253092217717
2023-04-03,AUD,12Y,6M BBSW,3.898504911973802
2023-03-31,AUD,12Y,6M BBSW,3.915912826985065
2023-03-30,AUD,12Y,6M BBSW,3.995116368565067
2023-03-29,AUD,12Y,6M BBSW,4.023673493171445
2023-03-28,AUD,12Y,6M BBSW,4.047277377374274
2023-03-27,AUD,12Y,6M BBSW,3.999784275927827
2023-03-24,AUD,12Y,6M BBSW,3.93274829224303
2023-03-23,AUD,12Y,6M BBSW,3.956962549090468
2023-03-22,AUD,12Y,6M BBSW,3.978640091141521
2023-03-21,AUD,12Y,6M BBSW,4.021016808931156
2023-03-20,AUD,12Y,6M BBSW,3.983622047741157
2023-03-17,AUD,12Y,6M BBSW,4.033414281645601
2023-03-16,AUD,12Y,6M BBSW,4.157250911482785
2023-03-15,AUD,12Y,6M BBSW,4.060173123791619
2023-03-14,AUD,12Y,6M BBSW,4.252183655909304
2023-03-13,AUD,12Y,6M BBSW,4.050817212037139
2023-03-10,AUD,12Y,6M BBSW,4.142371077376848
2023-03-09,AUD,12Y,6M BBSW,4.265732184669289
2023-03-08,AUD,12Y,6M BBSW,4.313810902065097
2023-03-07,AUD,12Y,6M BBSW,4.349784888579004
2023-03-06,AUD,12Y,6M BBSW,4.408584417078877
2023-03-03,AUD,12Y,6M BBSW,4.488253673802644
2023-03-02,AUD,12Y,6M BBSW,4.574690660861899
2023-03-01,AUD,12Y,6M BBSW,4.493593349179285
2023-02-28,AUD,12Y,6M BBSW,4.544985965050461
2023-02-27,AUD,12Y,6M BBSW,4.478676411820963
2023-02-24,AUD,12Y,6M BBSW,4.508182952912037
2023-02-23,AUD,12Y,6M BBSW,4.543590354501848
2023-02-22,AUD,12Y,6M BBSW,4.519768398695622
2023-02-21,AUD,12Y,6M BBSW,4.429782142879085
2023-02-20,AUD,12Y,6M BBSW,4.421004897498627
2023-02-17,AUD,12Y,6M BBSW,4.38942887988788
2023-02-16,AUD,12Y,6M BBSW,4.363609129718177
2023-02-15,AUD,12Y,6M BBSW,4.355239699854377
2023-02-14,AUD,12Y,6M BBSW,4.365043823330524
2023-02-13,AUD,12Y,6M BBSW,4.391007792081489
2023-02-10,AUD,12Y,6M BBSW,4.382032987617166
2023-02-09,AUD,12Y,6M BBSW,4.259817247306227
2023-02-08,AUD,12Y,6M BBSW,4.22859808578113
2023-02-07,AUD,12Y,6M BBSW,4.238541353574417
2023-02-06,AUD,12Y,6M BBSW,4.085958691089861
2023-02-03,AUD,12Y,6M BBSW,4.119440829633094
2023-02-02,AUD,12Y,6M BBSW,4.139729920600008
2023-02-01,AUD,12Y,6M BBSW,4.210918979827312
2023-01-31,AUD,12Y,6M BBSW,4.192660175349122
2023-01-30,AUD,12Y,6M BBSW,4.201142901625415
2023-01-27,AUD,12Y,6M BBSW,4.204443608665789
2023-01-25,AUD,12Y,6M BBSW,4.150929428560252
2023-01-24,AUD,12Y,6M BBSW,4.09357255013449
2023-01-23,AUD,12Y,6M BBSW,4.091031223839359
2023-01-20,AUD,12Y,6M BBSW,4.09584637323973
2023-01-19,AUD,12Y,6M BBSW,3.976041147038611
2023-01-18,AUD,12Y,6M BBSW,4.15230473329391
2023-01-17,AUD,12Y,6M BBSW,4.209799203200504
2023-01-16,AUD,12Y,6M BBSW,4.206022078446744
2023-01-13,AUD,12Y,6M BBSW,4.218297032753841
2023-01-12,AUD,12Y,6M BBSW,4.193622436104787
2023-01-11,AUD,12Y,6M BBSW,4.319786978199909
2023-01-10,AUD,12Y,6M BBSW,4.347286953590578
2023-01-09,AUD,12Y,6M BBSW,4.362309950107733
2023-01-06,AUD,12Y,6M BBSW,4.325753367642092
2023-01-05,AUD,12Y,6M BBSW,4.427300600238452
2023-01-04,AUD,12Y,6M BBSW,4.477270475384969
2023-01-03,AUD,12Y,6M BBSW,4.573517784560476
2022-12-30,AUD,12Y,6M BBSW,4.600940088685262
2022-12-29,AUD,12Y,6M BBSW,4.589908424813121
2022-12-28,AUD,12Y,6M BBSW,4.628458288635201
2022-12-23,AUD,12Y,6M BBSW,4.429137453308157
2022-12-22,AUD,12Y,6M BBSW,4.408577714167905
2022-12-21,AUD,12Y,6M BBSW,4.31726951567273
2022-12-20,AUD,12Y,6M BBSW,4.368597418965408
2022-12-19,AUD,12Y,6M BBSW,4.196018552788654
2022-12-16,AUD,12Y,6M BBSW,4.142155291633169
2022-12-15,AUD,12Y,6M BBSW,4.128217858377376
2022-12-14,AUD,12Y,6M BBSW,4.036782686138368
2022-12-13,AUD,12Y,6M BBSW,4.077571484885834
2022-12-12,AUD,12Y,6M BBSW,4.057221380607329
2022-12-09,AUD,12Y,6M BBSW,4.031103110641526
2022-12-08,AUD,12Y,6M BBSW,4.032219590353882
2022-12-07,AUD,12Y,6M BBSW,4.014746963030953
2022-12-06,AUD,12Y,6M BBSW,4.04980813241533
2022-12-05,AUD,12Y,6M BBSW,4.018633784405954
2022-12-02,AUD,12Y,6M BBSW,3.992211032196765
2022-12-01,AUD,12Y,6M BBSW,4.139804407776469
2022-11-30,AUD,12Y,6M BBSW,4.185100313854904
2022-11-29,AUD,12Y,6M BBSW,4.247418807628776
2022-11-28,AUD,12Y,6M BBSW,4.188624790107055
2022-11-25,AUD,12Y,6M BBSW,4.260771354064633
2022-11-24,AUD,12Y,6M BBSW,4.228618673793645
2022-11-23,AUD,12Y,6M BBSW,4.249794480028954
2022-11-22,AUD,12Y,6M BBSW,4.252296777342579
2022-11-21,AUD,12Y,6M BBSW,4.268617594259673
2022-11-18,AUD,12Y,6M BBSW,4.303263314768444
2022-11-17,AUD,12Y,6M BBSW,4.303612678688384
2022-11-16,AUD,12Y,6M BBSW,4.418476863038679
2022-11-15,AUD,12Y,6M BBSW,4.482684142953122
2022-11-14,AUD,12Y,6M BBSW,4.567435451149687
2022-11-11,AUD,12Y,6M BBSW,4.463207980414942
2022-11-10,AUD,12Y,6M BBSW,4.509790888866379
2022-11-09,AUD,12Y,6M BBSW,4.633552016635492
2022-11-08,AUD,12Y,6M BBSW,4.803538216845567
2022-11-07,AUD,12Y,6M BBSW,4.679782227918452
2022-11-04,AUD,12Y,6M BBSW,4.675628437524058
2022-11-03,AUD,12Y,6M BBSW,4.76356772648781
2022-11-02,AUD,12Y,6M BBSW,4.674747411859352
2022-11-01,AUD,12Y,6M BBSW,4.597259511054811
2022-10-31,AUD,12Y,6M BBSW,4.540279595456383
2022-10-28,AUD,12Y,6M BBSW,4.549418408124017
2022-10-27,AUD,12Y,6M BBSW,4.613557520242789
2022-10-26,AUD,12Y,6M BBSW,4.706022915858787
2022-10-25,AUD,12Y,6M BBSW,4.846911552314428
2022-10-24,AUD,12Y,6M BBSW,4.938425465405468
2022-10-21,AUD,12Y,6M BBSW,4.916737928758138
2022-10-20,AUD,12Y,6M BBSW,4.750888017108292
2022-10-19,AUD,12Y,6M BBSW,4.615810741304135
2022-10-18,AUD,12Y,6M BBSW,4.589652313781117
2022-10-17,AUD,12Y,6M BBSW,4.679727650509522
2022-10-14,AUD,12Y,6M BBSW,4.673537550005324
2022-10-13,AUD,12Y,6M BBSW,4.612232704735248
2022-10-12,AUD,12Y,6M BBSW,4.576012113661864
2022-10-11,AUD,12Y,6M BBSW,4.61088203538216
2022-10-10,AUD,12Y,6M BBSW,4.476055636647688
2022-10-07,AUD,12Y,6M BBSW,4.483034612636257
2022-10-06,AUD,12Y,6M BBSW,4.367169919812547
2022-10-05,AUD,12Y,6M BBSW,4.215849275093551
2022-10-04,AUD,12Y,6M BBSW,4.218480781816853
2022-09-30,AUD,12Y,6M BBSW,4.480921822181447
2022-09-29,AUD,12Y,6M BBSW,4.428645452831358
2022-09-28,AUD,12Y,6M BBSW,4.62720294352202
2022-09-27,AUD,12Y,6M BBSW,4.548422867688939
2022-09-26,AUD,12Y,6M BBSW,4.42213608016403
2022-09-23,AUD,12Y,6M BBSW,4.403209353816666
2022-09-21,AUD,12Y,6M BBSW,4.218595740705583
2022-09-20,AUD,12Y,6M BBSW,4.117309473700177
2022-09-19,AUD,12Y,6M BBSW,4.168527749809941
2022-09-16,AUD,12Y,6M BBSW,4.200794324698438
2022-09-15,AUD,12Y,6M BBSW,4.168182973330625
2022-09-14,AUD,12Y,6M BBSW,4.188985453924087
2022-09-13,AUD,12Y,6M BBSW,4.123806465067061
2022-09-12,AUD,12Y,6M BBSW,4.10783072767269
2022-09-09,AUD,12Y,6M BBSW,4.08234790982601
2022-09-08,AUD,12Y,6M BBSW,4.107326310282625
2022-09-07,AUD,12Y,6M BBSW,4.258490177400065
2022-09-06,AUD,12Y,6M BBSW,4.128506884755261
2022-09-05,AUD,12Y,6M BBSW,4.164827293228508
2022-09-02,AUD,12Y,6M BBSW,4.139619670856837
2022-09-01,AUD,12Y,6M BBSW,4.236016304784835
2022-08-31,AUD,12Y,6M BBSW,4.127716025716268
2022-08-30,AUD,12Y,6M BBSW,4.163884768450524
2022-08-29,AUD,12Y,6M BBSW,4.247502751582307
2022-08-26,AUD,12Y,6M BBSW,4.120832471003912
2022-08-25,AUD,12Y,6M BBSW,4.253500409977194
2022-08-24,AUD,12Y,6M BBSW,4.1535813001282
2022-08-23,AUD,12Y,6M BBSW,4.15862398217296
2022-08-22,AUD,12Y,6M BBSW,4.058612716239644
2022-08-19,AUD,12Y,6M BBSW,3.954595117036869
2022-08-18,AUD,12Y,6M BBSW,3.808540281659801
2022-08-17,AUD,12Y,6M BBSW,3.73112423101303
2022-08-16,AUD,12Y,6M BBSW,3.706059477910924
2022-08-15,AUD,12Y,6M BBSW,3.858989209540674
2022-08-12,AUD,12Y,6M BBSW,3.86722731045064
2022-08-11,AUD,12Y,6M BBSW,3.807339849473856
2022-08-10,AUD,12Y,6M BBSW,3.713626510811567
2022-08-09,AUD,12Y,6M BBSW,3.657363378974167
2022-08-08,AUD,12Y,6M BBSW,3.664847325667014
2022-08-05,AUD,12Y,6M BBSW,3.713928538959126
2022-08-04,AUD,12Y,6M BBSW,3.643577417170657
2022-08-03,AUD,12Y,6M BBSW,3.553571887580451
2022-08-02,AUD,12Y,6M BBSW,3.523601659378204
2022-07-29,AUD,12Y,6M BBSW,3.553545757235078
2022-07-28,AUD,12Y,6M BBSW,3.673534042147687
2022-07-27,AUD,12Y,6M BBSW,3.752276153494127
2022-07-26,AUD,12Y,6M BBSW,3.85337728145987
2022-07-25,AUD,12Y,6M BBSW,3.842266531701669
2022-07-22,AUD,12Y,6M BBSW,3.802250848542131
2022-07-21,AUD,12Y,6M BBSW,4.053621682700356
2022-07-20,AUD,12Y,6M BBSW,4.082290657874118
2022-07-19,AUD,12Y,6M BBSW,4.041131856806919
2022-07-18,AUD,12Y,6M BBSW,3.956019425804479
2022-07-15,AUD,12Y,6M BBSW,3.967204488945492
2022-07-14,AUD,12Y,6M BBSW,3.957485063509783
2022-07-13,AUD,12Y,6M BBSW,3.971001861540291
2022-07-12,AUD,12Y,6M BBSW,3.983534754594734
2022-07-11,AUD,12Y,6M BBSW,4.142299913390072
2022-07-08,AUD,12Y,6M BBSW,4.07335361680019
2022-07-07,AUD,12Y,6M BBSW,3.991025951738894
2022-07-06,AUD,12Y,6M BBSW,3.931105857236145
2022-07-05,AUD,12Y,6M BBSW,4.123621827059168
2022-07-04,AUD,12Y,6M BBSW,3.982315740208685
2022-07-01,AUD,12Y,6M BBSW,3.98692734027931
2022-06-30,AUD,12Y,6M BBSW,4.238931222417007
2022-06-29,AUD,12Y,6M BBSW,4.281119772545916
2022-06-28,AUD,12Y,6M BBSW,4.219710816218077
2022-06-27,AUD,12Y,6M BBSW,4.23336985035139
2022-06-24,AUD,12Y,6M BBSW,4.196953401737844
2022-06-23,AUD,12Y,6M BBSW,4.294718336589281
2022-06-22,AUD,12Y,6M BBSW,4.433575466487476
2022-06-21,AUD,12Y,6M BBSW,4.544732180239051
2022-06-20,AUD,12Y,6M BBSW,4.496085855400687
2022-06-17,AUD,12Y,6M BBSW,4.602658212769858
2022-06-16,AUD,12Y,6M BBSW,4.624277087891454
2022-06-15,AUD,12Y,6M BBSW,4.555767110143316
2022-06-14,AUD,12Y,6M BBSW,4.360981023863951
2022-06-10,AUD,12Y,6M BBSW,4.17347924099984
2022-06-09,AUD,12Y,6M BBSW,3.999739626485806
2022-06-08,AUD,12Y,6M BBSW,3.970927551126151
2022-06-07,AUD,12Y,6M BBSW,3.972239732333298
2022-06-06,AUD,12Y,6M BBSW,3.90731455457396
2022-06-03,AUD,12Y,6M BBSW,3.909617184667839
2022-06-02,AUD,12Y,6M BBSW,3.907338965414275
2022-06-01,AUD,12Y,6M BBSW,3.804833530376255
2022-05-31,AUD,12Y,6M BBSW,3.745167631007447
2022-05-30,AUD,12Y,6M BBSW,3.602577822036598
2022-05-27,AUD,12Y,6M BBSW,3.603528722699317
2022-05-26,AUD,12Y,6M BBSW,3.584859657096204
2022-05-25,AUD,12Y,6M BBSW,3.593634049330105
2022-05-24,AUD,12Y,6M BBSW,3.664859732106708
2022-05-23,AUD,12Y,6M BBSW,3.631045926627701
2022-05-20,AUD,12Y,6M BBSW,3.591034344778143
2022-05-19,AUD,12Y,6M BBSW,3.776043831478822
2022-05-18,AUD,12Y,6M BBSW,3.808513192839154
2022-05-17,AUD,12Y,6M BBSW,3.782350738275795
2022-05-16,AUD,12Y,6M BBSW,3.70733877926305
2022-05-13,AUD,12Y,6M BBSW,3.749678081952011
2022-05-12,AUD,12Y,6M BBSW,3.822340483034838
2022-05-11,AUD,12Y,6M BBSW,3.87360507832872
2022-05-10,AUD,12Y,6M BBSW,3.894840437232802
2022-05-09,AUD,12Y,6M BBSW,3.902321740111336
2022-05-06,AUD,12Y,6M BBSW,3.928404419243099
2022-05-05,AUD,12Y,6M BBSW,3.768644107877914
2022-05-04,AUD,12Y,6M BBSW,3.838605809069664
2022-05-03,AUD,12Y,6M BBSW,3.649859706237628
2022-05-02,AUD,12Y,6M BBSW,3.632343711650037
2022-04-29,AUD,12Y,6M BBSW,3.645601854836754
2022-04-28,AUD,12Y,6M BBSW,3.503667006738959
2022-04-27,AUD,12Y,6M BBSW,3.466059123329597
2022-04-26,AUD,12Y,6M BBSW,3.45114715355776
2022-04-22,AUD,12Y,6M BBSW,3.468564698293816
2022-04-21,AUD,12Y,6M BBSW,3.398644949269298
2022-04-20,AUD,12Y,6M BBSW,3.416033373117187
2022-04-19,AUD,12Y,6M BBSW,3.368584797083511
2022-04-14,AUD,12Y,6M BBSW,3.288806155078728
2022-04-13,AUD,12Y,6M BBSW,3.333656512075405
2022-04-12,AUD,12Y,6M BBSW,3.367338414194834
2022-04-11,AUD,12Y,6M BBSW,3.30103385690042
2022-04-08,AUD,12Y,6M BBSW,3.288022354240713
2022-04-07,AUD,12Y,6M BBSW,3.211204344615642
2022-04-06,AUD,12Y,6M BBSW,3.264807396155402
2022-04-05,AUD,12Y,6M BBSW,3.09099870520113
2022-04-04,AUD,12Y,6M BBSW,3.134821108593777
2022-04-01,AUD,12Y,6M BBSW,3.154821637428703
2022-03-31,AUD,12Y,6M BBSW,3.081331088025157
2022-03-30,AUD,12Y,6M BBSW,3.108873138424852
2022-03-29,AUD,12Y,6M BBSW,3.203614224928539
2022-03-28,AUD,12Y,6M BBSW,3.196052060697256
2022-03-25,AUD,12Y,6M BBSW,3.184890592588754
2022-03-24,AUD,12Y,6M BBSW,3.052399192527968
2022-03-23,AUD,12Y,6M BBSW,3.077370318426032
2022-03-22,AUD,12Y,6M BBSW,3.009891988213522
2022-03-21,AUD,12Y,6M BBSW,2.856199797694592
2022-03-18,AUD,12Y,6M BBSW,2.823831520187701
2022-03-17,AUD,12Y,6M BBSW,2.821113651196888
2022-03-16,AUD,12Y,6M BBSW,2.807393546383151
2022-03-15,AUD,12Y,6M BBSW,2.849092319235528
2022-03-14,AUD,12Y,6M BBSW,2.754993806908604
2022-03-11,AUD,12Y,6M BBSW,2.7028750167312
2022-03-10,AUD,12Y,6M BBSW,2.699919711933361
2022-03-09,AUD,12Y,6M BBSW,2.68820272127162
2022-03-08,AUD,12Y,6M BBSW,2.598725339238511
2022-03-07,AUD,12Y,6M BBSW,2.479924235451542
2022-03-04,AUD,12Y,6M BBSW,2.45517276922503
2022-03-03,AUD,12Y,6M BBSW,2.507431151861397
2022-03-02,AUD,12Y,6M BBSW,2.437420337660495
2022-03-01,AUD,12Y,6M BBSW,2.514929282963042
2022-02-28,AUD,12Y,6M BBSW,2.491191855444898
2022-02-25,AUD,12Y,6M BBSW,2.553949152051574
2022-02-24,AUD,12Y,6M BBSW,2.477415175942461
2022-02-23,AUD,12Y,6M BBSW,2.539928742346512
2022-02-22,AUD,12Y,6M BBSW,2.51242212696468
2022-02-21,AUD,12Y,6M BBSW,2.523719276685874
2022-02-18,AUD,12Y,6M BBSW,2.501469237232161
2022-02-17,AUD,12Y,6M BBSW,2.518712650246437
2022-02-16,AUD,12Y,6M BBSW,2.549928014388562
2022-02-15,AUD,12Y,6M BBSW,2.520086978607781
2022-02-14,AUD,12Y,6M BBSW,2.462511835673951
2022-02-11,AUD,12Y,6M BBSW,2.538954458449194
2022-02-10,AUD,12Y,6M BBSW,2.417419535539005
2022-02-09,AUD,12Y,6M BBSW,2.432434103616583
2022-02-08,AUD,12Y,6M BBSW,2.439926318130999
2022-02-07,AUD,12Y,6M BBSW,2.313718942169096
2022-02-04,AUD,12Y,6M BBSW,2.337797576071146
2022-02-03,AUD,12Y,6M BBSW,2.204902932997576
2022-02-02,AUD,12Y,6M BBSW,2.236112842509025
2022-02-01,AUD,12Y,6M BBSW,2.204911894069484
2022-01-31,AUD,12Y,6M BBSW,2.230053112351214
2022-01-28,AUD,12Y,6M BBSW,2.239064199850991
2022-01-27,AUD,12Y,6M BBSW,2.318606725992073
2022-01-25,AUD,12Y,6M BBSW,2.251211869235649
2022-01-24,AUD,12Y,6M BBSW,2.233723492981917
2022-01-21,AUD,12Y,6M BBSW,2.186591348088001
2022-01-20,AUD,12Y,6M BBSW,2.276129145816604
2022-01-19,AUD,12Y,6M BBSW,2.282441334438688
2022-01-18,AUD,12Y,6M BBSW,2.24493730539854
2022-01-17,AUD,12Y,6M BBSW,2.223735555350254
2022-01-14,AUD,12Y,6M BBSW,2.201972364133721
2022-01-13,AUD,12Y,6M BBSW,2.18743494065604
2022-01-12,AUD,12Y,6M BBSW,2.16994641374826
2022-01-11,AUD,12Y,6M BBSW,2.222437565057011
2022-01-10,AUD,12Y,6M BBSW,2.254933015951002
2022-01-07,AUD,12Y,6M BBSW,2.219083612193777
2022-01-06,AUD,12Y,6M BBSW,2.201234665219068
2022-01-05,AUD,12Y,6M BBSW,2.131148495927379
2022-01-04,AUD,12Y,6M BBSW,2.083745387268224
2021-12-31,AUD,12Y,6M BBSW,2.040456479664835
2021-12-30,AUD,12Y,6M BBSW,2.030031104640095
2021-12-29,AUD,12Y,6M BBSW,1.937481220532137
2021-12-24,AUD,12Y,6M BBSW,1.963363707759179
2021-12-23,AUD,12Y,6M BBSW,1.98743542465196
2021-12-22,AUD,12Y,6M BBSW,1.989949948506484
2021-12-21,AUD,12Y,6M BBSW,1.99744402368647
2021-12-20,AUD,12Y,6M BBSW,1.93995722351332
2021-12-17,AUD,12Y,6M BBSW,1.964172140096881
2021-12-16,AUD,12Y,6M BBSW,1.937457632072044
2021-12-15,AUD,12Y,6M BBSW,1.929551519764812
2021-12-14,AUD,12Y,6M BBSW,1.932995666449283
2021-12-13,AUD,12Y,6M BBSW,1.974438694430329
2021-12-10,AUD,12Y,6M BBSW,1.995638899790135
2021-12-09,AUD,12Y,6M BBSW,2.015428478726316
2021-12-08,AUD,12Y,6M BBSW,2.011123979332985
2021-12-07,AUD,12Y,6M BBSW,1.997429267886995
2021-12-06,AUD,12Y,6M BBSW,2.003749171436494
2021-12-03,AUD,12Y,6M BBSW,1.935383997361218
2021-12-02,AUD,12Y,6M BBSW,2.101149795399345
2021-12-01,AUD,12Y,6M BBSW,2.142442474528361
2021-11-30,AUD,12Y,6M BBSW,2.12252897366642
2021-11-29,AUD,12Y,6M BBSW,2.14747444771384
2021-11-26,AUD,12Y,6M BBSW,2.026655766263629
2021-11-25,AUD,12Y,6M BBSW,2.22243169602739
2021-11-24,AUD,12Y,6M BBSW,2.236143744986315
2021-11-23,AUD,12Y,6M BBSW,2.299933616722789
2021-11-22,AUD,12Y,6M BBSW,2.214935671203896
2021-11-19,AUD,12Y,6M BBSW,2.164103754573598
2021-11-18,AUD,12Y,6M BBSW,2.153736168496324
2021-11-17,AUD,12Y,6M BBSW,2.207444265989035
2021-11-16,AUD,12Y,6M BBSW,2.182440211510092
2021-11-15,AUD,12Y,6M BBSW,2.117544301744877
2021-11-12,AUD,12Y,6M BBSW,2.135315117226502
2021-11-11,AUD,12Y,6M BBSW,2.168736386107929
2021-11-10,AUD,12Y,6M BBSW,2.078750676136813
2021-11-09,AUD,12Y,6M BBSW,2.11874318391049
2021-11-08,AUD,12Y,6M BBSW,2.088741168659961
2021-11-05,AUD,12Y,6M BBSW,2.114125753182387
2021-11-04,AUD,12Y,6M BBSW,2.139937128122864
2021-11-03,AUD,12Y,6M BBSW,2.113748495958002
2021-11-02,AUD,12Y,6M BBSW,2.256135746970484
2021-11-01,AUD,12Y,6M BBSW,2.233733209511602
2021-10-29,AUD,12Y,6M BBSW,2.20162122712576
2021-10-28,AUD,12Y,6M BBSW,2.153747724021717
2021-10-27,AUD,12Y,6M BBSW,2.107445082479161
2021-10-26,AUD,12Y,6M BBSW,2.038641313457566
2021-10-25,AUD,12Y,6M BBSW,2.011089573987964
2021-10-22,AUD,12Y,6M BBSW,2.014161285009486
2021-10-21,AUD,12Y,6M BBSW,2.062441566710052
2021-10-20,AUD,12Y,6M BBSW,2.054936163056543
2021-10-19,AUD,12Y,6M BBSW,1.984918141691313
2021-10-18,AUD,12Y,6M BBSW,1.994925670051591
2021-10-15,AUD,12Y,6M BBSW,1.930907933740291
2021-10-14,AUD,12Y,6M BBSW,1.868798346946916
2021-10-13,AUD,12Y,6M BBSW,1.92364793093476
2021-10-12,AUD,12Y,6M BBSW,1.961140199851052
2021-10-11,AUD,12Y,6M BBSW,1.942432692832773
2021-10-08,AUD,12Y,6M BBSW,1.914209823236615
2021-10-07,AUD,12Y,6M BBSW,1.824948727790831
2021-10-06,AUD,12Y,6M BBSW,1.841134950619108
2021-10-05,AUD,12Y,6M BBSW,1.80492835741214
2021-10-01,AUD,12Y,6M BBSW,1.796380684245347
2021-09-30,AUD,12Y,6M BBSW,1.775022001256
2021-09-29,AUD,12Y,6M BBSW,1.781169302604473
2021-09-28,AUD,12Y,6M BBSW,1.758750649537794
2021-09-27,AUD,12Y,6M BBSW,1.694948932026288
2021-09-24,AUD,12Y,6M BBSW,1.676803102761756
2021-09-23,AUD,12Y,6M BBSW,1.551169334577559
2021-09-22,AUD,12Y,6M BBSW,1.583769520138911
2021-09-21,AUD,12Y,6M BBSW,1.581167320568276
2021-09-20,AUD,12Y,6M BBSW,1.601161513634316
2021-09-17,AUD,12Y,6M BBSW,1.615627380205296
2021-09-16,AUD,12Y,6M BBSW,1.571168437928048
2021-09-15,AUD,12Y,6M BBSW,1.526025724362103
2021-09-14,AUD,12Y,6M BBSW,1.580994734197764
2021-09-13,AUD,12Y,6M BBSW,1.546964129876665
2021-09-10,AUD,12Y,6M BBSW,1.547353367581147
2021-09-09,AUD,12Y,6M BBSW,1.548969072597342
2021-09-08,AUD,12Y,6M BBSW,1.559971019540211
2021-09-07,AUD,12Y,6M BBSW,1.538769306912334
2021-09-06,AUD,12Y,6M BBSW,1.528764913313118
2021-09-03,AUD,12Y,6M BBSW,1.521862746365456
2021-09-02,AUD,12Y,6M BBSW,1.489971527165866
2021-09-01,AUD,12Y,6M BBSW,1.527472124952683
2021-08-31,AUD,12Y,6M BBSW,1.44123138137862
2021-08-30,AUD,12Y,6M BBSW,1.458816583024795
2021-08-27,AUD,12Y,6M BBSW,1.444398195498788
2021-08-26,AUD,12Y,6M BBSW,1.447472020242514
2021-08-25,AUD,12Y,6M BBSW,1.442482071107578
2021-08-24,AUD,12Y,6M BBSW,1.413772898836819
2021-08-23,AUD,12Y,6M BBSW,1.379976510752933
2021-08-20,AUD,12Y,6M BBSW,1.344430525820714
2021-08-19,AUD,12Y,6M BBSW,1.383773547976176
2021-08-18,AUD,12Y,6M BBSW,1.412482921240638
2021-08-17,AUD,12Y,6M BBSW,1.413772890027372
2021-08-16,AUD,12Y,6M BBSW,1.399976018867775
2021-08-13,AUD,12Y,6M BBSW,1.435594102824492
2021-08-12,AUD,12Y,6M BBSW,1.437471612236298
2021-08-11,AUD,12Y,6M BBSW,1.464981376966313
2021-08-10,AUD,12Y,6M BBSW,1.443771737719021
2021-08-09,AUD,12Y,6M BBSW,1.482473154827765
2021-08-06,AUD,12Y,6M BBSW,1.444383066059719
2021-08-05,AUD,12Y,6M BBSW,1.407461133221108
2021-08-04,AUD,12Y,6M BBSW,1.408769751861866
2021-08-03,AUD,12Y,6M BBSW,1.403661152118959
2021-07-30,AUD,12Y,6M BBSW,1.445286694878989
2021-07-29,AUD,12Y,6M BBSW,1.399974055897548
2021-07-28,AUD,12Y,6M BBSW,1.423779677638283
2021-07-27,AUD,12Y,6M BBSW,1.449963221991969
2021-07-26,AUD,12Y,6M BBSW,1.442434756218399
2021-07-23,AUD,12Y,6M BBSW,1.45068836882636
2021-07-22,AUD,12Y,6M BBSW,1.448771373741673
2021-07-21,AUD,12Y,6M BBSW,1.43498245608264
2021-07-20,AUD,12Y,6M BBSW,1.423772917924366
2021-07-19,AUD,12Y,6M BBSW,1.491172751693211
2021-07-16,AUD,12Y,6M BBSW,1.510564650040824
2021-07-15,AUD,12Y,6M BBSW,1.553817179962604
2021-07-14,AUD,12Y,6M BBSW,1.593792591039672
2021-07-13,AUD,12Y,6M BBSW,1.576166847158365
2021-07-12,AUD,12Y,6M BBSW,1.554970087647707
2021-07-09,AUD,12Y,6M BBSW,1.610526232766084
2021-07-08,AUD,12Y,6M BBSW,1.576166067664602
2021-07-07,AUD,12Y,6M BBSW,1.606177692768185
2021-07-06,AUD,12Y,6M BBSW,1.684961447658723
2021-07-05,AUD,12Y,6M BBSW,1.688764965121106
2021-07-02,AUD,12Y,6M BBSW,1.709276444836063
2021-07-01,AUD,12Y,6M BBSW,1.751105480321997
2021-06-30,AUD,12Y,6M BBSW,1.74122186760551
2021-06-29,AUD,12Y,6M BBSW,1.722482659747413
2021-06-28,AUD,12Y,6M BBSW,1.783738214478768
2021-06-25,AUD,12Y,6M BBSW,1.785337122719129
2021-06-24,AUD,12Y,6M BBSW,1.732458988279622
2021-06-23,AUD,12Y,6M BBSW,1.728751989123122
2021-06-22,AUD,12Y,6M BBSW,1.754959229608447
2021-06-21,AUD,12Y,6M BBSW,1.662459512842407
2021-06-18,AUD,12Y,6M BBSW,1.729276714955806
2021-06-17,AUD,12Y,6M BBSW,1.827471927325684
2021-06-16,AUD,12Y,6M BBSW,1.76116420384841
2021-06-15,AUD,12Y,6M BBSW,1.721041089630984
2021-06-11,AUD,12Y,6M BBSW,1.739419528827498
2021-06-10,AUD,12Y,6M BBSW,1.694959596284286
2021-06-09,AUD,12Y,6M BBSW,1.78614202296007
2021-06-08,AUD,12Y,6M BBSW,1.856131853027707
2021-06-07,AUD,12Y,6M BBSW,1.836136346991276
2021-06-04,AUD,12Y,6M BBSW,1.905414137456965
2021-06-03,AUD,12Y,6M BBSW,1.854972094691536
2021-06-02,AUD,12Y,6M BBSW,1.913758068081155
2021-06-01,AUD,12Y,6M BBSW,1.907451834700748
2021-05-31,AUD,12Y,6M BBSW,1.90385000221312
2021-05-28,AUD,12Y,6M BBSW,1.885426559517653
2021-05-27,AUD,12Y,6M BBSW,1.852453456933439
2021-05-26,AUD,12Y,6M BBSW,1.867471607850619
2021-05-25,AUD,12Y,6M BBSW,1.89875196522967
2021-05-24,AUD,12Y,6M BBSW,1.923653486654036
2021-05-21,AUD,12Y,6M BBSW,1.920414564993791
2021-05-20,AUD,12Y,6M BBSW,1.951249018144596
2021-05-19,AUD,12Y,6M BBSW,1.969968296958879
2021-05-18,AUD,12Y,6M BBSW,1.981147603560906
2021-05-17,AUD,12Y,6M BBSW,1.944952217166282
2021-05-14,AUD,12Y,6M BBSW,1.979880140451685
2021-05-13,AUD,12Y,6M BBSW,1.992446986457152
2021-05-12,AUD,12Y,6M BBSW,1.966168483182604
2021-05-11,AUD,12Y,6M BBSW,1.929950396351265
2021-05-10,AUD,12Y,6M BBSW,1.912453892863438
2021-05-07,AUD,12Y,6M BBSW,1.883028074233637
2021-05-06,AUD,12Y,6M BBSW,1.901151440085061
2021-05-05,AUD,12Y,6M BBSW,1.924964949327023
2021-05-04,AUD,12Y,6M BBSW,1.924950591686862
2021-05-03,AUD,12Y,6M BBSW,1.94995192140524
2021-04-30,AUD,12Y,6M BBSW,1.941605497498044
2021-04-29,AUD,12Y,6M BBSW,1.892492046582232
2021-04-28,AUD,12Y,6M BBSW,1.888658829598023
2021-04-27,AUD,12Y,6M BBSW,1.897451949363741
2021-04-26,AUD,12Y,6M BBSW,1.89614653710866
2021-04-23,AUD,12Y,6M BBSW,1.90004180624117
2021-04-22,AUD,12Y,6M BBSW,1.864966460922985
2021-04-21,AUD,12Y,6M BBSW,1.902448531407534
2021-04-20,AUD,12Y,6M BBSW,1.937439924441266
2021-04-19,AUD,12Y,6M BBSW,1.894919765642582
2021-04-16,AUD,12Y,6M BBSW,1.922524405819272
2021-04-15,AUD,12Y,6M BBSW,1.95541538088744
2021-04-14,AUD,12Y,6M BBSW,1.93879836772474
2021-04-13,AUD,12Y,6M BBSW,1.997440490858061
2021-04-12,AUD,12Y,6M BBSW,1.949937473640728
2021-04-09,AUD,12Y,6M BBSW,1.966691961708034
2021-04-08,AUD,12Y,6M BBSW,1.923669410228085
2021-04-07,AUD,12Y,6M BBSW,1.944942457318505
2021-04-06,AUD,12Y,6M BBSW,1.977421544521638
2021-04-01,AUD,12Y,6M BBSW,2.036140319347952
2021-03-31,AUD,12Y,6M BBSW,2.062560528006463
2021-03-30,AUD,12Y,6M BBSW,2.02003020812722
2021-03-29,AUD,12Y,6M BBSW,1.933761868353135
2021-03-26,AUD,12Y,6M BBSW,1.947956821097014
2021-03-25,AUD,12Y,6M BBSW,1.929949226020737
2021-03-24,AUD,12Y,6M BBSW,1.889971180791384
2021-03-23,AUD,12Y,6M BBSW,1.97244840386555
2021-03-22,AUD,12Y,6M BBSW,2.069944957430883
2021-03-19,AUD,12Y,6M BBSW,2.069161386745026
2021-03-18,AUD,12Y,6M BBSW,2.053743334189595
2021-03-17,AUD,12Y,6M BBSW,1.991167893202809
2021-03-16,AUD,12Y,6M BBSW,1.964948960650048
2021-03-15,AUD,12Y,6M BBSW,2.064050085905543
2021-03-12,AUD,12Y,6M BBSW,2.05466462802851
2021-03-11,AUD,12Y,6M BBSW,1.903950986919326
2021-03-10,AUD,12Y,6M BBSW,1.970468438795713
2021-03-09,AUD,12Y,6M BBSW,2.052943733195511
2021-03-08,AUD,12Y,6M BBSW,2.036147777252658
2021-03-05,AUD,12Y,6M BBSW,2.042970204381533
2021-03-04,AUD,12Y,6M BBSW,2.044944056358133
2021-03-03,AUD,12Y,6M BBSW,1.938769640546244
2021-03-02,AUD,12Y,6M BBSW,1.984947547289566
2021-03-01,AUD,12Y,6M BBSW,1.89375466204927
2021-02-26,AUD,12Y,6M BBSW,1.96419840255468
2021-02-25,AUD,12Y,6M BBSW,1.939966781256245
2021-02-24,AUD,12Y,6M BBSW,1.832451789629801
2021-02-23,AUD,12Y,6M BBSW,1.799956856982851
2021-02-22,AUD,12Y,6M BBSW,1.823749424698356
2021-02-19,AUD,12Y,6M BBSW,1.735482950622995
2021-02-18,AUD,12Y,6M BBSW,1.59497783338552
2021-02-17,AUD,12Y,6M BBSW,1.622462824931254
2021-02-16,AUD,12Y,6M BBSW,1.547467833163496
2021-02-15,AUD,12Y,6M BBSW,1.537536873577701
2021-02-12,AUD,12Y,6M BBSW,1.435598281230003
2021-02-11,AUD,12Y,6M BBSW,1.399983033939213
2021-02-10,AUD,12Y,6M BBSW,1.437470435840719
2021-02-09,AUD,12Y,6M BBSW,1.446171811281887
2021-02-08,AUD,12Y,6M BBSW,1.479966173281696
2021-02-05,AUD,12Y,6M BBSW,1.454378248085535
2021-02-04,AUD,12Y,6M BBSW,1.431167113322589
2021-02-03,AUD,12Y,6M BBSW,1.381159621518556
2021-02-02,AUD,12Y,6M BBSW,1.33246043634274
2021-02-01,AUD,12Y,6M BBSW,1.337461688510452
2021-01-29,AUD,12Y,6M BBSW,1.348232078660399
2021-01-28,AUD,12Y,6M BBSW,1.256183229801304
2021-01-27,AUD,12Y,6M BBSW,1.263769696686236
2021-01-25,AUD,12Y,6M BBSW,1.287464459316081
2021-01-22,AUD,12Y,6M BBSW,1.26446445117742
2021-01-21,AUD,12Y,6M BBSW,1.242486297474129
2021-01-20,AUD,12Y,6M BBSW,1.2599771731022
2021-01-19,AUD,12Y,6M BBSW,1.258778663888739
2021-01-18,AUD,12Y,6M BBSW,1.236176607630465
2021-01-15,AUD,12Y,6M BBSW,1.245930920421573
2021-01-14,AUD,12Y,6M BBSW,1.25749523420891
2021-01-13,AUD,12Y,6M BBSW,1.277476449505547
2021-01-12,AUD,12Y,6M BBSW,1.296177356469341
2021-01-11,AUD,12Y,6M BBSW,1.264975632489179
2021-01-08,AUD,12Y,6M BBSW,1.27326133266392
2021-01-07,AUD,12Y,6M BBSW,1.228786500896327
2021-01-06,AUD,12Y,6M BBSW,1.193779526094665
2021-01-05,AUD,12Y,6M BBSW,1.113783260110567
2021-01-04,AUD,12Y,6M BBSW,1.16247933817562
2020-12-31,AUD,12Y,6M BBSW,1.173816203252886
2020-12-30,AUD,12Y,6M BBSW,1.173810297232879
2020-12-29,AUD,12Y,6M BBSW,1.152491147904123
2020-12-24,AUD,12Y,6M BBSW,1.176181122111083
2020-12-23,AUD,12Y,6M BBSW,1.10377917620809
2020-12-22,AUD,12Y,6M BBSW,1.132481552931339
2020-12-21,AUD,12Y,6M BBSW,1.133779587092853
2020-12-18,AUD,12Y,6M BBSW,1.168306780565339
2020-12-17,AUD,12Y,6M BBSW,1.148788525427985
2020-12-16,AUD,12Y,6M BBSW,1.139983806376917
2020-12-15,AUD,12Y,6M BBSW,1.129519078987603
2020-12-14,AUD,12Y,6M BBSW,1.124495896787655
2020-12-11,AUD,12Y,6M BBSW,1.110525014217741
2020-12-10,AUD,12Y,6M BBSW,1.16318007078708
2020-12-09,AUD,12Y,6M BBSW,1.191171759240828
2020-12-08,AUD,12Y,6M BBSW,1.176170758964566
2020-12-07,AUD,12Y,6M BBSW,1.187472200770476
2020-12-04,AUD,12Y,6M BBSW,1.203294092599249
2020-12-03,AUD,12Y,6M BBSW,1.14748896796954
2020-12-02,AUD,12Y,6M BBSW,1.152483346609494
2020-12-01,AUD,12Y,6M BBSW,1.06878352209503
2020-11-30,AUD,12Y,6M BBSW,1.062506988458125
2020-11-27,AUD,12Y,6M BBSW,1.052049560065544
2020-11-26,AUD,12Y,6M BBSW,1.072489838652667
2020-11-25,AUD,12Y,6M BBSW,1.098682683272176
2020-11-24,AUD,12Y,6M BBSW,1.063784843435443
2020-11-23,AUD,12Y,6M BBSW,1.007484517943938
2020-11-20,AUD,12Y,6M BBSW,1.029558471330811
2020-11-19,AUD,12Y,6M BBSW,1.056190214626448
2020-11-18,AUD,12Y,6M BBSW,1.051184231047952
2020-11-17,AUD,12Y,6M BBSW,1.088783841961448
2020-11-16,AUD,12Y,6M BBSW,1.013784386880036
2020-11-13,AUD,12Y,6M BBSW,1.014565076056857
2020-11-12,AUD,12Y,6M BBSW,1.043690280332379
2020-11-11,AUD,12Y,6M BBSW,1.128681744734685
2020-11-10,AUD,12Y,6M BBSW,1.048785064292768
2020-11-09,AUD,12Y,6M BBSW,0.9187869593719176
2020-11-06,AUD,12Y,6M BBSW,0.924601634590996
2020-11-05,AUD,12Y,6M BBSW,0.8899930396718974
2020-11-04,AUD,12Y,6M BBSW,0.9299876040710534
2020-11-03,AUD,12Y,6M BBSW,0.8887893062855926
2020-11-02,AUD,12Y,6M BBSW,0.926186860853501
2020-10-30,AUD,12Y,6M BBSW,0.9477048444350556
2020-10-29,AUD,12Y,6M BBSW,0.8974980339763593
2020-10-28,AUD,12Y,6M BBSW,0.897489823639527
2020-10-27,AUD,12Y,6M BBSW,0.8974877785908396
2020-10-26,AUD,12Y,6M BBSW,0.8974875246004189
2020-10-23,AUD,12Y,6M BBSW,0.9084109883920798
2020-10-22,AUD,12Y,6M BBSW,0.9312910658356508
2020-10-21,AUD,12Y,6M BBSW,0.9087872543808738
2020-10-20,AUD,12Y,6M BBSW,0.863787026525984
2020-10-19,AUD,12Y,6M BBSW,0.8611821598243162
2020-10-16,AUD,12Y,6M BBSW,0.8321403660728369
2020-10-15,AUD,12Y,6M BBSW,0.8662085603310326
2020-10-14,AUD,12Y,6M BBSW,0.9049989899091628
2020-10-13,AUD,12Y,6M BBSW,0.9174862203747622
2020-10-12,AUD,12Y,6M BBSW,0.92748497870896
2020-10-09,AUD,12Y,6M BBSW,0.9309010556176334
2020-10-08,AUD,12Y,6M BBSW,0.9349924026455382
2020-10-07,AUD,12Y,6M BBSW,0.9087865660980406
2020-10-06,AUD,12Y,6M BBSW,0.9487808398247166
2020-10-02,AUD,12Y,6M BBSW,0.9219007442892256
2020-10-01,AUD,12Y,6M BBSW,0.9187871350422088
2020-09-30,AUD,12Y,6M BBSW,0.8988064918979587
2020-09-29,AUD,12Y,6M BBSW,0.8787917970146143
2020-09-28,AUD,12Y,6M BBSW,0.8724857734413661
2020-09-25,AUD,12Y,6M BBSW,0.870922721738913
2020-09-24,AUD,12Y,6M BBSW,0.9024927675816876
2020-09-23,AUD,12Y,6M BBSW,0.9037883846811712
2020-09-22,AUD,12Y,6M BBSW,0.9324883365343786
2020-09-21,AUD,12Y,6M BBSW,0.944986531404852
2020-09-18,AUD,12Y,6M BBSW,0.9595860123689574
2020-09-17,AUD,12Y,6M BBSW,0.9374923163163776
2020-09-16,AUD,12Y,6M BBSW,0.9299877343366684
2020-09-15,AUD,12Y,6M BBSW,0.9328104143101787
2020-09-14,AUD,12Y,6M BBSW,0.9494965495843172
2020-09-11,AUD,12Y,6M BBSW,0.950389717528043
2020-09-10,AUD,12Y,6M BBSW,0.9879913370034864
2020-09-09,AUD,12Y,6M BBSW,0.9541870267659344
2020-09-08,AUD,12Y,6M BBSW,1.001186784137578
2020-09-07,AUD,12Y,6M BBSW,1.013784579072177
2020-09-04,AUD,12Y,6M BBSW,1.003267960027531
2020-09-03,AUD,12Y,6M BBSW,0.9599918540679918
2020-09-02,AUD,12Y,6M BBSW,0.9874863952940804
2020-09-01,AUD,12Y,6M BBSW,1.023786230145814
2020-08-31,AUD,12Y,6M BBSW,1.018717544572473
2020-08-28,AUD,12Y,6M BBSW,1.052054930395544
2020-08-27,AUD,12Y,6M BBSW,0.9424960678321956
2020-08-26,AUD,12Y,6M BBSW,0.9761898178454984
2020-08-25,AUD,12Y,6M BBSW,0.9211917928386916
2020-08-24,AUD,12Y,6M BBSW,0.8999877917015554
2020-08-21,AUD,12Y,6M BBSW,0.9207988847421016
2020-08-20,AUD,12Y,6M BBSW,0.9137919446688996
2020-08-19,AUD,12Y,6M BBSW,0.9199910596087324
2020-08-18,AUD,12Y,6M BBSW,0.9336916864144524
2020-08-17,AUD,12Y,6M BBSW,0.9624861271836788
2020-08-14,AUD,12Y,6M BBSW,0.9843469553070194
2020-08-13,AUD,12Y,6M BBSW,0.9336916836893532
2020-08-12,AUD,12Y,6M BBSW,0.9599902931417528
2020-08-11,AUD,12Y,6M BBSW,0.9111921162472166
2020-08-10,AUD,12Y,6M BBSW,0.8849883178660076
2020-08-07,AUD,12Y,6M BBSW,0.8546249633178155
2020-08-06,AUD,12Y,6M BBSW,0.8849894982117708
2020-08-05,AUD,12Y,6M BBSW,0.8537873591219061
2020-08-04,AUD,12Y,6M BBSW,0.8811868025887858
2020-07-31,AUD,12Y,6M BBSW,0.8764932986096013
2020-07-30,AUD,12Y,6M BBSW,0.9099971023691314
2020-07-29,AUD,12Y,6M BBSW,0.916191140227221
2020-07-28,AUD,12Y,6M BBSW,0.9749891792333188
2020-07-27,AUD,12Y,6M BBSW,0.9199834224473076
2020-07-24,AUD,12Y,6M BBSW,0.9084015034367072
2020-07-23,AUD,12Y,6M BBSW,0.9124921545383278
2020-07-22,AUD,12Y,6M BBSW,0.922490955939132
2020-07-21,AUD,12Y,6M BBSW,0.8987922489792476
2020-07-20,AUD,12Y,6M BBSW,0.9187872560014722
2020-07-17,AUD,12Y,6M BBSW,0.92459713450915
2020-07-16,AUD,12Y,6M BBSW,0.9474914866687772
2020-07-15,AUD,12Y,6M BBSW,0.9550070283616708
2020-07-14,AUD,12Y,6M BBSW,0.9311971238220104
2020-07-13,AUD,12Y,6M BBSW,0.9324868082292904
2020-07-10,AUD,12Y,6M BBSW,0.8934102924205128
2020-07-09,AUD,12Y,6M BBSW,0.9474914514681888
2020-07-08,AUD,12Y,6M BBSW,0.9487904476371956
2020-07-07,AUD,12Y,6M BBSW,0.9562912399138214
2020-07-06,AUD,12Y,6M BBSW,0.9974850042672376
2020-07-03,AUD,12Y,6M BBSW,0.9720756238816636
2020-07-02,AUD,12Y,6M BBSW,1.037487971133686
2020-07-01,AUD,12Y,6M BBSW,1.018669346196587
2020-06-30,AUD,12Y,6M BBSW,0.9638074727743332
2020-06-29,AUD,12Y,6M BBSW,0.9624940009600051
2020-06-26,AUD,12Y,6M BBSW,0.9683593573542182
2020-06-25,AUD,12Y,6M BBSW,0.9649568574339472
2020-06-24,AUD,12Y,6M BBSW,1.021183600121002
2020-06-23,AUD,12Y,6M BBSW,1.007482442236953
2020-06-22,AUD,12Y,6M BBSW,0.9737867016788282
2020-06-19,AUD,12Y,6M BBSW,0.9733784436884227
2020-06-18,AUD,12Y,6M BBSW,0.9874929725834016
2020-06-17,AUD,12Y,6M BBSW,1.004989569862357
2020-06-16,AUD,12Y,6M BBSW,1.02998595176215
2020-06-15,AUD,12Y,6M BBSW,0.9900151493231122
2020-06-12,AUD,12Y,6M BBSW,1.015641759992388
2020-06-11,AUD,12Y,6M BBSW,1.042487271298273
2020-06-10,AUD,12Y,6M BBSW,1.129978835466601
2020-06-09,AUD,12Y,6M BBSW,1.141175421322525
2020-06-05,AUD,12Y,6M BBSW,1.239471601950442
2020-06-04,AUD,12Y,6M BBSW,1.096291511438419
2020-06-03,AUD,12Y,6M BBSW,1.051289164565605
2020-06-02,AUD,12Y,6M BBSW,0.9811875928117564
2020-06-01,AUD,12Y,6M BBSW,0.9936858311791492
2020-05-29,AUD,12Y,6M BBSW,0.9845802977901962
2020-05-28,AUD,12Y,6M BBSW,0.987490744482968
2020-05-27,AUD,12Y,6M BBSW,0.9961893410102856
2020-05-26,AUD,12Y,6M BBSW,0.9699912177730396
2020-05-25,AUD,12Y,6M BBSW,0.9587864670823966
2020-05-22,AUD,12Y,6M BBSW,0.9570830962474476
2020-05-21,AUD,12Y,6M BBSW,0.9949904622620668
2020-05-20,AUD,12Y,6M BBSW,1.034988610394364
2020-05-19,AUD,12Y,6M BBSW,1.057489098769743
2020-05-18,AUD,12Y,6M BBSW,1.003784803404137
2020-05-15,AUD,12Y,6M BBSW,0.9955935908163344
2020-05-14,AUD,12Y,6M BBSW,0.9562964715515416
2020-05-13,AUD,12Y,6M BBSW,1.00498922064078
2020-05-12,AUD,12Y,6M BBSW,1.029989782102232
2020-05-11,AUD,12Y,6M BBSW,1.026184815492728
2020-05-08,AUD,12Y,6M BBSW,0.9845720821303536
2020-05-07,AUD,12Y,6M BBSW,1.033789767968378
2020-05-06,AUD,12Y,6M BBSW,1.018688975464392
2020-05-05,AUD,12Y,6M BBSW,0.9936907548246808
2020-05-04,AUD,12Y,6M BBSW,0.9811857555818166
2020-05-01,AUD,12Y,6M BBSW,1.028253359748933
2020-04-30,AUD,12Y,6M BBSW,1.060007398825171
2020-04-29,AUD,12Y,6M BBSW,1.096296531087038
2020-04-28,AUD,12Y,6M BBSW,1.089984774547851
2020-04-27,AUD,12Y,6M BBSW,1.067483881653084
2020-04-24,AUD,12Y,6M BBSW,1.037050486968194
2020-04-23,AUD,12Y,6M BBSW,1.021191197471578
2020-04-22,AUD,12Y,6M BBSW,0.9986883923819267
2020-04-21,AUD,12Y,6M BBSW,1.009984309625989
2020-04-20,AUD,12Y,6M BBSW,1.017482519031908
2020-04-17,AUD,12Y,6M BBSW,1.012058169886835
2020-04-16,AUD,12Y,6M BBSW,1.03878944998257
2020-04-15,AUD,12Y,6M BBSW,1.132515837931006
2020-04-14,AUD,12Y,6M BBSW,1.104999739350352
2020-04-09,AUD,12Y,6M BBSW,1.108689354374366
2020-04-08,AUD,12Y,6M BBSW,1.094986817905597
2020-04-07,AUD,12Y,6M BBSW,0.9999812653952076
2020-04-06,AUD,12Y,6M BBSW,0.932581893106474
2020-04-03,AUD,12Y,6M BBSW,0.9383818149104814
2020-04-02,AUD,12Y,6M BBSW,0.967485162236445
2020-04-01,AUD,12Y,6M BBSW,0.9249852011476012
2020-03-31,AUD,12Y,6M BBSW,1.033816663710921
2020-03-30,AUD,12Y,6M BBSW,0.978707903921241
2020-03-27,AUD,12Y,6M BBSW,1.111782110262394
2020-03-26,AUD,12Y,6M BBSW,1.152812907035433
2020-03-25,AUD,12Y,6M BBSW,1.237483524539513
2020-03-24,AUD,12Y,6M BBSW,1.134987556320373
2020-03-23,AUD,12Y,6M BBSW,1.119982514240434
2020-03-20,AUD,12Y,6M BBSW,1.265654289504774
2020-03-19,AUD,12Y,6M BBSW,1.794972197323354
2020-03-18,AUD,12Y,6M BBSW,1.372479505602365
2020-03-17,AUD,12Y,6M BBSW,1.243284454695966
2020-03-16,AUD,12Y,6M BBSW,1.066183509473953
2020-03-13,AUD,12Y,6M BBSW,1.220670315431535
2020-03-12,AUD,12Y,6M BBSW,1.019989621561552
2020-03-11,AUD,12Y,6M BBSW,0.9799895545409326
2020-03-10,AUD,12Y,6M BBSW,0.959991174148913
2020-03-09,AUD,12Y,6M BBSW,0.9174880205913248
2020-03-06,AUD,12Y,6M BBSW,0.9757727611927453
2020-03-05,AUD,12Y,6M BBSW,1.051289272735186
2020-03-04,AUD,12Y,6M BBSW,0.996189512048566
2020-03-03,AUD,12Y,6M BBSW,1.032490450558642
2020-03-02,AUD,12Y,6M BBSW,1.04118433299101
2020-02-28,AUD,12Y,6M BBSW,0.9927115541218458
2020-02-27,AUD,12Y,6M BBSW,1.084995278933112
2020-02-26,AUD,12Y,6M BBSW,1.134985453587314
2020-02-25,AUD,12Y,6M BBSW,1.134987231757224
2020-02-24,AUD,12Y,6M BBSW,1.139981189029251
2020-02-21,AUD,12Y,6M BBSW,1.165697841441665
2020-02-20,AUD,12Y,6M BBSW,1.224985589619885
2020-02-19,AUD,12Y,6M BBSW,1.247482367734005
2020-02-18,AUD,12Y,6M BBSW,1.274983719276828
2020-02-17,AUD,12Y,6M BBSW,1.301175493884592
2020-02-14,AUD,12Y,6M BBSW,1.275663417375718
2020-02-13,AUD,12Y,6M BBSW,1.304983237605439
2020-02-12,AUD,12Y,6M BBSW,1.308780530331026
2020-02-11,AUD,12Y,6M BBSW,1.254983978783413
2020-02-10,AUD,12Y,6M BBSW,1.262476904927571
2020-02-07,AUD,12Y,6M BBSW,1.254457756193086
2020-02-06,AUD,12Y,6M BBSW,1.339975350041433
2020-02-05,AUD,12Y,6M BBSW,1.283770902171598
2020-02-04,AUD,12Y,6M BBSW,1.157477351490457
2020-02-03,AUD,12Y,6M BBSW,1.189967695446704
2020-01-31,AUD,12Y,6M BBSW,1.194062353027127
2020-01-30,AUD,12Y,6M BBSW,1.218797291894365
2020-01-29,AUD,12Y,6M BBSW,1.284981272820606
2020-01-28,AUD,12Y,6M BBSW,1.204983224879011
2020-01-24,AUD,12Y,6M BBSW,1.307965798032904
2020-01-23,AUD,12Y,6M BBSW,1.373781254913984
2020-01-22,AUD,12Y,6M BBSW,1.366180958746962
2020-01-21,AUD,12Y,6M BBSW,1.418679754756195
2020-01-20,AUD,12Y,6M BBSW,1.442469615174805
2020-01-17,AUD,12Y,6M BBSW,1.441886441788248
2020-01-16,AUD,12Y,6M BBSW,1.452478961126775
2020-01-15,AUD,12Y,6M BBSW,1.481219267214446
2020-01-14,AUD,12Y,6M BBSW,1.504993022170137
2020-01-13,AUD,12Y,6M BBSW,1.466268840018248
2020-01-10,AUD,12Y,6M BBSW,1.480571068743719
2020-01-09,AUD,12Y,6M BBSW,1.478678183668074
2020-01-08,AUD,12Y,6M BBSW,1.429976895863709
2020-01-07,AUD,12Y,6M BBSW,1.453778874740126
2020-01-06,AUD,12Y,6M BBSW,1.473668562378245
2020-01-03,AUD,12Y,6M BBSW,1.481865724335682
2020-01-02,AUD,12Y,6M BBSW,1.641164507316998
2019-12-31,AUD,12Y,6M BBSW,1.636234332828192
2019-12-30,AUD,12Y,6M BBSW,1.578819511869673
2019-12-27,AUD,12Y,6M BBSW,1.584307096937456
2019-12-24,AUD,12Y,6M BBSW,1.57875535755776
2019-12-23,AUD,12Y,6M BBSW,1.571157980579439
2019-12-20,AUD,12Y,6M BBSW,1.579326935857496
2019-12-19,AUD,12Y,6M BBSW,1.523676142853886
2019-12-18,AUD,12Y,6M BBSW,1.461180652099465
2019-12-17,AUD,12Y,6M BBSW,1.447477812386484
2019-12-16,AUD,12Y,6M BBSW,1.433774802424638
2019-12-13,AUD,12Y,6M BBSW,1.421885876488625
2019-12-12,AUD,12Y,6M BBSW,1.421168274466141
2019-12-11,AUD,12Y,6M BBSW,1.421172310169212
2019-12-10,AUD,12Y,6M BBSW,1.399965841849233
2019-12-09,AUD,12Y,6M BBSW,1.436160932805759
2019-12-06,AUD,12Y,6M BBSW,1.411889827399404
2019-12-05,AUD,12Y,6M BBSW,1.366180566839291
2019-12-04,AUD,12Y,6M BBSW,1.332483704251653
2019-12-03,AUD,12Y,6M BBSW,1.391278906845231
2019-12-02,AUD,12Y,6M BBSW,1.352477703757458
2019-11-29,AUD,12Y,6M BBSW,1.309063265007681
2019-11-28,AUD,12Y,6M BBSW,1.297483663276892
2019-11-27,AUD,12Y,6M BBSW,1.320881344857772
2019-11-26,AUD,12Y,6M BBSW,1.362481512733918
2019-11-25,AUD,12Y,6M BBSW,1.34877386009161
2019-11-22,AUD,12Y,6M BBSW,1.349422729288636
2019-11-21,AUD,12Y,6M BBSW,1.337482577314888
2019-11-20,AUD,12Y,6M BBSW,1.336179648640573
2019-11-19,AUD,12Y,6M BBSW,1.381181019072605
2019-11-18,AUD,12Y,6M BBSW,1.417471022298767
2019-11-15,AUD,12Y,6M BBSW,1.406899143711206
2019-11-14,AUD,12Y,6M BBSW,1.446196050729726
2019-11-13,AUD,12Y,6M BBSW,1.524973131697067
2019-11-12,AUD,12Y,6M BBSW,1.534976578878814
2019-11-11,AUD,12Y,6M BBSW,1.547465752390401
2019-11-08,AUD,12Y,6M BBSW,1.554339977228059
2019-11-07,AUD,12Y,6M BBSW,1.483677673122654
2019-11-06,AUD,12Y,6M BBSW,1.514973644080782
2019-11-05,AUD,12Y,6M BBSW,1.477478296653598
2019-11-04,AUD,12Y,6M BBSW,1.43117103478763
2019-11-01,AUD,12Y,6M BBSW,1.43558715876482
2019-10-31,AUD,12Y,6M BBSW,1.416223185834599
2019-10-30,AUD,12Y,6M BBSW,1.416213985712741
2019-10-29,AUD,12Y,6M BBSW,1.432493125767405
2019-10-28,AUD,12Y,6M BBSW,1.369977430299963
2019-10-25,AUD,12Y,6M BBSW,1.33319912507652
2019-10-24,AUD,12Y,6M BBSW,1.379978100426186
2019-10-23,AUD,12Y,6M BBSW,1.397480707799322
2019-10-22,AUD,12Y,6M BBSW,1.444974443691889
2019-10-21,AUD,12Y,6M BBSW,1.412470954086563
2019-10-18,AUD,12Y,6M BBSW,1.411882708936167
2019-10-17,AUD,12Y,6M BBSW,1.334977671402467
2019-10-16,AUD,12Y,6M BBSW,1.306180943320538
2019-10-15,AUD,12Y,6M BBSW,1.270020471174884
2019-10-14,AUD,12Y,6M BBSW,1.292499474877418
2019-10-11,AUD,12Y,6M BBSW,1.33821152160422
2019-10-10,AUD,12Y,6M BBSW,1.132479685076803
2019-10-09,AUD,12Y,6M BBSW,1.137487595295625
2019-10-08,AUD,12Y,6M BBSW,1.126185620893101
2019-10-04,AUD,12Y,6M BBSW,1.125465398323762
2019-10-03,AUD,12Y,6M BBSW,1.178771312305114
2019-10-02,AUD,12Y,6M BBSW,1.211173792101457
2019-10-01,AUD,12Y,6M BBSW,1.259171001260028
2019-09-30,AUD,12Y,6M BBSW,1.218811104466947
2019-09-27,AUD,12Y,6M BBSW,1.210676370849044
2019-09-26,AUD,12Y,6M BBSW,1.222477073378696
2019-09-25,AUD,12Y,6M BBSW,1.2212842125664
2019-09-24,AUD,12Y,6M BBSW,1.253784579139458
2019-09-23,AUD,12Y,6M BBSW,1.256177614948022
2019-09-20,AUD,12Y,6M BBSW,1.26065796891778
2019-09-19,AUD,12Y,6M BBSW,1.33498252347994
2019-09-18,AUD,12Y,6M BBSW,1.389978152962361
2019-09-17,AUD,12Y,6M BBSW,1.389981381769184
2019-09-16,AUD,12Y,6M BBSW,1.427471477280316
2019-09-13,AUD,12Y,6M BBSW,1.409396948262015
2019-09-12,AUD,12Y,6M BBSW,1.402480309392077
2019-09-11,AUD,12Y,6M BBSW,1.363778991649158
2019-09-10,AUD,12Y,6M BBSW,1.322483273805334
2019-09-09,AUD,12Y,6M BBSW,1.269977316222938
2019-09-06,AUD,12Y,6M BBSW,1.289445921783839
2019-09-05,AUD,12Y,6M BBSW,1.231185080032374
2019-09-04,AUD,12Y,6M BBSW,1.194984278546564
2019-09-03,AUD,12Y,6M BBSW,1.207485757132628
2019-09-02,AUD,12Y,6M BBSW,1.178780067526507
2019-08-30,AUD,12Y,6M BBSW,1.19145598780338
2019-08-29,AUD,12Y,6M BBSW,1.13619811412299
2019-08-28,AUD,12Y,6M BBSW,1.140000217313915
2019-08-27,AUD,12Y,6M BBSW,1.197493528962083
2019-08-26,AUD,12Y,6M BBSW,1.168783857494068
2019-08-23,AUD,12Y,6M BBSW,1.155698864191104
2019-08-22,AUD,12Y,6M BBSW,1.206178351734127
2019-08-21,AUD,12Y,6M BBSW,1.188786984968459
2019-08-20,AUD,12Y,6M BBSW,1.20118532584627
2019-08-19,AUD,12Y,6M BBSW,1.179983670618164
2019-08-16,AUD,12Y,6M BBSW,1.135706513646804
2019-08-15,AUD,12Y,6M BBSW,1.17121532689205
2019-08-14,AUD,12Y,6M BBSW,1.242500403383344
2019-08-13,AUD,12Y,6M BBSW,1.23748439556622
2019-08-12,AUD,12Y,6M BBSW,1.261181304316875
2019-08-09,AUD,12Y,6M BBSW,1.276948896896256
2019-08-08,AUD,12Y,6M BBSW,1.262476155159644
2019-08-07,AUD,12Y,6M BBSW,1.288781189137049
2019-08-06,AUD,12Y,6M BBSW,1.322475156745874
2019-08-02,AUD,12Y,6M BBSW,1.404097252793408
2019-08-01,AUD,12Y,6M BBSW,1.524954488946529
2019-07-31,AUD,12Y,6M BBSW,1.522521084565115
2019-07-30,AUD,12Y,6M BBSW,1.542495769690174
2019-07-29,AUD,12Y,6M BBSW,1.524972574038785
2019-07-26,AUD,12Y,6M BBSW,1.554290150656105
2019-07-25,AUD,12Y,6M BBSW,1.594949617961408
2019-07-24,AUD,12Y,6M BBSW,1.626171962460491
2019-07-23,AUD,12Y,6M BBSW,1.656171250634291
2019-07-22,AUD,12Y,6M BBSW,1.67876694357137
2019-07-19,AUD,12Y,6M BBSW,1.681785786550859
2019-07-18,AUD,12Y,6M BBSW,1.672459098272478
2019-07-17,AUD,12Y,6M BBSW,1.714971601200623
2019-07-16,AUD,12Y,6M BBSW,1.707469398004569
2019-07-15,AUD,12Y,6M BBSW,1.76502889747668
2019-07-12,AUD,12Y,6M BBSW,1.742962342865816
2019-07-11,AUD,12Y,6M BBSW,1.647459938380036
2019-07-10,AUD,12Y,6M BBSW,1.639974223882771
2019-07-09,AUD,12Y,6M BBSW,1.651171556860221
2019-07-08,AUD,12Y,6M BBSW,1.656167889952896
2019-07-05,AUD,12Y,6M BBSW,1.605515967157892
2019-07-04,AUD,12Y,6M BBSW,1.628760701040454
2019-07-03,AUD,12Y,6M BBSW,1.641168362429452
2019-07-02,AUD,12Y,6M BBSW,1.676161729118725
2019-07-01,AUD,12Y,6M BBSW,1.679915677070159
2019-06-28,AUD,12Y,6M BBSW,1.679269562813393
2019-06-27,AUD,12Y,6M BBSW,1.706147661952253
2019-06-26,AUD,12Y,6M BBSW,1.6374172554048
2019-06-25,AUD,12Y,6M BBSW,1.651079707702401
2019-06-24,AUD,12Y,6M BBSW,1.669949703804204
2019-06-21,AUD,12Y,6M BBSW,1.665486219024305
2019-06-20,AUD,12Y,6M BBSW,1.652471186403053
2019-06-19,AUD,12Y,6M BBSW,1.702467553992374
2019-06-18,AUD,12Y,6M BBSW,1.729970434044215
2019-06-17,AUD,12Y,6M BBSW,1.771165547358158
2019-06-14,AUD,12Y,6M BBSW,1.740764474115597
2019-06-13,AUD,12Y,6M BBSW,1.784156638584534
2019-06-12,AUD,12Y,6M BBSW,1.807444954683445
2019-06-11,AUD,12Y,6M BBSW,1.838750303293869
2019-06-07,AUD,12Y,6M BBSW,1.812650434033184
2019-06-06,AUD,12Y,6M BBSW,1.846256718384685
2019-06-05,AUD,12Y,6M BBSW,1.874960309094136
2019-06-04,AUD,12Y,6M BBSW,1.862465650216272
2019-06-03,AUD,12Y,6M BBSW,1.882461131467238
2019-05-31,AUD,12Y,6M BBSW,1.842908972700688
2019-05-30,AUD,12Y,6M BBSW,1.906217089793455
2019-05-29,AUD,12Y,6M BBSW,1.859979766988465
2019-05-28,AUD,12Y,6M BBSW,1.904961502094884
2019-05-27,AUD,12Y,6M BBSW,1.907457433234234
2019-05-24,AUD,12Y,6M BBSW,1.894202163706991
2019-05-23,AUD,12Y,6M BBSW,1.941145351166913
2019-05-22,AUD,12Y,6M BBSW,2.002461195553148
2019-05-21,AUD,12Y,6M BBSW,2.016156664046852
2019-05-20,AUD,12Y,6M BBSW,2.048650644878321
2019-05-17,AUD,12Y,6M BBSW,2.010357026168485
2019-05-16,AUD,12Y,6M BBSW,2.026140357722866
2019-05-15,AUD,12Y,6M BBSW,2.060038750470105
2019-05-14,AUD,12Y,6M BBSW,2.066292509260845
2019-05-13,AUD,12Y,6M BBSW,2.082449087452744
2019-05-10,AUD,12Y,6M BBSW,2.111617409427153
2019-05-09,AUD,12Y,6M BBSW,2.093736409103497
2019-05-08,AUD,12Y,6M BBSW,2.113756998704353
2019-05-07,AUD,12Y,6M BBSW,2.112452626316728
2019-05-06,AUD,12Y,6M BBSW,2.108747491452918
2019-05-03,AUD,12Y,6M BBSW,2.157900499947117
2019-05-02,AUD,12Y,6M BBSW,2.149933282717369
2019-05-01,AUD,12Y,6M BBSW,2.14745538216977
2019-04-30,AUD,12Y,6M BBSW,2.168833916550401
2019-04-29,AUD,12Y,6M BBSW,2.146283763055431
2019-04-26,AUD,12Y,6M BBSW,2.124102937320368
2019-04-24,AUD,12Y,6M BBSW,2.132443871384638
2019-04-23,AUD,12Y,6M BBSW,2.232444718219754
2019-04-18,AUD,12Y,6M BBSW,2.284912076277472
2019-04-17,AUD,12Y,6M BBSW,2.299926808267558
2019-04-16,AUD,12Y,6M BBSW,2.266136514280544
2019-04-15,AUD,12Y,6M BBSW,2.2875686100126
2019-04-12,AUD,12Y,6M BBSW,2.323565102072558
2019-04-11,AUD,12Y,6M BBSW,2.208205485825969
2019-04-10,AUD,12Y,6M BBSW,2.216122446202314
2019-04-09,AUD,12Y,6M BBSW,2.233743685611414
2019-04-08,AUD,12Y,6M BBSW,2.233739186679956
2019-04-05,AUD,12Y,6M BBSW,2.239010862388922
2019-04-04,AUD,12Y,6M BBSW,2.253705588341282
2019-04-03,AUD,12Y,6M BBSW,2.198689680682409
2019-04-02,AUD,12Y,6M BBSW,2.183602637085506
2019-04-01,AUD,12Y,6M BBSW,2.177412916360935
2019-03-29,AUD,12Y,6M BBSW,2.130325311295033
2019-03-28,AUD,12Y,6M BBSW,2.097429879410724
2019-03-27,AUD,12Y,6M BBSW,2.108751866987272
2019-03-26,AUD,12Y,6M BBSW,2.14112730982286
2019-03-25,AUD,12Y,6M BBSW,2.132447050993942
2019-03-22,AUD,12Y,6M BBSW,2.11031175140931
2019-03-21,AUD,12Y,6M BBSW,2.261126239470122
2019-03-20,AUD,12Y,6M BBSW,2.289949016017206
2019-03-19,AUD,12Y,6M BBSW,2.302442666552307
2019-03-18,AUD,12Y,6M BBSW,2.324936740923959
2019-03-15,AUD,12Y,6M BBSW,2.298417851472359
2019-03-14,AUD,12Y,6M BBSW,2.322512056386131
2019-03-13,AUD,12Y,6M BBSW,2.304948639389587
2019-03-12,AUD,12Y,6M BBSW,2.372438592295586
2019-03-11,AUD,12Y,6M BBSW,2.361835016192641
2019-03-08,AUD,12Y,6M BBSW,2.380213466274365
2019-03-07,AUD,12Y,6M BBSW,2.424915330720633
2019-03-06,AUD,12Y,6M BBSW,2.464939824281795
2019-03-05,AUD,12Y,6M BBSW,2.508730866802082
2019-03-04,AUD,12Y,6M BBSW,2.528624946530701
2019-03-01,AUD,12Y,6M BBSW,2.510165286378423
2019-02-28,AUD,12Y,6M BBSW,2.451299813809656
2019-02-27,AUD,12Y,6M BBSW,2.412470757758225
2019-02-26,AUD,12Y,6M BBSW,2.422429174097801
2019-02-25,AUD,12Y,6M BBSW,2.422436150711367
2019-02-22,AUD,12Y,6M BBSW,2.41269235794164
2019-02-21,AUD,12Y,6M BBSW,2.409941421723382
2019-02-20,AUD,12Y,6M BBSW,2.457431675439381
2019-02-19,AUD,12Y,6M BBSW,2.487425655395256
2019-02-18,AUD,12Y,6M BBSW,2.468733889045874
2019-02-15,AUD,12Y,6M BBSW,2.485935485400776
2019-02-14,AUD,12Y,6M BBSW,2.485000125828982
2019-02-13,AUD,12Y,6M BBSW,2.489930179026533
2019-02-12,AUD,12Y,6M BBSW,2.459927342880103
2019-02-11,AUD,12Y,6M BBSW,2.444934618195659
2019-02-08,AUD,12Y,6M BBSW,2.430286938270649
2019-02-07,AUD,12Y,6M BBSW,2.478622787921409
2019-02-06,AUD,12Y,6M BBSW,2.529904060605354
2019-02-05,AUD,12Y,6M BBSW,2.562374151007059
2019-02-04,AUD,12Y,6M BBSW,2.556191360722984
2019-02-01,AUD,12Y,6M BBSW,2.581389512254293
2019-01-31,AUD,12Y,6M BBSW,2.571266535502291
2019-01-30,AUD,12Y,6M BBSW,2.593790266517894
2019-01-29,AUD,12Y,6M BBSW,2.582419877300675
2019-01-25,AUD,12Y,6M BBSW,2.592201059686108
2019-01-24,AUD,12Y,6M BBSW,2.642420542813092
2019-01-23,AUD,12Y,6M BBSW,2.644920280390073
2019-01-22,AUD,12Y,6M BBSW,2.653715567795036
2019-01-21,AUD,12Y,6M BBSW,2.264954337707919
2019-01-18,AUD,12Y,6M BBSW,2.683886985670259
2019-01-17,AUD,12Y,6M BBSW,2.627429945814989
2019-01-16,AUD,12Y,6M BBSW,2.619921953186241
2019-01-15,AUD,12Y,6M BBSW,2.627566227824035
2019-01-14,AUD,12Y,6M BBSW,2.609976529305248
2019-01-11,AUD,12Y,6M BBSW,2.645202785241186
2019-01-10,AUD,12Y,6M BBSW,2.632429561971657
2019-01-09,AUD,12Y,6M BBSW,2.654919370932781
2019-01-08,AUD,12Y,6M BBSW,2.627417616122868
2019-01-07,AUD,12Y,6M BBSW,2.594928004597692
2019-01-04,AUD,12Y,6M BBSW,2.653898066526969
2019-01-03,AUD,12Y,6M BBSW,2.539919917837091
2019-01-02,AUD,12Y,6M BBSW,2.613598070122648
2018-12-31,AUD,12Y,6M BBSW,2.642598005097576
2018-12-28,AUD,12Y,6M BBSW,2.658877996299691
2018-12-27,AUD,12Y,6M BBSW,2.694862037364873
2018-12-24,AUD,12Y,6M BBSW,2.68986682467946
2018-12-21,AUD,12Y,6M BBSW,2.706391897809931
2018-12-20,AUD,12Y,6M BBSW,2.684919983946516
2018-12-19,AUD,12Y,6M BBSW,2.718709054602798
2018-12-18,AUD,12Y,6M BBSW,2.738718979814154
2018-12-17,AUD,12Y,6M BBSW,2.743716856884849
2018-12-14,AUD,12Y,6M BBSW,2.735822855646381
2018-12-13,AUD,12Y,6M BBSW,2.763688865762962
2018-12-12,AUD,12Y,6M BBSW,2.744262095011447
2018-12-11,AUD,12Y,6M BBSW,2.744880716801635
2018-12-10,AUD,12Y,6M BBSW,2.731163338564074
2018-12-07,AUD,12Y,6M BBSW,2.718861222644436
2018-12-06,AUD,12Y,6M BBSW,2.772398660114914
2018-12-05,AUD,12Y,6M BBSW,2.796203477869239
2018-12-04,AUD,12Y,6M BBSW,2.829911876680724
2018-12-03,AUD,12Y,6M BBSW,2.897406362025495
2018-11-30,AUD,12Y,6M BBSW,2.866779320115242
2018-11-29,AUD,12Y,6M BBSW,2.889943220381958
2018-11-28,AUD,12Y,6M BBSW,2.901102066314606
2018-11-27,AUD,12Y,6M BBSW,2.913597567554604
2018-11-26,AUD,12Y,6M BBSW,2.919909837751749
2018-11-23,AUD,12Y,6M BBSW,2.927593534905574
2018-11-22,AUD,12Y,6M BBSW,2.947410092909544
2018-11-21,AUD,12Y,6M BBSW,2.98489579625702
2018-11-20,AUD,12Y,6M BBSW,2.978592892839542
2018-11-19,AUD,12Y,6M BBSW,2.942407693635611
2018-11-16,AUD,12Y,6M BBSW,2.960080468349685
2018-11-15,AUD,12Y,6M BBSW,2.985090052337647
2018-11-14,AUD,12Y,6M BBSW,2.99118786794908
2018-11-13,AUD,12Y,6M BBSW,3.008687088805709
2018-11-12,AUD,12Y,6M BBSW,3.008704287222616
2018-11-09,AUD,12Y,6M BBSW,2.994968990352118
2018-11-08,AUD,12Y,6M BBSW,3.028604609480565
2018-11-07,AUD,12Y,6M BBSW,2.999894605559404
2018-11-06,AUD,12Y,6M BBSW,2.994891148783908
2018-11-05,AUD,12Y,6M BBSW,2.99860403336369
2018-11-02,AUD,12Y,6M BBSW,2.98757145151834
2018-11-01,AUD,12Y,6M BBSW,2.939910500178849
2018-10-31,AUD,12Y,6M BBSW,2.888908490146799
2018-10-30,AUD,12Y,6M BBSW,2.86386004387627
2018-10-29,AUD,12Y,6M BBSW,2.842470713836153
2018-10-26,AUD,12Y,6M BBSW,2.853837498683288
2018-10-25,AUD,12Y,6M BBSW,2.891007094952579
2018-10-24,AUD,12Y,6M BBSW,2.938681636508161
2018-10-23,AUD,12Y,6M BBSW,2.964893252099242
2018-10-22,AUD,12Y,6M BBSW,2.976080626808644
2018-10-19,AUD,12Y,6M BBSW,2.989899787751264
2018-10-18,AUD,12Y,6M BBSW,3.008643336726025
2018-10-17,AUD,12Y,6M BBSW,2.988666381477183
2018-10-16,AUD,12Y,6M BBSW,2.998578728086911
2018-10-15,AUD,12Y,6M BBSW,2.963818682265936
2018-10-12,AUD,12Y,6M BBSW,2.964989074258721
2018-10-11,AUD,12Y,6M BBSW,2.983692142331529
2018-10-10,AUD,12Y,6M BBSW,3.013641186798245
2018-10-09,AUD,12Y,6M BBSW,3.019887470613183
2018-10-08,AUD,12Y,6M BBSW,3.024886555449784
2018-10-05,AUD,12Y,6M BBSW,3.004351895426359
2018-10-04,AUD,12Y,6M BBSW,2.976029932670205
2018-10-03,AUD,12Y,6M BBSW,2.92599390730231
2018-10-02,AUD,12Y,6M BBSW,2.957304937131491
2018-09-28,AUD,12Y,6M BBSW,2.931282668119949
2018-09-27,AUD,12Y,6M BBSW,2.979897899300809
2018-09-26,AUD,12Y,6M BBSW,3.0148504252867
2018-09-25,AUD,12Y,6M BBSW,3.01239053397069
2018-09-24,AUD,12Y,6M BBSW,2.97740485173027
2018-09-21,AUD,12Y,6M BBSW,2.976275181279349
2018-09-20,AUD,12Y,6M BBSW,2.983708043359411
2018-09-19,AUD,12Y,6M BBSW,2.969896732963553
2018-09-18,AUD,12Y,6M BBSW,2.923596896313432
2018-09-17,AUD,12Y,6M BBSW,2.89490976330554
2018-09-14,AUD,12Y,6M BBSW,2.895879400701978
2018-09-13,AUD,12Y,6M BBSW,2.874914964899396
2018-09-12,AUD,12Y,6M BBSW,2.852405822490506
2018-09-11,AUD,12Y,6M BBSW,2.843702109975049
2018-09-10,AUD,12Y,6M BBSW,2.852413235168484
2018-09-07,AUD,12Y,6M BBSW,2.850023367200891
2018-09-06,AUD,12Y,6M BBSW,2.836116575101286
2018-09-05,AUD,12Y,6M BBSW,2.832407089256222
2018-09-04,AUD,12Y,6M BBSW,2.78990600548244
2018-09-03,AUD,12Y,6M BBSW,2.783716365930169
2018-08-31,AUD,12Y,6M BBSW,2.775614843076198
2018-08-30,AUD,12Y,6M BBSW,2.848828623997484
2018-08-29,AUD,12Y,6M BBSW,2.866191458794849
2018-08-28,AUD,12Y,6M BBSW,2.871197444194
2018-08-27,AUD,12Y,6M BBSW,2.832458635201464
2018-08-24,AUD,12Y,6M BBSW,2.836325448692806
2018-08-23,AUD,12Y,6M BBSW,2.799914318913597
2018-08-22,AUD,12Y,6M BBSW,2.818603347289816
2018-08-21,AUD,12Y,6M BBSW,2.812416527564356
2018-08-20,AUD,12Y,6M BBSW,2.811107161686392
2018-08-17,AUD,12Y,6M BBSW,2.840023913551927
2018-08-16,AUD,12Y,6M BBSW,2.833711886527086
2018-08-15,AUD,12Y,6M BBSW,2.858891728692002
2018-08-14,AUD,12Y,6M BBSW,2.866199343346786
2018-08-13,AUD,12Y,6M BBSW,2.86740350292183
2018-08-10,AUD,12Y,6M BBSW,2.885007390702047
2018-08-09,AUD,12Y,6M BBSW,2.92120659357548
2018-08-08,AUD,12Y,6M BBSW,2.947393620865934
2018-08-07,AUD,12Y,6M BBSW,2.937388024942492
2018-08-03,AUD,12Y,6M BBSW,2.960674307461381
2018-08-02,AUD,12Y,6M BBSW,2.994851661461941
2018-08-01,AUD,12Y,6M BBSW,2.966041071675581
2018-07-31,AUD,12Y,6M BBSW,2.952593617560556
2018-07-30,AUD,12Y,6M BBSW,2.90998947241727
2018-07-27,AUD,12Y,6M BBSW,2.912461768532124
2018-07-26,AUD,12Y,6M BBSW,2.957241392565215
2018-07-25,AUD,12Y,6M BBSW,2.959863378920794
2018-07-24,AUD,12Y,6M BBSW,2.987395041539372
2018-07-23,AUD,12Y,6M BBSW,2.93609848178474
2018-07-20,AUD,12Y,6M BBSW,2.940084335128857
2018-07-19,AUD,12Y,6M BBSW,2.934906044225634
2018-07-18,AUD,12Y,6M BBSW,2.937393865631654
2018-07-17,AUD,12Y,6M BBSW,2.933608329531153
2018-07-16,AUD,12Y,6M BBSW,2.917399738110952
2018-07-13,AUD,12Y,6M BBSW,2.902500496381351
2018-07-12,AUD,12Y,6M BBSW,2.911207664487856
2018-07-11,AUD,12Y,6M BBSW,2.906097140223554
2018-07-10,AUD,12Y,6M BBSW,2.922409771785408
2018-07-09,AUD,12Y,6M BBSW,2.896200935996017
2018-07-06,AUD,12Y,6M BBSW,2.902500518382514
2018-07-05,AUD,12Y,6M BBSW,2.883709514937043
2018-07-04,AUD,12Y,6M BBSW,2.874899040865108
2018-07-03,AUD,12Y,6M BBSW,2.87359172538414
2018-07-02,AUD,12Y,6M BBSW,2.897370194831334
2018-06-29,AUD,12Y,6M BBSW,2.9043041160014
2018-06-28,AUD,12Y,6M BBSW,2.901075739212233
2018-06-27,AUD,12Y,6M BBSW,2.912332804581807
2018-06-26,AUD,12Y,6M BBSW,2.902225210606112
2018-06-25,AUD,12Y,6M BBSW,2.905814349098828
2018-06-22,AUD,12Y,6M BBSW,2.918799613822381
2018-06-21,AUD,12Y,6M BBSW,2.954911284502273
2018-06-20,AUD,12Y,6M BBSW,2.923603102755063
2018-06-19,AUD,12Y,6M BBSW,2.912389641144312
2018-06-18,AUD,12Y,6M BBSW,2.949903418489233
2018-06-15,AUD,12Y,6M BBSW,2.973489448963603
2018-06-14,AUD,12Y,6M BBSW,3.007479698418512
2018-06-13,AUD,12Y,6M BBSW,3.042360302295981
2018-06-12,AUD,12Y,6M BBSW,3.056121802825025
2018-06-08,AUD,12Y,6M BBSW,3.053128394443683
2018-06-07,AUD,12Y,6M BBSW,3.077371048470236
2018-06-06,AUD,12Y,6M BBSW,3.012376062720501
2018-06-05,AUD,12Y,6M BBSW,3.006082452026116
2018-06-04,AUD,12Y,6M BBSW,2.987400133471485
2025-11-13,AUD,15Y,6M BBSW,4.7096
2025-11-12,AUD,15Y,6M BBSW,4.626400000000369
2025-11-11,AUD,15Y,6M BBSW,4.590400000000298
2025-11-10,AUD,15Y,6M BBSW,4.601501188048683
2025-11-07,AUD,15Y,6M BBSW,4.555400000000239
2025-11-06,AUD,15Y,6M BBSW,4.548900000000332
2025-11-05,AUD,15Y,6M BBSW,4.582600000000239
2025-11-04,AUD,15Y,6M BBSW,4.556700000000243
2025-11-03,AUD,15Y,6M BBSW,4.581801121633658
2025-10-31,AUD,15Y,6M BBSW,4.547300000000238
2025-10-30,AUD,15Y,6M BBSW,4.532900000000238
2025-10-29,AUD,15Y,6M BBSW,4.558200000000181
2025-10-28,AUD,15Y,6M BBSW,4.42320000000014
2025-10-27,AUD,15Y,6M BBSW,4.426800000000167
2025-10-24,AUD,15Y,6M BBSW,4.387900000000136
2025-10-23,AUD,15Y,6M BBSW,4.403400000000144
2025-10-22,AUD,15Y,6M BBSW,4.353800000000128
2025-10-21,AUD,15Y,6M BBSW,4.370100000000103
2025-10-20,AUD,15Y,6M BBSW,4.340400000000147
2025-10-17,AUD,15Y,6M BBSW,4.361600000000168
2025-10-16,AUD,15Y,6M BBSW,4.34020000000024
2025-10-15,AUD,15Y,6M BBSW,4.426898840295164
2025-10-14,AUD,15Y,6M BBSW,4.452796904003556
2025-10-13,AUD,15Y,6M BBSW,4.462600000000258
2025-10-10,AUD,15Y,6M BBSW,4.513400000000276
2025-10-09,AUD,15Y,6M BBSW,4.539300000000241
2025-10-08,AUD,15Y,6M BBSW,4.492800000000322
2025-10-07,AUD,15Y,6M BBSW,4.519188936786525
2025-10-03,AUD,15Y,6M BBSW,4.487777177076517
2025-10-02,AUD,15Y,6M BBSW,4.489390825340163
2025-10-01,AUD,15Y,6M BBSW,4.510447515667034
2025-09-30,AUD,15Y,6M BBSW,4.520874090395672
2025-09-29,AUD,15Y,6M BBSW,4.478237683354035
2025-09-26,AUD,15Y,6M BBSW,4.51559585251091
2025-09-25,AUD,15Y,6M BBSW,4.535506253065333
2025-09-24,AUD,15Y,6M BBSW,4.500545253986635
2025-09-23,AUD,15Y,6M BBSW,4.417282208725881
2025-09-22,AUD,15Y,6M BBSW,4.447776467853274
2025-09-19,AUD,15Y,6M BBSW,4.420678134451113
2025-09-18,AUD,15Y,6M BBSW,4.404940607487966
2025-09-17,AUD,15Y,6M BBSW,4.398973310478166
2025-09-16,AUD,15Y,6M BBSW,4.376460429821304
2025-09-15,AUD,15Y,6M BBSW,4.384006779188554
2025-09-12,AUD,15Y,6M BBSW,4.382782070674972
2025-09-11,AUD,15Y,6M BBSW,4.347047698070824
2025-09-10,AUD,15Y,6M BBSW,4.38537472684644
2025-09-09,AUD,15Y,6M BBSW,4.447549146099843
2025-09-08,AUD,15Y,6M BBSW,4.389890951816644
2025-09-05,AUD,15Y,6M BBSW,4.445877527001108
2025-09-04,AUD,15Y,6M BBSW,4.472732865750766
2025-09-03,AUD,15Y,6M BBSW,4.506162102539042
2025-09-02,AUD,15Y,6M BBSW,4.511439720951173
2025-09-01,AUD,15Y,6M BBSW,4.490168146632031
2025-08-29,AUD,15Y,6M BBSW,4.425392108819107
2025-08-28,AUD,15Y,6M BBSW,4.409966642456315
2025-08-27,AUD,15Y,6M BBSW,4.449174377321892
2025-08-26,AUD,15Y,6M BBSW,4.458189030206515
2025-08-25,AUD,15Y,6M BBSW,4.447781782547349
2025-08-22,AUD,15Y,6M BBSW,4.446391923023636
2025-08-21,AUD,15Y,6M BBSW,4.459624179659678
2025-08-20,AUD,15Y,6M BBSW,4.42707960339279
2025-08-19,AUD,15Y,6M BBSW,4.471486193307561
2025-08-18,AUD,15Y,6M BBSW,4.464478313605171
2025-08-15,AUD,15Y,6M BBSW,4.393735057725751
2025-08-14,AUD,15Y,6M BBSW,4.390506998615264
2025-08-13,AUD,15Y,6M BBSW,4.347987504006001
2025-08-12,AUD,15Y,6M BBSW,4.396300324645351
2025-08-11,AUD,15Y,6M BBSW,4.39979154854545
2025-08-08,AUD,15Y,6M BBSW,4.403495685424308
2025-08-07,AUD,15Y,6M BBSW,4.39979595133159
2025-08-06,AUD,15Y,6M BBSW,4.365859118629245
2025-08-05,AUD,15Y,6M BBSW,4.381756640856958
2025-08-01,AUD,15Y,6M BBSW,4.370382136957315
2025-07-31,AUD,15Y,6M BBSW,4.434139152654222
2025-07-30,AUD,15Y,6M BBSW,4.424177467420955
2025-07-29,AUD,15Y,6M BBSW,4.442790654093354
2025-07-28,AUD,15Y,6M BBSW,4.478233499841699
2025-07-25,AUD,15Y,6M BBSW,4.478217505532014
2025-07-24,AUD,15Y,6M BBSW,4.488068055770985
2025-07-23,AUD,15Y,6M BBSW,4.46397605315055
2025-07-22,AUD,15Y,6M BBSW,4.428694180744595
2025-07-21,AUD,15Y,6M BBSW,4.447181338475821
2025-07-18,AUD,15Y,6M BBSW,4.489688480343962
2025-07-17,AUD,15Y,6M BBSW,4.472922104582967
2025-07-16,AUD,15Y,6M BBSW,4.520770463623915
2025-07-15,AUD,15Y,6M BBSW,4.562576114596462
2025-07-14,AUD,15Y,6M BBSW,4.49456459428185
2025-07-11,AUD,15Y,6M BBSW,4.490388309724935
2025-07-10,AUD,15Y,6M BBSW,4.451024670816081
2025-07-09,AUD,15Y,6M BBSW,4.418780880927911
2025-07-08,AUD,15Y,6M BBSW,4.443790567756063
2025-07-07,AUD,15Y,6M BBSW,4.366000531973619
2025-07-04,AUD,15Y,6M BBSW,4.334402676046261
2025-07-03,AUD,15Y,6M BBSW,4.355587125551459
2025-07-02,AUD,15Y,6M BBSW,4.336807290082718
2025-07-01,AUD,15Y,6M BBSW,4.283711383769853
2025-06-30,AUD,15Y,6M BBSW,4.297022431568852
2025-06-27,AUD,15Y,6M BBSW,4.299203521149329
2025-06-26,AUD,15Y,6M BBSW,4.266242373499209
2025-06-25,AUD,15Y,6M BBSW,4.279120353705483
2025-06-24,AUD,15Y,6M BBSW,4.289417107523108
2025-06-23,AUD,15Y,6M BBSW,4.336425302148661
2025-06-20,AUD,15Y,6M BBSW,4.334058966470939
2025-06-19,AUD,15Y,6M BBSW,4.330357365617134
2025-06-18,AUD,15Y,6M BBSW,4.374965161582928
2025-06-17,AUD,15Y,6M BBSW,4.363236477123025
2025-06-16,AUD,15Y,6M BBSW,4.378286585760065
2025-06-13,AUD,15Y,6M BBSW,4.371370299161466
2025-06-12,AUD,15Y,6M BBSW,4.290547714880216
2025-06-11,AUD,15Y,6M BBSW,4.37120626049789
2025-06-10,AUD,15Y,6M BBSW,4.414876000377122
2025-06-06,AUD,15Y,6M BBSW,4.469511522809433
2025-06-05,AUD,15Y,6M BBSW,4.396649808996002
2025-06-04,AUD,15Y,6M BBSW,4.341868230199335
2025-06-03,AUD,15Y,6M BBSW,4.389731905713901
2025-06-02,AUD,15Y,6M BBSW,4.4337730966578
2025-05-30,AUD,15Y,6M BBSW,4.380779312461739
2025-05-29,AUD,15Y,6M BBSW,4.421473506209882
2025-05-28,AUD,15Y,6M BBSW,4.493573336727833
2025-05-27,AUD,15Y,6M BBSW,4.380103028244732
2025-05-26,AUD,15Y,6M BBSW,4.443481338998065
2025-05-23,AUD,15Y,6M BBSW,4.485788373787114
2025-05-22,AUD,15Y,6M BBSW,4.52221731462245
2025-05-21,AUD,15Y,6M BBSW,4.624760239071768
2025-05-20,AUD,15Y,6M BBSW,4.497480517485377
2025-05-19,AUD,15Y,6M BBSW,4.547853645123643
2025-05-16,AUD,15Y,6M BBSW,4.567079864214415
2025-05-15,AUD,15Y,6M BBSW,4.537046940317362
2025-05-14,AUD,15Y,6M BBSW,4.622776845354291
2025-05-13,AUD,15Y,6M BBSW,4.542270336861925
2025-05-12,AUD,15Y,6M BBSW,4.491866078913817
2025-05-09,AUD,15Y,6M BBSW,4.372199243130829
2025-05-08,AUD,15Y,6M BBSW,4.37313556479926
2025-05-07,AUD,15Y,6M BBSW,4.314392155496247
2025-05-06,AUD,15Y,6M BBSW,4.404398130129407
2025-05-05,AUD,15Y,6M BBSW,4.382294369805148
2025-05-02,AUD,15Y,6M BBSW,4.368100284296384
2025-05-01,AUD,15Y,6M BBSW,4.313442814524312
2025-04-30,AUD,15Y,6M BBSW,4.272519143404434
2025-04-29,AUD,15Y,6M BBSW,4.284355510743935
2025-04-28,AUD,15Y,6M BBSW,4.293006580458723
2025-04-24,AUD,15Y,6M BBSW,4.345710439979808
2025-04-23,AUD,15Y,6M BBSW,4.402169848496036
2025-04-22,AUD,15Y,6M BBSW,4.359517761493835
2025-04-17,AUD,15Y,6M BBSW,4.364918811397789
2025-04-16,AUD,15Y,6M BBSW,4.402925077572575
2025-04-15,AUD,15Y,6M BBSW,4.46985081244987
2025-04-14,AUD,15Y,6M BBSW,4.494421339504834
2025-04-11,AUD,15Y,6M BBSW,4.613756784674577
2025-04-10,AUD,15Y,6M BBSW,4.525805732552356
2025-04-09,AUD,15Y,6M BBSW,4.423128776387389
2025-04-08,AUD,15Y,6M BBSW,4.387957741732529
2025-04-07,AUD,15Y,6M BBSW,4.418879887493767
2025-04-04,AUD,15Y,6M BBSW,4.266607421612925
2025-03-28,AUD,15Y,6M BBSW,4.510141924311322
2025-03-27,AUD,15Y,6M BBSW,4.558268825717136
2025-03-26,AUD,15Y,6M BBSW,4.568188565052989
2025-03-25,AUD,15Y,6M BBSW,4.547650035976669
2025-03-24,AUD,15Y,6M BBSW,4.520737835384612
2025-03-21,AUD,15Y,6M BBSW,4.496685594766257
2025-03-20,AUD,15Y,6M BBSW,4.499319581706499
2025-03-19,AUD,15Y,6M BBSW,4.496373615731538
2025-03-18,AUD,15Y,6M BBSW,4.528371650999273
2025-03-17,AUD,15Y,6M BBSW,4.513756502218008
2025-03-14,AUD,15Y,6M BBSW,4.538249845818131
2025-03-13,AUD,15Y,6M BBSW,4.506118473231736
2025-03-12,AUD,15Y,6M BBSW,4.561966932127231
2025-03-11,AUD,15Y,6M BBSW,4.556966485677603
2025-03-10,AUD,15Y,6M BBSW,4.499660112702776
2025-03-07,AUD,15Y,6M BBSW,4.545780296234353
2025-03-06,AUD,15Y,6M BBSW,4.568910349500662
2025-03-05,AUD,15Y,6M BBSW,4.600962606784112
2025-03-04,AUD,15Y,6M BBSW,4.507175543032949
2025-03-03,AUD,15Y,6M BBSW,4.411080400311759
2025-02-28,AUD,15Y,6M BBSW,4.456685360165094
2025-02-27,AUD,15Y,6M BBSW,4.470877662280008
2025-02-26,AUD,15Y,6M BBSW,4.48519153868184
2025-02-25,AUD,15Y,6M BBSW,4.527882316632077
2025-02-24,AUD,15Y,6M BBSW,4.580384479558022
2025-02-21,AUD,15Y,6M BBSW,4.645298373368458
2025-02-20,AUD,15Y,6M BBSW,4.692554257285916
2025-02-19,AUD,15Y,6M BBSW,4.682354770911351
2025-02-18,AUD,15Y,6M BBSW,4.69654333907944
2025-02-17,AUD,15Y,6M BBSW,4.612481798958622
2025-02-14,AUD,15Y,6M BBSW,4.584948420908646
2025-02-13,AUD,15Y,6M BBSW,4.592464785911855
2025-02-12,AUD,15Y,6M BBSW,4.698251762382808
2025-02-11,AUD,15Y,6M BBSW,4.611863105001944
2025-02-10,AUD,15Y,6M BBSW,4.538688367543603
2025-02-07,AUD,15Y,6M BBSW,4.551871057720039
2025-02-06,AUD,15Y,6M BBSW,4.493997059736373
2025-02-05,AUD,15Y,6M BBSW,4.461800851786539
2025-02-04,AUD,15Y,6M BBSW,4.581854087027732
2025-02-03,AUD,15Y,6M BBSW,4.58857166188379
2025-01-31,AUD,15Y,6M BBSW,4.552648215022664
2025-01-30,AUD,15Y,6M BBSW,4.528374529632949
2025-01-29,AUD,15Y,6M BBSW,4.544980579118898
2025-01-28,AUD,15Y,6M BBSW,4.583930761218228
2025-01-24,AUD,15Y,6M BBSW,4.625444582146991
2025-01-23,AUD,15Y,6M BBSW,4.643260872460026
2025-01-22,AUD,15Y,6M BBSW,4.64356151731022
2025-01-21,AUD,15Y,6M BBSW,4.608462818505688
2025-01-20,AUD,15Y,6M BBSW,4.608382633616374
2025-01-17,AUD,15Y,6M BBSW,4.666296120709392
2025-01-16,AUD,15Y,6M BBSW,4.654359537386107
2025-01-15,AUD,15Y,6M BBSW,4.677570986385211
2025-01-14,AUD,15Y,6M BBSW,4.79836441044321
2025-01-13,AUD,15Y,6M BBSW,4.757284574991716
2025-01-10,AUD,15Y,6M BBSW,4.724390200175136
2025-01-09,AUD,15Y,6M BBSW,4.657559350365974
2025-01-08,AUD,15Y,6M BBSW,4.694852861291749
2025-01-07,AUD,15Y,6M BBSW,4.682346097987201
2025-01-06,AUD,15Y,6M BBSW,4.597203228800503
2025-01-03,AUD,15Y,6M BBSW,4.55065731273821
2025-01-02,AUD,15Y,6M BBSW,4.545924068688236
2024-12-31,AUD,15Y,6M BBSW,4.499445221753804
2024-12-30,AUD,15Y,6M BBSW,4.526481774625424
2024-12-27,AUD,15Y,6M BBSW,4.556190953871296
2024-12-24,AUD,15Y,6M BBSW,4.575577273270402
2024-12-23,AUD,15Y,6M BBSW,4.572106166653922
2024-12-20,AUD,15Y,6M BBSW,4.573323450292956
2024-12-19,AUD,15Y,6M BBSW,4.603726580388739
2024-12-18,AUD,15Y,6M BBSW,4.507998077720517
2024-12-17,AUD,15Y,6M BBSW,4.44757857451376
2024-12-16,AUD,15Y,6M BBSW,4.473693759698594
2024-12-13,AUD,15Y,6M BBSW,4.500048341671112
2024-12-12,AUD,15Y,6M BBSW,4.487119362925114
2024-12-11,AUD,15Y,6M BBSW,4.394714363302016
2024-12-10,AUD,15Y,6M BBSW,4.365209527406027
2024-12-09,AUD,15Y,6M BBSW,4.429910621617644
2024-12-06,AUD,15Y,6M BBSW,4.411610363751767
2024-12-05,AUD,15Y,6M BBSW,4.445947057064445
2024-12-04,AUD,15Y,6M BBSW,4.406716772159275
2024-12-03,AUD,15Y,6M BBSW,4.501763452279821
2024-12-02,AUD,15Y,6M BBSW,4.452996767481434
2024-11-29,AUD,15Y,6M BBSW,4.494284263378759
2024-11-28,AUD,15Y,6M BBSW,4.552471753843003
2024-11-27,AUD,15Y,6M BBSW,4.571474830798109
2024-11-26,AUD,15Y,6M BBSW,4.603161360908923
2024-11-25,AUD,15Y,6M BBSW,4.58950549776115
2024-11-22,AUD,15Y,6M BBSW,4.667895859514642
2024-11-21,AUD,15Y,6M BBSW,4.710055388273663
2024-11-20,AUD,15Y,6M BBSW,4.712748653355736
2024-11-19,AUD,15Y,6M BBSW,4.698840461458634
2024-11-18,AUD,15Y,6M BBSW,4.697594502624357
2024-11-15,AUD,15Y,6M BBSW,4.729786289970826
2024-11-14,AUD,15Y,6M BBSW,4.76377603915515
2024-11-13,AUD,15Y,6M BBSW,4.801831687725465
2024-11-12,AUD,15Y,6M BBSW,4.79551801043164
2024-11-11,AUD,15Y,6M BBSW,4.734490007687924
2024-11-08,AUD,15Y,6M BBSW,4.692992762936014
2024-11-07,AUD,15Y,6M BBSW,4.741152382660892
2024-11-06,AUD,15Y,6M BBSW,4.791234065794431
2024-11-05,AUD,15Y,6M BBSW,4.704237855794645
2024-11-04,AUD,15Y,6M BBSW,4.69449351553286
2024-11-01,AUD,15Y,6M BBSW,4.729588764399127
2024-10-31,AUD,15Y,6M BBSW,4.720477105128555
2024-10-30,AUD,15Y,6M BBSW,4.713172445070167
2024-10-29,AUD,15Y,6M BBSW,4.66415431823691
2024-10-28,AUD,15Y,6M BBSW,4.652776297343929
2024-10-24,AUD,15Y,6M BBSW,4.624676824304711
2024-10-23,AUD,15Y,6M BBSW,4.696667724861278
2024-10-22,AUD,15Y,6M BBSW,4.666006655938339
2024-10-21,AUD,15Y,6M BBSW,4.612657231330908
2024-10-17,AUD,15Y,6M BBSW,4.545894895646019
2024-10-16,AUD,15Y,6M BBSW,4.43047481072251
2024-10-15,AUD,15Y,6M BBSW,4.453194520816337
2024-10-14,AUD,15Y,6M BBSW,4.49680636581166
2024-10-11,AUD,15Y,6M BBSW,4.471782434180881
2024-10-10,AUD,15Y,6M BBSW,4.451715894113175
2024-10-09,AUD,15Y,6M BBSW,4.458876794106392
2024-10-08,AUD,15Y,6M BBSW,4.423215840723723
2024-10-04,AUD,15Y,6M BBSW,4.394278055882141
2024-10-03,AUD,15Y,6M BBSW,4.314786100936653
2024-10-02,AUD,15Y,6M BBSW,4.257776451114059
2024-10-01,AUD,15Y,6M BBSW,4.209693349101737
2024-09-30,AUD,15Y,6M BBSW,4.234483579592808
2024-09-27,AUD,15Y,6M BBSW,4.195523870651307
2024-09-26,AUD,15Y,6M BBSW,4.21745673326917
2024-09-25,AUD,15Y,6M BBSW,4.1964320418778
2024-09-24,AUD,15Y,6M BBSW,4.161155401796902
2024-09-23,AUD,15Y,6M BBSW,4.212372406064862
2024-09-20,AUD,15Y,6M BBSW,4.19115738128539
2024-09-19,AUD,15Y,6M BBSW,4.163608888038228
2024-09-18,AUD,15Y,6M BBSW,4.148255575142536
2024-09-17,AUD,15Y,6M BBSW,4.095584691225554
2024-09-16,AUD,15Y,6M BBSW,4.047149210068205
2024-09-13,AUD,15Y,6M BBSW,4.084569678638775
2024-09-12,AUD,15Y,6M BBSW,4.0818163133996
2024-09-11,AUD,15Y,6M BBSW,4.11946041834435
2024-09-10,AUD,15Y,6M BBSW,4.140273799074018
2024-09-09,AUD,15Y,6M BBSW,4.186133388785027
2024-09-06,AUD,15Y,6M BBSW,4.182257503359586
2024-09-05,AUD,15Y,6M BBSW,4.20730503212679
2024-09-04,AUD,15Y,6M BBSW,4.179249440970949
2024-09-03,AUD,15Y,6M BBSW,4.234951455556137
2024-09-02,AUD,15Y,6M BBSW,4.32601842458543
2024-08-30,AUD,15Y,6M BBSW,4.285130492776984
2024-08-29,AUD,15Y,6M BBSW,4.257516346249483
2024-08-27,AUD,15Y,6M BBSW,4.19141332847288
2024-08-26,AUD,15Y,6M BBSW,4.175395105152648
2024-08-23,AUD,15Y,6M BBSW,4.177882125578133
2024-08-22,AUD,15Y,6M BBSW,4.21289886851198
2024-08-21,AUD,15Y,6M BBSW,4.165429753654539
2024-08-20,AUD,15Y,6M BBSW,4.173743228903012
2024-08-19,AUD,15Y,6M BBSW,4.2209920131798
2024-08-16,AUD,15Y,6M BBSW,4.214778025605693
2024-08-15,AUD,15Y,6M BBSW,4.249197229339237
2024-08-14,AUD,15Y,6M BBSW,4.164507909713349
2024-08-13,AUD,15Y,6M BBSW,4.208733709852391
2024-08-12,AUD,15Y,6M BBSW,4.267287054792369
2024-08-09,AUD,15Y,6M BBSW,4.294769305928401
2024-08-08,AUD,15Y,6M BBSW,4.357286996949126
2024-08-07,AUD,15Y,6M BBSW,4.337959616545488
2024-08-06,AUD,15Y,6M BBSW,4.323635103653452
2024-08-02,AUD,15Y,6M BBSW,4.200856779506921
2024-08-01,AUD,15Y,6M BBSW,4.272952117659538
2024-07-31,AUD,15Y,6M BBSW,4.320111273492754
2024-07-30,AUD,15Y,6M BBSW,4.505536564781676
2024-07-29,AUD,15Y,6M BBSW,4.535963113460889
2024-07-26,AUD,15Y,6M BBSW,4.51819135548035
2024-07-24,AUD,15Y,6M BBSW,4.59288838565756
2024-07-23,AUD,15Y,6M BBSW,4.597434814365979
2024-07-22,AUD,15Y,6M BBSW,4.579758283242363
2024-07-19,AUD,15Y,6M BBSW,4.574737126736348
2024-07-18,AUD,15Y,6M BBSW,4.512268887341731
2024-07-17,AUD,15Y,6M BBSW,4.475365675910105
2024-07-16,AUD,15Y,6M BBSW,4.481163007881193
2024-07-15,AUD,15Y,6M BBSW,4.575210319036661
2024-07-12,AUD,15Y,6M BBSW,4.573536955931192
2024-07-11,AUD,15Y,6M BBSW,4.617259782351541
2024-07-10,AUD,15Y,6M BBSW,4.627933615047112
2024-07-09,AUD,15Y,6M BBSW,4.637422129628741
2024-07-08,AUD,15Y,6M BBSW,4.61855583052146
2024-07-05,AUD,15Y,6M BBSW,4.637228702204134
2024-07-04,AUD,15Y,6M BBSW,4.698544587926762
2024-07-03,AUD,15Y,6M BBSW,4.687865722114659
2024-07-02,AUD,15Y,6M BBSW,4.699732586976728
2024-07-01,AUD,15Y,6M BBSW,4.721882173735932
2024-06-28,AUD,15Y,6M BBSW,4.682100697739291
2024-06-27,AUD,15Y,6M BBSW,4.612058300897084
2024-06-26,AUD,15Y,6M BBSW,4.676161312488184
2024-06-24,AUD,15Y,6M BBSW,4.498552790611726
2024-06-21,AUD,15Y,6M BBSW,4.50352417846218
2024-06-20,AUD,15Y,6M BBSW,4.514733566177307
2024-06-19,AUD,15Y,6M BBSW,4.472986092066916
2024-06-18,AUD,15Y,6M BBSW,4.458664698783804
2024-06-17,AUD,15Y,6M BBSW,4.472317912700325
2024-06-14,AUD,15Y,6M BBSW,4.422923872493525
2024-06-13,AUD,15Y,6M BBSW,4.467599234716703
2024-06-12,AUD,15Y,6M BBSW,4.521491301962357
2024-06-11,AUD,15Y,6M BBSW,4.598452852741806
2024-06-07,AUD,15Y,6M BBSW,4.605813805111595
2024-06-06,AUD,15Y,6M BBSW,4.532197406330066
2024-06-05,AUD,15Y,6M BBSW,4.516678354307345
2024-06-04,AUD,15Y,6M BBSW,4.511152387477986
2024-06-03,AUD,15Y,6M BBSW,4.599807571964082
2024-05-31,AUD,15Y,6M BBSW,4.696502533313701
2024-05-30,AUD,15Y,6M BBSW,4.701338841997002
2024-05-29,AUD,15Y,6M BBSW,4.748091324837983
2024-05-28,AUD,15Y,6M BBSW,4.644822179867275
2024-05-27,AUD,15Y,6M BBSW,4.568559903815789
2024-05-24,AUD,15Y,6M BBSW,4.59853335702201
2024-05-23,AUD,15Y,6M BBSW,4.590955906487802
2024-05-22,AUD,15Y,6M BBSW,4.579144156982805
2024-05-21,AUD,15Y,6M BBSW,4.55864508854022
2024-05-20,AUD,15Y,6M BBSW,4.575958549386051
2024-05-17,AUD,15Y,6M BBSW,4.574736870253507
2024-05-16,AUD,15Y,6M BBSW,4.55096426701109
2024-05-15,AUD,15Y,6M BBSW,4.557698801330789
2024-05-14,AUD,15Y,6M BBSW,4.664461868364
2024-05-13,AUD,15Y,6M BBSW,4.677247660352468
2024-05-10,AUD,15Y,6M BBSW,4.710920589123001
2024-05-09,AUD,15Y,6M BBSW,4.69724701080391
2024-05-08,AUD,15Y,6M BBSW,4.679125044381453
2024-05-07,AUD,15Y,6M BBSW,4.59113657199211
2024-05-06,AUD,15Y,6M BBSW,4.71724420447933
2024-05-03,AUD,15Y,6M BBSW,4.725918982527718
2024-05-02,AUD,15Y,6M BBSW,4.769739476829872
2024-05-01,AUD,15Y,6M BBSW,4.835293990812461
2024-04-30,AUD,15Y,6M BBSW,4.825750141824208
2024-04-29,AUD,15Y,6M BBSW,4.811121313609763
2024-04-26,AUD,15Y,6M BBSW,4.83716333839994
2024-04-24,AUD,15Y,6M BBSW,4.77969837696815
2024-04-23,AUD,15Y,6M BBSW,4.629163601712322
2024-04-22,AUD,15Y,6M BBSW,4.63858226909985
2024-04-19,AUD,15Y,6M BBSW,4.663395967397603
2024-04-18,AUD,15Y,6M BBSW,4.684603002742455
2024-04-17,AUD,15Y,6M BBSW,4.689105150482049
2024-04-16,AUD,15Y,6M BBSW,4.732356868421769
2024-04-15,AUD,15Y,6M BBSW,4.65906819063901
2024-04-12,AUD,15Y,6M BBSW,4.564680536295372
2024-04-11,AUD,15Y,6M BBSW,4.646484995728649
2024-04-10,AUD,15Y,6M BBSW,4.571072532336771
2024-04-09,AUD,15Y,6M BBSW,4.446884531715449
2024-04-08,AUD,15Y,6M BBSW,4.532492900330483
2024-04-04,AUD,15Y,6M BBSW,4.453373321511885
2024-04-03,AUD,15Y,6M BBSW,4.481449045534201
2024-04-02,AUD,15Y,6M BBSW,4.473537418386848
2024-03-28,AUD,15Y,6M BBSW,4.349739534892445
2024-03-27,AUD,15Y,6M BBSW,4.349156867575337
2024-03-26,AUD,15Y,6M BBSW,4.416016290783385
2024-03-25,AUD,15Y,6M BBSW,4.412256664755883
2024-03-22,AUD,15Y,6M BBSW,4.394757795932765
2024-03-21,AUD,15Y,6M BBSW,4.444771946830338
2024-03-20,AUD,15Y,6M BBSW,4.415380548796844
2024-03-19,AUD,15Y,6M BBSW,4.463670389808389
2024-03-18,AUD,15Y,6M BBSW,4.503564075375375
2024-03-15,AUD,15Y,6M BBSW,4.522519192580357
2024-03-14,AUD,15Y,6M BBSW,4.505116417801401
2024-03-13,AUD,15Y,6M BBSW,4.436675459011884
2024-03-12,AUD,15Y,6M BBSW,4.389887245323878
2024-03-11,AUD,15Y,6M BBSW,4.336281430288274
2024-03-08,AUD,15Y,6M BBSW,4.365761275524065
2024-03-07,AUD,15Y,6M BBSW,4.393577075901629
2024-03-06,AUD,15Y,6M BBSW,4.374187237115193
2024-03-05,AUD,15Y,6M BBSW,4.424879604287234
2024-03-04,AUD,15Y,6M BBSW,4.515962826539669
2024-03-01,AUD,15Y,6M BBSW,4.509744890187433
2024-02-29,AUD,15Y,6M BBSW,4.528138140176968
2024-02-28,AUD,15Y,6M BBSW,4.537498425637948
2024-02-27,AUD,15Y,6M BBSW,4.588139650319283
2024-02-26,AUD,15Y,6M BBSW,4.554834826446448
2024-02-23,AUD,15Y,6M BBSW,4.547241862417831
2024-02-22,AUD,15Y,6M BBSW,4.565939670546875
2024-02-21,AUD,15Y,6M BBSW,4.603526086368169
2024-02-20,AUD,15Y,6M BBSW,4.585434857238256
2024-02-19,AUD,15Y,6M BBSW,4.599824686601842
2024-02-16,AUD,15Y,6M BBSW,4.612234535231432
2024-02-15,AUD,15Y,6M BBSW,4.571505923318038
2024-02-14,AUD,15Y,6M BBSW,4.605060289042941
2024-02-13,AUD,15Y,6M BBSW,4.670420377675961
2024-02-12,AUD,15Y,6M BBSW,4.578630208695005
2024-02-09,AUD,15Y,6M BBSW,4.564740071269593
2024-02-08,AUD,15Y,6M BBSW,4.547243112140964
2024-02-07,AUD,15Y,6M BBSW,4.527196769036122
2024-02-06,AUD,15Y,6M BBSW,4.502974013761513
2024-02-05,AUD,15Y,6M BBSW,4.528535322834695
2024-02-02,AUD,15Y,6M BBSW,4.474612507373315
2024-02-01,AUD,15Y,6M BBSW,4.378464181104345
2024-01-31,AUD,15Y,6M BBSW,4.394000588577576
2024-01-30,AUD,15Y,6M BBSW,4.51560220742368
2024-01-29,AUD,15Y,6M BBSW,4.556136131317217
2024-01-25,AUD,15Y,6M BBSW,4.608440645202085
2024-01-24,AUD,15Y,6M BBSW,4.6684630588422
2024-01-23,AUD,15Y,6M BBSW,4.625428224917916
2024-01-22,AUD,15Y,6M BBSW,4.58742733691505
2024-01-19,AUD,15Y,6M BBSW,4.670927837807408
2024-01-18,AUD,15Y,6M BBSW,4.69852481100166
2024-01-17,AUD,15Y,6M BBSW,4.659718995621895
2024-01-16,AUD,15Y,6M BBSW,4.595433175437889
2024-01-15,AUD,15Y,6M BBSW,4.559718916808674
2024-01-12,AUD,15Y,6M BBSW,4.505948052825227
2024-01-11,AUD,15Y,6M BBSW,4.478551172769076
2024-01-10,AUD,15Y,6M BBSW,4.540933631541636
2024-01-09,AUD,15Y,6M BBSW,4.459254472374238
2024-01-08,AUD,15Y,6M BBSW,4.498648776547492
2024-01-05,AUD,15Y,6M BBSW,4.560940896626023
2024-01-04,AUD,15Y,6M BBSW,4.488548932232872
2024-01-03,AUD,15Y,6M BBSW,4.391649474121976
2024-01-02,AUD,15Y,6M BBSW,4.399845067435508
2023-12-29,AUD,15Y,6M BBSW,4.313685892012521
2023-12-28,AUD,15Y,6M BBSW,4.292929154067826
2023-12-27,AUD,15Y,6M BBSW,4.282339101263295
2023-12-22,AUD,15Y,6M BBSW,4.383575725627948
2023-12-21,AUD,15Y,6M BBSW,4.393539895802736
2023-12-20,AUD,15Y,6M BBSW,4.394752828731898
2023-12-19,AUD,15Y,6M BBSW,4.446705467592276
2023-12-18,AUD,15Y,6M BBSW,4.454896305718097
2023-12-15,AUD,15Y,6M BBSW,4.46292896309379
2023-12-14,AUD,15Y,6M BBSW,4.528965182393946
2023-12-13,AUD,15Y,6M BBSW,4.507168879690964
2023-12-12,AUD,15Y,6M BBSW,4.700242457310713
2023-12-11,AUD,15Y,6M BBSW,4.729533336021427
2023-12-07,AUD,15Y,6M BBSW,4.704604148592886
2023-12-06,AUD,15Y,6M BBSW,4.645887734920839
2023-12-05,AUD,15Y,6M BBSW,4.711658229048274
2023-12-04,AUD,15Y,6M BBSW,4.848606174970839
2023-12-01,AUD,15Y,6M BBSW,4.855923992699227
2023-11-30,AUD,15Y,6M BBSW,4.907651530369271
2023-11-29,AUD,15Y,6M BBSW,4.80738117078683
2023-11-28,AUD,15Y,6M BBSW,4.880387371818521
2023-11-27,AUD,15Y,6M BBSW,4.924742464267492
2023-11-24,AUD,15Y,6M BBSW,4.968490337129214
2023-11-23,AUD,15Y,6M BBSW,4.963489761634148
2023-11-22,AUD,15Y,6M BBSW,4.915888640736614
2023-11-21,AUD,15Y,6M BBSW,4.880387782540916
2023-11-20,AUD,15Y,6M BBSW,4.914745715579708
2023-11-17,AUD,15Y,6M BBSW,4.918496846353704
2023-11-16,AUD,15Y,6M BBSW,4.90589783781653
2023-11-15,AUD,15Y,6M BBSW,5.024066758157089
2023-11-14,AUD,15Y,6M BBSW,4.984362174721782
2023-11-13,AUD,15Y,6M BBSW,5.096001009399193
2023-11-10,AUD,15Y,6M BBSW,5.044680654346193
2023-11-09,AUD,15Y,6M BBSW,5.05967739091416
2023-11-08,AUD,15Y,6M BBSW,4.93848685678009
2023-11-07,AUD,15Y,6M BBSW,5.020365927180354
2023-11-06,AUD,15Y,6M BBSW,5.182281035221274
2023-11-03,AUD,15Y,6M BBSW,5.103473772729156
2023-11-02,AUD,15Y,6M BBSW,5.169663340195703
2023-11-01,AUD,15Y,6M BBSW,5.259643491101293
2023-10-31,AUD,15Y,6M BBSW,5.431578237066618
2023-10-30,AUD,15Y,6M BBSW,5.404604817239615
2023-10-26,AUD,15Y,6M BBSW,5.25080341201209
2023-10-25,AUD,15Y,6M BBSW,5.23674290869391
2023-10-24,AUD,15Y,6M BBSW,5.12904180860201
2023-10-23,AUD,15Y,6M BBSW,5.145951938157062
2023-10-20,AUD,15Y,6M BBSW,5.152139736550428
2023-10-19,AUD,15Y,6M BBSW,5.206995132739184
2023-10-18,AUD,15Y,6M BBSW,5.197017827981487
2023-10-17,AUD,15Y,6M BBSW,5.086539532662092
2023-10-16,AUD,15Y,6M BBSW,4.937341828613764
2023-10-12,AUD,15Y,6M BBSW,4.918525482789335
2023-10-11,AUD,15Y,6M BBSW,4.800749598005625
2023-10-10,AUD,15Y,6M BBSW,4.921601028348934
2023-10-09,AUD,15Y,6M BBSW,4.91107513209692
2023-10-05,AUD,15Y,6M BBSW,5.036952229063344
2023-10-04,AUD,15Y,6M BBSW,5.013869575171957
2023-10-03,AUD,15Y,6M BBSW,5.022011159545502
2023-09-29,AUD,15Y,6M BBSW,4.879787750915042
2023-09-28,AUD,15Y,6M BBSW,4.857157107552726
2023-09-27,AUD,15Y,6M BBSW,4.84215220599015
2023-09-26,AUD,15Y,6M BBSW,4.805201756553671
2023-09-25,AUD,15Y,6M BBSW,4.807352959093929
2023-09-22,AUD,15Y,6M BBSW,4.712220296627468
2023-09-21,AUD,15Y,6M BBSW,4.727217558343842
2023-09-20,AUD,15Y,6M BBSW,4.672219157340729
2023-09-19,AUD,15Y,6M BBSW,4.643024175283434
2023-09-18,AUD,15Y,6M BBSW,4.627414920104281
2023-09-15,AUD,15Y,6M BBSW,4.594067137629082
2023-09-14,AUD,15Y,6M BBSW,4.564980074475463
2023-09-13,AUD,15Y,6M BBSW,4.583229572593813
2023-09-12,AUD,15Y,6M BBSW,4.627727456734728
2023-09-11,AUD,15Y,6M BBSW,4.631415486667626
2023-09-08,AUD,15Y,6M BBSW,4.592734751810528
2023-09-07,AUD,15Y,6M BBSW,4.582239501859742
2023-09-06,AUD,15Y,6M BBSW,4.615926235800603
2023-09-05,AUD,15Y,6M BBSW,4.629227691316175
2023-09-04,AUD,15Y,6M BBSW,4.607420400775073
2023-09-01,AUD,15Y,6M BBSW,4.522243446504323
2023-08-31,AUD,15Y,6M BBSW,4.489084289373603
2023-08-30,AUD,15Y,6M BBSW,4.532651735995822
2023-08-28,AUD,15Y,6M BBSW,4.598929036575019
2023-08-25,AUD,15Y,6M BBSW,4.61359123667821
2023-08-24,AUD,15Y,6M BBSW,4.62470560764261
2023-08-23,AUD,15Y,6M BBSW,4.585942874316443
2023-08-22,AUD,15Y,6M BBSW,4.714150509099786
2023-08-21,AUD,15Y,6M BBSW,4.791046986206501
2023-08-18,AUD,15Y,6M BBSW,4.720981618295467
2023-08-17,AUD,15Y,6M BBSW,4.76848877281367
2023-08-16,AUD,15Y,6M BBSW,4.713528870708013
2023-08-15,AUD,15Y,6M BBSW,4.725351417567051
2023-08-14,AUD,15Y,6M BBSW,4.733216901078458
2023-08-11,AUD,15Y,6M BBSW,4.660986569462043
2023-08-10,AUD,15Y,6M BBSW,4.587210067237632
2023-08-09,AUD,15Y,6M BBSW,4.545948248915512
2023-08-08,AUD,15Y,6M BBSW,4.51169032794914
2023-08-04,AUD,15Y,6M BBSW,4.55346245608896
2023-08-03,AUD,15Y,6M BBSW,4.67076338286828
2023-08-02,AUD,15Y,6M BBSW,4.577837524945207
2023-08-01,AUD,15Y,6M BBSW,4.527318499984588
2023-07-31,AUD,15Y,6M BBSW,4.543275964957792
2023-07-28,AUD,15Y,6M BBSW,4.502266344268681
2023-07-27,AUD,15Y,6M BBSW,4.577131629415754
2023-07-25,AUD,15Y,6M BBSW,4.585315164735245
2023-07-24,AUD,15Y,6M BBSW,4.537353438059951
2023-07-21,AUD,15Y,6M BBSW,4.535998602616421
2023-07-20,AUD,15Y,6M BBSW,4.543513601156693
2023-07-19,AUD,15Y,6M BBSW,4.447258645667461
2023-07-18,AUD,15Y,6M BBSW,4.456694529174876
2023-07-17,AUD,15Y,6M BBSW,4.49481698032286
2023-07-14,AUD,15Y,6M BBSW,4.529955792521597
2023-07-13,AUD,15Y,6M BBSW,4.495919558921034
2023-07-12,AUD,15Y,6M BBSW,4.544748408326125
2023-07-11,AUD,15Y,6M BBSW,4.657953714056238
2023-07-10,AUD,15Y,6M BBSW,4.706057649021127
2023-07-07,AUD,15Y,6M BBSW,4.772279402996745
2023-07-06,AUD,15Y,6M BBSW,4.697194001464116
2023-07-05,AUD,15Y,6M BBSW,4.564745970521406
2023-07-04,AUD,15Y,6M BBSW,4.477988321037548
2023-07-03,AUD,15Y,6M BBSW,4.477383259111155
2023-06-30,AUD,15Y,6M BBSW,4.490152547874118
2023-06-29,AUD,15Y,6M BBSW,4.45738474644447
2023-06-28,AUD,15Y,6M BBSW,4.340884247770719
2023-06-27,AUD,15Y,6M BBSW,4.421575171484317
2023-06-26,AUD,15Y,6M BBSW,4.404468238481591
2023-06-22,AUD,15Y,6M BBSW,4.518591614097833
2023-06-21,AUD,15Y,6M BBSW,4.470932504268164
2023-06-20,AUD,15Y,6M BBSW,4.506679834360122
2023-06-19,AUD,15Y,6M BBSW,4.543634636088556
2023-06-15,AUD,15Y,6M BBSW,4.495277439054349
2023-06-14,AUD,15Y,6M BBSW,4.494900618013994
2023-06-13,AUD,15Y,6M BBSW,4.536039324986943
2023-06-09,AUD,15Y,6M BBSW,4.509810523503513
2023-06-08,AUD,15Y,6M BBSW,4.518825004875192
2023-06-07,AUD,15Y,6M BBSW,4.545837964317013
2023-06-06,AUD,15Y,6M BBSW,4.407971216797842
2023-06-05,AUD,15Y,6M BBSW,4.37368749931506
2023-06-01,AUD,15Y,6M BBSW,4.253582889235695
2023-05-31,AUD,15Y,6M BBSW,4.239032314285521
2023-05-30,AUD,15Y,6M BBSW,4.254571569332525
2023-05-29,AUD,15Y,6M BBSW,3.971349232553757
2023-05-26,AUD,15Y,6M BBSW,4.329813759883558
2023-05-25,AUD,15Y,6M BBSW,4.359737513960777
2023-05-24,AUD,15Y,6M BBSW,4.334769806534509
2023-05-23,AUD,15Y,6M BBSW,4.32672680862701
2023-05-22,AUD,15Y,6M BBSW,4.271188448442403
2023-05-19,AUD,15Y,6M BBSW,4.283616801418506
2023-05-18,AUD,15Y,6M BBSW,4.278546515850444
2023-05-17,AUD,15Y,6M BBSW,4.175987012228693
2023-05-16,AUD,15Y,6M BBSW,4.13806414139169
2023-05-15,AUD,15Y,6M BBSW,4.15333602419364
2023-05-12,AUD,15Y,6M BBSW,4.077333269206221
2023-05-11,AUD,15Y,6M BBSW,4.023576586127143
2023-05-10,AUD,15Y,6M BBSW,4.103594933849415
2023-05-09,AUD,15Y,6M BBSW,4.168058455348538
2023-05-08,AUD,15Y,6M BBSW,4.166216038886427
2023-05-05,AUD,15Y,6M BBSW,4.092332799459728
2023-05-04,AUD,15Y,6M BBSW,3.992281559167183
2023-05-03,AUD,15Y,6M BBSW,4.043600933249259
2023-05-02,AUD,15Y,6M BBSW,4.058074579163266
2023-05-01,AUD,15Y,6M BBSW,4.103731460281747
2023-04-28,AUD,15Y,6M BBSW,3.949802712913581
2023-04-27,AUD,15Y,6M BBSW,4.085999381824265
2023-04-26,AUD,15Y,6M BBSW,4.038052843303588
2023-04-24,AUD,15Y,6M BBSW,4.105699607791005
2023-04-21,AUD,15Y,6M BBSW,4.140951286061949
2023-04-20,AUD,15Y,6M BBSW,4.153560381589322
2023-04-19,AUD,15Y,6M BBSW,4.179684183666533
2023-04-18,AUD,15Y,6M BBSW,4.211658499822496
2023-04-17,AUD,15Y,6M BBSW,4.137514267481437
2023-04-14,AUD,15Y,6M BBSW,4.090464353178482
2023-04-13,AUD,15Y,6M BBSW,4.015979615710146
2023-04-12,AUD,15Y,6M BBSW,3.962267286554536
2023-04-11,AUD,15Y,6M BBSW,3.917988284470053
2023-04-06,AUD,15Y,6M BBSW,3.839734824897134
2023-04-05,AUD,15Y,6M BBSW,3.890884099352005
2023-04-04,AUD,15Y,6M BBSW,3.897979994932721
2023-04-03,AUD,15Y,6M BBSW,3.949819630950972
2023-03-31,AUD,15Y,6M BBSW,3.967722713150205
2023-03-30,AUD,15Y,6M BBSW,4.047615233450911
2023-03-29,AUD,15Y,6M BBSW,4.077367598640552
2023-03-28,AUD,15Y,6M BBSW,4.100434242156036
2023-03-27,AUD,15Y,6M BBSW,4.053711183284622
2023-03-24,AUD,15Y,6M BBSW,3.988630017282091
2023-03-23,AUD,15Y,6M BBSW,4.013529585469613
2023-03-22,AUD,15Y,6M BBSW,4.037300200078032
2023-03-21,AUD,15Y,6M BBSW,4.06177185689844
2023-03-20,AUD,15Y,6M BBSW,4.037546510133525
2023-03-17,AUD,15Y,6M BBSW,4.081037215035408
2023-03-16,AUD,15Y,6M BBSW,4.207561129632737
2023-03-15,AUD,15Y,6M BBSW,4.112700340642162
2023-03-14,AUD,15Y,6M BBSW,4.302929095865792
2023-03-13,AUD,15Y,6M BBSW,4.107226961747972
2023-03-10,AUD,15Y,6M BBSW,4.191826930823788
2023-03-09,AUD,15Y,6M BBSW,4.311944195878588
2023-03-08,AUD,15Y,6M BBSW,4.358767718694606
2023-03-07,AUD,15Y,6M BBSW,4.396709338610296
2023-03-06,AUD,15Y,6M BBSW,4.449832827236253
2023-03-03,AUD,15Y,6M BBSW,4.532298274119257
2023-03-02,AUD,15Y,6M BBSW,4.617205100151528
2023-03-01,AUD,15Y,6M BBSW,4.539747367881334
2023-02-28,AUD,15Y,6M BBSW,4.588666742947048
2023-02-27,AUD,15Y,6M BBSW,4.521671798734149
2023-02-24,AUD,15Y,6M BBSW,4.552211964022614
2023-02-23,AUD,15Y,6M BBSW,4.585946525769974
2023-02-22,AUD,15Y,6M BBSW,4.56225976780377
2023-02-21,AUD,15Y,6M BBSW,4.471713479551354
2023-02-20,AUD,15Y,6M BBSW,4.467491813730485
2023-02-17,AUD,15Y,6M BBSW,4.437226651833972
2023-02-16,AUD,15Y,6M BBSW,4.410966947343591
2023-02-15,AUD,15Y,6M BBSW,4.395246232139628
2023-02-14,AUD,15Y,6M BBSW,4.411985597948244
2023-02-13,AUD,15Y,6M BBSW,4.439899081337056
2023-02-10,AUD,15Y,6M BBSW,4.432227844253434
2023-02-09,AUD,15Y,6M BBSW,4.305976905143508
2023-02-08,AUD,15Y,6M BBSW,4.275989595019286
2023-02-07,AUD,15Y,6M BBSW,4.292997606905481
2023-02-06,AUD,15Y,6M BBSW,4.137497894925504
2023-02-03,AUD,15Y,6M BBSW,4.175853723500741
2023-02-02,AUD,15Y,6M BBSW,4.19467932461327
2023-02-01,AUD,15Y,6M BBSW,4.263509365400578
2023-01-31,AUD,15Y,6M BBSW,4.24745295513541
2023-01-30,AUD,15Y,6M BBSW,4.255504383598455
2023-01-27,AUD,15Y,6M BBSW,4.259685443032035
2023-01-25,AUD,15Y,6M BBSW,4.204719020422488
2023-01-24,AUD,15Y,6M BBSW,4.146726835480698
2023-01-23,AUD,15Y,6M BBSW,4.143773915559859
2023-01-20,AUD,15Y,6M BBSW,4.149764484102312
2023-01-19,AUD,15Y,6M BBSW,4.026004485324584
2023-01-18,AUD,15Y,6M BBSW,4.195996970956351
2023-01-17,AUD,15Y,6M BBSW,4.25045075119061
2023-01-16,AUD,15Y,6M BBSW,4.243744939898564
2023-01-13,AUD,15Y,6M BBSW,4.257250553923448
2023-01-12,AUD,15Y,6M BBSW,4.228584825559792
2023-01-11,AUD,15Y,6M BBSW,4.358579549069777
2023-01-10,AUD,15Y,6M BBSW,4.386726500707143
2023-01-09,AUD,15Y,6M BBSW,4.398706954336019
2023-01-06,AUD,15Y,6M BBSW,4.358537314880611
2023-01-05,AUD,15Y,6M BBSW,4.46225977806249
2023-01-04,AUD,15Y,6M BBSW,4.507263794855848
2023-01-03,AUD,15Y,6M BBSW,4.600348156325317
2022-12-30,AUD,15Y,6M BBSW,4.623949192130262
2022-12-29,AUD,15Y,6M BBSW,4.624876327620267
2022-12-28,AUD,15Y,6M BBSW,4.672860172732228
2022-12-23,AUD,15Y,6M BBSW,4.475829600904191
2022-12-22,AUD,15Y,6M BBSW,4.444767062709645
2022-12-21,AUD,15Y,6M BBSW,4.345951724706866
2022-12-20,AUD,15Y,6M BBSW,4.399209286658926
2022-12-19,AUD,15Y,6M BBSW,4.226240488071968
2022-12-16,AUD,15Y,6M BBSW,4.175975026724696
2022-12-15,AUD,15Y,6M BBSW,4.163225501879186
2022-12-14,AUD,15Y,6M BBSW,4.075475417802761
2022-12-13,AUD,15Y,6M BBSW,4.11071677454939
2022-12-12,AUD,15Y,6M BBSW,4.094882937783159
2022-12-09,AUD,15Y,6M BBSW,4.067483556987674
2022-12-08,AUD,15Y,6M BBSW,4.074699845848691
2022-12-07,AUD,15Y,6M BBSW,4.059713775325497
2022-12-06,AUD,15Y,6M BBSW,4.094238234319474
2022-12-05,AUD,15Y,6M BBSW,4.063783216218371
2022-12-02,AUD,15Y,6M BBSW,4.039790050726384
2022-12-01,AUD,15Y,6M BBSW,4.187293322020795
2022-11-30,AUD,15Y,6M BBSW,4.228922622204332
2022-11-29,AUD,15Y,6M BBSW,4.289385848546744
2022-11-28,AUD,15Y,6M BBSW,4.226246137153993
2022-11-25,AUD,15Y,6M BBSW,4.298541582311731
2022-11-24,AUD,15Y,6M BBSW,4.269779592049552
2022-11-23,AUD,15Y,6M BBSW,4.295986368765626
2022-11-22,AUD,15Y,6M BBSW,4.299243187721884
2022-11-21,AUD,15Y,6M BBSW,4.321229165306724
2022-11-18,AUD,15Y,6M BBSW,4.360935335204748
2022-11-17,AUD,15Y,6M BBSW,4.359770404482258
2022-11-16,AUD,15Y,6M BBSW,4.468568185911578
2022-11-15,AUD,15Y,6M BBSW,4.535174870723308
2022-11-14,AUD,15Y,6M BBSW,4.619380693227565
2022-11-11,AUD,15Y,6M BBSW,4.514717314933405
2022-11-10,AUD,15Y,6M BBSW,4.55224805337536
2022-11-09,AUD,15Y,6M BBSW,4.670944807769556
2022-11-08,AUD,15Y,6M BBSW,4.846644363260951
2022-11-07,AUD,15Y,6M BBSW,4.719934575932723
2022-11-04,AUD,15Y,6M BBSW,4.710891930231349
2022-11-03,AUD,15Y,6M BBSW,4.79842200754402
2022-11-02,AUD,15Y,6M BBSW,4.706040766134684
2022-11-01,AUD,15Y,6M BBSW,4.630381161069774
2022-10-31,AUD,15Y,6M BBSW,4.574620316608778
2022-10-28,AUD,15Y,6M BBSW,4.584729858659224
2022-10-27,AUD,15Y,6M BBSW,4.644746518425099
2022-10-26,AUD,15Y,6M BBSW,4.737202952200809
2022-10-25,AUD,15Y,6M BBSW,4.876265788507488
2022-10-24,AUD,15Y,6M BBSW,4.967243679392125
2022-10-21,AUD,15Y,6M BBSW,4.943340223584166
2022-10-20,AUD,15Y,6M BBSW,4.780884286024631
2022-10-19,AUD,15Y,6M BBSW,4.645908824566345
2022-10-18,AUD,15Y,6M BBSW,4.6165625797504
2022-10-17,AUD,15Y,6M BBSW,4.704883840972722
2022-10-14,AUD,15Y,6M BBSW,4.698817369242459
2022-10-13,AUD,15Y,6M BBSW,4.638511207839745
2022-10-12,AUD,15Y,6M BBSW,4.602183290313183
2022-10-11,AUD,15Y,6M BBSW,4.642828058707733
2022-10-10,AUD,15Y,6M BBSW,4.502344019977013
2022-10-07,AUD,15Y,6M BBSW,4.510772643333014
2022-10-06,AUD,15Y,6M BBSW,4.392151776174159
2022-10-05,AUD,15Y,6M BBSW,4.236575838925677
2022-10-04,AUD,15Y,6M BBSW,4.223553151823076
2022-09-30,AUD,15Y,6M BBSW,4.483854785781325
2022-09-29,AUD,15Y,6M BBSW,4.426044071142284
2022-09-28,AUD,15Y,6M BBSW,4.624707254119476
2022-09-27,AUD,15Y,6M BBSW,4.549153758422269
2022-09-26,AUD,15Y,6M BBSW,4.43102943317297
2022-09-23,AUD,15Y,6M BBSW,4.414668740048
2022-09-21,AUD,15Y,6M BBSW,4.246089731637485
2022-09-20,AUD,15Y,6M BBSW,4.149267317173141
2022-09-19,AUD,15Y,6M BBSW,4.200052518808228
2022-09-16,AUD,15Y,6M BBSW,4.234750600088137
2022-09-15,AUD,15Y,6M BBSW,4.202207409380647
2022-09-14,AUD,15Y,6M BBSW,4.222987595472494
2022-09-13,AUD,15Y,6M BBSW,4.173264281990327
2022-09-12,AUD,15Y,6M BBSW,4.156768734131122
2022-09-09,AUD,15Y,6M BBSW,4.133764193756038
2022-09-08,AUD,15Y,6M BBSW,4.14978941025356
2022-09-07,AUD,15Y,6M BBSW,4.289784307251071
2022-09-06,AUD,15Y,6M BBSW,4.15926535252548
2022-09-05,AUD,15Y,6M BBSW,4.192455538252052
2022-09-02,AUD,15Y,6M BBSW,4.168458597123315
2022-09-01,AUD,15Y,6M BBSW,4.263579505620566
2022-08-31,AUD,15Y,6M BBSW,4.15141870477031
2022-08-30,AUD,15Y,6M BBSW,4.18583835024207
2022-08-29,AUD,15Y,6M BBSW,4.27257848151389
2022-08-26,AUD,15Y,6M BBSW,4.148479491832655
2022-08-25,AUD,15Y,6M BBSW,4.270992347807097
2022-08-24,AUD,15Y,6M BBSW,4.175963754778166
2022-08-23,AUD,15Y,6M BBSW,4.180552092207327
2022-08-22,AUD,15Y,6M BBSW,4.08744815628357
2022-08-19,AUD,15Y,6M BBSW,3.982298368657614
2022-08-18,AUD,15Y,6M BBSW,3.8248334522429
2022-08-17,AUD,15Y,6M BBSW,3.747310150888023
2022-08-16,AUD,15Y,6M BBSW,3.721833611614259
2022-08-15,AUD,15Y,6M BBSW,3.875689624788489
2022-08-12,AUD,15Y,6M BBSW,3.884810572288538
2022-08-11,AUD,15Y,6M BBSW,3.8236331216441
2022-08-10,AUD,15Y,6M BBSW,3.731112283144185
2022-08-09,AUD,15Y,6M BBSW,3.679341105835825
2022-08-08,AUD,15Y,6M BBSW,3.690151196138101
2022-08-05,AUD,15Y,6M BBSW,3.743531233863477
2022-08-04,AUD,15Y,6M BBSW,3.681060323800828
2022-08-03,AUD,15Y,6M BBSW,3.590463934095808
2022-08-02,AUD,15Y,6M BBSW,3.557504695887816
2022-07-29,AUD,15Y,6M BBSW,3.589834937819944
2022-07-28,AUD,15Y,6M BBSW,3.696019597849846
2022-07-27,AUD,15Y,6M BBSW,3.764759537409258
2022-07-26,AUD,15Y,6M BBSW,3.864024356515595
2022-07-25,AUD,15Y,6M BBSW,3.852540250810478
2022-07-22,AUD,15Y,6M BBSW,3.809818333235683
2022-07-21,AUD,15Y,6M BBSW,4.059814872064233
2022-07-20,AUD,15Y,6M BBSW,4.089775315400149
2022-07-19,AUD,15Y,6M BBSW,4.046773705786695
2022-07-18,AUD,15Y,6M BBSW,3.961274776588465
2022-07-15,AUD,15Y,6M BBSW,3.972688004301169
2022-07-14,AUD,15Y,6M BBSW,3.973788802101111
2022-07-13,AUD,15Y,6M BBSW,3.987286181657367
2022-07-12,AUD,15Y,6M BBSW,3.990483589901114
2022-07-11,AUD,15Y,6M BBSW,4.148724812826703
2022-07-08,AUD,15Y,6M BBSW,4.082289409514452
2022-07-07,AUD,15Y,6M BBSW,3.998619352124015
2022-07-06,AUD,15Y,6M BBSW,3.941091196680648
2022-07-05,AUD,15Y,6M BBSW,4.136756723603457
2022-07-04,AUD,15Y,6M BBSW,3.983769664734879
2022-07-01,AUD,15Y,6M BBSW,3.990747291312534
2022-06-30,AUD,15Y,6M BBSW,4.231324830575721
2022-06-29,AUD,15Y,6M BBSW,4.273595790044949
2022-06-28,AUD,15Y,6M BBSW,4.211666457106783
2022-06-27,AUD,15Y,6M BBSW,4.231088080740494
2022-06-24,AUD,15Y,6M BBSW,4.197112854683096
2022-06-23,AUD,15Y,6M BBSW,4.29716941810063
2022-06-22,AUD,15Y,6M BBSW,4.428570695378976
2022-06-21,AUD,15Y,6M BBSW,4.532951731722497
2022-06-20,AUD,15Y,6M BBSW,4.483635901318777
2022-06-17,AUD,15Y,6M BBSW,4.60321848029637
2022-06-16,AUD,15Y,6M BBSW,4.623236858360968
2022-06-15,AUD,15Y,6M BBSW,4.5547693219815
2022-06-14,AUD,15Y,6M BBSW,4.359417709915109
2022-06-10,AUD,15Y,6M BBSW,4.17465513804602
2022-06-09,AUD,15Y,6M BBSW,3.998500827260951
2022-06-08,AUD,15Y,6M BBSW,3.96169541758139
2022-06-07,AUD,15Y,6M BBSW,3.973673728812785
2022-06-06,AUD,15Y,6M BBSW,3.909445908697881
2022-06-03,AUD,15Y,6M BBSW,3.914798754406349
2022-06-02,AUD,15Y,6M BBSW,3.916007754401857
2022-06-01,AUD,15Y,6M BBSW,3.824827688297698
2022-05-31,AUD,15Y,6M BBSW,3.771193940349113
2022-05-30,AUD,15Y,6M BBSW,3.630581491277549
2022-05-27,AUD,15Y,6M BBSW,3.633632922266108
2022-05-26,AUD,15Y,6M BBSW,3.598653610392846
2022-05-25,AUD,15Y,6M BBSW,3.611021120690308
2022-05-24,AUD,15Y,6M BBSW,3.678140438620556
2022-05-23,AUD,15Y,6M BBSW,3.651360403618278
2022-05-20,AUD,15Y,6M BBSW,3.613636289076832
2022-05-19,AUD,15Y,6M BBSW,3.80363591662418
2022-05-18,AUD,15Y,6M BBSW,3.83479797221096
2022-05-17,AUD,15Y,6M BBSW,3.804318587595167
2022-05-16,AUD,15Y,6M BBSW,3.725041153896576
2022-05-13,AUD,15Y,6M BBSW,3.769821624295733
2022-05-12,AUD,15Y,6M BBSW,3.832334083650799
2022-05-11,AUD,15Y,6M BBSW,3.887291190699036
2022-05-10,AUD,15Y,6M BBSW,3.903099281857047
2022-05-09,AUD,15Y,6M BBSW,3.908789164672347
2022-05-06,AUD,15Y,6M BBSW,3.933501975542881
2022-05-05,AUD,15Y,6M BBSW,3.773638508924024
2022-05-04,AUD,15Y,6M BBSW,3.840993905655185
2022-05-03,AUD,15Y,6M BBSW,3.654342566026932
2022-05-02,AUD,15Y,6M BBSW,3.641359213110985
2022-04-29,AUD,15Y,6M BBSW,3.653740459232021
2022-04-28,AUD,15Y,6M BBSW,3.511041795185012
2022-04-27,AUD,15Y,6M BBSW,3.473655466768128
2022-04-26,AUD,15Y,6M BBSW,3.448165942121977
2022-04-22,AUD,15Y,6M BBSW,3.473629897501787
2022-04-21,AUD,15Y,6M BBSW,3.422323719045444
2022-04-20,AUD,15Y,6M BBSW,3.442332841834873
2022-04-19,AUD,15Y,6M BBSW,3.393021652319195
2022-04-14,AUD,15Y,6M BBSW,3.300007100392899
2022-04-13,AUD,15Y,6M BBSW,3.341047397621239
2022-04-12,AUD,15Y,6M BBSW,3.36816174639714
2022-04-11,AUD,15Y,6M BBSW,3.293885792664712
2022-04-08,AUD,15Y,6M BBSW,3.287338805614957
2022-04-07,AUD,15Y,6M BBSW,3.211065402339851
2022-04-06,AUD,15Y,6M BBSW,3.266845081283282
2022-04-05,AUD,15Y,6M BBSW,3.092717082132924
2022-04-04,AUD,15Y,6M BBSW,3.138483178456468
2022-04-01,AUD,15Y,6M BBSW,3.160992397497283
2022-03-31,AUD,15Y,6M BBSW,3.082638387471444
2022-03-30,AUD,15Y,6M BBSW,3.100075599192296
2022-03-29,AUD,15Y,6M BBSW,3.198265255196444
2022-03-28,AUD,15Y,6M BBSW,3.217756771391445
2022-03-25,AUD,15Y,6M BBSW,3.209865102325975
2022-03-24,AUD,15Y,6M BBSW,3.074886142325194
2022-03-23,AUD,15Y,6M BBSW,3.10862955535991
2022-03-22,AUD,15Y,6M BBSW,3.040746009403036
2022-03-21,AUD,15Y,6M BBSW,2.885273113253711
2022-03-18,AUD,15Y,6M BBSW,2.857401409109375
2022-03-17,AUD,15Y,6M BBSW,2.852408046746434
2022-03-16,AUD,15Y,6M BBSW,2.838684561141231
2022-03-15,AUD,15Y,6M BBSW,2.883954745204797
2022-03-14,AUD,15Y,6M BBSW,2.791422592424733
2022-03-11,AUD,15Y,6M BBSW,2.739907350475831
2022-03-10,AUD,15Y,6M BBSW,2.735114334263961
2022-03-09,AUD,15Y,6M BBSW,2.725693686542424
2022-03-08,AUD,15Y,6M BBSW,2.639524752913473
2022-03-07,AUD,15Y,6M BBSW,2.521679563054545
2022-03-04,AUD,15Y,6M BBSW,2.501123342315541
2022-03-03,AUD,15Y,6M BBSW,2.552425700440887
2022-03-02,AUD,15Y,6M BBSW,2.476112449402059
2022-03-01,AUD,15Y,6M BBSW,2.547041268354853
2022-02-28,AUD,15Y,6M BBSW,2.526569559531702
2022-02-25,AUD,15Y,6M BBSW,2.586220537708174
2022-02-24,AUD,15Y,6M BBSW,2.502409041979721
2022-02-23,AUD,15Y,6M BBSW,2.56741970476277
2022-02-22,AUD,15Y,6M BBSW,2.539556018896925
2022-02-21,AUD,15Y,6M BBSW,2.551672831417654
2022-02-18,AUD,15Y,6M BBSW,2.531124171862493
2022-02-17,AUD,15Y,6M BBSW,2.541106517472659
2022-02-16,AUD,15Y,6M BBSW,2.563720024505058
2022-02-15,AUD,15Y,6M BBSW,2.53586016463534
2022-02-14,AUD,15Y,6M BBSW,2.485413347037302
2022-02-11,AUD,15Y,6M BBSW,2.564922174560141
2022-02-10,AUD,15Y,6M BBSW,2.454912589109007
2022-02-09,AUD,15Y,6M BBSW,2.471124967418604
2022-02-08,AUD,15Y,6M BBSW,2.47836723810869
2022-02-07,AUD,15Y,6M BBSW,2.351716461474342
2022-02-04,AUD,15Y,6M BBSW,2.391093323505143
2022-02-03,AUD,15Y,6M BBSW,2.253696558617236
2022-02-02,AUD,15Y,6M BBSW,2.286104653081721
2022-02-01,AUD,15Y,6M BBSW,2.25458357490568
2022-01-31,AUD,15Y,6M BBSW,2.280390796662829
2022-01-28,AUD,15Y,6M BBSW,2.292428310956798
2022-01-27,AUD,15Y,6M BBSW,2.376096814789271
2022-01-25,AUD,15Y,6M BBSW,2.299229175564887
2022-01-24,AUD,15Y,6M BBSW,2.286396458399968
2022-01-21,AUD,15Y,6M BBSW,2.241240760662409
2022-01-20,AUD,15Y,6M BBSW,2.328721621436812
2022-01-19,AUD,15Y,6M BBSW,2.333732417790109
2022-01-18,AUD,15Y,6M BBSW,2.305898485041492
2022-01-17,AUD,15Y,6M BBSW,2.280455696613804
2022-01-14,AUD,15Y,6M BBSW,2.259991236359008
2022-01-13,AUD,15Y,6M BBSW,2.24242761883099
2022-01-12,AUD,15Y,6M BBSW,2.228737690093414
2022-01-11,AUD,15Y,6M BBSW,2.285901785720316
2022-01-10,AUD,15Y,6M BBSW,2.320444978980706
2022-01-07,AUD,15Y,6M BBSW,2.287439090517436
2022-01-06,AUD,15Y,6M BBSW,2.269926153445181
2022-01-05,AUD,15Y,6M BBSW,2.201239063470442
2022-01-04,AUD,15Y,6M BBSW,2.145925709179576
2021-12-31,AUD,15Y,6M BBSW,2.100058523246841
2021-12-30,AUD,15Y,6M BBSW,2.090030561586889
2021-12-29,AUD,15Y,6M BBSW,1.999973311508548
2021-12-24,AUD,15Y,6M BBSW,2.027408305556318
2021-12-23,AUD,15Y,6M BBSW,2.049918444124803
2021-12-22,AUD,15Y,6M BBSW,2.052446159453668
2021-12-21,AUD,15Y,6M BBSW,2.05962759942774
2021-12-20,AUD,15Y,6M BBSW,2.001843292630061
2021-12-17,AUD,15Y,6M BBSW,2.027443828509559
2021-12-16,AUD,15Y,6M BBSW,1.994946087549975
2021-12-15,AUD,15Y,6M BBSW,1.996054850382649
2021-12-14,AUD,15Y,6M BBSW,1.999190818727827
2021-12-13,AUD,15Y,6M BBSW,2.032621055243238
2021-12-10,AUD,15Y,6M BBSW,2.055114766287936
2021-12-09,AUD,15Y,6M BBSW,2.075412345836807
2021-12-08,AUD,15Y,6M BBSW,2.076220169930656
2021-12-07,AUD,15Y,6M BBSW,2.062111397397019
2021-12-06,AUD,15Y,6M BBSW,2.068020355878195
2021-12-03,AUD,15Y,6M BBSW,2.003744132286478
2021-12-02,AUD,15Y,6M BBSW,2.173635583147245
2021-12-01,AUD,15Y,6M BBSW,2.218737741937729
2021-11-30,AUD,15Y,6M BBSW,2.200692822683108
2021-11-29,AUD,15Y,6M BBSW,2.220314935524585
2021-11-26,AUD,15Y,6M BBSW,2.099947590168833
2021-11-25,AUD,15Y,6M BBSW,2.299922670251529
2021-11-24,AUD,15Y,6M BBSW,2.316233189184671
2021-11-23,AUD,15Y,6M BBSW,2.377087542025507
2021-11-22,AUD,15Y,6M BBSW,2.293054825457434
2021-11-19,AUD,15Y,6M BBSW,2.239940386747715
2021-11-18,AUD,15Y,6M BBSW,2.228727745621133
2021-11-17,AUD,15Y,6M BBSW,2.279934362861741
2021-11-16,AUD,15Y,6M BBSW,2.262107187732857
2021-11-15,AUD,15Y,6M BBSW,2.204348637794641
2021-11-12,AUD,15Y,6M BBSW,2.227441198623162
2021-11-11,AUD,15Y,6M BBSW,2.264926107700028
2021-11-10,AUD,15Y,6M BBSW,2.17743990939806
2021-11-09,AUD,15Y,6M BBSW,2.218416185568473
2021-11-08,AUD,15Y,6M BBSW,2.186787924036314
2021-11-05,AUD,15Y,6M BBSW,2.212442058323046
2021-11-04,AUD,15Y,6M BBSW,2.246126311658341
2021-11-03,AUD,15Y,6M BBSW,2.212437536117104
2021-11-02,AUD,15Y,6M BBSW,2.35579298438835
2021-11-01,AUD,15Y,6M BBSW,2.333044780794022
2021-10-29,AUD,15Y,6M BBSW,2.307472761399113
2021-10-28,AUD,15Y,6M BBSW,2.252430836513686
2021-10-27,AUD,15Y,6M BBSW,2.209938957130035
2021-10-26,AUD,15Y,6M BBSW,2.153414819427743
2021-10-25,AUD,15Y,6M BBSW,2.123039299202208
2021-10-22,AUD,15Y,6M BBSW,2.132435549115477
2021-10-21,AUD,15Y,6M BBSW,2.179925542523522
2021-10-20,AUD,15Y,6M BBSW,2.172430778412172
2021-10-19,AUD,15Y,6M BBSW,2.09960175788937
2021-10-18,AUD,15Y,6M BBSW,2.125493375718009
2021-10-15,AUD,15Y,6M BBSW,2.061259645212325
2021-10-14,AUD,15Y,6M BBSW,1.99619926035126
2021-10-13,AUD,15Y,6M BBSW,2.051137748328769
2021-10-12,AUD,15Y,6M BBSW,2.08581991817325
2021-10-11,AUD,15Y,6M BBSW,2.079295647398867
2021-10-08,AUD,15Y,6M BBSW,2.04994052207412
2021-10-07,AUD,15Y,6M BBSW,1.963717504612802
2021-10-06,AUD,15Y,6M BBSW,1.982128804314735
2021-10-05,AUD,15Y,6M BBSW,1.946834799853004
2021-10-01,AUD,15Y,6M BBSW,1.938723399175648
2021-09-30,AUD,15Y,6M BBSW,1.917527655907129
2021-09-29,AUD,15Y,6M BBSW,1.921169081543261
2021-09-28,AUD,15Y,6M BBSW,1.900864887423749
2021-09-27,AUD,15Y,6M BBSW,1.840588021013401
2021-09-24,AUD,15Y,6M BBSW,1.821158152016762
2021-09-23,AUD,15Y,6M BBSW,1.697446709991352
2021-09-22,AUD,15Y,6M BBSW,1.731159710330346
2021-09-21,AUD,15Y,6M BBSW,1.72850217631888
2021-09-20,AUD,15Y,6M BBSW,1.740625417458237
2021-09-17,AUD,15Y,6M BBSW,1.756164715545871
2021-09-16,AUD,15Y,6M BBSW,1.714958756123612
2021-09-15,AUD,15Y,6M BBSW,1.669029535519581
2021-09-14,AUD,15Y,6M BBSW,1.720727781500786
2021-09-13,AUD,15Y,6M BBSW,1.685442180808773
2021-09-10,AUD,15Y,6M BBSW,1.685967442338111
2021-09-09,AUD,15Y,6M BBSW,1.686959881044554
2021-09-08,AUD,15Y,6M BBSW,1.696161843634845
2021-09-07,AUD,15Y,6M BBSW,1.67471083263029
2021-09-06,AUD,15Y,6M BBSW,1.66444822365678
2021-09-03,AUD,15Y,6M BBSW,1.65746838879782
2021-09-02,AUD,15Y,6M BBSW,1.626162798113431
2021-09-01,AUD,15Y,6M BBSW,1.66376308458197
2021-08-31,AUD,15Y,6M BBSW,1.578025520655267
2021-08-30,AUD,15Y,6M BBSW,1.595266085352747
2021-08-27,AUD,15Y,6M BBSW,1.581181922246746
2021-08-26,AUD,15Y,6M BBSW,1.586163395233378
2021-08-25,AUD,15Y,6M BBSW,1.579969825788575
2021-08-24,AUD,15Y,6M BBSW,1.553522370222034
2021-08-23,AUD,15Y,6M BBSW,1.523291789936218
2021-08-20,AUD,15Y,6M BBSW,1.488777746811951
2021-08-19,AUD,15Y,6M BBSW,1.524965364205814
2021-08-18,AUD,15Y,6M BBSW,1.553770792065558
2021-08-17,AUD,15Y,6M BBSW,1.560921146259622
2021-08-16,AUD,15Y,6M BBSW,1.541985893215133
2021-08-13,AUD,15Y,6M BBSW,1.576174927604449
2021-08-12,AUD,15Y,6M BBSW,1.573763344134263
2021-08-11,AUD,15Y,6M BBSW,1.601168945840767
2021-08-10,AUD,15Y,6M BBSW,1.582216974410589
2021-08-09,AUD,15Y,6M BBSW,1.625660095506474
2021-08-06,AUD,15Y,6M BBSW,1.588761984841027
2021-08-05,AUD,15Y,6M BBSW,1.553747951565612
2021-08-04,AUD,15Y,6M BBSW,1.55351109360689
2021-08-03,AUD,15Y,6M BBSW,1.546968920998906
2021-07-30,AUD,15Y,6M BBSW,1.588692634427337
2021-07-29,AUD,15Y,6M BBSW,1.538765918533758
2021-07-28,AUD,15Y,6M BBSW,1.562465205131629
2021-07-27,AUD,15Y,6M BBSW,1.587206338589086
2021-07-26,AUD,15Y,6M BBSW,1.579424661830868
2021-07-23,AUD,15Y,6M BBSW,1.587474383934244
2021-07-22,AUD,15Y,6M BBSW,1.584962994250591
2021-07-21,AUD,15Y,6M BBSW,1.567470574260176
2021-07-20,AUD,15Y,6M BBSW,1.55592214221661
2021-07-19,AUD,15Y,6M BBSW,1.624460118113024
2021-07-16,AUD,15Y,6M BBSW,1.652472314660862
2021-07-15,AUD,15Y,6M BBSW,1.695031940305004
2021-07-14,AUD,15Y,6M BBSW,1.737497057848043
2021-07-13,AUD,15Y,6M BBSW,1.719693567447284
2021-07-12,AUD,15Y,6M BBSW,1.696938830575195
2021-07-09,AUD,15Y,6M BBSW,1.752468658168552
2021-07-08,AUD,15Y,6M BBSW,1.721156258315146
2021-07-07,AUD,15Y,6M BBSW,1.74616338866408
2021-07-06,AUD,15Y,6M BBSW,1.833472671236961
2021-07-05,AUD,15Y,6M BBSW,1.836896789329991
2021-07-02,AUD,15Y,6M BBSW,1.858750150443383
2021-07-01,AUD,15Y,6M BBSW,1.90238778361331
2021-06-30,AUD,15Y,6M BBSW,1.89382370361414
2021-06-29,AUD,15Y,6M BBSW,1.882189138520346
2021-06-28,AUD,15Y,6M BBSW,1.938155064421768
2021-06-25,AUD,15Y,6M BBSW,1.93602421797947
2021-06-24,AUD,15Y,6M BBSW,1.892423164291453
2021-06-23,AUD,15Y,6M BBSW,1.876130853215709
2021-06-22,AUD,15Y,6M BBSW,1.904664795862481
2021-06-21,AUD,15Y,6M BBSW,1.804406459555247
2021-06-18,AUD,15Y,6M BBSW,1.894955677463833
2021-06-17,AUD,15Y,6M BBSW,2.004947432791389
2021-06-16,AUD,15Y,6M BBSW,1.946146134519272
2021-06-15,AUD,15Y,6M BBSW,1.902999809933226
2021-06-11,AUD,15Y,6M BBSW,1.921431673854805
2021-06-10,AUD,15Y,6M BBSW,1.875930589655754
2021-06-09,AUD,15Y,6M BBSW,1.970624003107764
2021-06-08,AUD,15Y,6M BBSW,2.049315253736681
2021-06-07,AUD,15Y,6M BBSW,2.026529815819478
2021-06-04,AUD,15Y,6M BBSW,2.097445986904741
2021-06-03,AUD,15Y,6M BBSW,2.044946010496004
2021-06-02,AUD,15Y,6M BBSW,2.106237498850476
2021-06-01,AUD,15Y,6M BBSW,2.100833644848712
2021-05-31,AUD,15Y,6M BBSW,2.097858286198532
2021-05-28,AUD,15Y,6M BBSW,2.077456283327723
2021-05-27,AUD,15Y,6M BBSW,2.046238602599479
2021-05-26,AUD,15Y,6M BBSW,2.061150220242964
2021-05-25,AUD,15Y,6M BBSW,2.090830574101398
2021-05-24,AUD,15Y,6M BBSW,2.113120142144052
2021-05-21,AUD,15Y,6M BBSW,2.114954686728979
2021-05-20,AUD,15Y,6M BBSW,2.144933273678049
2021-05-19,AUD,15Y,6M BBSW,2.164945313724264
2021-05-18,AUD,15Y,6M BBSW,2.177115560802922
2021-05-17,AUD,15Y,6M BBSW,2.143111926097815
2021-05-14,AUD,15Y,6M BBSW,2.171284942494197
2021-05-13,AUD,15Y,6M BBSW,2.179931338766437
2021-05-12,AUD,15Y,6M BBSW,2.157445821448714
2021-05-11,AUD,15Y,6M BBSW,2.118425743077943
2021-05-10,AUD,15Y,6M BBSW,2.100523443726471
2021-05-07,AUD,15Y,6M BBSW,2.068656733638713
2021-05-06,AUD,15Y,6M BBSW,2.093736203802749
2021-05-05,AUD,15Y,6M BBSW,2.114943396167567
2021-05-04,AUD,15Y,6M BBSW,2.114626366068162
2021-05-03,AUD,15Y,6M BBSW,2.139312416566694
2021-04-30,AUD,15Y,6M BBSW,2.133834431402476
2021-04-29,AUD,15Y,6M BBSW,2.078778534558761
2021-04-28,AUD,15Y,6M BBSW,2.073739291346373
2021-04-27,AUD,15Y,6M BBSW,2.082136542779046
2021-04-26,AUD,15Y,6M BBSW,2.080530409862665
2021-04-23,AUD,15Y,6M BBSW,2.08373982639108
2021-04-22,AUD,15Y,6M BBSW,2.054940619500463
2021-04-21,AUD,15Y,6M BBSW,2.092429391826218
2021-04-20,AUD,15Y,6M BBSW,2.127120178257158
2021-04-19,AUD,15Y,6M BBSW,2.08310591731841
2021-04-16,AUD,15Y,6M BBSW,2.116132410855067
2021-04-15,AUD,15Y,6M BBSW,2.148874079017164
2021-04-14,AUD,15Y,6M BBSW,2.134687812048858
2021-04-13,AUD,15Y,6M BBSW,2.192989644633651
2021-04-12,AUD,15Y,6M BBSW,2.141491620731626
2021-04-09,AUD,15Y,6M BBSW,2.164936078209096
2021-04-08,AUD,15Y,6M BBSW,2.114936899638456
2021-04-07,AUD,15Y,6M BBSW,2.136102698836442
2021-04-06,AUD,15Y,6M BBSW,2.170798001901239
2021-04-01,AUD,15Y,6M BBSW,2.227397019137845
2021-03-31,AUD,15Y,6M BBSW,2.256276436982138
2021-03-30,AUD,15Y,6M BBSW,2.221017216045029
2021-03-29,AUD,15Y,6M BBSW,2.135537959973853
2021-03-26,AUD,15Y,6M BBSW,2.147403405617486
2021-03-25,AUD,15Y,6M BBSW,2.129928323877627
2021-03-24,AUD,15Y,6M BBSW,2.089944287509522
2021-03-23,AUD,15Y,6M BBSW,2.172096766584092
2021-03-22,AUD,15Y,6M BBSW,2.268075981964143
2021-03-19,AUD,15Y,6M BBSW,2.268747820666459
2021-03-18,AUD,15Y,6M BBSW,2.253726327659739
2021-03-17,AUD,15Y,6M BBSW,2.181244936209812
2021-03-16,AUD,15Y,6M BBSW,2.157119586482247
2021-03-15,AUD,15Y,6M BBSW,2.252223617168841
2021-03-12,AUD,15Y,6M BBSW,2.232948717029828
2021-03-11,AUD,15Y,6M BBSW,2.081436823281599
2021-03-10,AUD,15Y,6M BBSW,2.146746781763556
2021-03-09,AUD,15Y,6M BBSW,2.230105498538995
2021-03-08,AUD,15Y,6M BBSW,2.213089940110433
2021-03-05,AUD,15Y,6M BBSW,2.226150620343476
2021-03-04,AUD,15Y,6M BBSW,2.236127691952289
2021-03-03,AUD,15Y,6M BBSW,2.119948114652271
2021-03-02,AUD,15Y,6M BBSW,2.162118127393608
2021-03-01,AUD,15Y,6M BBSW,2.061834327522886
2021-02-26,AUD,15Y,6M BBSW,2.146238383799313
2021-02-25,AUD,15Y,6M BBSW,2.122446069180432
2021-02-24,AUD,15Y,6M BBSW,2.013445579049497
2021-02-23,AUD,15Y,6M BBSW,1.983164391267429
2021-02-22,AUD,15Y,6M BBSW,2.011154013595855
2021-02-19,AUD,15Y,6M BBSW,1.929947704125295
2021-02-18,AUD,15Y,6M BBSW,1.783761116765661
2021-02-17,AUD,15Y,6M BBSW,1.815881293713239
2021-02-16,AUD,15Y,6M BBSW,1.740635798291176
2021-02-15,AUD,15Y,6M BBSW,1.728834471578293
2021-02-12,AUD,15Y,6M BBSW,1.622462582440459
2021-02-11,AUD,15Y,6M BBSW,1.58496899801639
2021-02-10,AUD,15Y,6M BBSW,1.623514226008523
2021-02-09,AUD,15Y,6M BBSW,1.628168539086357
2021-02-08,AUD,15Y,6M BBSW,1.672468649951334
2021-02-05,AUD,15Y,6M BBSW,1.653742275078863
2021-02-04,AUD,15Y,6M BBSW,1.622450296196484
2021-02-03,AUD,15Y,6M BBSW,1.570911267770182
2021-02-02,AUD,15Y,6M BBSW,1.523285658903326
2021-02-01,AUD,15Y,6M BBSW,1.524961526743189
2021-01-29,AUD,15Y,6M BBSW,1.536166266910955
2021-01-28,AUD,15Y,6M BBSW,1.435944277351962
2021-01-27,AUD,15Y,6M BBSW,1.443310231323672
2021-01-25,AUD,15Y,6M BBSW,1.468767293683134
2021-01-22,AUD,15Y,6M BBSW,1.443769669542176
2021-01-21,AUD,15Y,6M BBSW,1.421174479024499
2021-01-20,AUD,15Y,6M BBSW,1.438546078721976
2021-01-19,AUD,15Y,6M BBSW,1.430727193901786
2021-01-18,AUD,15Y,6M BBSW,1.413778148148408
2021-01-15,AUD,15Y,6M BBSW,1.427526350558219
2021-01-14,AUD,15Y,6M BBSW,1.43999843069979
2021-01-13,AUD,15Y,6M BBSW,1.46354189199676
2021-01-12,AUD,15Y,6M BBSW,1.478313327187753
2021-01-11,AUD,15Y,6M BBSW,1.454977104536248
2021-01-08,AUD,15Y,6M BBSW,1.462468882887573
2021-01-07,AUD,15Y,6M BBSW,1.411174669540559
2021-01-06,AUD,15Y,6M BBSW,1.364758840480916
2021-01-05,AUD,15Y,6M BBSW,1.284571960618386
2021-01-04,AUD,15Y,6M BBSW,1.329980741296862
2020-12-31,AUD,15Y,6M BBSW,1.338824127067714
2020-12-30,AUD,15Y,6M BBSW,1.33860024280084
2020-12-29,AUD,15Y,6M BBSW,1.319569398562355
2020-12-24,AUD,15Y,6M BBSW,1.341159751237654
2020-12-23,AUD,15Y,6M BBSW,1.267264493069546
2020-12-22,AUD,15Y,6M BBSW,1.295766957270636
2020-12-21,AUD,15Y,6M BBSW,1.302480778442351
2020-12-18,AUD,15Y,6M BBSW,1.337478026352089
2020-12-17,AUD,15Y,6M BBSW,1.317475822873118
2020-12-16,AUD,15Y,6M BBSW,1.309766324586593
2020-12-15,AUD,15Y,6M BBSW,1.303790480927963
2020-12-14,AUD,15Y,6M BBSW,1.296996220866845
2020-12-11,AUD,15Y,6M BBSW,1.285968203784629
2020-12-10,AUD,15Y,6M BBSW,1.344462276482263
2020-12-09,AUD,15Y,6M BBSW,1.380941594550919
2020-12-08,AUD,15Y,6M BBSW,1.364538157580375
2020-12-07,AUD,15Y,6M BBSW,1.376173545475412
2020-12-04,AUD,15Y,6M BBSW,1.386176546474558
2020-12-03,AUD,15Y,6M BBSW,1.329975527753466
2020-12-02,AUD,15Y,6M BBSW,1.334762083886549
2020-12-01,AUD,15Y,6M BBSW,1.250781884911534
2020-11-30,AUD,15Y,6M BBSW,1.245006686214992
2020-11-27,AUD,15Y,6M BBSW,1.239977143164943
2020-11-26,AUD,15Y,6M BBSW,1.25377979822917
2020-11-25,AUD,15Y,6M BBSW,1.277274321055491
2020-11-24,AUD,15Y,6M BBSW,1.230788612586021
2020-11-23,AUD,15Y,6M BBSW,1.181185237264593
2020-11-20,AUD,15Y,6M BBSW,1.2037785216039
2020-11-19,AUD,15Y,6M BBSW,1.239980274189095
2020-11-18,AUD,15Y,6M BBSW,1.234781973182872
2020-11-17,AUD,15Y,6M BBSW,1.274575766813133
2020-11-16,AUD,15Y,6M BBSW,1.194985021213621
2020-11-13,AUD,15Y,6M BBSW,1.194978837961543
2020-11-12,AUD,15Y,6M BBSW,1.223780628930187
2020-11-11,AUD,15Y,6M BBSW,1.307269318270931
2020-11-10,AUD,15Y,6M BBSW,1.232089024358292
2020-11-09,AUD,15Y,6M BBSW,1.088787458055233
2020-11-06,AUD,15Y,6M BBSW,1.08748254325992
2020-11-05,AUD,15Y,6M BBSW,1.039986177624475
2020-11-04,AUD,15Y,6M BBSW,1.101005171056666
2020-11-03,AUD,15Y,6M BBSW,1.048445792189467
2020-11-02,AUD,15Y,6M BBSW,1.082487541241177
2020-10-30,AUD,15Y,6M BBSW,1.103809897542358
2020-10-29,AUD,15Y,6M BBSW,1.051193680641544
2020-10-28,AUD,15Y,6M BBSW,1.051011879550403
2020-10-27,AUD,15Y,6M BBSW,1.044645231782304
2020-10-26,AUD,15Y,6M BBSW,1.061187955640554
2020-10-23,AUD,15Y,6M BBSW,1.061184496216264
2020-10-22,AUD,15Y,6M BBSW,1.079982197610615
2020-10-21,AUD,15Y,6M BBSW,1.059808016968181
2020-10-20,AUD,15Y,6M BBSW,1.013453594228377
2020-10-19,AUD,15Y,6M BBSW,1.011182913225982
2020-10-16,AUD,15Y,6M BBSW,0.9824851406712468
2020-10-15,AUD,15Y,6M BBSW,1.013818225571162
2020-10-14,AUD,15Y,6M BBSW,1.05482886636789
2020-10-13,AUD,15Y,6M BBSW,1.067136866364935
2020-10-12,AUD,15Y,6M BBSW,1.076285765895945
2020-10-09,AUD,15Y,6M BBSW,1.079983675205541
2020-10-08,AUD,15Y,6M BBSW,1.083781877768942
2020-10-07,AUD,15Y,6M BBSW,1.056002004597082
2020-10-06,AUD,15Y,6M BBSW,1.093423908472674
2020-10-02,AUD,15Y,6M BBSW,1.064973319096468
2020-10-01,AUD,15Y,6M BBSW,1.066000611626705
2020-09-30,AUD,15Y,6M BBSW,1.034148291993237
2020-09-29,AUD,15Y,6M BBSW,1.012659504716297
2020-09-28,AUD,15Y,6M BBSW,1.008686649646445
2020-09-25,AUD,15Y,6M BBSW,1.007483615582065
2020-09-24,AUD,15Y,6M BBSW,1.038784869213217
2020-09-23,AUD,15Y,6M BBSW,1.039809608129468
2020-09-22,AUD,15Y,6M BBSW,1.073436570382394
2020-09-21,AUD,15Y,6M BBSW,1.086187439176558
2020-09-18,AUD,15Y,6M BBSW,1.101182157032851
2020-09-17,AUD,15Y,6M BBSW,1.078785285342747
2020-09-16,AUD,15Y,6M BBSW,1.067310348051757
2020-09-15,AUD,15Y,6M BBSW,1.061946470736207
2020-09-14,AUD,15Y,6M BBSW,1.086996853635043
2020-09-11,AUD,15Y,6M BBSW,1.08818265433373
2020-09-10,AUD,15Y,6M BBSW,1.125483994898396
2020-09-09,AUD,15Y,6M BBSW,1.089006295827472
2020-09-08,AUD,15Y,6M BBSW,1.13211769836547
2020-09-07,AUD,15Y,6M BBSW,1.146185828857545
2020-09-04,AUD,15Y,6M BBSW,1.136181442756048
2020-09-03,AUD,15Y,6M BBSW,1.097484766338696
2020-09-02,AUD,15Y,6M BBSW,1.124800347211384
2020-09-01,AUD,15Y,6M BBSW,1.165807466897863
2020-08-31,AUD,15Y,6M BBSW,1.152516224984073
2020-08-28,AUD,15Y,6M BBSW,1.18619669973147
2020-08-27,AUD,15Y,6M BBSW,1.064992130853381
2020-08-26,AUD,15Y,6M BBSW,1.09600322082512
2020-08-25,AUD,15Y,6M BBSW,1.039645168948778
2020-08-24,AUD,15Y,6M BBSW,1.017486322059638
2020-08-21,AUD,15Y,6M BBSW,1.03998622941084
2020-08-20,AUD,15Y,6M BBSW,1.028787361163889
2020-08-19,AUD,15Y,6M BBSW,1.034814104625278
2020-08-18,AUD,15Y,6M BBSW,1.052141140724641
2020-08-17,AUD,15Y,6M BBSW,1.082484537198398
2020-08-14,AUD,15Y,6M BBSW,1.102501727610035
2020-08-13,AUD,15Y,6M BBSW,1.048786976665936
2020-08-12,AUD,15Y,6M BBSW,1.074807089663351
2020-08-11,AUD,15Y,6M BBSW,1.025849651549894
2020-08-10,AUD,15Y,6M BBSW,0.9986869095714666
2020-08-07,AUD,15Y,6M BBSW,0.9687854038395972
2020-08-06,AUD,15Y,6M BBSW,0.9986185278279238
2020-08-05,AUD,15Y,6M BBSW,0.964660415629092
2020-08-04,AUD,15Y,6M BBSW,0.9932899372423578
2020-07-31,AUD,15Y,6M BBSW,0.988710002324734
2020-07-30,AUD,15Y,6M BBSW,1.021197468839154
2020-07-29,AUD,15Y,6M BBSW,1.026015706902861
2020-07-28,AUD,15Y,6M BBSW,1.088427884426396
2020-07-27,AUD,15Y,6M BBSW,1.03378233690009
2020-07-24,AUD,15Y,6M BBSW,1.022484533586594
2020-07-23,AUD,15Y,6M BBSW,1.0274875362878
2020-07-22,AUD,15Y,6M BBSW,1.032314435530313
2020-07-21,AUD,15Y,6M BBSW,1.008354932179655
2020-07-20,AUD,15Y,6M BBSW,1.028785925599273
2020-07-17,AUD,15Y,6M BBSW,1.033786511694482
2020-07-16,AUD,15Y,6M BBSW,1.057486856071495
2020-07-15,AUD,15Y,6M BBSW,1.068086563892075
2020-07-14,AUD,15Y,6M BBSW,1.045392523917992
2020-07-13,AUD,15Y,6M BBSW,1.04498540132841
2020-07-10,AUD,15Y,6M BBSW,1.011187010536077
2020-07-09,AUD,15Y,6M BBSW,1.066186505149193
2020-07-08,AUD,15Y,6M BBSW,1.069807859273337
2020-07-07,AUD,15Y,6M BBSW,1.077133136609725
2020-07-06,AUD,15Y,6M BBSW,1.111183568645701
2020-07-03,AUD,15Y,6M BBSW,1.086181894995278
2020-07-02,AUD,15Y,6M BBSW,1.151279419806205
2020-07-01,AUD,15Y,6M BBSW,1.11597799529112
2020-06-30,AUD,15Y,6M BBSW,1.07018458164622
2020-06-29,AUD,15Y,6M BBSW,1.067494571478583
2020-06-26,AUD,15Y,6M BBSW,1.073759563496941
2020-06-25,AUD,15Y,6M BBSW,1.072444315343686
2020-06-24,AUD,15Y,6M BBSW,1.124787641903443
2020-06-23,AUD,15Y,6M BBSW,1.10831437266941
2020-06-22,AUD,15Y,6M BBSW,1.08128793347506
2020-06-19,AUD,15Y,6M BBSW,1.086185352878105
2020-06-18,AUD,15Y,6M BBSW,1.094984931279214
2020-06-17,AUD,15Y,6M BBSW,1.111000812972567
2020-06-16,AUD,15Y,6M BBSW,1.138411004454811
2020-06-15,AUD,15Y,6M BBSW,1.096313691498631
2020-06-12,AUD,15Y,6M BBSW,1.124975503339851
2020-06-11,AUD,15Y,6M BBSW,1.154786709134612
2020-06-10,AUD,15Y,6M BBSW,1.244566357313745
2020-06-09,AUD,15Y,6M BBSW,3.438756037094406
2020-06-05,AUD,15Y,6M BBSW,1.361277877248937
2020-06-04,AUD,15Y,6M BBSW,1.197482487390474
2020-06-03,AUD,15Y,6M BBSW,1.151094254573404
2020-06-02,AUD,15Y,6M BBSW,1.075831159962942
2020-06-01,AUD,15Y,6M BBSW,1.088787331206778
2020-05-29,AUD,15Y,6M BBSW,1.078793069400923
2020-05-28,AUD,15Y,6M BBSW,1.081286492725797
2020-05-27,AUD,15Y,6M BBSW,1.089804000836652
2020-05-26,AUD,15Y,6M BBSW,1.059637931125326
2020-05-25,AUD,15Y,6M BBSW,1.054985465702742
2020-05-22,AUD,15Y,6M BBSW,1.048786039139208
2020-05-21,AUD,15Y,6M BBSW,1.094985932917375
2020-05-20,AUD,15Y,6M BBSW,1.134796317567036
2020-05-19,AUD,15Y,6M BBSW,1.1596063821784
2020-05-18,AUD,15Y,6M BBSW,1.094983973325907
2020-05-15,AUD,15Y,6M BBSW,1.088811028807389
2020-05-14,AUD,15Y,6M BBSW,1.047495787411939
2020-05-13,AUD,15Y,6M BBSW,1.096103075896037
2020-05-12,AUD,15Y,6M BBSW,1.12461736848825
2020-05-11,AUD,15Y,6M BBSW,1.118783872871855
2020-05-08,AUD,15Y,6M BBSW,1.073785531596663
2020-05-07,AUD,15Y,6M BBSW,1.127485143339972
2020-05-06,AUD,15Y,6M BBSW,1.104801429424153
2020-05-05,AUD,15Y,6M BBSW,1.088428612955808
2020-05-04,AUD,15Y,6M BBSW,1.06998496262599
2020-05-01,AUD,15Y,6M BBSW,1.118784325073835
2020-04-30,AUD,15Y,6M BBSW,1.142510956497839
2020-04-29,AUD,15Y,6M BBSW,1.177301131932463
2020-04-28,AUD,15Y,6M BBSW,1.164601690210786
2020-04-27,AUD,15Y,6M BBSW,1.146185866370058
2020-04-24,AUD,15Y,6M BBSW,1.112482790965538
2020-04-23,AUD,15Y,6M BBSW,1.091183279325398
2020-04-22,AUD,15Y,6M BBSW,1.068606821708694
2020-04-21,AUD,15Y,6M BBSW,1.070829208311365
2020-04-20,AUD,15Y,6M BBSW,1.092484688455871
2020-04-17,AUD,15Y,6M BBSW,1.086181990126953
2020-04-16,AUD,15Y,6M BBSW,1.114981142481993
2020-04-15,AUD,15Y,6M BBSW,1.197997462259364
2020-04-14,AUD,15Y,6M BBSW,1.175290657033575
2020-04-09,AUD,15Y,6M BBSW,1.171180877733592
2020-04-08,AUD,15Y,6M BBSW,1.149791529311158
2020-04-07,AUD,15Y,6M BBSW,1.04962833770825
2020-04-06,AUD,15Y,6M BBSW,0.9711846528145708
2020-04-03,AUD,15Y,6M BBSW,0.9774785809737502
2020-04-02,AUD,15Y,6M BBSW,1.006178467275008
2020-04-01,AUD,15Y,6M BBSW,0.9598203343042544
2020-03-31,AUD,15Y,6M BBSW,1.072693486187204
2020-03-30,AUD,15Y,6M BBSW,1.03380783410468
2020-03-27,AUD,15Y,6M BBSW,1.167480034901009
2020-03-26,AUD,15Y,6M BBSW,1.199773615597907
2020-03-25,AUD,15Y,6M BBSW,1.274562219085855
2020-03-24,AUD,15Y,6M BBSW,1.151915085083128
2020-03-23,AUD,15Y,6M BBSW,1.114243687151568
2020-03-20,AUD,15Y,6M BBSW,1.258780714783612
2020-03-19,AUD,15Y,6M BBSW,1.799966585522452
2020-03-18,AUD,15Y,6M BBSW,1.392248300162797
2020-03-17,AUD,15Y,6M BBSW,1.286760761637037
2020-03-16,AUD,15Y,6M BBSW,1.116183520630882
2020-03-13,AUD,15Y,6M BBSW,1.284980265814179
2020-03-12,AUD,15Y,6M BBSW,1.112485059571727
2020-03-11,AUD,15Y,6M BBSW,1.074805405045164
2020-03-10,AUD,15Y,6M BBSW,1.059635763339268
2020-03-09,AUD,15Y,6M BBSW,1.04748609440986
2020-03-06,AUD,15Y,6M BBSW,1.094984895623771
2020-03-05,AUD,15Y,6M BBSW,1.164983833379506
2020-03-04,AUD,15Y,6M BBSW,1.106000538645923
2020-03-03,AUD,15Y,6M BBSW,1.133413580684551
2020-03-02,AUD,15Y,6M BBSW,1.153682813875464
2020-02-28,AUD,15Y,6M BBSW,1.099997671587353
2020-02-27,AUD,15Y,6M BBSW,1.191189182128758
2020-02-26,AUD,15Y,6M BBSW,1.24627807778081
2020-02-25,AUD,15Y,6M BBSW,1.250980613575586
2020-02-24,AUD,15Y,6M BBSW,1.255773153892624
2020-02-21,AUD,15Y,6M BBSW,1.283779399969728
2020-02-20,AUD,15Y,6M BBSW,1.344978690940359
2020-02-19,AUD,15Y,6M BBSW,1.371173384454362
2020-02-18,AUD,15Y,6M BBSW,1.398455530818501
2020-02-17,AUD,15Y,6M BBSW,1.423319914821329
2020-02-14,AUD,15Y,6M BBSW,1.396202828708866
2020-02-13,AUD,15Y,6M BBSW,1.419976012251808
2020-02-12,AUD,15Y,6M BBSW,1.423771439342437
2020-02-11,AUD,15Y,6M BBSW,1.373559245969258
2020-02-10,AUD,15Y,6M BBSW,1.382032870830227
2020-02-07,AUD,15Y,6M BBSW,1.37497088118528
2020-02-06,AUD,15Y,6M BBSW,1.472465441459272
2020-02-05,AUD,15Y,6M BBSW,1.40246072885954
2020-02-04,AUD,15Y,6M BBSW,1.278467703944322
2020-02-03,AUD,15Y,6M BBSW,1.305747046393755
2020-01-31,AUD,15Y,6M BBSW,1.308818725562287
2020-01-30,AUD,15Y,6M BBSW,1.338795570151635
2020-01-29,AUD,15Y,6M BBSW,1.404972105116057
2020-01-28,AUD,15Y,6M BBSW,1.324766020497719
2020-01-24,AUD,15Y,6M BBSW,1.434970107215148
2020-01-23,AUD,15Y,6M BBSW,1.496173241135377
2020-01-22,AUD,15Y,6M BBSW,1.489970602590039
2020-01-21,AUD,15Y,6M BBSW,1.532232774763984
2020-01-20,AUD,15Y,6M BBSW,1.568274727470243
2020-01-17,AUD,15Y,6M BBSW,1.568769277202189
2020-01-16,AUD,15Y,6M BBSW,1.578770192108698
2020-01-15,AUD,15Y,6M BBSW,1.610028971813365
2020-01-14,AUD,15Y,6M BBSW,1.632239065330693
2020-01-13,AUD,15Y,6M BBSW,1.589468242266832
2020-01-10,AUD,15Y,6M BBSW,1.604967840899596
2020-01-09,AUD,15Y,6M BBSW,1.603769293072564
2020-01-08,AUD,15Y,6M BBSW,1.561165878983328
2020-01-07,AUD,15Y,6M BBSW,1.582224738855274
2020-01-06,AUD,15Y,6M BBSW,1.599465155024343
2020-01-03,AUD,15Y,6M BBSW,1.608660611209808
2020-01-02,AUD,15Y,6M BBSW,1.767448591424176
2019-12-31,AUD,15Y,6M BBSW,1.763085109994772
2019-12-30,AUD,15Y,6M BBSW,1.70148486704973
2019-12-27,AUD,15Y,6M BBSW,1.707441174100842
2019-12-24,AUD,15Y,6M BBSW,1.701639603176453
2019-12-23,AUD,15Y,6M BBSW,1.695196310677681
2019-12-20,AUD,15Y,6M BBSW,1.707466332004449
2019-12-19,AUD,15Y,6M BBSW,1.651166626969461
2019-12-18,AUD,15Y,6M BBSW,1.587466049910897
2019-12-17,AUD,15Y,6M BBSW,1.569720339554402
2019-12-16,AUD,15Y,6M BBSW,1.553283344993245
2019-12-13,AUD,15Y,6M BBSW,1.54496258921873
2019-12-12,AUD,15Y,6M BBSW,1.541153361471174
2019-12-11,AUD,15Y,6M BBSW,1.542454494663224
2019-12-10,AUD,15Y,6M BBSW,1.52091453942892
2019-12-09,AUD,15Y,6M BBSW,1.554471026188483
2019-12-06,AUD,15Y,6M BBSW,1.528668560630721
2019-12-05,AUD,15Y,6M BBSW,1.481172872405051
2019-12-04,AUD,15Y,6M BBSW,1.463770519487637
2019-12-03,AUD,15Y,6M BBSW,1.504730865644683
2019-12-02,AUD,15Y,6M BBSW,1.465710145835466
2019-11-29,AUD,15Y,6M BBSW,1.421187245297982
2019-11-28,AUD,15Y,6M BBSW,1.412476476455048
2019-11-27,AUD,15Y,6M BBSW,1.451170909453891
2019-11-26,AUD,15Y,6M BBSW,1.474742413468606
2019-11-25,AUD,15Y,6M BBSW,1.455709051166958
2019-11-22,AUD,15Y,6M BBSW,1.457473520894349
2019-11-21,AUD,15Y,6M BBSW,1.419976516309532
2019-11-20,AUD,15Y,6M BBSW,1.449970414162199
2019-11-19,AUD,15Y,6M BBSW,1.494739198413768
2019-11-18,AUD,15Y,6M BBSW,1.530685788822227
2019-11-15,AUD,15Y,6M BBSW,1.520025003766121
2019-11-14,AUD,15Y,6M BBSW,1.559993885336437
2019-11-13,AUD,15Y,6M BBSW,1.637462236779166
2019-11-12,AUD,15Y,6M BBSW,1.643513855363169
2019-11-11,AUD,15Y,6M BBSW,1.659445461528857
2019-11-08,AUD,15Y,6M BBSW,1.667465230483644
2019-11-07,AUD,15Y,6M BBSW,1.59246953525324
2019-11-06,AUD,15Y,6M BBSW,1.627462806926615
2019-11-05,AUD,15Y,6M BBSW,1.592222290327587
2019-11-04,AUD,15Y,6M BBSW,1.544481338303879
2019-11-01,AUD,15Y,6M BBSW,1.547470030050283
2019-10-31,AUD,15Y,6M BBSW,1.527533283136141
2019-10-30,AUD,15Y,6M BBSW,1.526319994951542
2019-10-29,AUD,15Y,6M BBSW,1.543545259595657
2019-10-28,AUD,15Y,6M BBSW,1.484504221650413
2019-10-25,AUD,15Y,6M BBSW,1.448747092503063
2019-10-24,AUD,15Y,6M BBSW,1.49246826682024
2019-10-23,AUD,15Y,6M BBSW,1.506265834257313
2019-10-22,AUD,15Y,6M BBSW,1.56091837689487
2019-10-21,AUD,15Y,6M BBSW,1.525786897496863
2019-10-18,AUD,15Y,6M BBSW,1.526260517843099
2019-10-17,AUD,15Y,6M BBSW,1.447468480833449
2019-10-16,AUD,15Y,6M BBSW,1.42376702802808
2019-10-15,AUD,15Y,6M BBSW,1.388233105886576
2019-10-14,AUD,15Y,6M BBSW,1.410487855439164
2019-10-11,AUD,15Y,6M BBSW,1.456164263580804
2019-10-10,AUD,15Y,6M BBSW,1.247472549303235
2019-10-09,AUD,15Y,6M BBSW,1.254975850594587
2019-10-08,AUD,15Y,6M BBSW,1.243474809888809
2019-10-04,AUD,15Y,6M BBSW,1.24367034287285
2019-10-03,AUD,15Y,6M BBSW,1.294962486329894
2019-10-02,AUD,15Y,6M BBSW,1.327244939187456
2019-10-01,AUD,15Y,6M BBSW,1.371319581323489
2019-09-30,AUD,15Y,6M BBSW,1.331426092047314
2019-09-27,AUD,15Y,6M BBSW,1.324974389377046
2019-09-26,AUD,15Y,6M BBSW,1.332463424929654
2019-09-25,AUD,15Y,6M BBSW,1.308777165246696
2019-09-24,AUD,15Y,6M BBSW,1.358461944469908
2019-09-23,AUD,15Y,6M BBSW,1.360838786662503
2019-09-20,AUD,15Y,6M BBSW,1.366176897648449
2019-09-19,AUD,15Y,6M BBSW,1.439975448615476
2019-09-18,AUD,15Y,6M BBSW,1.494968784106607
2019-09-17,AUD,15Y,6M BBSW,1.494738964802196
2019-09-16,AUD,15Y,6M BBSW,1.530685043669092
2019-09-13,AUD,15Y,6M BBSW,1.517471006479841
2019-09-12,AUD,15Y,6M BBSW,1.504972993237128
2019-09-11,AUD,15Y,6M BBSW,1.466169987326088
2019-09-10,AUD,15Y,6M BBSW,1.425950835288848
2019-09-09,AUD,15Y,6M BBSW,1.377033781273866
2019-09-06,AUD,15Y,6M BBSW,1.39747568053292
2019-09-05,AUD,15Y,6M BBSW,1.34377843887221
2019-09-04,AUD,15Y,6M BBSW,1.308776132535525
2019-09-03,AUD,15Y,6M BBSW,1.320968634155779
2019-09-02,AUD,15Y,6M BBSW,1.292061122835382
2019-08-30,AUD,15Y,6M BBSW,1.305009042486735
2019-08-29,AUD,15Y,6M BBSW,1.247500204781459
2019-08-28,AUD,15Y,6M BBSW,1.253796529788871
2019-08-27,AUD,15Y,6M BBSW,1.307275689409392
2019-08-26,AUD,15Y,6M BBSW,1.283361457491122
2019-08-23,AUD,15Y,6M BBSW,1.272483290906216
2019-08-22,AUD,15Y,6M BBSW,1.322476507309812
2019-08-21,AUD,15Y,6M BBSW,1.302478516723932
2019-08-20,AUD,15Y,6M BBSW,1.310967789839988
2019-08-19,AUD,15Y,6M BBSW,1.294557977082275
2019-08-16,AUD,15Y,6M BBSW,1.251183345550998
2019-08-15,AUD,15Y,6M BBSW,1.286221580756901
2019-08-14,AUD,15Y,6M BBSW,1.372502651358557
2019-08-13,AUD,15Y,6M BBSW,1.367258495470272
2019-08-12,AUD,15Y,6M BBSW,1.389528422801299
2019-08-09,AUD,15Y,6M BBSW,1.411178868732947
2019-08-08,AUD,15Y,6M BBSW,1.397473701891636
2019-08-07,AUD,15Y,6M BBSW,1.429741333060814
2019-08-06,AUD,15Y,6M BBSW,1.459502650990171
2019-08-02,AUD,15Y,6M BBSW,1.54245957602801
2019-08-01,AUD,15Y,6M BBSW,1.662446825916635
2019-07-31,AUD,15Y,6M BBSW,1.660031412142952
2019-07-30,AUD,15Y,6M BBSW,1.679732267828921
2019-07-29,AUD,15Y,6M BBSW,1.661943114431078
2019-07-26,AUD,15Y,6M BBSW,1.692418351144317
2019-07-25,AUD,15Y,6M BBSW,1.731145437487828
2019-07-24,AUD,15Y,6M BBSW,1.759954710718771
2019-07-23,AUD,15Y,6M BBSW,1.793484348982373
2019-07-22,AUD,15Y,6M BBSW,1.814395520513044
2019-07-19,AUD,15Y,6M BBSW,1.818765076160717
2019-07-18,AUD,15Y,6M BBSW,1.807456522750157
2019-07-17,AUD,15Y,6M BBSW,1.849956259812952
2019-07-16,AUD,15Y,6M BBSW,1.842176061186964
2019-07-15,AUD,15Y,6M BBSW,1.901834391333113
2019-07-12,AUD,15Y,6M BBSW,1.876163383008562
2019-07-11,AUD,15Y,6M BBSW,1.777457622077173
2019-07-10,AUD,15Y,6M BBSW,1.774959766576108
2019-07-09,AUD,15Y,6M BBSW,1.78588574204214
2019-07-08,AUD,15Y,6M BBSW,1.790602557227058
2019-07-05,AUD,15Y,6M BBSW,1.743668206882176
2019-07-04,AUD,15Y,6M BBSW,1.766158077745179
2019-07-03,AUD,15Y,6M BBSW,1.776151058994622
2019-07-02,AUD,15Y,6M BBSW,1.810866737951353
2019-07-01,AUD,15Y,6M BBSW,1.819337622585686
2019-06-28,AUD,15Y,6M BBSW,1.814942740891744
2019-06-27,AUD,15Y,6M BBSW,1.84373140215367
2019-06-26,AUD,15Y,6M BBSW,1.767389479168474
2019-06-25,AUD,15Y,6M BBSW,1.780771298074355
2019-06-24,AUD,15Y,6M BBSW,1.79558273045073
2019-06-21,AUD,15Y,6M BBSW,1.793756772990185
2019-06-20,AUD,15Y,6M BBSW,1.777464219055995
2019-06-19,AUD,15Y,6M BBSW,1.829957040026956
2019-06-18,AUD,15Y,6M BBSW,1.85586789703779
2019-06-17,AUD,15Y,6M BBSW,1.8943758783069
2019-06-14,AUD,15Y,6M BBSW,1.863793048239732
2019-06-13,AUD,15Y,6M BBSW,1.909742564498868
2019-06-12,AUD,15Y,6M BBSW,1.932130062811863
2019-06-11,AUD,15Y,6M BBSW,1.963128156352264
2019-06-07,AUD,15Y,6M BBSW,1.938737319379514
2019-06-06,AUD,15Y,6M BBSW,1.968749788984211
2019-06-05,AUD,15Y,6M BBSW,1.99874869151645
2019-06-04,AUD,15Y,6M BBSW,1.98584439208272
2019-06-03,AUD,15Y,6M BBSW,2.006841925770547
2019-05-31,AUD,15Y,6M BBSW,1.966245872567936
2019-05-30,AUD,15Y,6M BBSW,2.036319783445046
2019-05-29,AUD,15Y,6M BBSW,1.984974206122956
2019-05-28,AUD,15Y,6M BBSW,2.029642863827045
2019-05-27,AUD,15Y,6M BBSW,2.026829289858542
2019-05-24,AUD,15Y,6M BBSW,2.014958181734571
2019-05-23,AUD,15Y,6M BBSW,2.062443443009282
2019-05-22,AUD,15Y,6M BBSW,2.123743233268784
2019-05-21,AUD,15Y,6M BBSW,2.137123960916498
2019-05-20,AUD,15Y,6M BBSW,2.168086206879904
2019-05-17,AUD,15Y,6M BBSW,2.131153167749532
2019-05-16,AUD,15Y,6M BBSW,2.143738789647637
2019-05-15,AUD,15Y,6M BBSW,2.177552899386062
2019-05-14,AUD,15Y,6M BBSW,2.17466383909156
2019-05-13,AUD,15Y,6M BBSW,2.190578934484685
2019-05-10,AUD,15Y,6M BBSW,2.234948321682221
2019-05-09,AUD,15Y,6M BBSW,2.216134628574541
2019-05-08,AUD,15Y,6M BBSW,2.237437349618734
2019-05-07,AUD,15Y,6M BBSW,2.237107237764262
2019-05-06,AUD,15Y,6M BBSW,2.22926826746633
2019-05-03,AUD,15Y,6M BBSW,2.281146392600826
2019-05-02,AUD,15Y,6M BBSW,2.271231609359815
2019-05-01,AUD,15Y,6M BBSW,2.268735503521242
2019-04-30,AUD,15Y,6M BBSW,2.29072172208795
2019-04-29,AUD,15Y,6M BBSW,2.261516544138614
2019-04-26,AUD,15Y,6M BBSW,2.239934702632918
2019-04-24,AUD,15Y,6M BBSW,2.247426611960886
2019-04-23,AUD,15Y,6M BBSW,2.345870108099802
2019-04-18,AUD,15Y,6M BBSW,2.396101518162017
2019-04-17,AUD,15Y,6M BBSW,2.412408931742046
2019-04-16,AUD,15Y,6M BBSW,2.37955821881081
2019-04-15,AUD,15Y,6M BBSW,2.401876983867563
2019-04-12,AUD,15Y,6M BBSW,2.437412888750351
2019-04-11,AUD,15Y,6M BBSW,2.322413548513641
2019-04-10,AUD,15Y,6M BBSW,2.328263140809957
2019-04-09,AUD,15Y,6M BBSW,2.3417244530173
2019-04-08,AUD,15Y,6M BBSW,2.342685198463472
2019-04-05,AUD,15Y,6M BBSW,2.349884051399848
2019-04-04,AUD,15Y,6M BBSW,2.364890901854324
2019-04-03,AUD,15Y,6M BBSW,2.304874067228014
2019-04-02,AUD,15Y,6M BBSW,2.299534611071834
2019-04-01,AUD,15Y,6M BBSW,2.289221012767073
2019-03-29,AUD,15Y,6M BBSW,2.247457747524087
2019-03-28,AUD,15Y,6M BBSW,2.213624330611959
2019-03-27,AUD,15Y,6M BBSW,2.229928228339186
2019-03-26,AUD,15Y,6M BBSW,2.25456218858415
2019-03-25,AUD,15Y,6M BBSW,2.243062220068623
2019-03-22,AUD,15Y,6M BBSW,2.224945281620355
2019-03-21,AUD,15Y,6M BBSW,2.374925070652748
2019-03-20,AUD,15Y,6M BBSW,2.404927741438878
2019-03-19,AUD,15Y,6M BBSW,2.417074081840891
2019-03-18,AUD,15Y,6M BBSW,2.434205214968399
2019-03-15,AUD,15Y,6M BBSW,2.408867995845918
2019-03-14,AUD,15Y,6M BBSW,2.418799836295802
2019-03-13,AUD,15Y,6M BBSW,2.413627650716091
2019-03-12,AUD,15Y,6M BBSW,2.478362113521714
2019-03-11,AUD,15Y,6M BBSW,2.468594475988345
2019-03-08,AUD,15Y,6M BBSW,2.489937342110535
2019-03-07,AUD,15Y,6M BBSW,2.5274150762748
2019-03-06,AUD,15Y,6M BBSW,2.567417424211501
2019-03-05,AUD,15Y,6M BBSW,2.615738202098752
2019-03-04,AUD,15Y,6M BBSW,2.635345218660075
2019-03-01,AUD,15Y,6M BBSW,2.61743127421818
2019-02-28,AUD,15Y,6M BBSW,2.55748821075493
2019-02-27,AUD,15Y,6M BBSW,2.518657607421888
2019-02-26,AUD,15Y,6M BBSW,2.528253668823941
2019-02-25,AUD,15Y,6M BBSW,2.529198179174273
2019-02-22,AUD,15Y,6M BBSW,2.521216365164404
2019-02-21,AUD,15Y,6M BBSW,2.517419926126173
2019-02-20,AUD,15Y,6M BBSW,2.56492313684391
2019-02-19,AUD,15Y,6M BBSW,2.594542585762668
2019-02-18,AUD,15Y,6M BBSW,2.559188392480952
2019-02-15,AUD,15Y,6M BBSW,2.590090857296346
2019-02-14,AUD,15Y,6M BBSW,2.590007127986155
2019-02-13,AUD,15Y,6M BBSW,2.594921795125453
2019-02-12,AUD,15Y,6M BBSW,2.564547859907932
2019-02-11,AUD,15Y,6M BBSW,2.545493365937844
2019-02-08,AUD,15Y,6M BBSW,2.533716008313379
2019-02-07,AUD,15Y,6M BBSW,2.579903038501412
2019-02-06,AUD,15Y,6M BBSW,2.626099193322695
2019-02-05,AUD,15Y,6M BBSW,2.653190929920743
2019-02-04,AUD,15Y,6M BBSW,2.657922439787754
2019-02-01,AUD,15Y,6M BBSW,2.673561486062806
2019-01-31,AUD,15Y,6M BBSW,2.662582381184623
2019-01-30,AUD,15Y,6M BBSW,2.684991681726426
2019-01-29,AUD,15Y,6M BBSW,2.67322790692813
2019-01-25,AUD,15Y,6M BBSW,2.684872927347525
2019-01-24,AUD,15Y,6M BBSW,2.734892090747252
2019-01-23,AUD,15Y,6M BBSW,2.737412185780161
2019-01-22,AUD,15Y,6M BBSW,2.748215046545364
2019-01-21,AUD,15Y,6M BBSW,2.760364284600401
2019-01-18,AUD,15Y,6M BBSW,2.779897750529364
2019-01-17,AUD,15Y,6M BBSW,2.719907082523333
2019-01-16,AUD,15Y,6M BBSW,2.712413870563535
2019-01-15,AUD,15Y,6M BBSW,2.721053822876264
2019-01-14,AUD,15Y,6M BBSW,2.703083447086045
2019-01-11,AUD,15Y,6M BBSW,2.738701496631126
2019-01-10,AUD,15Y,6M BBSW,2.72370673070532
2019-01-09,AUD,15Y,6M BBSW,2.746111283666679
2019-01-08,AUD,15Y,6M BBSW,2.713321070037011
2019-01-07,AUD,15Y,6M BBSW,2.687953207628983
2019-01-04,AUD,15Y,6M BBSW,2.743700491741604
2019-01-03,AUD,15Y,6M BBSW,2.628694264889258
2019-01-02,AUD,15Y,6M BBSW,2.699493443844532
2018-12-31,AUD,15Y,6M BBSW,2.73178223947004
2018-12-28,AUD,15Y,6M BBSW,2.748571006936466
2018-12-27,AUD,15Y,6M BBSW,2.78814319344
2018-12-24,AUD,15Y,6M BBSW,2.776974260408829
2018-12-21,AUD,15Y,6M BBSW,2.796201542071699
2018-12-20,AUD,15Y,6M BBSW,2.796209036670589
2018-12-19,AUD,15Y,6M BBSW,2.803695133697609
2018-12-18,AUD,15Y,6M BBSW,2.823295874090962
2018-12-17,AUD,15Y,6M BBSW,2.829110461881102
2018-12-14,AUD,15Y,6M BBSW,2.819986642307538
2018-12-13,AUD,15Y,6M BBSW,2.84866961039923
2018-12-12,AUD,15Y,6M BBSW,2.828541093600108
2018-12-11,AUD,15Y,6M BBSW,2.8281554293649
2018-12-10,AUD,15Y,6M BBSW,2.809069749824906
2018-12-07,AUD,15Y,6M BBSW,2.818570042077754
2018-12-06,AUD,15Y,6M BBSW,2.868690584778749
2018-12-05,AUD,15Y,6M BBSW,2.892388002932377
2018-12-04,AUD,15Y,6M BBSW,2.925676082816012
2018-12-03,AUD,15Y,6M BBSW,2.991567288298496
2018-11-30,AUD,15Y,6M BBSW,2.961347829275205
2018-11-29,AUD,15Y,6M BBSW,2.979936487859707
2018-11-28,AUD,15Y,6M BBSW,2.994893200464392
2018-11-27,AUD,15Y,6M BBSW,3.005668991557397
2018-11-26,AUD,15Y,6M BBSW,3.012866126806178
2018-11-23,AUD,15Y,6M BBSW,3.019878867781486
2018-11-22,AUD,15Y,6M BBSW,3.038583300175623
2018-11-21,AUD,15Y,6M BBSW,3.079886696164347
2018-11-20,AUD,15Y,6M BBSW,3.074456994830888
2018-11-19,AUD,15Y,6M BBSW,3.036559227837119
2018-11-16,AUD,15Y,6M BBSW,3.058575221404601
2018-11-15,AUD,15Y,6M BBSW,3.085110890955542
2018-11-14,AUD,15Y,6M BBSW,3.087489480347124
2018-11-13,AUD,15Y,6M BBSW,3.100649256709128
2018-11-12,AUD,15Y,6M BBSW,3.102842687013294
2018-11-09,AUD,15Y,6M BBSW,3.091073047284986
2018-11-08,AUD,15Y,6M BBSW,3.1248762143465
2018-11-07,AUD,15Y,6M BBSW,3.116083836329744
2018-11-06,AUD,15Y,6M BBSW,3.094453433955748
2018-11-05,AUD,15Y,6M BBSW,3.092845105485399
2018-11-02,AUD,15Y,6M BBSW,3.082373417030408
2018-11-01,AUD,15Y,6M BBSW,3.033683685970907
2018-10-31,AUD,15Y,6M BBSW,2.981415761695848
2018-10-30,AUD,15Y,6M BBSW,2.955844163422209
2018-10-29,AUD,15Y,6M BBSW,2.934134608907283
2018-10-26,AUD,15Y,6M BBSW,2.944890241995007
2018-10-25,AUD,15Y,6M BBSW,2.978480634476306
2018-10-24,AUD,15Y,6M BBSW,3.031059749424369
2018-10-23,AUD,15Y,6M BBSW,3.056937437927228
2018-10-22,AUD,15Y,6M BBSW,3.066529961305224
2018-10-19,AUD,15Y,6M BBSW,3.079806693121119
2018-10-18,AUD,15Y,6M BBSW,3.099832433545542
2018-10-17,AUD,15Y,6M BBSW,3.079845695476445
2018-10-16,AUD,15Y,6M BBSW,3.089420290056796
2018-10-15,AUD,15Y,6M BBSW,3.050716106701102
2018-10-12,AUD,15Y,6M BBSW,3.057366067677834
2018-10-11,AUD,15Y,6M BBSW,3.074849725490636
2018-10-10,AUD,15Y,6M BBSW,3.10613090679499
2018-10-09,AUD,15Y,6M BBSW,3.111933013263936
2018-10-08,AUD,15Y,6M BBSW,3.116524436107072
2018-10-05,AUD,15Y,6M BBSW,3.098600870677801
2018-10-04,AUD,15Y,6M BBSW,3.068513340681613
2018-10-03,AUD,15Y,6M BBSW,3.016855839430518
2018-10-02,AUD,15Y,6M BBSW,3.041431814097002
2018-09-28,AUD,15Y,6M BBSW,3.022361945359278
2018-09-27,AUD,15Y,6M BBSW,3.069864347128198
2018-09-26,AUD,15Y,6M BBSW,3.104815513586841
2018-09-25,AUD,15Y,6M BBSW,3.10195209067188
2018-09-24,AUD,15Y,6M BBSW,3.066550550957436
2018-09-21,AUD,15Y,6M BBSW,3.067374652189452
2018-09-20,AUD,15Y,6M BBSW,3.074880833444579
2018-09-19,AUD,15Y,6M BBSW,3.062387955343092
2018-09-18,AUD,15Y,6M BBSW,3.01566751441197
2018-09-17,AUD,15Y,6M BBSW,2.98407270310736
2018-09-14,AUD,15Y,6M BBSW,2.984999451155699
2018-09-13,AUD,15Y,6M BBSW,2.964889247825628
2018-09-12,AUD,15Y,6M BBSW,2.942397454771372
2018-09-11,AUD,15Y,6M BBSW,2.933181515569433
2018-09-10,AUD,15Y,6M BBSW,2.942784425024566
2018-09-07,AUD,15Y,6M BBSW,2.942384953833319
2018-09-06,AUD,15Y,6M BBSW,2.941189604350789
2018-09-05,AUD,15Y,6M BBSW,2.922398753481449
2018-09-04,AUD,15Y,6M BBSW,2.880690842508973
2018-09-03,AUD,15Y,6M BBSW,2.874101646305839
2018-08-31,AUD,15Y,6M BBSW,2.866311223739207
2018-08-30,AUD,15Y,6M BBSW,2.940055939638978
2018-08-29,AUD,15Y,6M BBSW,2.957508426292244
2018-08-28,AUD,15Y,6M BBSW,2.960867555189321
2018-08-27,AUD,15Y,6M BBSW,2.921619369683127
2018-08-24,AUD,15Y,6M BBSW,2.927392271711148
2018-08-23,AUD,15Y,6M BBSW,2.888704690848268
2018-08-22,AUD,15Y,6M BBSW,2.904887743235013
2018-08-21,AUD,15Y,6M BBSW,2.894483689642428
2018-08-20,AUD,15Y,6M BBSW,2.897880261014009
2018-08-17,AUD,15Y,6M BBSW,2.928691630278164
2018-08-16,AUD,15Y,6M BBSW,2.921202279838426
2018-08-15,AUD,15Y,6M BBSW,2.943817066176336
2018-08-14,AUD,15Y,6M BBSW,2.949592556537508
2018-08-13,AUD,15Y,6M BBSW,2.951565284737536
2018-08-10,AUD,15Y,6M BBSW,2.971188853820562
2018-08-09,AUD,15Y,6M BBSW,3.01109634538228
2018-08-08,AUD,15Y,6M BBSW,3.026077836494768
2018-08-07,AUD,15Y,6M BBSW,3.016944166775679
2018-08-03,AUD,15Y,6M BBSW,3.042326566469961
2018-08-02,AUD,15Y,6M BBSW,3.074833188961302
2018-08-01,AUD,15Y,6M BBSW,3.041892721532184
2018-07-31,AUD,15Y,6M BBSW,3.029657935294018
2018-07-30,AUD,15Y,6M BBSW,2.986610662658037
2018-07-27,AUD,15Y,6M BBSW,2.9923505779829
2018-07-26,AUD,15Y,6M BBSW,3.036032660493902
2018-07-25,AUD,15Y,6M BBSW,3.03853629379681
2018-07-24,AUD,15Y,6M BBSW,3.065736463773871
2018-07-23,AUD,15Y,6M BBSW,3.020344867519419
2018-07-20,AUD,15Y,6M BBSW,3.023684106178414
2018-07-19,AUD,15Y,6M BBSW,3.016096428343886
2018-07-18,AUD,15Y,6M BBSW,3.021177735928122
2018-07-17,AUD,15Y,6M BBSW,3.016961360886829
2018-07-16,AUD,15Y,6M BBSW,3.000251073819732
2018-07-13,AUD,15Y,6M BBSW,2.987387750288135
2018-07-12,AUD,15Y,6M BBSW,2.993698002942351
2018-07-11,AUD,15Y,6M BBSW,2.988681234769458
2018-07-10,AUD,15Y,6M BBSW,3.004463890832644
2018-07-09,AUD,15Y,6M BBSW,2.975257008108156
2018-07-06,AUD,15Y,6M BBSW,2.983688601099983
2018-07-05,AUD,15Y,6M BBSW,2.964900048390158
2018-07-04,AUD,15Y,6M BBSW,2.9560835274658
2018-07-03,AUD,15Y,6M BBSW,2.963145978546085
2018-07-02,AUD,15Y,6M BBSW,2.982822105869774
2018-06-29,AUD,15Y,6M BBSW,2.994954803136673
2018-06-28,AUD,15Y,6M BBSW,2.984847456674398
2018-06-27,AUD,15Y,6M BBSW,2.999818691158504
2018-06-26,AUD,15Y,6M BBSW,2.989269462622308
2018-06-25,AUD,15Y,6M BBSW,2.992538901517228
2018-06-22,AUD,15Y,6M BBSW,3.008683710923152
2018-06-21,AUD,15Y,6M BBSW,3.043683468453268
2018-06-20,AUD,15Y,6M BBSW,3.012393544749873
2018-06-19,AUD,15Y,6M BBSW,3.00695395966625
2018-06-18,AUD,15Y,6M BBSW,3.034039694729125
2018-06-15,AUD,15Y,6M BBSW,3.060125999419273
2018-06-14,AUD,15Y,6M BBSW,3.096283653438773
2018-06-13,AUD,15Y,6M BBSW,3.135604849778109
2018-06-12,AUD,15Y,6M BBSW,3.140129881898867
2018-06-08,AUD,15Y,6M BBSW,3.139811817946635
2018-06-07,AUD,15Y,6M BBSW,3.162338055664719
2018-06-06,AUD,15Y,6M BBSW,3.094869651277578
2018-06-05,AUD,15Y,6M BBSW,3.093237559835259
2018-06-04,AUD,15Y,6M BBSW,3.074027675893672
2025-11-13,AUD,20Y,6M BBSW,4.7924
2025-11-12,AUD,20Y,6M BBSW,4.710000000008656
2025-11-11,AUD,20Y,6M BBSW,4.674200000007644
2025-11-10,AUD,20Y,6M BBSW,4.686501810760115
2025-11-07,AUD,20Y,6M BBSW,4.642100000006708
2025-11-06,AUD,20Y,6M BBSW,4.633900000007938
2025-11-05,AUD,20Y,6M BBSW,4.666300000007048
2025-11-04,AUD,20Y,6M BBSW,4.638100000006773
2025-11-03,AUD,20Y,6M BBSW,4.666801745837365
2025-10-31,AUD,20Y,6M BBSW,4.632000000006624
2025-10-30,AUD,20Y,6M BBSW,4.61900000000657
2025-10-29,AUD,20Y,6M BBSW,4.645700000006094
2025-10-28,AUD,20Y,6M BBSW,4.515700000005053
2025-10-27,AUD,20Y,6M BBSW,4.519500000005396
2025-10-24,AUD,20Y,6M BBSW,4.4842000000049
2025-10-23,AUD,20Y,6M BBSW,4.499800000005131
2025-10-22,AUD,20Y,6M BBSW,4.449800000004724
2025-10-21,AUD,20Y,6M BBSW,4.465200000004415
2025-10-20,AUD,20Y,6M BBSW,4.436500000004766
2025-10-17,AUD,20Y,6M BBSW,4.464400000005166
2025-10-16,AUD,20Y,6M BBSW,4.441100000006216
2025-10-15,AUD,20Y,6M BBSW,4.521984006173739
2025-10-14,AUD,20Y,6M BBSW,4.546477403940588
2025-10-13,AUD,20Y,6M BBSW,4.55510000000683
2025-10-10,AUD,20Y,6M BBSW,4.607000000007326
2025-10-09,AUD,20Y,6M BBSW,4.63570000000699
2025-10-08,AUD,20Y,6M BBSW,4.590400000008002
2025-10-07,AUD,20Y,6M BBSW,4.613173616334963
2025-10-03,AUD,20Y,6M BBSW,4.578414194148072
2025-10-02,AUD,20Y,6M BBSW,4.580231073788029
2025-10-01,AUD,20Y,6M BBSW,4.600163450144836
2025-09-30,AUD,20Y,6M BBSW,4.608808824098342
2025-09-29,AUD,20Y,6M BBSW,4.566152075711469
2025-09-26,AUD,20Y,6M BBSW,4.602408129189638
2025-09-25,AUD,20Y,6M BBSW,4.631621829325796
2025-09-24,AUD,20Y,6M BBSW,4.595678698587906
2025-09-23,AUD,20Y,6M BBSW,4.517091891281314
2025-09-22,AUD,20Y,6M BBSW,4.549959672379225
2025-09-19,AUD,20Y,6M BBSW,4.521563137086688
2025-09-18,AUD,20Y,6M BBSW,4.503652352605993
2025-09-17,AUD,20Y,6M BBSW,4.497307665999428
2025-09-16,AUD,20Y,6M BBSW,4.472659708432246
2025-09-15,AUD,20Y,6M BBSW,4.479367909003582
2025-09-12,AUD,20Y,6M BBSW,4.473968194288683
2025-09-11,AUD,20Y,6M BBSW,4.440059500736454
2025-09-10,AUD,20Y,6M BBSW,4.48300981087091
2025-09-09,AUD,20Y,6M BBSW,4.548448159784756
2025-09-08,AUD,20Y,6M BBSW,4.491565496766158
2025-09-05,AUD,20Y,6M BBSW,4.551261569389704
2025-09-04,AUD,20Y,6M BBSW,4.58374372451174
2025-09-03,AUD,20Y,6M BBSW,4.614592779776432
2025-09-02,AUD,20Y,6M BBSW,4.625438133848242
2025-09-01,AUD,20Y,6M BBSW,4.602453049749693
2025-08-29,AUD,20Y,6M BBSW,4.534097364820296
2025-08-28,AUD,20Y,6M BBSW,4.51997387820451
2025-08-27,AUD,20Y,6M BBSW,4.559283726126281
2025-08-26,AUD,20Y,6M BBSW,4.568921802129831
2025-08-25,AUD,20Y,6M BBSW,4.559873495891336
2025-08-22,AUD,20Y,6M BBSW,4.556471643710431
2025-08-21,AUD,20Y,6M BBSW,4.570927780954693
2025-08-20,AUD,20Y,6M BBSW,4.538103899900349
2025-08-19,AUD,20Y,6M BBSW,4.582519114916109
2025-08-18,AUD,20Y,6M BBSW,4.581371392970294
2025-08-15,AUD,20Y,6M BBSW,4.50327951047359
2025-08-14,AUD,20Y,6M BBSW,4.495135627891316
2025-08-13,AUD,20Y,6M BBSW,4.45021514792892
2025-08-12,AUD,20Y,6M BBSW,4.497432729740251
2025-08-11,AUD,20Y,6M BBSW,4.502380046506767
2025-08-08,AUD,20Y,6M BBSW,4.506076475695885
2025-08-07,AUD,20Y,6M BBSW,4.501936169301977
2025-08-06,AUD,20Y,6M BBSW,4.463370201682884
2025-08-05,AUD,20Y,6M BBSW,4.485565086048723
2025-08-01,AUD,20Y,6M BBSW,4.469462299331182
2025-07-31,AUD,20Y,6M BBSW,4.529251568444147
2025-07-30,AUD,20Y,6M BBSW,4.519029026998876
2025-07-29,AUD,20Y,6M BBSW,4.538523675526272
2025-07-28,AUD,20Y,6M BBSW,4.577227831916474
2025-07-25,AUD,20Y,6M BBSW,4.577688140380324
2025-07-24,AUD,20Y,6M BBSW,4.589571311467987
2025-07-23,AUD,20Y,6M BBSW,4.565599421792602
2025-07-22,AUD,20Y,6M BBSW,4.529926897218194
2025-07-21,AUD,20Y,6M BBSW,4.551974451886403
2025-07-18,AUD,20Y,6M BBSW,4.594268579735391
2025-07-17,AUD,20Y,6M BBSW,4.57622689145345
2025-07-16,AUD,20Y,6M BBSW,4.622891604801657
2025-07-15,AUD,20Y,6M BBSW,4.66290747056852
2025-07-14,AUD,20Y,6M BBSW,4.592424778912959
2025-07-11,AUD,20Y,6M BBSW,4.584269559826466
2025-07-10,AUD,20Y,6M BBSW,4.542630745443783
2025-07-09,AUD,20Y,6M BBSW,4.509706330101693
2025-07-08,AUD,20Y,6M BBSW,4.535023737060584
2025-07-07,AUD,20Y,6M BBSW,4.460883799311179
2025-07-04,AUD,20Y,6M BBSW,4.42808471383571
2025-07-03,AUD,20Y,6M BBSW,4.446900285849273
2025-07-02,AUD,20Y,6M BBSW,4.427640106016562
2025-07-01,AUD,20Y,6M BBSW,4.366826287129616
2025-06-30,AUD,20Y,6M BBSW,4.38498572641975
2025-06-27,AUD,20Y,6M BBSW,4.387902559125089
2025-06-26,AUD,20Y,6M BBSW,4.352945460319489
2025-06-25,AUD,20Y,6M BBSW,4.363736449236965
2025-06-24,AUD,20Y,6M BBSW,4.374340483815327
2025-06-23,AUD,20Y,6M BBSW,4.422124517537313
2025-06-20,AUD,20Y,6M BBSW,4.418252015522863
2025-06-19,AUD,20Y,6M BBSW,4.414267641003645
2025-06-18,AUD,20Y,6M BBSW,4.462305203659807
2025-06-17,AUD,20Y,6M BBSW,4.45055594623004
2025-06-16,AUD,20Y,6M BBSW,4.469680486600618
2025-06-13,AUD,20Y,6M BBSW,4.461465995088525
2025-06-12,AUD,20Y,6M BBSW,4.379799971993018
2025-06-11,AUD,20Y,6M BBSW,4.458327313537462
2025-06-10,AUD,20Y,6M BBSW,4.501573991363685
2025-06-06,AUD,20Y,6M BBSW,4.554600001199743
2025-06-05,AUD,20Y,6M BBSW,4.484460056931005
2025-06-04,AUD,20Y,6M BBSW,4.43250978457461
2025-06-03,AUD,20Y,6M BBSW,4.485251388536243
2025-06-02,AUD,20Y,6M BBSW,4.531173015066293
2025-05-30,AUD,20Y,6M BBSW,4.472220897144466
2025-05-29,AUD,20Y,6M BBSW,4.513994968235586
2025-05-28,AUD,20Y,6M BBSW,4.584596105726131
2025-05-27,AUD,20Y,6M BBSW,4.467535755242024
2025-05-26,AUD,20Y,6M BBSW,4.538376028175352
2025-05-23,AUD,20Y,6M BBSW,4.579069765861821
2025-05-22,AUD,20Y,6M BBSW,4.612123685267232
2025-05-21,AUD,20Y,6M BBSW,4.718178826892093
2025-05-20,AUD,20Y,6M BBSW,4.582314400268779
2025-05-19,AUD,20Y,6M BBSW,4.621569924693812
2025-05-16,AUD,20Y,6M BBSW,4.635963803862757
2025-05-15,AUD,20Y,6M BBSW,4.609630025896023
2025-05-14,AUD,20Y,6M BBSW,4.696121916845136
2025-05-13,AUD,20Y,6M BBSW,4.611005013175109
2025-05-12,AUD,20Y,6M BBSW,4.559175546287071
2025-05-09,AUD,20Y,6M BBSW,4.44418352287165
2025-05-08,AUD,20Y,6M BBSW,4.445743240940828
2025-05-07,AUD,20Y,6M BBSW,4.392522295765103
2025-05-06,AUD,20Y,6M BBSW,4.48183142466636
2025-05-05,AUD,20Y,6M BBSW,4.461284045309219
2025-05-02,AUD,20Y,6M BBSW,4.44138433136511
2025-05-01,AUD,20Y,6M BBSW,4.392549423085296
2025-04-30,AUD,20Y,6M BBSW,4.347832134157652
2025-04-29,AUD,20Y,6M BBSW,4.358156803694736
2025-04-28,AUD,20Y,6M BBSW,4.366389721868963
2025-04-24,AUD,20Y,6M BBSW,4.415920608792599
2025-04-23,AUD,20Y,6M BBSW,4.477915219964905
2025-04-22,AUD,20Y,6M BBSW,4.436729978249032
2025-04-17,AUD,20Y,6M BBSW,4.442426539212697
2025-04-16,AUD,20Y,6M BBSW,4.480362285643348
2025-04-15,AUD,20Y,6M BBSW,4.551476305493686
2025-04-14,AUD,20Y,6M BBSW,4.575687587978523
2025-04-11,AUD,20Y,6M BBSW,4.700674858162134
2025-04-10,AUD,20Y,6M BBSW,4.611047510861095
2025-04-09,AUD,20Y,6M BBSW,4.502201461110131
2025-04-08,AUD,20Y,6M BBSW,4.454420307105892
2025-04-07,AUD,20Y,6M BBSW,4.488592065628688
2025-04-04,AUD,20Y,6M BBSW,4.339770126054153
2025-03-28,AUD,20Y,6M BBSW,4.567023320894796
2025-03-27,AUD,20Y,6M BBSW,4.614245266415703
2025-03-26,AUD,20Y,6M BBSW,4.620236779852855
2025-03-25,AUD,20Y,6M BBSW,4.598687701395528
2025-03-24,AUD,20Y,6M BBSW,4.576761462183633
2025-03-21,AUD,20Y,6M BBSW,4.546371993279174
2025-03-20,AUD,20Y,6M BBSW,4.546730556721641
2025-03-19,AUD,20Y,6M BBSW,4.543496238672177
2025-03-18,AUD,20Y,6M BBSW,4.578206285548815
2025-03-17,AUD,20Y,6M BBSW,4.565977673841045
2025-03-14,AUD,20Y,6M BBSW,4.590971569009647
2025-03-13,AUD,20Y,6M BBSW,4.555329450129331
2025-03-12,AUD,20Y,6M BBSW,4.611587365130145
2025-03-11,AUD,20Y,6M BBSW,4.609201327030899
2025-03-10,AUD,20Y,6M BBSW,4.550778728210401
2025-03-07,AUD,20Y,6M BBSW,4.593866746608858
2025-03-06,AUD,20Y,6M BBSW,4.617821668130492
2025-03-05,AUD,20Y,6M BBSW,4.649981420245196
2025-03-04,AUD,20Y,6M BBSW,4.554610028875704
2025-03-03,AUD,20Y,6M BBSW,4.455988764125162
2025-02-28,AUD,20Y,6M BBSW,4.50047996140575
2025-02-27,AUD,20Y,6M BBSW,4.5120633335726
2025-02-26,AUD,20Y,6M BBSW,4.523999421829473
2025-02-25,AUD,20Y,6M BBSW,4.572039891342963
2025-02-24,AUD,20Y,6M BBSW,4.624778237780018
2025-02-21,AUD,20Y,6M BBSW,4.69700768388326
2025-02-20,AUD,20Y,6M BBSW,4.734956545983446
2025-02-19,AUD,20Y,6M BBSW,4.725671004982111
2025-02-18,AUD,20Y,6M BBSW,4.738312502250254
2025-02-17,AUD,20Y,6M BBSW,4.652475901525083
2025-02-14,AUD,20Y,6M BBSW,4.625933750556575
2025-02-13,AUD,20Y,6M BBSW,4.634766842105119
2025-02-12,AUD,20Y,6M BBSW,4.740768609890734
2025-02-11,AUD,20Y,6M BBSW,4.654826262796533
2025-02-10,AUD,20Y,6M BBSW,4.578382641608315
2025-02-07,AUD,20Y,6M BBSW,4.587488168640284
2025-02-06,AUD,20Y,6M BBSW,4.530301065630559
2025-02-05,AUD,20Y,6M BBSW,4.501701452026953
2025-02-04,AUD,20Y,6M BBSW,4.620502817963056
2025-02-03,AUD,20Y,6M BBSW,4.628854692419829
2025-01-31,AUD,20Y,6M BBSW,4.589952932378711
2025-01-30,AUD,20Y,6M BBSW,4.56399603314402
2025-01-29,AUD,20Y,6M BBSW,4.582990853736639
2025-01-28,AUD,20Y,6M BBSW,4.616688004747141
2025-01-24,AUD,20Y,6M BBSW,4.658055804655977
2025-01-23,AUD,20Y,6M BBSW,4.671764172784044
2025-01-22,AUD,20Y,6M BBSW,4.674177111994873
2025-01-21,AUD,20Y,6M BBSW,4.641227173059646
2025-01-20,AUD,20Y,6M BBSW,4.641377367055307
2025-01-17,AUD,20Y,6M BBSW,4.701507345290759
2025-01-16,AUD,20Y,6M BBSW,4.690062172570331
2025-01-15,AUD,20Y,6M BBSW,4.713289839503853
2025-01-14,AUD,20Y,6M BBSW,4.828178489984356
2025-01-13,AUD,20Y,6M BBSW,4.790776471823701
2025-01-10,AUD,20Y,6M BBSW,4.757701691306066
2025-01-09,AUD,20Y,6M BBSW,4.695661815674073
2025-01-08,AUD,20Y,6M BBSW,4.733169775341342
2025-01-07,AUD,20Y,6M BBSW,4.715415236990155
2025-01-06,AUD,20Y,6M BBSW,4.630094813389132
2025-01-03,AUD,20Y,6M BBSW,4.589076432215007
2025-01-02,AUD,20Y,6M BBSW,4.583520344424771
2024-12-31,AUD,20Y,6M BBSW,4.533068407072556
2024-12-30,AUD,20Y,6M BBSW,4.561090465010295
2024-12-27,AUD,20Y,6M BBSW,4.584489854996909
2024-12-24,AUD,20Y,6M BBSW,4.603752395052696
2024-12-23,AUD,20Y,6M BBSW,4.601110253857789
2024-12-20,AUD,20Y,6M BBSW,4.607221749362263
2024-12-19,AUD,20Y,6M BBSW,4.635344398452498
2024-12-18,AUD,20Y,6M BBSW,4.538800297009825
2024-12-17,AUD,20Y,6M BBSW,4.480657755757164
2024-12-16,AUD,20Y,6M BBSW,4.50378565379739
2024-12-13,AUD,20Y,6M BBSW,4.528252152391869
2024-12-12,AUD,20Y,6M BBSW,4.519247080246212
2024-12-11,AUD,20Y,6M BBSW,4.430709368695542
2024-12-10,AUD,20Y,6M BBSW,4.394777082902094
2024-12-09,AUD,20Y,6M BBSW,4.454889037400857
2024-12-06,AUD,20Y,6M BBSW,4.435206167773424
2024-12-05,AUD,20Y,6M BBSW,4.470363578903378
2024-12-04,AUD,20Y,6M BBSW,4.429415183404596
2024-12-03,AUD,20Y,6M BBSW,4.523148576810534
2024-12-02,AUD,20Y,6M BBSW,4.472589549710956
2024-11-29,AUD,20Y,6M BBSW,4.517895456907104
2024-11-28,AUD,20Y,6M BBSW,4.575474388876037
2024-11-27,AUD,20Y,6M BBSW,4.592588758492452
2024-11-26,AUD,20Y,6M BBSW,4.625728189350144
2024-11-25,AUD,20Y,6M BBSW,4.610698159628539
2024-11-22,AUD,20Y,6M BBSW,4.694307705728185
2024-11-21,AUD,20Y,6M BBSW,4.733758285430567
2024-11-20,AUD,20Y,6M BBSW,4.736768497090017
2024-11-19,AUD,20Y,6M BBSW,4.724012906983434
2024-11-18,AUD,20Y,6M BBSW,4.722386876675324
2024-11-15,AUD,20Y,6M BBSW,4.751988986056683
2024-11-14,AUD,20Y,6M BBSW,4.785099812957677
2024-11-13,AUD,20Y,6M BBSW,4.825655671073899
2024-11-12,AUD,20Y,6M BBSW,4.81689750194356
2024-11-11,AUD,20Y,6M BBSW,4.758682560874361
2024-11-08,AUD,20Y,6M BBSW,4.722504399310952
2024-11-07,AUD,20Y,6M BBSW,4.763555499376027
2024-11-06,AUD,20Y,6M BBSW,4.812757295413024
2024-11-05,AUD,20Y,6M BBSW,4.718412056048249
2024-11-04,AUD,20Y,6M BBSW,4.713586685452063
2024-11-01,AUD,20Y,6M BBSW,4.743902158250281
2024-10-31,AUD,20Y,6M BBSW,4.748051051405601
2024-10-30,AUD,20Y,6M BBSW,4.743744746234293
2024-10-29,AUD,20Y,6M BBSW,4.695128819356655
2024-10-28,AUD,20Y,6M BBSW,4.684167566419772
2024-10-24,AUD,20Y,6M BBSW,4.655193109951454
2024-10-23,AUD,20Y,6M BBSW,4.728483972178458
2024-10-22,AUD,20Y,6M BBSW,4.702593843484255
2024-10-21,AUD,20Y,6M BBSW,4.651442251142292
2024-10-17,AUD,20Y,6M BBSW,4.58570668941532
2024-10-16,AUD,20Y,6M BBSW,4.471770333960021
2024-10-15,AUD,20Y,6M BBSW,4.49044552757075
2024-10-14,AUD,20Y,6M BBSW,4.534296074053253
2024-10-11,AUD,20Y,6M BBSW,4.508005101092332
2024-10-10,AUD,20Y,6M BBSW,4.485036666264868
2024-10-09,AUD,20Y,6M BBSW,4.491381512561639
2024-10-08,AUD,20Y,6M BBSW,4.45520402089159
2024-10-04,AUD,20Y,6M BBSW,4.43194796077184
2024-10-03,AUD,20Y,6M BBSW,4.352902808678144
2024-10-02,AUD,20Y,6M BBSW,4.29584829502092
2024-10-01,AUD,20Y,6M BBSW,4.250320159893698
2024-09-30,AUD,20Y,6M BBSW,4.277591541316233
2024-09-27,AUD,20Y,6M BBSW,4.237203768641312
2024-09-26,AUD,20Y,6M BBSW,4.257881706912335
2024-09-25,AUD,20Y,6M BBSW,4.236628892202107
2024-09-24,AUD,20Y,6M BBSW,4.203890176503968
2024-09-23,AUD,20Y,6M BBSW,4.24977511642838
2024-09-20,AUD,20Y,6M BBSW,4.230265272748092
2024-09-19,AUD,20Y,6M BBSW,4.201809553575709
2024-09-18,AUD,20Y,6M BBSW,4.180948529446827
2024-09-17,AUD,20Y,6M BBSW,4.128513952586554
2024-09-16,AUD,20Y,6M BBSW,4.079742069710124
2024-09-13,AUD,20Y,6M BBSW,4.116677844459556
2024-09-12,AUD,20Y,6M BBSW,4.111017650080933
2024-09-11,AUD,20Y,6M BBSW,4.148452589095575
2024-09-10,AUD,20Y,6M BBSW,4.176306051385052
2024-09-09,AUD,20Y,6M BBSW,4.217026952012069
2024-09-06,AUD,20Y,6M BBSW,4.213566701919394
2024-09-05,AUD,20Y,6M BBSW,4.239806923887851
2024-09-04,AUD,20Y,6M BBSW,4.214443546661466
2024-09-03,AUD,20Y,6M BBSW,4.272889602913456
2024-09-02,AUD,20Y,6M BBSW,4.366011207136308
2024-08-30,AUD,20Y,6M BBSW,4.321319690497827
2024-08-29,AUD,20Y,6M BBSW,4.292505149611103
2024-08-27,AUD,20Y,6M BBSW,4.223095529147883
2024-08-26,AUD,20Y,6M BBSW,4.206010443615753
2024-08-23,AUD,20Y,6M BBSW,4.200969451978332
2024-08-22,AUD,20Y,6M BBSW,4.234794760561764
2024-08-21,AUD,20Y,6M BBSW,4.184415083658815
2024-08-20,AUD,20Y,6M BBSW,4.194096432590356
2024-08-19,AUD,20Y,6M BBSW,4.239808268296376
2024-08-16,AUD,20Y,6M BBSW,4.23356575488709
2024-08-15,AUD,20Y,6M BBSW,4.268383723867661
2024-08-14,AUD,20Y,6M BBSW,4.184669726031299
2024-08-13,AUD,20Y,6M BBSW,4.221590364736985
2024-08-12,AUD,20Y,6M BBSW,4.283603844198296
2024-08-09,AUD,20Y,6M BBSW,4.310957064739066
2024-08-08,AUD,20Y,6M BBSW,4.372283037775702
2024-08-07,AUD,20Y,6M BBSW,4.355558706666179
2024-08-06,AUD,20Y,6M BBSW,4.350201613903543
2024-08-02,AUD,20Y,6M BBSW,4.230847824201069
2024-08-01,AUD,20Y,6M BBSW,4.295528361734278
2024-07-31,AUD,20Y,6M BBSW,4.342152212622706
2024-07-30,AUD,20Y,6M BBSW,4.522868934782326
2024-07-29,AUD,20Y,6M BBSW,4.555980790112415
2024-07-26,AUD,20Y,6M BBSW,4.536889720632335
2024-07-24,AUD,20Y,6M BBSW,4.60809143432799
2024-07-23,AUD,20Y,6M BBSW,4.612822491410432
2024-07-22,AUD,20Y,6M BBSW,4.59097695228547
2024-07-19,AUD,20Y,6M BBSW,4.585924543548177
2024-07-18,AUD,20Y,6M BBSW,4.524765607166508
2024-07-17,AUD,20Y,6M BBSW,4.488165986260885
2024-07-16,AUD,20Y,6M BBSW,4.491542402185688
2024-07-15,AUD,20Y,6M BBSW,4.586419995847816
2024-07-12,AUD,20Y,6M BBSW,4.577225469636836
2024-07-11,AUD,20Y,6M BBSW,4.618557518366423
2024-07-10,AUD,20Y,6M BBSW,4.629341923560578
2024-07-09,AUD,20Y,6M BBSW,4.637814877896655
2024-07-08,AUD,20Y,6M BBSW,4.618575395441113
2024-07-05,AUD,20Y,6M BBSW,4.635917781657581
2024-07-04,AUD,20Y,6M BBSW,4.695943871676754
2024-07-03,AUD,20Y,6M BBSW,4.686786120164375
2024-07-02,AUD,20Y,6M BBSW,4.698930912820942
2024-07-01,AUD,20Y,6M BBSW,4.720596315776181
2024-06-28,AUD,20Y,6M BBSW,4.678405574785331
2024-06-27,AUD,20Y,6M BBSW,4.604571490542842
2024-06-26,AUD,20Y,6M BBSW,4.665084342152771
2024-06-24,AUD,20Y,6M BBSW,4.499756898651025
2024-06-21,AUD,20Y,6M BBSW,4.505920497570582
2024-06-20,AUD,20Y,6M BBSW,4.517236622722866
2024-06-19,AUD,20Y,6M BBSW,4.478192832553956
2024-06-18,AUD,20Y,6M BBSW,4.464049031833605
2024-06-17,AUD,20Y,6M BBSW,4.476017710683154
2024-06-14,AUD,20Y,6M BBSW,4.4295442700401
2024-06-13,AUD,20Y,6M BBSW,4.473794367809174
2024-06-12,AUD,20Y,6M BBSW,4.529401331617272
2024-06-11,AUD,20Y,6M BBSW,4.601039056267584
2024-06-07,AUD,20Y,6M BBSW,4.60840911754136
2024-06-06,AUD,20Y,6M BBSW,4.534697812702049
2024-06-05,AUD,20Y,6M BBSW,4.519386813143554
2024-06-04,AUD,20Y,6M BBSW,4.514040639897328
2024-06-03,AUD,20Y,6M BBSW,4.602307430748074
2024-05-31,AUD,20Y,6M BBSW,4.697807935813413
2024-05-30,AUD,20Y,6M BBSW,4.701352079348249
2024-05-29,AUD,20Y,6M BBSW,4.749501732153797
2024-05-28,AUD,20Y,6M BBSW,4.649014299156036
2024-05-27,AUD,20Y,6M BBSW,4.570979148960435
2024-05-24,AUD,20Y,6M BBSW,4.599722165001537
2024-05-23,AUD,20Y,6M BBSW,4.593554449567094
2024-05-22,AUD,20Y,6M BBSW,4.583149784753736
2024-05-21,AUD,20Y,6M BBSW,4.564030047952159
2024-05-20,AUD,20Y,6M BBSW,4.579777778493372
2024-05-17,AUD,20Y,6M BBSW,4.578525372231551
2024-05-16,AUD,20Y,6M BBSW,4.555961927571124
2024-05-15,AUD,20Y,6M BBSW,4.558441276257874
2024-05-14,AUD,20Y,6M BBSW,4.66531275885847
2024-05-13,AUD,20Y,6M BBSW,4.68096757209462
2024-05-10,AUD,20Y,6M BBSW,4.714708651048127
2024-05-09,AUD,20Y,6M BBSW,4.700945022835176
2024-05-08,AUD,20Y,6M BBSW,4.681834725483321
2024-05-07,AUD,20Y,6M BBSW,4.596524539316142
2024-05-06,AUD,20Y,6M BBSW,4.718564508686701
2024-05-03,AUD,20Y,6M BBSW,4.727207265324633
2024-05-02,AUD,20Y,6M BBSW,4.768538258113857
2024-05-01,AUD,20Y,6M BBSW,4.833110435298131
2024-04-30,AUD,20Y,6M BBSW,4.824320265027306
2024-04-29,AUD,20Y,6M BBSW,4.80989937574503
2024-04-26,AUD,20Y,6M BBSW,4.8358630290488
2024-04-24,AUD,20Y,6M BBSW,4.781415954926608
2024-04-23,AUD,20Y,6M BBSW,4.629759527416767
2024-04-22,AUD,20Y,6M BBSW,4.638575930043724
2024-04-19,AUD,20Y,6M BBSW,4.663369888105365
2024-04-18,AUD,20Y,6M BBSW,4.681737353660986
2024-04-17,AUD,20Y,6M BBSW,4.688939443971514
2024-04-16,AUD,20Y,6M BBSW,4.732378312946913
2024-04-15,AUD,20Y,6M BBSW,4.658031597574064
2024-04-12,AUD,20Y,6M BBSW,4.562183905809682
2024-04-11,AUD,20Y,6M BBSW,4.643387342555269
2024-04-10,AUD,20Y,6M BBSW,4.569354311851664
2024-04-09,AUD,20Y,6M BBSW,4.451527396084815
2024-04-08,AUD,20Y,6M BBSW,4.538552817829232
2024-04-04,AUD,20Y,6M BBSW,4.455753457544912
2024-04-03,AUD,20Y,6M BBSW,4.482977336280556
2024-04-02,AUD,20Y,6M BBSW,4.473922338555476
2024-03-28,AUD,20Y,6M BBSW,4.350936535597488
2024-03-27,AUD,20Y,6M BBSW,4.350526596787548
2024-03-26,AUD,20Y,6M BBSW,4.418918271758459
2024-03-25,AUD,20Y,6M BBSW,4.415978001465269
2024-03-22,AUD,20Y,6M BBSW,4.399746716898632
2024-03-21,AUD,20Y,6M BBSW,4.44977036209546
2024-03-20,AUD,20Y,6M BBSW,4.420577912052398
2024-03-19,AUD,20Y,6M BBSW,4.466547286987588
2024-03-18,AUD,20Y,6M BBSW,4.504783288965315
2024-03-15,AUD,20Y,6M BBSW,4.522795092322549
2024-03-14,AUD,20Y,6M BBSW,4.505535864139958
2024-03-13,AUD,20Y,6M BBSW,4.435574587706405
2024-03-12,AUD,20Y,6M BBSW,4.390259383275692
2024-03-11,AUD,20Y,6M BBSW,4.340299340778271
2024-03-08,AUD,20Y,6M BBSW,4.368250534922168
2024-03-07,AUD,20Y,6M BBSW,4.395975715733784
2024-03-06,AUD,20Y,6M BBSW,4.375583787637671
2024-03-05,AUD,20Y,6M BBSW,4.42655393680397
2024-03-04,AUD,20Y,6M BBSW,4.517282089923141
2024-03-01,AUD,20Y,6M BBSW,4.510934003647379
2024-02-29,AUD,20Y,6M BBSW,4.531211563275102
2024-02-28,AUD,20Y,6M BBSW,4.539614597871738
2024-02-27,AUD,20Y,6M BBSW,4.590331762477319
2024-02-26,AUD,20Y,6M BBSW,4.557281464333454
2024-02-23,AUD,20Y,6M BBSW,4.550931507342475
2024-02-22,AUD,20Y,6M BBSW,4.570940752932121
2024-02-21,AUD,20Y,6M BBSW,4.611859672305213
2024-02-20,AUD,20Y,6M BBSW,4.591544721614447
2024-02-19,AUD,20Y,6M BBSW,4.604776688544848
2024-02-16,AUD,20Y,6M BBSW,4.615923948749688
2024-02-15,AUD,20Y,6M BBSW,4.575290978641418
2024-02-14,AUD,20Y,6M BBSW,4.605863980271301
2024-02-13,AUD,20Y,6M BBSW,4.671530183974296
2024-02-12,AUD,20Y,6M BBSW,4.587278858893712
2024-02-09,AUD,20Y,6M BBSW,4.573528980893713
2024-02-08,AUD,20Y,6M BBSW,4.557243312068789
2024-02-07,AUD,20Y,6M BBSW,4.538139493542628
2024-02-06,AUD,20Y,6M BBSW,4.511486413939844
2024-02-05,AUD,20Y,6M BBSW,4.533475434934653
2024-02-02,AUD,20Y,6M BBSW,4.484608477427031
2024-02-01,AUD,20Y,6M BBSW,4.390862919795155
2024-01-31,AUD,20Y,6M BBSW,4.408446045307788
2024-01-30,AUD,20Y,6M BBSW,4.52156005622961
2024-01-29,AUD,20Y,6M BBSW,4.567280040236166
2024-01-25,AUD,20Y,6M BBSW,4.614639794687812
2024-01-24,AUD,20Y,6M BBSW,4.676795399847633
2024-01-23,AUD,20Y,6M BBSW,4.635237966093055
2024-01-22,AUD,20Y,6M BBSW,4.600977532389064
2024-01-19,AUD,20Y,6M BBSW,4.683515765833982
2024-01-18,AUD,20Y,6M BBSW,4.710924810580587
2024-01-17,AUD,20Y,6M BBSW,4.669350483446457
2024-01-16,AUD,20Y,6M BBSW,4.605242920886365
2024-01-15,AUD,20Y,6M BBSW,4.572717513672443
2024-01-12,AUD,20Y,6M BBSW,4.515936856712155
2024-01-11,AUD,20Y,6M BBSW,4.489751211826046
2024-01-10,AUD,20Y,6M BBSW,4.545569396980014
2024-01-09,AUD,20Y,6M BBSW,4.462864880372259
2024-01-08,AUD,20Y,6M BBSW,4.50358692480792
2024-01-05,AUD,20Y,6M BBSW,4.560930777331632
2024-01-04,AUD,20Y,6M BBSW,4.490949995238309
2024-01-03,AUD,20Y,6M BBSW,4.395550288127306
2024-01-02,AUD,20Y,6M BBSW,4.401509253460823
2023-12-29,AUD,20Y,6M BBSW,4.311079323828258
2023-12-28,AUD,20Y,6M BBSW,4.289311076373793
2023-12-27,AUD,20Y,6M BBSW,4.278909109819976
2023-12-22,AUD,20Y,6M BBSW,4.378565755141595
2023-12-21,AUD,20Y,6M BBSW,4.388535906850395
2023-12-20,AUD,20Y,6M BBSW,4.386888490433876
2023-12-19,AUD,20Y,6M BBSW,4.439035414685841
2023-12-18,AUD,20Y,6M BBSW,4.452311285769885
2023-12-15,AUD,20Y,6M BBSW,4.463136259377549
2023-12-14,AUD,20Y,6M BBSW,4.531973490457818
2023-12-13,AUD,20Y,6M BBSW,4.506801242752248
2023-12-12,AUD,20Y,6M BBSW,4.698381409459063
2023-12-11,AUD,20Y,6M BBSW,4.728182287703167
2023-12-07,AUD,20Y,6M BBSW,4.712096636937535
2023-12-06,AUD,20Y,6M BBSW,4.6518111645913
2023-12-05,AUD,20Y,6M BBSW,4.715188634721863
2023-12-04,AUD,20Y,6M BBSW,4.853576487392209
2023-12-01,AUD,20Y,6M BBSW,4.862210060484045
2023-11-30,AUD,20Y,6M BBSW,4.918965740670807
2023-11-29,AUD,20Y,6M BBSW,4.812005668163533
2023-11-28,AUD,20Y,6M BBSW,4.881496709022486
2023-11-27,AUD,20Y,6M BBSW,4.920947072336023
2023-11-24,AUD,20Y,6M BBSW,4.964679888679415
2023-11-23,AUD,20Y,6M BBSW,4.963492222722212
2023-11-22,AUD,20Y,6M BBSW,4.91181193660918
2023-11-21,AUD,20Y,6M BBSW,4.880197094068612
2023-11-20,AUD,20Y,6M BBSW,4.915947629230355
2023-11-17,AUD,20Y,6M BBSW,4.918485977779639
2023-11-16,AUD,20Y,6M BBSW,4.907199861494845
2023-11-15,AUD,20Y,6M BBSW,5.029787308551644
2023-11-14,AUD,20Y,6M BBSW,4.99410419398586
2023-11-13,AUD,20Y,6M BBSW,5.092229341503702
2023-11-10,AUD,20Y,6M BBSW,5.038470400099984
2023-11-09,AUD,20Y,6M BBSW,5.053480819260344
2023-11-08,AUD,20Y,6M BBSW,4.930509989310197
2023-11-07,AUD,20Y,6M BBSW,5.01647554056215
2023-11-06,AUD,20Y,6M BBSW,5.177218912805948
2023-11-03,AUD,20Y,6M BBSW,5.089664486627385
2023-11-02,AUD,20Y,6M BBSW,5.155868105067957
2023-11-01,AUD,20Y,6M BBSW,5.251759404230856
2023-10-31,AUD,20Y,6M BBSW,5.421910831569962
2023-10-30,AUD,20Y,6M BBSW,5.396357877084712
2023-10-26,AUD,20Y,6M BBSW,5.237104594254173
2023-10-25,AUD,20Y,6M BBSW,5.22005222950912
2023-10-24,AUD,20Y,6M BBSW,5.118869100051822
2023-10-23,AUD,20Y,6M BBSW,5.137161231872524
2023-10-20,AUD,20Y,6M BBSW,5.142124182541238
2023-10-19,AUD,20Y,6M BBSW,5.196968958227047
2023-10-18,AUD,20Y,6M BBSW,5.185351256753337
2023-10-17,AUD,20Y,6M BBSW,5.061381235808274
2023-10-16,AUD,20Y,6M BBSW,4.923530233526034
2023-10-12,AUD,20Y,6M BBSW,4.902201635285128
2023-10-11,AUD,20Y,6M BBSW,4.790386769736543
2023-10-10,AUD,20Y,6M BBSW,4.918923926241638
2023-10-09,AUD,20Y,6M BBSW,4.905940582280865
2023-10-05,AUD,20Y,6M BBSW,5.024053818529485
2023-10-04,AUD,20Y,6M BBSW,4.994869070804957
2023-10-03,AUD,20Y,6M BBSW,5.004476264445983
2023-09-29,AUD,20Y,6M BBSW,4.862291540394234
2023-09-28,AUD,20Y,6M BBSW,4.830862445000496
2023-09-27,AUD,20Y,6M BBSW,4.818053576055636
2023-09-26,AUD,20Y,6M BBSW,4.783845038169068
2023-09-25,AUD,20Y,6M BBSW,4.788544502874642
2023-09-22,AUD,20Y,6M BBSW,4.683514267131511
2023-09-21,AUD,20Y,6M BBSW,4.695923784352337
2023-09-20,AUD,20Y,6M BBSW,4.636851226414235
2023-09-19,AUD,20Y,6M BBSW,4.614034446654655
2023-09-18,AUD,20Y,6M BBSW,4.604778706901674
2023-09-15,AUD,20Y,6M BBSW,4.569074801208905
2023-09-14,AUD,20Y,6M BBSW,4.542493536741461
2023-09-13,AUD,20Y,6M BBSW,4.560364946295896
2023-09-12,AUD,20Y,6M BBSW,4.608837521856605
2023-09-11,AUD,20Y,6M BBSW,4.611277150975906
2023-09-08,AUD,20Y,6M BBSW,4.570228271950616
2023-09-07,AUD,20Y,6M BBSW,4.559743779000158
2023-09-06,AUD,20Y,6M BBSW,4.593160902902231
2023-09-05,AUD,20Y,6M BBSW,4.601538081406524
2023-09-04,AUD,20Y,6M BBSW,4.579779778251476
2023-09-01,AUD,20Y,6M BBSW,4.49223792302463
2023-08-31,AUD,20Y,6M BBSW,4.459065496870614
2023-08-30,AUD,20Y,6M BBSW,4.502256972306341
2023-08-28,AUD,20Y,6M BBSW,4.56750407889733
2023-08-25,AUD,20Y,6M BBSW,4.582282063153206
2023-08-24,AUD,20Y,6M BBSW,4.594726379993308
2023-08-23,AUD,20Y,6M BBSW,4.555560416455831
2023-08-22,AUD,20Y,6M BBSW,4.686468517824049
2023-08-21,AUD,20Y,6M BBSW,4.765931397657852
2023-08-18,AUD,20Y,6M BBSW,4.693571616651962
2023-08-17,AUD,20Y,6M BBSW,4.735910758421094
2023-08-16,AUD,20Y,6M BBSW,4.678142003669707
2023-08-15,AUD,20Y,6M BBSW,4.688021379679898
2023-08-14,AUD,20Y,6M BBSW,4.695050200015321
2023-08-11,AUD,20Y,6M BBSW,4.629777434936718
2023-08-10,AUD,20Y,6M BBSW,4.555930898650411
2023-08-09,AUD,20Y,6M BBSW,4.514367175020969
2023-08-08,AUD,20Y,6M BBSW,4.490207654975269
2023-08-04,AUD,20Y,6M BBSW,4.529649849427571
2023-08-03,AUD,20Y,6M BBSW,4.649201309959508
2023-08-02,AUD,20Y,6M BBSW,4.552653222353369
2023-08-01,AUD,20Y,6M BBSW,4.487326267692627
2023-07-31,AUD,20Y,6M BBSW,4.496399297134754
2023-07-28,AUD,20Y,6M BBSW,4.457256300314471
2023-07-27,AUD,20Y,6M BBSW,4.527150887659631
2023-07-25,AUD,20Y,6M BBSW,4.520237864462453
2023-07-24,AUD,20Y,6M BBSW,4.473517875975578
2023-07-21,AUD,20Y,6M BBSW,4.468740697698485
2023-07-20,AUD,20Y,6M BBSW,4.475938355456406
2023-07-19,AUD,20Y,6M BBSW,4.391881843198302
2023-07-18,AUD,20Y,6M BBSW,4.399014407689132
2023-07-17,AUD,20Y,6M BBSW,4.43597029273866
2023-07-14,AUD,20Y,6M BBSW,4.47747738506268
2023-07-13,AUD,20Y,6M BBSW,4.433443330386366
2023-07-12,AUD,20Y,6M BBSW,4.475568598213965
2023-07-11,AUD,20Y,6M BBSW,4.57897480382448
2023-07-10,AUD,20Y,6M BBSW,4.61725074789988
2023-07-07,AUD,20Y,6M BBSW,4.68477549679655
2023-07-06,AUD,20Y,6M BBSW,4.627220152655751
2023-07-05,AUD,20Y,6M BBSW,4.503164348683399
2023-07-04,AUD,20Y,6M BBSW,4.416508625743673
2023-07-03,AUD,20Y,6M BBSW,4.417232976793445
2023-06-30,AUD,20Y,6M BBSW,4.437642995398859
2023-06-29,AUD,20Y,6M BBSW,4.40988189165012
2023-06-28,AUD,20Y,6M BBSW,4.285520458524501
2023-06-27,AUD,20Y,6M BBSW,4.360098711753873
2023-06-26,AUD,20Y,6M BBSW,4.340609644934195
2023-06-22,AUD,20Y,6M BBSW,4.449639381731592
2023-06-21,AUD,20Y,6M BBSW,4.40316216258647
2023-06-20,AUD,20Y,6M BBSW,4.439009663478004
2023-06-19,AUD,20Y,6M BBSW,4.475996309300085
2023-06-15,AUD,20Y,6M BBSW,4.431475336862614
2023-06-14,AUD,20Y,6M BBSW,4.441396948870269
2023-06-13,AUD,20Y,6M BBSW,4.490136816706087
2023-06-09,AUD,20Y,6M BBSW,4.471123460165773
2023-06-08,AUD,20Y,6M BBSW,4.478443077606109
2023-06-07,AUD,20Y,6M BBSW,4.500088774144047
2023-06-06,AUD,20Y,6M BBSW,4.362427930240663
2023-06-05,AUD,20Y,6M BBSW,4.337306413042066
2023-06-01,AUD,20Y,6M BBSW,4.21857690207525
2023-05-31,AUD,20Y,6M BBSW,4.204756169724083
2023-05-30,AUD,20Y,6M BBSW,4.220481690348017
2023-05-29,AUD,20Y,6M BBSW,4.226121054531026
2023-05-26,AUD,20Y,6M BBSW,4.293606695071726
2023-05-25,AUD,20Y,6M BBSW,4.319757964670882
2023-05-24,AUD,20Y,6M BBSW,4.310599246691861
2023-05-23,AUD,20Y,6M BBSW,4.299045393005651
2023-05-22,AUD,20Y,6M BBSW,4.245988010336002
2023-05-19,AUD,20Y,6M BBSW,4.256009259128984
2023-05-18,AUD,20Y,6M BBSW,4.253565004028721
2023-05-17,AUD,20Y,6M BBSW,4.154423385353174
2023-05-16,AUD,20Y,6M BBSW,4.121582681623634
2023-05-15,AUD,20Y,6M BBSW,4.136373311434093
2023-05-12,AUD,20Y,6M BBSW,4.061025351999207
2023-05-11,AUD,20Y,6M BBSW,4.007292207176684
2023-05-10,AUD,20Y,6M BBSW,4.078235447163779
2023-05-09,AUD,20Y,6M BBSW,4.139077919903325
2023-05-08,AUD,20Y,6M BBSW,4.133598035606618
2023-05-05,AUD,20Y,6M BBSW,4.061026138884598
2023-05-04,AUD,20Y,6M BBSW,3.960998093422442
2023-05-03,AUD,20Y,6M BBSW,4.015643849352212
2023-05-02,AUD,20Y,6M BBSW,4.009096674751262
2023-05-01,AUD,20Y,6M BBSW,4.059805049417617
2023-04-28,AUD,20Y,6M BBSW,3.902314556778645
2023-04-27,AUD,20Y,6M BBSW,4.040995042910099
2023-04-26,AUD,20Y,6M BBSW,3.990626313804529
2023-04-24,AUD,20Y,6M BBSW,4.052300608563908
2023-04-21,AUD,20Y,6M BBSW,4.088565404495241
2023-04-20,AUD,20Y,6M BBSW,4.099755870240283
2023-04-19,AUD,20Y,6M BBSW,4.130514176492227
2023-04-18,AUD,20Y,6M BBSW,4.159003614925219
2023-04-17,AUD,20Y,6M BBSW,4.089799067860293
2023-04-14,AUD,20Y,6M BBSW,4.0405918377262
2023-04-13,AUD,20Y,6M BBSW,3.968580619663581
2023-04-12,AUD,20Y,6M BBSW,3.914425560462494
2023-04-11,AUD,20Y,6M BBSW,3.875231761816202
2023-04-06,AUD,20Y,6M BBSW,3.799729469219638
2023-04-05,AUD,20Y,6M BBSW,3.854343728957554
2023-04-04,AUD,20Y,6M BBSW,3.852796274171838
2023-04-03,AUD,20Y,6M BBSW,3.898485534006076
2023-03-31,AUD,20Y,6M BBSW,3.915221940762213
2023-03-30,AUD,20Y,6M BBSW,3.994764000219571
2023-03-29,AUD,20Y,6M BBSW,4.030357736255936
2023-03-28,AUD,20Y,6M BBSW,4.057499535340485
2023-03-27,AUD,20Y,6M BBSW,4.010843323652916
2023-03-24,AUD,20Y,6M BBSW,3.948626525889222
2023-03-23,AUD,20Y,6M BBSW,3.965957315452294
2023-03-22,AUD,20Y,6M BBSW,3.984445992621297
2023-03-21,AUD,20Y,6M BBSW,4.000295343547854
2023-03-20,AUD,20Y,6M BBSW,3.987310612375221
2023-03-17,AUD,20Y,6M BBSW,4.033631383629171
2023-03-16,AUD,20Y,6M BBSW,4.168579041419576
2023-03-15,AUD,20Y,6M BBSW,4.079565806290761
2023-03-14,AUD,20Y,6M BBSW,4.266190913843635
2023-03-13,AUD,20Y,6M BBSW,4.072003473043878
2023-03-10,AUD,20Y,6M BBSW,4.125623023074078
2023-03-09,AUD,20Y,6M BBSW,4.244567016620668
2023-03-08,AUD,20Y,6M BBSW,4.287198937865022
2023-03-07,AUD,20Y,6M BBSW,4.324031085120791
2023-03-06,AUD,20Y,6M BBSW,4.378573905094941
2023-03-03,AUD,20Y,6M BBSW,4.458594133608922
2023-03-02,AUD,20Y,6M BBSW,4.545931146871851
2023-03-01,AUD,20Y,6M BBSW,4.475570391139476
2023-02-28,AUD,20Y,6M BBSW,4.527879935167641
2023-02-27,AUD,20Y,6M BBSW,4.462397951471584
2023-02-24,AUD,20Y,6M BBSW,4.494733166178473
2023-02-23,AUD,20Y,6M BBSW,4.528554008342216
2023-02-22,AUD,20Y,6M BBSW,4.504393261529225
2023-02-21,AUD,20Y,6M BBSW,4.420222909912198
2023-02-20,AUD,20Y,6M BBSW,4.41731740033227
2023-02-17,AUD,20Y,6M BBSW,4.385946296086137
2023-02-16,AUD,20Y,6M BBSW,4.357273322314422
2023-02-15,AUD,20Y,6M BBSW,4.336983483288698
2023-02-14,AUD,20Y,6M BBSW,4.354010334354664
2023-02-13,AUD,20Y,6M BBSW,4.383620614248011
2023-02-10,AUD,20Y,6M BBSW,4.372248274261328
2023-02-09,AUD,20Y,6M BBSW,4.247283837220481
2023-02-08,AUD,20Y,6M BBSW,4.214434891359437
2023-02-07,AUD,20Y,6M BBSW,4.235220401031699
2023-02-06,AUD,20Y,6M BBSW,4.075977185838473
2023-02-03,AUD,20Y,6M BBSW,4.125877720553567
2023-02-02,AUD,20Y,6M BBSW,4.137191086028788
2023-02-01,AUD,20Y,6M BBSW,4.200553656669236
2023-01-31,AUD,20Y,6M BBSW,4.183036620866148
2023-01-30,AUD,20Y,6M BBSW,4.19247142969125
2023-01-27,AUD,20Y,6M BBSW,4.197202874406616
2023-01-25,AUD,20Y,6M BBSW,4.141508607624668
2023-01-24,AUD,20Y,6M BBSW,4.083685167006404
2023-01-23,AUD,20Y,6M BBSW,4.082344012097126
2023-01-20,AUD,20Y,6M BBSW,4.084782806798297
2023-01-19,AUD,20Y,6M BBSW,3.9723103981972
2023-01-18,AUD,20Y,6M BBSW,4.125646442933268
2023-01-17,AUD,20Y,6M BBSW,4.175264820390574
2023-01-16,AUD,20Y,6M BBSW,4.168636710064252
2023-01-13,AUD,20Y,6M BBSW,4.180971138294456
2023-01-12,AUD,20Y,6M BBSW,4.150993722895538
2023-01-11,AUD,20Y,6M BBSW,4.285622301566769
2023-01-10,AUD,20Y,6M BBSW,4.315238444925328
2023-01-09,AUD,20Y,6M BBSW,4.328624568630654
2023-01-06,AUD,20Y,6M BBSW,4.283558937451433
2023-01-05,AUD,20Y,6M BBSW,4.38476956030097
2023-01-04,AUD,20Y,6M BBSW,4.424401447707699
2023-01-03,AUD,20Y,6M BBSW,4.521456179322604
2022-12-30,AUD,20Y,6M BBSW,4.535137554508665
2022-12-29,AUD,20Y,6M BBSW,4.553676297435843
2022-12-28,AUD,20Y,6M BBSW,4.608070874027373
2022-12-23,AUD,20Y,6M BBSW,4.41346552661217
2022-12-22,AUD,20Y,6M BBSW,4.370967109203043
2022-12-21,AUD,20Y,6M BBSW,4.264397927324655
2022-12-20,AUD,20Y,6M BBSW,4.309043232718699
2022-12-19,AUD,20Y,6M BBSW,4.137323550785187
2022-12-16,AUD,20Y,6M BBSW,4.085991703871239
2022-12-15,AUD,20Y,6M BBSW,4.079421099341145
2022-12-14,AUD,20Y,6M BBSW,3.992622126977991
2022-12-13,AUD,20Y,6M BBSW,4.020545093200144
2022-12-12,AUD,20Y,6M BBSW,4.015945427020465
2022-12-09,AUD,20Y,6M BBSW,3.984900522339319
2022-12-08,AUD,20Y,6M BBSW,3.994709222143643
2022-12-07,AUD,20Y,6M BBSW,3.979379299828833
2022-12-06,AUD,20Y,6M BBSW,4.016577871816464
2022-12-05,AUD,20Y,6M BBSW,3.986036373042356
2022-12-02,AUD,20Y,6M BBSW,3.962304728154877
2022-12-01,AUD,20Y,6M BBSW,4.107294202884745
2022-11-30,AUD,20Y,6M BBSW,4.139636313284156
2022-11-29,AUD,20Y,6M BBSW,4.200291694239815
2022-11-28,AUD,20Y,6M BBSW,4.144838248458956
2022-11-25,AUD,20Y,6M BBSW,4.215964075053297
2022-11-24,AUD,20Y,6M BBSW,4.188589331094773
2022-11-23,AUD,20Y,6M BBSW,4.221931618288513
2022-11-22,AUD,20Y,6M BBSW,4.226555782152493
2022-11-21,AUD,20Y,6M BBSW,4.249830991645742
2022-11-18,AUD,20Y,6M BBSW,4.288557145033729
2022-11-17,AUD,20Y,6M BBSW,4.297278391613083
2022-11-16,AUD,20Y,6M BBSW,4.400607329684241
2022-11-15,AUD,20Y,6M BBSW,4.465346851660196
2022-11-14,AUD,20Y,6M BBSW,4.549970444117394
2022-11-11,AUD,20Y,6M BBSW,4.443439691899133
2022-11-10,AUD,20Y,6M BBSW,4.459760119646209
2022-11-09,AUD,20Y,6M BBSW,4.576877721189762
2022-11-08,AUD,20Y,6M BBSW,4.76015408454096
2022-11-07,AUD,20Y,6M BBSW,4.624800791156014
2022-11-04,AUD,20Y,6M BBSW,4.612218955338506
2022-11-03,AUD,20Y,6M BBSW,4.699735253149073
2022-11-02,AUD,20Y,6M BBSW,4.609372606951029
2022-11-01,AUD,20Y,6M BBSW,4.541492328337069
2022-10-31,AUD,20Y,6M BBSW,4.484433844125406
2022-10-28,AUD,20Y,6M BBSW,4.485949496787243
2022-10-27,AUD,20Y,6M BBSW,4.538550259561426
2022-10-26,AUD,20Y,6M BBSW,4.630526368914881
2022-10-25,AUD,20Y,6M BBSW,4.779806042354766
2022-10-24,AUD,20Y,6M BBSW,4.873517391259323
2022-10-21,AUD,20Y,6M BBSW,4.833463473939251
2022-10-20,AUD,20Y,6M BBSW,4.665890143096534
2022-10-19,AUD,20Y,6M BBSW,4.530437214312679
2022-10-18,AUD,20Y,6M BBSW,4.501417612014905
2022-10-17,AUD,20Y,6M BBSW,4.578552192335417
2022-10-14,AUD,20Y,6M BBSW,4.571207765918805
2022-10-13,AUD,20Y,6M BBSW,4.5109243431848
2022-10-12,AUD,20Y,6M BBSW,4.475630466321775
2022-10-11,AUD,20Y,6M BBSW,4.515181045535686
2022-10-10,AUD,20Y,6M BBSW,4.392271433176983
2022-10-07,AUD,20Y,6M BBSW,4.399618742261532
2022-10-06,AUD,20Y,6M BBSW,4.281788545053034
2022-10-05,AUD,20Y,6M BBSW,4.128916489891922
2022-10-04,AUD,20Y,6M BBSW,4.113558577324576
2022-09-30,AUD,20Y,6M BBSW,4.362647428731468
2022-09-29,AUD,20Y,6M BBSW,4.306163393989719
2022-09-28,AUD,20Y,6M BBSW,4.504349161099566
2022-09-27,AUD,20Y,6M BBSW,4.433974602193813
2022-09-26,AUD,20Y,6M BBSW,4.319698211144843
2022-09-23,AUD,20Y,6M BBSW,4.302206708413324
2022-09-21,AUD,20Y,6M BBSW,4.168136616132183
2022-09-20,AUD,20Y,6M BBSW,4.066582849140113
2022-09-19,AUD,20Y,6M BBSW,4.118642264994993
2022-09-16,AUD,20Y,6M BBSW,4.15597175324875
2022-09-15,AUD,20Y,6M BBSW,4.124195263035666
2022-09-14,AUD,20Y,6M BBSW,4.144618403485555
2022-09-13,AUD,20Y,6M BBSW,4.08608014675803
2022-09-12,AUD,20Y,6M BBSW,4.073844857761798
2022-09-09,AUD,20Y,6M BBSW,4.048784973815075
2022-09-08,AUD,20Y,6M BBSW,4.051000944205134
2022-09-07,AUD,20Y,6M BBSW,4.184432467772103
2022-09-06,AUD,20Y,6M BBSW,4.054082910959441
2022-09-05,AUD,20Y,6M BBSW,4.082345029121452
2022-09-02,AUD,20Y,6M BBSW,4.054782714931712
2022-09-01,AUD,20Y,6M BBSW,4.148492396137423
2022-08-31,AUD,20Y,6M BBSW,4.035931262638695
2022-08-30,AUD,20Y,6M BBSW,4.07546760344265
2022-08-29,AUD,20Y,6M BBSW,4.156206634877316
2022-08-26,AUD,20Y,6M BBSW,4.030997470796589
2022-08-25,AUD,20Y,6M BBSW,4.148503289606983
2022-08-24,AUD,20Y,6M BBSW,4.07322381835179
2022-08-23,AUD,20Y,6M BBSW,4.077876717136404
2022-08-22,AUD,20Y,6M BBSW,3.999826781078633
2022-08-19,AUD,20Y,6M BBSW,3.89231347426876
2022-08-18,AUD,20Y,6M BBSW,3.74983916838339
2022-08-17,AUD,20Y,6M BBSW,3.671986273532661
2022-08-16,AUD,20Y,6M BBSW,3.646661967629954
2022-08-15,AUD,20Y,6M BBSW,3.800174134294578
2022-08-12,AUD,20Y,6M BBSW,3.809823173853504
2022-08-11,AUD,20Y,6M BBSW,3.7436394597257
2022-08-10,AUD,20Y,6M BBSW,3.658288571696392
2022-08-09,AUD,20Y,6M BBSW,3.621668340861453
2022-08-08,AUD,20Y,6M BBSW,3.633657034591716
2022-08-05,AUD,20Y,6M BBSW,3.698546584119097
2022-08-04,AUD,20Y,6M BBSW,3.620629313264893
2022-08-03,AUD,20Y,6M BBSW,3.532906540557931
2022-08-02,AUD,20Y,6M BBSW,3.529986631526229
2022-07-29,AUD,20Y,6M BBSW,3.562341945514627
2022-07-28,AUD,20Y,6M BBSW,3.638621538634569
2022-07-27,AUD,20Y,6M BBSW,3.706931796321396
2022-07-26,AUD,20Y,6M BBSW,3.798872921278619
2022-07-25,AUD,20Y,6M BBSW,3.788586678018047
2022-07-22,AUD,20Y,6M BBSW,3.721031671937404
2022-07-21,AUD,20Y,6M BBSW,3.971021856630573
2022-07-20,AUD,20Y,6M BBSW,4.0056361490256
2022-07-19,AUD,20Y,6M BBSW,3.969097977769377
2022-07-18,AUD,20Y,6M BBSW,3.892333894585758
2022-07-15,AUD,20Y,6M BBSW,3.902688582824487
2022-07-14,AUD,20Y,6M BBSW,3.908802497868306
2022-07-13,AUD,20Y,6M BBSW,3.919451159549823
2022-07-12,AUD,20Y,6M BBSW,3.911609059568775
2022-07-11,AUD,20Y,6M BBSW,4.071016829879286
2022-07-08,AUD,20Y,6M BBSW,4.001003619191549
2022-07-07,AUD,20Y,6M BBSW,3.917325777633997
2022-07-06,AUD,20Y,6M BBSW,3.860659127045017
2022-07-05,AUD,20Y,6M BBSW,4.049081549543443
2022-07-04,AUD,20Y,6M BBSW,3.909831499092568
2022-07-01,AUD,20Y,6M BBSW,3.90576169176672
2022-06-30,AUD,20Y,6M BBSW,4.138914696090101
2022-06-29,AUD,20Y,6M BBSW,4.180828912126388
2022-06-28,AUD,20Y,6M BBSW,4.121495933984851
2022-06-27,AUD,20Y,6M BBSW,4.140992866312013
2022-06-24,AUD,20Y,6M BBSW,4.105858936702288
2022-06-23,AUD,20Y,6M BBSW,4.195906991288449
2022-06-22,AUD,20Y,6M BBSW,4.328198982342939
2022-06-21,AUD,20Y,6M BBSW,4.425188138289753
2022-06-20,AUD,20Y,6M BBSW,4.377296722161342
2022-06-17,AUD,20Y,6M BBSW,4.532248298842079
2022-06-16,AUD,20Y,6M BBSW,4.552252461450004
2022-06-15,AUD,20Y,6M BBSW,4.484337517634384
2022-06-14,AUD,20Y,6M BBSW,4.289165977911829
2022-06-10,AUD,20Y,6M BBSW,4.10368890230427
2022-06-09,AUD,20Y,6M BBSW,3.924361501422609
2022-06-08,AUD,20Y,6M BBSW,3.886520636926304
2022-06-07,AUD,20Y,6M BBSW,3.898687150502823
2022-06-06,AUD,20Y,6M BBSW,3.838619899228666
2022-06-03,AUD,20Y,6M BBSW,3.84232168486235
2022-06-02,AUD,20Y,6M BBSW,3.837321515284987
2022-06-01,AUD,20Y,6M BBSW,3.75818358368647
2022-05-31,AUD,20Y,6M BBSW,3.714305004706326
2022-05-30,AUD,20Y,6M BBSW,3.572572996220133
2022-05-27,AUD,20Y,6M BBSW,3.574843322711762
2022-05-26,AUD,20Y,6M BBSW,3.518659065761631
2022-05-25,AUD,20Y,6M BBSW,3.522006434615214
2022-05-24,AUD,20Y,6M BBSW,3.592971068635902
2022-05-23,AUD,20Y,6M BBSW,3.566159465669874
2022-05-20,AUD,20Y,6M BBSW,3.531048414486833
2022-05-19,AUD,20Y,6M BBSW,3.724841965796403
2022-05-18,AUD,20Y,6M BBSW,3.759471698675036
2022-05-17,AUD,20Y,6M BBSW,3.735345646801288
2022-05-16,AUD,20Y,6M BBSW,3.634853592072167
2022-05-13,AUD,20Y,6M BBSW,3.676035497838011
2022-05-12,AUD,20Y,6M BBSW,3.732341850857353
2022-05-11,AUD,20Y,6M BBSW,3.778265363672115
2022-05-10,AUD,20Y,6M BBSW,3.782929968553127
2022-05-09,AUD,20Y,6M BBSW,3.794840414388988
2022-05-06,AUD,20Y,6M BBSW,3.826118622874984
2022-05-05,AUD,20Y,6M BBSW,3.677345747852624
2022-05-04,AUD,20Y,6M BBSW,3.739468370692815
2022-05-03,AUD,20Y,6M BBSW,3.564174238502653
2022-05-02,AUD,20Y,6M BBSW,3.556158691928699
2022-04-29,AUD,20Y,6M BBSW,3.567436821999109
2022-04-28,AUD,20Y,6M BBSW,3.426054873822989
2022-04-27,AUD,20Y,6M BBSW,3.388332863009338
2022-04-26,AUD,20Y,6M BBSW,3.366702815793419
2022-04-22,AUD,20Y,6M BBSW,3.386048056965139
2022-04-21,AUD,20Y,6M BBSW,3.353635736302501
2022-04-20,AUD,20Y,6M BBSW,3.378311962939415
2022-04-19,AUD,20Y,6M BBSW,3.330356559437925
2022-04-14,AUD,20Y,6M BBSW,3.252501565973296
2022-04-13,AUD,20Y,6M BBSW,3.274535914014319
2022-04-12,AUD,20Y,6M BBSW,3.29550920146506
2022-04-11,AUD,20Y,6M BBSW,3.229827026414885
2022-04-08,AUD,20Y,6M BBSW,3.219839447867448
2022-04-07,AUD,20Y,6M BBSW,3.149479178848035
2022-04-06,AUD,20Y,6M BBSW,3.204181971319432
2022-04-05,AUD,20Y,6M BBSW,3.038902761293383
2022-04-04,AUD,20Y,6M BBSW,3.083596015499341
2022-04-01,AUD,20Y,6M BBSW,3.106009825844416
2022-03-31,AUD,20Y,6M BBSW,3.030134901224568
2022-03-30,AUD,20Y,6M BBSW,3.045970744986674
2022-03-29,AUD,20Y,6M BBSW,3.140607202536277
2022-03-28,AUD,20Y,6M BBSW,3.179869059456452
2022-03-25,AUD,20Y,6M BBSW,3.17117317869319
2022-03-24,AUD,20Y,6M BBSW,3.022390051613588
2022-03-23,AUD,20Y,6M BBSW,3.067046304290053
2022-03-22,AUD,20Y,6M BBSW,2.999287696065993
2022-03-21,AUD,20Y,6M BBSW,2.847407233639647
2022-03-18,AUD,20Y,6M BBSW,2.818606578553824
2022-03-17,AUD,20Y,6M BBSW,2.812409486407089
2022-03-16,AUD,20Y,6M BBSW,2.800811424201928
2022-03-15,AUD,20Y,6M BBSW,2.843283509054537
2022-03-14,AUD,20Y,6M BBSW,2.749995484205132
2022-03-11,AUD,20Y,6M BBSW,2.698912837536397
2022-03-10,AUD,20Y,6M BBSW,2.692916236798546
2022-03-09,AUD,20Y,6M BBSW,2.681628331407832
2022-03-08,AUD,20Y,6M BBSW,2.604375366294188
2022-03-07,AUD,20Y,6M BBSW,2.487429245127372
2022-03-04,AUD,20Y,6M BBSW,2.474927159897904
2022-03-03,AUD,20Y,6M BBSW,2.526126380748187
2022-03-02,AUD,20Y,6M BBSW,2.448463147951602
2022-03-01,AUD,20Y,6M BBSW,2.519393954707098
2022-02-28,AUD,20Y,6M BBSW,2.501195937913267
2022-02-25,AUD,20Y,6M BBSW,2.56862044122425
2022-02-24,AUD,20Y,6M BBSW,2.486118918784624
2022-02-23,AUD,20Y,6M BBSW,2.554658261451755
2022-02-22,AUD,20Y,6M BBSW,2.524402534442704
2022-02-21,AUD,20Y,6M BBSW,2.534924864509448
2022-02-18,AUD,20Y,6M BBSW,2.513723954468229
2022-02-17,AUD,20Y,6M BBSW,2.522416769963889
2022-02-16,AUD,20Y,6M BBSW,2.535860050053558
2022-02-15,AUD,20Y,6M BBSW,2.525279357999253
2022-02-14,AUD,20Y,6M BBSW,2.4775088549767
2022-02-11,AUD,20Y,6M BBSW,2.557421163369046
2022-02-10,AUD,20Y,6M BBSW,2.449921634039117
2022-02-09,AUD,20Y,6M BBSW,2.465870391205659
2022-02-08,AUD,20Y,6M BBSW,2.473214356715653
2022-02-07,AUD,20Y,6M BBSW,2.348722937873992
2022-02-04,AUD,20Y,6M BBSW,2.384894923530258
2022-02-03,AUD,20Y,6M BBSW,2.252404586627287
2022-02-02,AUD,20Y,6M BBSW,2.284664305554762
2022-02-01,AUD,20Y,6M BBSW,2.25323492806275
2022-01-31,AUD,20Y,6M BBSW,2.275053877801713
2022-01-28,AUD,20Y,6M BBSW,2.287426915595872
2022-01-27,AUD,20Y,6M BBSW,2.374654008122109
2022-01-25,AUD,20Y,6M BBSW,2.304183941914006
2022-01-24,AUD,20Y,6M BBSW,2.287426911718763
2022-01-21,AUD,20Y,6M BBSW,2.239939796211008
2022-01-20,AUD,20Y,6M BBSW,2.324929709481176
2022-01-19,AUD,20Y,6M BBSW,2.332188567159188
2022-01-18,AUD,20Y,6M BBSW,2.311950321230609
2022-01-17,AUD,20Y,6M BBSW,2.281138278025909
2022-01-14,AUD,20Y,6M BBSW,2.258796191067878
2022-01-13,AUD,20Y,6M BBSW,2.242434911351656
2022-01-12,AUD,20Y,6M BBSW,2.230902075849976
2022-01-11,AUD,20Y,6M BBSW,2.306952351230556
2022-01-10,AUD,20Y,6M BBSW,2.339934503929141
2022-01-07,AUD,20Y,6M BBSW,2.314936310580097
2022-01-06,AUD,20Y,6M BBSW,2.297432259782282
2022-01-05,AUD,20Y,6M BBSW,2.229703229736663
2022-01-04,AUD,20Y,6M BBSW,2.174480587279664
2021-12-31,AUD,20Y,6M BBSW,2.1250568458672
2021-12-30,AUD,20Y,6M BBSW,2.110029264326634
2021-12-29,AUD,20Y,6M BBSW,2.019754235589879
2021-12-24,AUD,20Y,6M BBSW,2.047415091946985
2021-12-23,AUD,20Y,6M BBSW,2.069925639530887
2021-12-22,AUD,20Y,6M BBSW,2.072221158816848
2021-12-21,AUD,20Y,6M BBSW,2.074496008680927
2021-12-20,AUD,20Y,6M BBSW,2.022454966711346
2021-12-17,AUD,20Y,6M BBSW,2.042448318984107
2021-12-16,AUD,20Y,6M BBSW,2.009948407599426
2021-12-15,AUD,20Y,6M BBSW,2.014953239540745
2021-12-14,AUD,20Y,6M BBSW,2.018175647468987
2021-12-13,AUD,20Y,6M BBSW,2.056937196195537
2021-12-10,AUD,20Y,6M BBSW,2.078919731213527
2021-12-09,AUD,20Y,6M BBSW,2.08041693738872
2021-12-08,AUD,20Y,6M BBSW,2.07849518689473
2021-12-07,AUD,20Y,6M BBSW,2.064482376990039
2021-12-06,AUD,20Y,6M BBSW,2.068646828546674
2021-12-03,AUD,20Y,6M BBSW,2.003749399946494
2021-12-02,AUD,20Y,6M BBSW,2.177439052713122
2021-12-01,AUD,20Y,6M BBSW,2.227200866540711
2021-11-30,AUD,20Y,6M BBSW,2.207764378043617
2021-11-29,AUD,20Y,6M BBSW,2.233774327647693
2021-11-26,AUD,20Y,6M BBSW,2.11494612763123
2021-11-25,AUD,20Y,6M BBSW,2.319929752045297
2021-11-24,AUD,20Y,6M BBSW,2.328490297799975
2021-11-23,AUD,20Y,6M BBSW,2.398234406522039
2021-11-22,AUD,20Y,6M BBSW,2.318636046338189
2021-11-19,AUD,20Y,6M BBSW,2.263738254548101
2021-11-18,AUD,20Y,6M BBSW,2.25493402934453
2021-11-17,AUD,20Y,6M BBSW,2.297193914917939
2021-11-16,AUD,20Y,6M BBSW,2.289457380321218
2021-11-15,AUD,20Y,6M BBSW,2.240050809377494
2021-11-12,AUD,20Y,6M BBSW,2.261138584138258
2021-11-11,AUD,20Y,6M BBSW,2.291232532158063
2021-11-10,AUD,20Y,6M BBSW,2.209706581707074
2021-11-09,AUD,20Y,6M BBSW,2.256966438278879
2021-11-08,AUD,20Y,6M BBSW,2.229939893875875
2021-11-05,AUD,20Y,6M BBSW,2.247439394206327
2021-11-04,AUD,20Y,6M BBSW,2.283732259079585
2021-11-03,AUD,20Y,6M BBSW,2.242201967931858
2021-11-02,AUD,20Y,6M BBSW,2.381939878216155
2021-11-01,AUD,20Y,6M BBSW,2.36373281742566
2021-10-29,AUD,20Y,6M BBSW,2.337469077852296
2021-10-28,AUD,20Y,6M BBSW,2.284933020503026
2021-10-27,AUD,20Y,6M BBSW,2.239701190807707
2021-10-26,AUD,20Y,6M BBSW,2.193173461070218
2021-10-25,AUD,20Y,6M BBSW,2.168674684518088
2021-10-22,AUD,20Y,6M BBSW,2.179936982180647
2021-10-21,AUD,20Y,6M BBSW,2.234925498018425
2021-10-20,AUD,20Y,6M BBSW,2.232193348718768
2021-10-19,AUD,20Y,6M BBSW,2.16315564380355
2021-10-18,AUD,20Y,6M BBSW,2.19492731077524
2021-10-15,AUD,20Y,6M BBSW,2.130059239114593
2021-10-14,AUD,20Y,6M BBSW,2.067497208467469
2021-10-13,AUD,20Y,6M BBSW,2.11721240608082
2021-10-12,AUD,20Y,6M BBSW,2.149482119047081
2021-10-11,AUD,20Y,6M BBSW,2.157414589995884
2021-10-08,AUD,20Y,6M BBSW,2.129931248431715
2021-10-07,AUD,20Y,6M BBSW,2.044702008997713
2021-10-06,AUD,20Y,6M BBSW,2.064483547434098
2021-10-05,AUD,20Y,6M BBSW,2.026771398446308
2021-10-01,AUD,20Y,6M BBSW,2.018621883104922
2021-09-30,AUD,20Y,6M BBSW,2.000032394819803
2021-09-29,AUD,20Y,6M BBSW,1.999957904133092
2021-09-28,AUD,20Y,6M BBSW,1.984522797192154
2021-09-27,AUD,20Y,6M BBSW,1.922446856588105
2021-09-24,AUD,20Y,6M BBSW,1.897454536334023
2021-09-23,AUD,20Y,6M BBSW,1.779950170123844
2021-09-22,AUD,20Y,6M BBSW,1.809760755244541
2021-09-21,AUD,20Y,6M BBSW,1.815765767232851
2021-09-20,AUD,20Y,6M BBSW,1.823757527292835
2021-09-17,AUD,20Y,6M BBSW,1.83876023014108
2021-09-16,AUD,20Y,6M BBSW,1.804959659008013
2021-09-15,AUD,20Y,6M BBSW,1.758501425418539
2021-09-14,AUD,20Y,6M BBSW,1.814280838350576
2021-09-13,AUD,20Y,6M BBSW,1.781959539544016
2021-09-10,AUD,20Y,6M BBSW,1.784962297854277
2021-09-09,AUD,20Y,6M BBSW,1.782960491987511
2021-09-08,AUD,20Y,6M BBSW,1.788564138402212
2021-09-07,AUD,20Y,6M BBSW,1.767076174841831
2021-09-06,AUD,20Y,6M BBSW,1.758760538875875
2021-09-03,AUD,20Y,6M BBSW,1.752463535845301
2021-09-02,AUD,20Y,6M BBSW,1.729962996514963
2021-09-01,AUD,20Y,6M BBSW,1.767267043682013
2021-08-31,AUD,20Y,6M BBSW,1.67902228237834
2021-08-30,AUD,20Y,6M BBSW,1.69751759503676
2021-08-27,AUD,20Y,6M BBSW,1.683781179705439
2021-08-26,AUD,20Y,6M BBSW,1.694961434623471
2021-08-25,AUD,20Y,6M BBSW,1.6897782749586
2021-08-24,AUD,20Y,6M BBSW,1.663396332709702
2021-08-23,AUD,20Y,6M BBSW,1.638767643787992
2021-08-20,AUD,20Y,6M BBSW,1.603771984180596
2021-08-19,AUD,20Y,6M BBSW,1.628664101786391
2021-08-18,AUD,20Y,6M BBSW,1.657282479643412
2021-08-17,AUD,20Y,6M BBSW,1.664595855138236
2021-08-16,AUD,20Y,6M BBSW,1.642467674416294
2021-08-13,AUD,20Y,6M BBSW,1.679969236839031
2021-08-12,AUD,20Y,6M BBSW,1.678761938665792
2021-08-11,AUD,20Y,6M BBSW,1.709775548339554
2021-08-10,AUD,20Y,6M BBSW,1.698388626715264
2021-08-09,AUD,20Y,6M BBSW,1.75116329268535
2021-08-06,AUD,20Y,6M BBSW,1.713755130838761
2021-08-05,AUD,20Y,6M BBSW,1.675959445177546
2021-08-04,AUD,20Y,6M BBSW,1.670777881336232
2021-08-03,AUD,20Y,6M BBSW,1.653100174275685
2021-07-30,AUD,20Y,6M BBSW,1.694996095112527
2021-07-29,AUD,20Y,6M BBSW,1.636164463181337
2021-07-28,AUD,20Y,6M BBSW,1.653576660643868
2021-07-27,AUD,20Y,6M BBSW,1.677082304395625
2021-07-26,AUD,20Y,6M BBSW,1.669915581873683
2021-07-23,AUD,20Y,6M BBSW,1.678769340829108
2021-07-22,AUD,20Y,6M BBSW,1.68116217204117
2021-07-21,AUD,20Y,6M BBSW,1.660981991535498
2021-07-20,AUD,20Y,6M BBSW,1.644599591460593
2021-07-19,AUD,20Y,6M BBSW,1.721164496857157
2021-07-16,AUD,20Y,6M BBSW,1.741167038203886
2021-07-15,AUD,20Y,6M BBSW,1.790038039271824
2021-07-14,AUD,20Y,6M BBSW,1.834800614990139
2021-07-13,AUD,20Y,6M BBSW,1.820762315518526
2021-07-12,AUD,20Y,6M BBSW,1.794961174078853
2021-07-09,AUD,20Y,6M BBSW,1.849962558446242
2021-07-08,AUD,20Y,6M BBSW,1.823755299923381
2021-07-07,AUD,20Y,6M BBSW,1.848557823690258
2021-07-06,AUD,20Y,6M BBSW,1.943335880263372
2021-07-05,AUD,20Y,6M BBSW,1.947454484200118
2021-07-02,AUD,20Y,6M BBSW,1.968740172628075
2021-07-01,AUD,20Y,6M BBSW,2.004877359930429
2021-06-30,AUD,20Y,6M BBSW,1.996649788088266
2021-06-29,AUD,20Y,6M BBSW,1.982686792899171
2021-06-28,AUD,20Y,6M BBSW,2.04243606598369
2021-06-25,AUD,20Y,6M BBSW,2.036001351282624
2021-06-24,AUD,20Y,6M BBSW,1.993723537928545
2021-06-23,AUD,20Y,6M BBSW,1.993519882116121
2021-06-22,AUD,20Y,6M BBSW,2.022021156614766
2021-06-21,AUD,20Y,6M BBSW,1.912458499126956
2021-06-18,AUD,20Y,6M BBSW,2.017449714969919
2021-06-17,AUD,20Y,6M BBSW,2.131146879186529
2021-06-16,AUD,20Y,6M BBSW,2.078426352253781
2021-06-15,AUD,20Y,6M BBSW,2.035361240886842
2021-06-11,AUD,20Y,6M BBSW,2.054423095752793
2021-06-10,AUD,20Y,6M BBSW,2.00771639708071
2021-06-09,AUD,20Y,6M BBSW,2.109474031066557
2021-06-08,AUD,20Y,6M BBSW,2.189237934660054
2021-06-07,AUD,20Y,6M BBSW,2.172428508707234
2021-06-04,AUD,20Y,6M BBSW,2.231238993571582
2021-06-03,AUD,20Y,6M BBSW,2.182444971045967
2021-06-02,AUD,20Y,6M BBSW,2.245905039325023
2021-06-01,AUD,20Y,6M BBSW,2.239480573680068
2021-05-31,AUD,20Y,6M BBSW,2.236257840637339
2021-05-28,AUD,20Y,6M BBSW,2.213746349197511
2021-05-27,AUD,20Y,6M BBSW,2.188735691786462
2021-05-26,AUD,20Y,6M BBSW,2.203516256963787
2021-05-25,AUD,20Y,6M BBSW,2.228281802211206
2021-05-24,AUD,20Y,6M BBSW,2.253738333562856
2021-05-21,AUD,20Y,6M BBSW,2.254944734407684
2021-05-20,AUD,20Y,6M BBSW,2.282431008815319
2021-05-19,AUD,20Y,6M BBSW,2.306003523856679
2021-05-18,AUD,20Y,6M BBSW,2.315764335006588
2021-05-17,AUD,20Y,6M BBSW,2.283736503716616
2021-05-14,AUD,20Y,6M BBSW,2.308691864754258
2021-05-13,AUD,20Y,6M BBSW,2.318628918977026
2021-05-12,AUD,20Y,6M BBSW,2.290905395434296
2021-05-11,AUD,20Y,6M BBSW,2.248277262530651
2021-05-10,AUD,20Y,6M BBSW,2.237439083587347
2021-05-07,AUD,20Y,6M BBSW,2.198747549965475
2021-05-06,AUD,20Y,6M BBSW,2.223734363765436
2021-05-05,AUD,20Y,6M BBSW,2.24220756255022
2021-05-04,AUD,20Y,6M BBSW,2.241978339227481
2021-05-03,AUD,20Y,6M BBSW,2.267437346809709
2021-04-30,AUD,20Y,6M BBSW,2.261232864650268
2021-04-29,AUD,20Y,6M BBSW,2.206172707077055
2021-04-28,AUD,20Y,6M BBSW,2.197210805558289
2021-04-27,AUD,20Y,6M BBSW,2.206986120504051
2021-04-26,AUD,20Y,6M BBSW,2.204940999996543
2021-04-23,AUD,20Y,6M BBSW,2.213717431768485
2021-04-22,AUD,20Y,6M BBSW,2.177213517706632
2021-04-21,AUD,20Y,6M BBSW,2.214470906954852
2021-04-20,AUD,20Y,6M BBSW,2.249237342835761
2021-04-19,AUD,20Y,6M BBSW,2.202806056822897
2021-04-16,AUD,20Y,6M BBSW,2.231128569443269
2021-04-15,AUD,20Y,6M BBSW,2.270072248142088
2021-04-14,AUD,20Y,6M BBSW,2.254766649010657
2021-04-13,AUD,20Y,6M BBSW,2.314456373730343
2021-04-12,AUD,20Y,6M BBSW,2.259932930883059
2021-04-09,AUD,20Y,6M BBSW,2.27742865110701
2021-04-08,AUD,20Y,6M BBSW,2.224925802651484
2021-04-07,AUD,20Y,6M BBSW,2.245876516759523
2021-04-06,AUD,20Y,6M BBSW,2.281943227072521
2021-04-01,AUD,20Y,6M BBSW,2.338694139156801
2021-03-31,AUD,20Y,6M BBSW,2.376762405630189
2021-03-30,AUD,20Y,6M BBSW,2.359083035327384
2021-03-29,AUD,20Y,6M BBSW,2.276165606481366
2021-03-26,AUD,20Y,6M BBSW,2.292400265687974
2021-03-25,AUD,20Y,6M BBSW,2.271126739101266
2021-03-24,AUD,20Y,6M BBSW,2.225909809773759
2021-03-23,AUD,20Y,6M BBSW,2.308149083353677
2021-03-22,AUD,20Y,6M BBSW,2.406128754081126
2021-03-19,AUD,20Y,6M BBSW,2.406137241741194
2021-03-18,AUD,20Y,6M BBSW,2.383624661759653
2021-03-17,AUD,20Y,6M BBSW,2.295904681075097
2021-03-16,AUD,20Y,6M BBSW,2.261973424606397
2021-03-15,AUD,20Y,6M BBSW,2.346557808122777
2021-03-12,AUD,20Y,6M BBSW,2.327940971002472
2021-03-11,AUD,20Y,6M BBSW,2.171437234777257
2021-03-10,AUD,20Y,6M BBSW,2.237710949174969
2021-03-09,AUD,20Y,6M BBSW,2.324958688931422
2021-03-08,AUD,20Y,6M BBSW,2.309935095590673
2021-03-05,AUD,20Y,6M BBSW,2.319942743446572
2021-03-04,AUD,20Y,6M BBSW,2.346127164859991
2021-03-03,AUD,20Y,6M BBSW,2.228512865310048
2021-03-02,AUD,20Y,6M BBSW,2.254473630129723
2021-03-01,AUD,20Y,6M BBSW,2.142444167733205
2021-02-26,AUD,20Y,6M BBSW,2.237437143447695
2021-02-25,AUD,20Y,6M BBSW,2.23114307653229
2021-02-24,AUD,20Y,6M BBSW,2.146023683721116
2021-02-23,AUD,20Y,6M BBSW,2.124503682083712
2021-02-22,AUD,20Y,6M BBSW,2.157447716613132
2021-02-19,AUD,20Y,6M BBSW,2.074944005723954
2021-02-18,AUD,20Y,6M BBSW,1.934956608055113
2021-02-17,AUD,20Y,6M BBSW,1.967248052256749
2021-02-16,AUD,20Y,6M BBSW,1.902051200772762
2021-02-15,AUD,20Y,6M BBSW,1.88754401094466
2021-02-12,AUD,20Y,6M BBSW,1.782458403878907
2021-02-11,AUD,20Y,6M BBSW,1.747464253810347
2021-02-10,AUD,20Y,6M BBSW,1.775971908346666
2021-02-09,AUD,20Y,6M BBSW,1.78837497090192
2021-02-08,AUD,20Y,6M BBSW,1.832462750949105
2021-02-05,AUD,20Y,6M BBSW,1.813738243892731
2021-02-04,AUD,20Y,6M BBSW,1.782442944040676
2021-02-03,AUD,20Y,6M BBSW,1.723563222618307
2021-02-02,AUD,20Y,6M BBSW,1.679578853194753
2021-02-01,AUD,20Y,6M BBSW,1.6811514792257
2021-01-29,AUD,20Y,6M BBSW,1.692462305716624
2021-01-28,AUD,20Y,6M BBSW,1.592287597428867
2021-01-27,AUD,20Y,6M BBSW,1.60080726443493
2021-01-25,AUD,20Y,6M BBSW,1.624961296775384
2021-01-22,AUD,20Y,6M BBSW,1.59246619615568
2021-01-21,AUD,20Y,6M BBSW,1.569970618304893
2021-01-20,AUD,20Y,6M BBSW,1.589795186627507
2021-01-19,AUD,20Y,6M BBSW,1.588317360877242
2021-01-18,AUD,20Y,6M BBSW,1.572473034833331
2021-01-15,AUD,20Y,6M BBSW,1.590032984570324
2021-01-14,AUD,20Y,6M BBSW,1.59620256641729
2021-01-13,AUD,20Y,6M BBSW,1.618591692452766
2021-01-12,AUD,20Y,6M BBSW,1.635807326956265
2021-01-11,AUD,20Y,6M BBSW,1.609971994342727
2021-01-08,AUD,20Y,6M BBSW,1.618765117293737
2021-01-07,AUD,20Y,6M BBSW,1.566170625391863
2021-01-06,AUD,20Y,6M BBSW,1.512304823233476
2021-01-05,AUD,20Y,6M BBSW,1.429651700356532
2021-01-04,AUD,20Y,6M BBSW,1.472476437959254
2020-12-31,AUD,20Y,6M BBSW,1.483724303916423
2020-12-30,AUD,20Y,6M BBSW,1.483544013006726
2020-12-29,AUD,20Y,6M BBSW,1.462155240141966
2020-12-24,AUD,20Y,6M BBSW,1.482456950524311
2020-12-23,AUD,20Y,6M BBSW,1.411006422557572
2020-12-22,AUD,20Y,6M BBSW,1.439651731980863
2020-12-21,AUD,20Y,6M BBSW,1.447476164278654
2020-12-18,AUD,20Y,6M BBSW,1.482472484796781
2020-12-17,AUD,20Y,6M BBSW,1.462474124407123
2020-12-16,AUD,20Y,6M BBSW,1.454808869880325
2020-12-15,AUD,20Y,6M BBSW,1.449845296796849
2020-12-14,AUD,20Y,6M BBSW,1.443193543812055
2020-12-11,AUD,20Y,6M BBSW,1.430961217804128
2020-12-10,AUD,20Y,6M BBSW,1.504460018961359
2020-12-09,AUD,20Y,6M BBSW,1.534784223285443
2020-12-08,AUD,20Y,6M BBSW,1.522123370758894
2020-12-07,AUD,20Y,6M BBSW,1.51996563762028
2020-12-04,AUD,20Y,6M BBSW,1.539970454033399
2020-12-03,AUD,20Y,6M BBSW,1.483773597814457
2020-12-02,AUD,20Y,6M BBSW,1.489804623103523
2020-12-01,AUD,20Y,6M BBSW,1.408459570183179
2020-11-30,AUD,20Y,6M BBSW,1.402509383406427
2020-11-27,AUD,20Y,6M BBSW,1.397473710142471
2020-11-26,AUD,20Y,6M BBSW,1.411176017701572
2020-11-25,AUD,20Y,6M BBSW,1.422316293085632
2020-11-24,AUD,20Y,6M BBSW,1.380862732987521
2020-11-23,AUD,20Y,6M BBSW,1.328781194199477
2020-11-20,AUD,20Y,6M BBSW,1.353775343150817
2020-11-19,AUD,20Y,6M BBSW,1.389976769011294
2020-11-18,AUD,20Y,6M BBSW,1.384821308228508
2020-11-17,AUD,20Y,6M BBSW,1.424653292361712
2020-11-16,AUD,20Y,6M BBSW,1.342480937882879
2020-11-13,AUD,20Y,6M BBSW,1.342475773542388
2020-11-12,AUD,20Y,6M BBSW,1.372477208619383
2020-11-11,AUD,20Y,6M BBSW,1.457312148293588
2020-11-10,AUD,20Y,6M BBSW,1.372164711352108
2020-11-09,AUD,20Y,6M BBSW,1.222484099757243
2020-11-06,AUD,20Y,6M BBSW,1.223679956488856
2020-11-05,AUD,20Y,6M BBSW,1.177483292623072
2020-11-04,AUD,20Y,6M BBSW,1.234839877801393
2020-11-03,AUD,20Y,6M BBSW,1.178507787379897
2020-11-02,AUD,20Y,6M BBSW,1.208784388296825
2020-10-30,AUD,20Y,6M BBSW,1.23000983303672
2020-10-29,AUD,20Y,6M BBSW,1.182491163713353
2020-10-28,AUD,20Y,6M BBSW,1.182343904584728
2020-10-27,AUD,20Y,6M BBSW,1.180908433634115
2020-10-26,AUD,20Y,6M BBSW,1.201182993831251
2020-10-23,AUD,20Y,6M BBSW,1.201174319509094
2020-10-22,AUD,20Y,6M BBSW,1.218780837873452
2020-10-21,AUD,20Y,6M BBSW,1.196040223008209
2020-10-20,AUD,20Y,6M BBSW,1.143515328762375
2020-10-19,AUD,20Y,6M BBSW,1.141180370409901
2020-10-16,AUD,20Y,6M BBSW,1.104982091892228
2020-10-15,AUD,20Y,6M BBSW,1.140019048138486
2020-10-14,AUD,20Y,6M BBSW,1.181061406783886
2020-10-13,AUD,20Y,6M BBSW,1.190903554201155
2020-10-12,AUD,20Y,6M BBSW,1.196181539162391
2020-10-09,AUD,20Y,6M BBSW,1.199979139191133
2020-10-08,AUD,20Y,6M BBSW,1.202476587301075
2020-10-07,AUD,20Y,6M BBSW,1.174836946765411
2020-10-06,AUD,20Y,6M BBSW,1.205894838918793
2020-10-02,AUD,20Y,6M BBSW,1.179968731352278
2020-10-01,AUD,20Y,6M BBSW,1.177333746377691
2020-09-30,AUD,20Y,6M BBSW,1.141479292275074
2020-09-29,AUD,20Y,6M BBSW,1.125124849778831
2020-09-28,AUD,20Y,6M BBSW,1.126184196675788
2020-09-25,AUD,20Y,6M BBSW,1.126181745701593
2020-09-24,AUD,20Y,6M BBSW,1.15748272081925
2020-09-23,AUD,20Y,6M BBSW,1.158644113123635
2020-09-22,AUD,20Y,6M BBSW,1.192203641954578
2020-09-21,AUD,20Y,6M BBSW,1.203784492521945
2020-09-18,AUD,20Y,6M BBSW,1.218780060990073
2020-09-17,AUD,20Y,6M BBSW,1.194982953925471
2020-09-16,AUD,20Y,6M BBSW,1.179846085576336
2020-09-15,AUD,20Y,6M BBSW,1.169270073631959
2020-09-14,AUD,20Y,6M BBSW,1.19449631252763
2020-09-11,AUD,20Y,6M BBSW,1.195780837148236
2020-09-10,AUD,20Y,6M BBSW,1.232981809777928
2020-09-09,AUD,20Y,6M BBSW,1.195343808866495
2020-09-08,AUD,20Y,6M BBSW,1.242191892631331
2020-09-07,AUD,20Y,6M BBSW,1.256182970630302
2020-09-04,AUD,20Y,6M BBSW,1.238779677929262
2020-09-03,AUD,20Y,6M BBSW,1.202482692774361
2020-09-02,AUD,20Y,6M BBSW,1.229839671057082
2020-09-01,AUD,20Y,6M BBSW,1.272185192070455
2020-08-31,AUD,20Y,6M BBSW,1.261220242072749
2020-08-28,AUD,20Y,6M BBSW,1.29249749810117
2020-08-27,AUD,20Y,6M BBSW,1.156191447543956
2020-08-26,AUD,20Y,6M BBSW,1.17984202593381
2020-08-25,AUD,20Y,6M BBSW,1.124718119929111
2020-08-24,AUD,20Y,6M BBSW,1.094986693740083
2020-08-21,AUD,20Y,6M BBSW,1.128682573992613
2020-08-20,AUD,20Y,6M BBSW,1.117484701089193
2020-08-19,AUD,20Y,6M BBSW,1.123649596731763
2020-08-18,AUD,20Y,6M BBSW,1.140914485766241
2020-08-17,AUD,20Y,6M BBSW,1.169984827280058
2020-08-14,AUD,20Y,6M BBSW,1.190001589704986
2020-08-13,AUD,20Y,6M BBSW,1.133784371992596
2020-08-12,AUD,20Y,6M BBSW,1.159844813372808
2020-08-11,AUD,20Y,6M BBSW,1.11092142068441
2020-08-10,AUD,20Y,6M BBSW,1.077587181626271
2020-08-07,AUD,20Y,6M BBSW,1.047482799150418
2020-08-06,AUD,20Y,6M BBSW,1.077352261294912
2020-08-05,AUD,20Y,6M BBSW,1.047227872511935
2020-08-04,AUD,20Y,6M BBSW,1.074594386204992
2020-07-31,AUD,20Y,6M BBSW,1.070013645795952
2020-07-30,AUD,20Y,6M BBSW,1.099998798643158
2020-07-29,AUD,20Y,6M BBSW,1.10365215082457
2020-07-28,AUD,20Y,6M BBSW,1.172204707811693
2020-07-27,AUD,20Y,6M BBSW,1.112482323649155
2020-07-24,AUD,20Y,6M BBSW,1.104980565107109
2020-07-23,AUD,20Y,6M BBSW,1.114984927298937
2020-07-22,AUD,20Y,6M BBSW,1.109851197166894
2020-07-21,AUD,20Y,6M BBSW,1.089726024935726
2020-07-20,AUD,20Y,6M BBSW,1.108786288602549
2020-07-17,AUD,20Y,6M BBSW,1.114983094114103
2020-07-16,AUD,20Y,6M BBSW,1.143784113599956
2020-07-15,AUD,20Y,6M BBSW,1.155393716715942
2020-07-14,AUD,20Y,6M BBSW,1.130237648210808
2020-07-13,AUD,20Y,6M BBSW,1.13378564007807
2020-07-10,AUD,20Y,6M BBSW,1.098683512364882
2020-07-09,AUD,20Y,6M BBSW,1.153683802103225
2020-07-08,AUD,20Y,6M BBSW,1.156045224548433
2020-07-07,AUD,20Y,6M BBSW,1.163509254911295
2020-07-06,AUD,20Y,6M BBSW,1.188784119833034
2020-07-03,AUD,20Y,6M BBSW,1.161178096668385
2020-07-02,AUD,20Y,6M BBSW,1.191177475570552
2020-07-01,AUD,20Y,6M BBSW,1.191015176655229
2020-06-30,AUD,20Y,6M BBSW,1.141342898934617
2020-06-29,AUD,20Y,6M BBSW,1.141192419412829
2020-06-26,AUD,20Y,6M BBSW,1.147452081891311
2020-06-25,AUD,20Y,6M BBSW,1.146135597265812
2020-06-24,AUD,20Y,6M BBSW,1.193630553008372
2020-06-23,AUD,20Y,6M BBSW,1.188497112369901
2020-06-22,AUD,20Y,6M BBSW,-0.0197999586002608
2020-06-19,AUD,20Y,6M BBSW,1.156182409258069
2020-06-18,AUD,20Y,6M BBSW,1.164982844920176
2020-06-17,AUD,20Y,6M BBSW,1.176043532775839
2020-06-16,AUD,20Y,6M BBSW,1.195999819859502
2020-06-15,AUD,20Y,6M BBSW,1.163814539662829
2020-06-12,AUD,20Y,6M BBSW,1.189972226065201
2020-06-11,AUD,20Y,6M BBSW,1.226127697275465
2020-06-10,AUD,20Y,6M BBSW,1.315862859436247
2020-06-09,AUD,20Y,6M BBSW,1.351936393547756
2020-06-05,AUD,20Y,6M BBSW,1.43377396867991
2020-06-04,AUD,20Y,6M BBSW,1.256180431929223
2020-06-03,AUD,20Y,6M BBSW,1.201040471685332
2020-06-02,AUD,20Y,6M BBSW,1.129715300314908
2020-06-01,AUD,20Y,6M BBSW,1.139986790265965
2020-05-29,AUD,20Y,6M BBSW,1.12999184747202
2020-05-28,AUD,20Y,6M BBSW,1.132484732264626
2020-05-27,AUD,20Y,6M BBSW,1.143646329165985
2020-05-26,AUD,20Y,6M BBSW,1.117218934604655
2020-05-25,AUD,20Y,6M BBSW,1.10128643135743
2020-05-22,AUD,20Y,6M BBSW,1.099983595884593
2020-05-21,AUD,20Y,6M BBSW,1.141184476079614
2020-05-20,AUD,20Y,6M BBSW,1.184841002007643
2020-05-19,AUD,20Y,6M BBSW,1.199699454422351
2020-05-18,AUD,20Y,6M BBSW,1.134985232078384
2020-05-15,AUD,20Y,6M BBSW,1.128714132291564
2020-05-14,AUD,20Y,6M BBSW,1.091197618149732
2020-05-13,AUD,20Y,6M BBSW,1.131147875864372
2020-05-12,AUD,20Y,6M BBSW,1.167207003143501
2020-05-11,AUD,20Y,6M BBSW,1.158785081840245
2020-05-08,AUD,20Y,6M BBSW,1.11618329575624
2020-05-07,AUD,20Y,6M BBSW,1.153684294058042
2020-05-06,AUD,20Y,6M BBSW,1.13984668352637
2020-05-05,AUD,20Y,6M BBSW,1.125916339592588
2020-05-04,AUD,20Y,6M BBSW,1.104986191705736
2020-05-01,AUD,20Y,6M BBSW,1.151282345960116
2020-04-30,AUD,20Y,6M BBSW,1.175009679939944
2020-04-29,AUD,20Y,6M BBSW,1.21104822903716
2020-04-28,AUD,20Y,6M BBSW,1.204696999062418
2020-04-27,AUD,20Y,6M BBSW,1.183785638759435
2020-04-24,AUD,20Y,6M BBSW,1.147479533769857
2020-04-23,AUD,20Y,6M BBSW,1.116178984113712
2020-04-22,AUD,20Y,6M BBSW,1.093652748641861
2020-04-21,AUD,20Y,6M BBSW,1.113516313849561
2020-04-20,AUD,20Y,6M BBSW,1.119985154671118
2020-04-17,AUD,20Y,6M BBSW,1.111181278005354
2020-04-16,AUD,20Y,6M BBSW,1.132481323304383
2020-04-15,AUD,20Y,6M BBSW,1.202798279529278
2020-04-14,AUD,20Y,6M BBSW,1.180128681811937
2020-04-09,AUD,20Y,6M BBSW,1.171180439040636
2020-04-08,AUD,20Y,6M BBSW,1.152341039438099
2020-04-07,AUD,20Y,6M BBSW,1.062221763734886
2020-04-06,AUD,20Y,6M BBSW,0.974984982073162
2020-04-03,AUD,20Y,6M BBSW,0.9811757912516532
2020-04-02,AUD,20Y,6M BBSW,1.008655613996381
2020-04-01,AUD,20Y,6M BBSW,0.9647452204854284
2020-03-31,AUD,20Y,6M BBSW,1.082777345559695
2020-03-30,AUD,20Y,6M BBSW,1.048934665335343
2020-03-27,AUD,20Y,6M BBSW,1.177479288183505
2020-03-26,AUD,20Y,6M BBSW,1.194972384396129
2020-03-25,AUD,20Y,6M BBSW,1.254829225413344
2020-03-24,AUD,20Y,6M BBSW,1.092219957991668
2020-03-23,AUD,20Y,6M BBSW,1.057484527500532
2020-03-20,AUD,20Y,6M BBSW,1.198781508936394
2020-03-19,AUD,20Y,6M BBSW,1.76996613378456
2020-03-18,AUD,20Y,6M BBSW,1.402310262075587
2020-03-17,AUD,20Y,6M BBSW,1.328167042600567
2020-03-16,AUD,20Y,6M BBSW,1.162484798306632
2020-03-13,AUD,20Y,6M BBSW,1.333776893027135
2020-03-12,AUD,20Y,6M BBSW,1.184982748219818
2020-03-11,AUD,20Y,6M BBSW,1.149844980920749
2020-03-10,AUD,20Y,6M BBSW,1.137213302509174
2020-03-09,AUD,20Y,6M BBSW,1.139986073243577
2020-03-06,AUD,20Y,6M BBSW,1.20118033243298
2020-03-05,AUD,20Y,6M BBSW,1.272480148208756
2020-03-04,AUD,20Y,6M BBSW,1.201038854994704
2020-03-03,AUD,20Y,6M BBSW,1.22589439637796
2020-03-02,AUD,20Y,6M BBSW,1.242483203811255
2020-02-28,AUD,20Y,6M BBSW,1.191198158873015
2020-02-27,AUD,20Y,6M BBSW,1.287488550859742
2020-02-26,AUD,20Y,6M BBSW,1.343620432371313
2020-02-25,AUD,20Y,6M BBSW,1.354666636727637
2020-02-24,AUD,20Y,6M BBSW,1.363779731704808
2020-02-21,AUD,20Y,6M BBSW,1.389973998887415
2020-02-20,AUD,20Y,6M BBSW,1.45877417742446
2020-02-19,AUD,20Y,6M BBSW,1.476102926588963
2020-02-18,AUD,20Y,6M BBSW,1.503333699938735
2020-02-17,AUD,20Y,6M BBSW,1.531174247503342
2020-02-14,AUD,20Y,6M BBSW,1.506302629609162
2020-02-13,AUD,20Y,6M BBSW,1.524971594217546
2020-02-12,AUD,20Y,6M BBSW,1.527296034963572
2020-02-11,AUD,20Y,6M BBSW,1.477138856664126
2020-02-10,AUD,20Y,6M BBSW,1.482475844089436
2020-02-07,AUD,20Y,6M BBSW,1.482465825612432
2020-02-06,AUD,20Y,6M BBSW,1.567460880720519
2020-02-05,AUD,20Y,6M BBSW,1.51098689215018
2020-02-04,AUD,20Y,6M BBSW,1.39214859092228
2020-02-03,AUD,20Y,6M BBSW,1.421165932224961
2020-01-31,AUD,20Y,6M BBSW,1.420024972356488
2020-01-30,AUD,20Y,6M BBSW,1.449997860014527
2020-01-29,AUD,20Y,6M BBSW,1.515997756430451
2020-01-28,AUD,20Y,6M BBSW,1.434645799183407
2020-01-24,AUD,20Y,6M BBSW,1.543762801297668
2020-01-23,AUD,20Y,6M BBSW,1.608668344941237
2020-01-22,AUD,20Y,6M BBSW,1.5972885251857
2020-01-21,AUD,20Y,6M BBSW,1.653301695477728
2020-01-20,AUD,20Y,6M BBSW,1.679968563566033
2020-01-17,AUD,20Y,6M BBSW,1.679962242215131
2020-01-16,AUD,20Y,6M BBSW,1.68616525417339
2020-01-15,AUD,20Y,6M BBSW,1.723037020479489
2020-01-14,AUD,20Y,6M BBSW,1.745313423177438
2020-01-13,AUD,20Y,6M BBSW,1.701267922080125
2020-01-10,AUD,20Y,6M BBSW,1.716160568997047
2020-01-09,AUD,20Y,6M BBSW,1.713764154580552
2020-01-08,AUD,20Y,6M BBSW,1.65727894132794
2020-01-07,AUD,20Y,6M BBSW,1.689593597640143
2020-01-06,AUD,20Y,6M BBSW,1.702467900775653
2020-01-03,AUD,20Y,6M BBSW,1.713752805580394
2020-01-02,AUD,20Y,6M BBSW,1.869737325334316
2019-12-31,AUD,20Y,6M BBSW,1.865241601880765
2019-12-30,AUD,20Y,6M BBSW,1.801216943994081
2019-12-27,AUD,20Y,6M BBSW,1.809730090234783
2019-12-24,AUD,20Y,6M BBSW,1.804140936478171
2019-12-23,AUD,20Y,6M BBSW,1.797451999212932
2019-12-20,AUD,20Y,6M BBSW,1.80745882640401
2019-12-19,AUD,20Y,6M BBSW,1.751159743532744
2019-12-18,AUD,20Y,6M BBSW,1.687274405768189
2019-12-17,AUD,20Y,6M BBSW,1.672093889915138
2019-12-16,AUD,20Y,6M BBSW,1.662470586380627
2019-12-13,AUD,20Y,6M BBSW,1.646153731960161
2019-12-12,AUD,20Y,6M BBSW,1.63744643476388
2019-12-11,AUD,20Y,6M BBSW,1.63356640924263
2019-12-10,AUD,20Y,6M BBSW,1.620891030441209
2019-12-09,AUD,20Y,6M BBSW,1.654956558033472
2019-12-06,AUD,20Y,6M BBSW,1.629960874222518
2019-12-05,AUD,20Y,6M BBSW,1.5724671572429
2019-12-04,AUD,20Y,6M BBSW,1.55979093336362
2019-12-03,AUD,20Y,6M BBSW,1.595909273114008
2019-12-02,AUD,20Y,6M BBSW,1.563674104558437
2019-11-29,AUD,20Y,6M BBSW,1.519984471140514
2019-11-28,AUD,20Y,6M BBSW,1.509972412238568
2019-11-27,AUD,20Y,6M BBSW,1.547293913141835
2019-11-26,AUD,20Y,6M BBSW,1.570818380820035
2019-11-25,AUD,20Y,6M BBSW,1.557473307342732
2019-11-22,AUD,20Y,6M BBSW,1.558767420019761
2019-11-21,AUD,20Y,6M BBSW,1.519972106344946
2019-11-20,AUD,20Y,6M BBSW,1.548593148790133
2019-11-19,AUD,20Y,6M BBSW,1.590814156600598
2019-11-18,AUD,20Y,6M BBSW,1.627470652491018
2019-11-15,AUD,20Y,6M BBSW,1.613731847019896
2019-11-14,AUD,20Y,6M BBSW,1.653696985342986
2019-11-13,AUD,20Y,6M BBSW,1.729768585367343
2019-11-12,AUD,20Y,6M BBSW,1.735782508622875
2019-11-11,AUD,20Y,6M BBSW,1.752465960952975
2019-11-08,AUD,20Y,6M BBSW,1.764958322157283
2019-11-07,AUD,20Y,6M BBSW,1.687464950283064
2019-11-06,AUD,20Y,6M BBSW,1.727269015750737
2019-11-05,AUD,20Y,6M BBSW,1.692091877823405
2019-11-04,AUD,20Y,6M BBSW,1.648670349407604
2019-11-01,AUD,20Y,6M BBSW,1.647463606075902
2019-10-31,AUD,20Y,6M BBSW,1.622534947567521
2019-10-30,AUD,20Y,6M BBSW,1.613536712218245
2019-10-29,AUD,20Y,6M BBSW,1.643416881842669
2019-10-28,AUD,20Y,6M BBSW,1.584973591955212
2019-10-25,AUD,20Y,6M BBSW,1.548734906293352
2019-10-24,AUD,20Y,6M BBSW,1.597458962222852
2019-10-23,AUD,20Y,6M BBSW,1.605972814948202
2019-10-22,AUD,20Y,6M BBSW,1.660793188008596
2019-10-21,AUD,20Y,6M BBSW,1.629968342467354
2019-10-18,AUD,20Y,6M BBSW,1.629955717638758
2019-10-17,AUD,20Y,6M BBSW,1.557462954747667
2019-10-16,AUD,20Y,6M BBSW,1.533590160933817
2019-10-15,AUD,20Y,6M BBSW,1.496527746035053
2019-10-14,AUD,20Y,6M BBSW,1.519999804860713
2019-10-11,AUD,20Y,6M BBSW,1.566150244784551
2019-10-10,AUD,20Y,6M BBSW,1.361267146238754
2019-10-09,AUD,20Y,6M BBSW,1.373612628356429
2019-10-08,AUD,20Y,6M BBSW,1.360955743988896
2019-10-04,AUD,20Y,6M BBSW,1.361260366377378
2019-10-03,AUD,20Y,6M BBSW,1.408586954512523
2019-10-02,AUD,20Y,6M BBSW,1.440824323062611
2019-10-01,AUD,20Y,6M BBSW,1.484949689168278
2019-09-30,AUD,20Y,6M BBSW,1.445011805973717
2019-09-27,AUD,20Y,6M BBSW,1.437469038075586
2019-09-26,AUD,20Y,6M BBSW,1.444959689686695
2019-09-25,AUD,20Y,6M BBSW,1.422309560505663
2019-09-24,AUD,20Y,6M BBSW,1.473338515409377
2019-09-23,AUD,20Y,6M BBSW,1.471269636312984
2019-09-20,AUD,20Y,6M BBSW,1.476270832640449
2019-09-19,AUD,20Y,6M BBSW,1.549970789491138
2019-09-18,AUD,20Y,6M BBSW,1.609785162987666
2019-09-17,AUD,20Y,6M BBSW,1.602111859453359
2019-09-16,AUD,20Y,6M BBSW,1.646170653728513
2019-09-13,AUD,20Y,6M BBSW,1.629964068517336
2019-09-12,AUD,20Y,6M BBSW,1.618767956778677
2019-09-11,AUD,20Y,6M BBSW,1.578589297995936
2019-09-10,AUD,20Y,6M BBSW,1.532127312144368
2019-09-09,AUD,20Y,6M BBSW,1.484976214578028
2019-09-06,AUD,20Y,6M BBSW,1.507469486928941
2019-09-05,AUD,20Y,6M BBSW,1.452474096971182
2019-09-04,AUD,20Y,6M BBSW,1.427309848757651
2019-09-03,AUD,20Y,6M BBSW,1.435848824957638
2019-09-02,AUD,20Y,6M BBSW,1.407478509968624
2019-08-30,AUD,20Y,6M BBSW,1.420014080900591
2019-08-29,AUD,20Y,6M BBSW,1.363801735143552
2019-08-28,AUD,20Y,6M BBSW,1.368539130048406
2019-08-27,AUD,20Y,6M BBSW,1.427158304248422
2019-08-26,AUD,20Y,6M BBSW,1.403675078997035
2019-08-23,AUD,20Y,6M BBSW,1.393778169384397
2019-08-22,AUD,20Y,6M BBSW,1.443773882447698
2019-08-21,AUD,20Y,6M BBSW,1.421009585846376
2019-08-20,AUD,20Y,6M BBSW,1.420848628599234
2019-08-19,AUD,20Y,6M BBSW,1.389975654191999
2019-08-16,AUD,20Y,6M BBSW,1.346279368637983
2019-08-15,AUD,20Y,6M BBSW,1.381225393203546
2019-08-14,AUD,20Y,6M BBSW,1.4973326177994
2019-08-13,AUD,20Y,6M BBSW,1.502131754796294
2019-08-12,AUD,20Y,6M BBSW,1.526270638522798
2019-08-09,AUD,20Y,6M BBSW,1.547472638422602
2019-08-08,AUD,20Y,6M BBSW,1.542470189487755
2019-08-07,AUD,20Y,6M BBSW,1.531090401691427
2019-08-06,AUD,20Y,6M BBSW,1.602100355428755
2019-08-02,AUD,20Y,6M BBSW,1.682448285747181
2019-08-01,AUD,20Y,6M BBSW,1.803441606322538
2019-07-31,AUD,20Y,6M BBSW,1.799233892011674
2019-07-30,AUD,20Y,6M BBSW,1.818994861859518
2019-07-29,AUD,20Y,6M BBSW,1.801159147193061
2019-07-26,AUD,20Y,6M BBSW,1.831100237612138
2019-07-25,AUD,20Y,6M BBSW,1.859941940728929
2019-07-24,AUD,20Y,6M BBSW,1.88973971374716
2019-07-23,AUD,20Y,6M BBSW,1.918339958040558
2019-07-22,AUD,20Y,6M BBSW,1.943752649757166
2019-07-19,AUD,20Y,6M BBSW,1.947457097161496
2019-07-18,AUD,20Y,6M BBSW,1.932453499426857
2019-07-17,AUD,20Y,6M BBSW,1.974735405749923
2019-07-16,AUD,20Y,6M BBSW,1.963330312070864
2019-07-15,AUD,20Y,6M BBSW,2.027543769579645
2019-07-12,AUD,20Y,6M BBSW,2.003755101469601
2019-07-11,AUD,20Y,6M BBSW,1.904954457098865
2019-07-10,AUD,20Y,6M BBSW,1.900945308381524
2019-07-09,AUD,20Y,6M BBSW,1.913341187619083
2019-07-08,AUD,20Y,6M BBSW,1.91875395038804
2019-07-05,AUD,20Y,6M BBSW,1.871160660355397
2019-07-04,AUD,20Y,6M BBSW,1.881155675428488
2019-07-03,AUD,20Y,6M BBSW,1.891036927317432
2019-07-02,AUD,20Y,6M BBSW,1.925823265745156
2019-07-01,AUD,20Y,6M BBSW,1.934887479736193
2019-06-28,AUD,20Y,6M BBSW,1.929936828395883
2019-06-27,AUD,20Y,6M BBSW,1.958719217610458
2019-06-26,AUD,20Y,6M BBSW,1.879669235490772
2019-06-25,AUD,20Y,6M BBSW,1.888117297605536
2019-06-24,AUD,20Y,6M BBSW,1.907435486123478
2019-06-21,AUD,20Y,6M BBSW,1.904954291224266
2019-06-20,AUD,20Y,6M BBSW,1.88995526102215
2019-06-19,AUD,20Y,6M BBSW,1.942239374470636
2019-06-18,AUD,20Y,6M BBSW,1.968326474928359
2019-06-17,AUD,20Y,6M BBSW,2.008756637440113
2019-06-14,AUD,20Y,6M BBSW,1.977489457146212
2019-06-13,AUD,20Y,6M BBSW,2.024713443305542
2019-06-12,AUD,20Y,6M BBSW,2.046978173647841
2019-06-11,AUD,20Y,6M BBSW,2.07555831993839
2019-06-07,AUD,20Y,6M BBSW,2.051130811678733
2019-06-06,AUD,20Y,6M BBSW,2.083737551037044
2019-06-05,AUD,20Y,6M BBSW,2.113515779607992
2019-06-04,AUD,20Y,6M BBSW,2.100697771666337
2019-06-03,AUD,20Y,6M BBSW,2.122451603261637
2019-05-31,AUD,20Y,6M BBSW,2.080053201022469
2019-05-30,AUD,20Y,6M BBSW,2.156226296481293
2019-05-29,AUD,20Y,6M BBSW,2.108546526896228
2019-05-28,AUD,20Y,6M BBSW,2.149490019111496
2019-05-27,AUD,20Y,6M BBSW,2.143742758399245
2019-05-24,AUD,20Y,6M BBSW,2.131149618831638
2019-05-23,AUD,20Y,6M BBSW,2.174940987324605
2019-05-22,AUD,20Y,6M BBSW,2.23589990318779
2019-05-21,AUD,20Y,6M BBSW,2.230971326834847
2019-05-20,AUD,20Y,6M BBSW,2.278635186319549
2019-05-17,AUD,20Y,6M BBSW,2.241144397302325
2019-05-16,AUD,20Y,6M BBSW,2.253736430867721
2019-05-15,AUD,20Y,6M BBSW,2.283157152925318
2019-05-14,AUD,20Y,6M BBSW,2.290363698022204
2019-05-13,AUD,20Y,6M BBSW,2.306233842991429
2019-05-10,AUD,20Y,6M BBSW,2.342439190564052
2019-05-09,AUD,20Y,6M BBSW,2.326232384635384
2019-05-08,AUD,20Y,6M BBSW,2.344685235666731
2019-05-07,AUD,20Y,6M BBSW,2.341949452116961
2019-05-06,AUD,20Y,6M BBSW,2.3399315624712
2019-05-03,AUD,20Y,6M BBSW,2.387437072686226
2019-05-02,AUD,20Y,6M BBSW,2.376229531040518
2019-05-01,AUD,20Y,6M BBSW,2.37598097445861
2019-04-30,AUD,20Y,6M BBSW,2.397790149384872
2019-04-29,AUD,20Y,6M BBSW,2.368776606364869
2019-04-26,AUD,20Y,6M BBSW,2.347428312261917
2019-04-24,AUD,20Y,6M BBSW,2.349427042609257
2019-04-23,AUD,20Y,6M BBSW,2.441649099546932
2019-04-18,AUD,20Y,6M BBSW,2.49239527954017
2019-04-17,AUD,20Y,6M BBSW,2.507147474115217
2019-04-16,AUD,20Y,6M BBSW,2.476904494240865
2019-04-15,AUD,20Y,6M BBSW,2.498880475675921
2019-04-12,AUD,20Y,6M BBSW,2.537407940616258
2019-04-11,AUD,20Y,6M BBSW,2.422139302361848
2019-04-10,AUD,20Y,6M BBSW,2.4256007938975
2019-04-09,AUD,20Y,6M BBSW,2.439163259572181
2019-04-08,AUD,20Y,6M BBSW,2.4451133015801
2019-04-05,AUD,20Y,6M BBSW,2.452377355438429
2019-04-04,AUD,20Y,6M BBSW,2.466071526375735
2019-04-03,AUD,20Y,6M BBSW,2.405805258876672
2019-04-02,AUD,20Y,6M BBSW,2.403181076672282
2019-04-01,AUD,20Y,6M BBSW,2.394900965135339
2019-03-29,AUD,20Y,6M BBSW,2.357457735243536
2019-03-28,AUD,20Y,6M BBSW,2.323723323886479
2019-03-27,AUD,20Y,6M BBSW,2.342177195144163
2019-03-26,AUD,20Y,6M BBSW,2.36940482139078
2019-03-25,AUD,20Y,6M BBSW,2.361127099130556
2019-03-22,AUD,20Y,6M BBSW,2.326237092935475
2019-03-21,AUD,20Y,6M BBSW,2.464924152982148
2019-03-20,AUD,20Y,6M BBSW,2.494663988203706
2019-03-19,AUD,20Y,6M BBSW,2.506912668242687
2019-03-18,AUD,20Y,6M BBSW,2.526120808526637
2019-03-15,AUD,20Y,6M BBSW,2.496272681986878
2019-03-14,AUD,20Y,6M BBSW,2.506197029349052
2019-03-13,AUD,20Y,6M BBSW,2.50096304342307
2019-03-12,AUD,20Y,6M BBSW,2.576897702802555
2019-03-11,AUD,20Y,6M BBSW,2.556219221941898
2019-03-08,AUD,20Y,6M BBSW,2.57622789239046
2019-03-07,AUD,20Y,6M BBSW,2.613714449843816
2019-03-06,AUD,20Y,6M BBSW,2.653341343293963
2019-03-05,AUD,20Y,6M BBSW,2.703071465522086
2019-03-04,AUD,20Y,6M BBSW,2.72610769230775
2019-03-01,AUD,20Y,6M BBSW,2.703721218859839
2019-02-28,AUD,20Y,6M BBSW,2.647494710386016
2019-02-27,AUD,20Y,6M BBSW,2.604698005860611
2019-02-26,AUD,20Y,6M BBSW,2.614387790168756
2019-02-25,AUD,20Y,6M BBSW,2.616132589557245
2019-02-22,AUD,20Y,6M BBSW,2.607414881088361
2019-02-21,AUD,20Y,6M BBSW,2.604913815895799
2019-02-20,AUD,20Y,6M BBSW,2.652154186332787
2019-02-19,AUD,20Y,6M BBSW,2.681874595677738
2019-02-18,AUD,20Y,6M BBSW,2.63373184645578
2019-02-15,AUD,20Y,6M BBSW,2.658894956937981
2019-02-14,AUD,20Y,6M BBSW,2.658810319910366
2019-02-13,AUD,20Y,6M BBSW,2.663352319328545
2019-02-12,AUD,20Y,6M BBSW,2.633183217539748
2019-02-11,AUD,20Y,6M BBSW,2.622432064360924
2019-02-08,AUD,20Y,6M BBSW,2.607415193165177
2019-02-07,AUD,20Y,6M BBSW,2.652395676943594
2019-02-06,AUD,20Y,6M BBSW,2.693322125774329
2019-02-05,AUD,20Y,6M BBSW,2.720622519759345
2019-02-04,AUD,20Y,6M BBSW,2.726086284583489
2019-02-01,AUD,20Y,6M BBSW,2.747360309244058
2019-01-31,AUD,20Y,6M BBSW,2.731384465311383
2019-01-30,AUD,20Y,6M BBSW,2.751014769439695
2019-01-29,AUD,20Y,6M BBSW,2.736860838648932
2019-01-25,AUD,20Y,6M BBSW,2.748574509918084
2019-01-24,AUD,20Y,6M BBSW,2.799885530405265
2019-01-23,AUD,20Y,6M BBSW,2.803432960044661
2019-01-22,AUD,20Y,6M BBSW,2.808046459436447
2019-01-21,AUD,20Y,6M BBSW,2.826431462211294
2019-01-18,AUD,20Y,6M BBSW,2.849897624386585
2019-01-17,AUD,20Y,6M BBSW,2.792401766639096
2019-01-16,AUD,20Y,6M BBSW,2.779636212284476
2019-01-15,AUD,20Y,6M BBSW,2.791629293972324
2019-01-14,AUD,20Y,6M BBSW,2.794989400456382
2019-01-11,AUD,20Y,6M BBSW,2.809901096515881
2019-01-10,AUD,20Y,6M BBSW,2.796201433701776
2019-01-09,AUD,20Y,6M BBSW,2.817131101006885
2019-01-08,AUD,20Y,6M BBSW,2.793150722096719
2019-01-07,AUD,20Y,6M BBSW,2.761125531886253
2019-01-04,AUD,20Y,6M BBSW,2.814900208941902
2019-01-03,AUD,20Y,6M BBSW,2.705817968241204
2019-01-02,AUD,20Y,6M BBSW,2.776830236246832
2018-12-31,AUD,20Y,6M BBSW,2.808789850620213
2018-12-28,AUD,20Y,6M BBSW,2.825887813141091
2018-12-27,AUD,20Y,6M BBSW,2.865465859763428
2018-12-24,AUD,20Y,6M BBSW,2.856053496856021
2018-12-21,AUD,20Y,6M BBSW,2.873699490186957
2018-12-20,AUD,20Y,6M BBSW,2.844899531568299
2018-12-19,AUD,20Y,6M BBSW,2.863410266304099
2018-12-18,AUD,20Y,6M BBSW,2.883136453378458
2018-12-17,AUD,20Y,6M BBSW,2.889910168825877
2018-12-14,AUD,20Y,6M BBSW,2.882480270140673
2018-12-13,AUD,20Y,6M BBSW,2.9111602877657
2018-12-12,AUD,20Y,6M BBSW,2.889554118270375
2018-12-11,AUD,20Y,6M BBSW,2.889292547907058
2018-12-10,AUD,20Y,6M BBSW,2.876163360467721
2018-12-07,AUD,20Y,6M BBSW,2.866066788309817
2018-12-06,AUD,20Y,6M BBSW,2.919878161146956
2018-12-05,AUD,20Y,6M BBSW,2.949597935373311
2018-12-04,AUD,20Y,6M BBSW,2.983115106248882
2018-12-03,AUD,20Y,6M BBSW,3.053698862754989
2018-11-30,AUD,20Y,6M BBSW,3.02254969952231
2018-11-29,AUD,20Y,6M BBSW,3.044938138398932
2018-11-28,AUD,20Y,6M BBSW,3.060797682542336
2018-11-27,AUD,20Y,6M BBSW,3.071793130406883
2018-11-26,AUD,20Y,6M BBSW,3.079908012556844
2018-11-23,AUD,20Y,6M BBSW,3.088579230958616
2018-11-22,AUD,20Y,6M BBSW,3.107377873053814
2018-11-21,AUD,20Y,6M BBSW,3.147086159899924
2018-11-20,AUD,20Y,6M BBSW,3.141779424578098
2018-11-19,AUD,20Y,6M BBSW,3.10490601379929
2018-11-16,AUD,20Y,6M BBSW,3.126075959335984
2018-11-15,AUD,20Y,6M BBSW,3.155113714357398
2018-11-14,AUD,20Y,6M BBSW,3.149686741067662
2018-11-13,AUD,20Y,6M BBSW,3.142974719116825
2018-11-12,AUD,20Y,6M BBSW,3.166102766226963
2018-11-09,AUD,20Y,6M BBSW,3.153574098486994
2018-11-08,AUD,20Y,6M BBSW,3.193570873677069
2018-11-07,AUD,20Y,6M BBSW,3.180881896301738
2018-11-06,AUD,20Y,6M BBSW,3.159275705397619
2018-11-05,AUD,20Y,6M BBSW,3.157402637327259
2018-11-02,AUD,20Y,6M BBSW,3.143674612875472
2018-11-01,AUD,20Y,6M BBSW,3.093679033918636
2018-10-31,AUD,20Y,6M BBSW,3.041906704993321
2018-10-30,AUD,20Y,6M BBSW,3.016556282046798
2018-10-29,AUD,20Y,6M BBSW,2.99496300616099
2018-10-26,AUD,20Y,6M BBSW,3.006084907009965
2018-10-25,AUD,20Y,6M BBSW,3.039758163377643
2018-10-24,AUD,20Y,6M BBSW,3.089559589677521
2018-10-23,AUD,20Y,6M BBSW,3.115457468160511
2018-10-22,AUD,20Y,6M BBSW,3.124881313336839
2018-10-19,AUD,20Y,6M BBSW,3.139821954151735
2018-10-18,AUD,20Y,6M BBSW,3.157330487299498
2018-10-17,AUD,20Y,6M BBSW,3.13454955921142
2018-10-16,AUD,20Y,6M BBSW,3.146761305219766
2018-10-15,AUD,20Y,6M BBSW,3.092625529037107
2018-10-12,AUD,20Y,6M BBSW,3.113663303076534
2018-10-11,AUD,20Y,6M BBSW,3.136023099075344
2018-10-10,AUD,20Y,6M BBSW,3.155729994665536
2018-10-09,AUD,20Y,6M BBSW,3.161765621639497
2018-10-08,AUD,20Y,6M BBSW,3.167377167582436
2018-10-05,AUD,20Y,6M BBSW,3.148599458113113
2018-10-04,AUD,20Y,6M BBSW,3.116998557182077
2018-10-03,AUD,20Y,6M BBSW,3.065475050349052
2018-10-02,AUD,20Y,6M BBSW,3.093904666929782
2018-09-28,AUD,20Y,6M BBSW,3.071066925938749
2018-09-27,AUD,20Y,6M BBSW,3.11736363445502
2018-09-26,AUD,20Y,6M BBSW,3.152021794092969
2018-09-25,AUD,20Y,6M BBSW,3.149270644375025
2018-09-24,AUD,20Y,6M BBSW,3.114899498588055
2018-09-21,AUD,20Y,6M BBSW,3.11487683282068
2018-09-20,AUD,20Y,6M BBSW,3.133576320166061
2018-09-19,AUD,20Y,6M BBSW,3.11079000057249
2018-09-18,AUD,20Y,6M BBSW,3.069292788232101
2018-09-17,AUD,20Y,6M BBSW,3.034909628005394
2018-09-14,AUD,20Y,6M BBSW,3.034994855187174
2018-09-13,AUD,20Y,6M BBSW,3.014885519711724
2018-09-12,AUD,20Y,6M BBSW,2.992106642340087
2018-09-11,AUD,20Y,6M BBSW,2.98430909924262
2018-09-10,AUD,20Y,6M BBSW,2.994912594519807
2018-09-07,AUD,20Y,6M BBSW,2.993686616907957
2018-09-06,AUD,20Y,6M BBSW,2.99108641045578
2018-09-05,AUD,20Y,6M BBSW,2.972109006240151
2018-09-04,AUD,20Y,6M BBSW,2.930619806929019
2018-09-03,AUD,20Y,6M BBSW,2.924915940351283
2018-08-31,AUD,20Y,6M BBSW,2.91631394926058
2018-08-30,AUD,20Y,6M BBSW,2.990065184821758
2018-08-29,AUD,20Y,6M BBSW,3.007215516398069
2018-08-28,AUD,20Y,6M BBSW,3.011908657373978
2018-08-27,AUD,20Y,6M BBSW,2.973753031919367
2018-08-24,AUD,20Y,6M BBSW,2.978592276001906
2018-08-23,AUD,20Y,6M BBSW,2.931200334741224
2018-08-22,AUD,20Y,6M BBSW,2.947102358537877
2018-08-21,AUD,20Y,6M BBSW,2.940615751058371
2018-08-20,AUD,20Y,6M BBSW,2.939904450527109
2018-08-17,AUD,20Y,6M BBSW,2.969892457364328
2018-08-16,AUD,20Y,6M BBSW,2.962397992556606
2018-08-15,AUD,20Y,6M BBSW,2.986920663703337
2018-08-14,AUD,20Y,6M BBSW,2.990323463636222
2018-08-13,AUD,20Y,6M BBSW,2.992401040806431
2018-08-10,AUD,20Y,6M BBSW,3.011089753709546
2018-08-09,AUD,20Y,6M BBSW,3.041092974840102
2018-08-08,AUD,20Y,6M BBSW,3.058985992875632
2018-08-07,AUD,20Y,6M BBSW,3.045573515763891
2018-08-03,AUD,20Y,6M BBSW,3.072329174587016
2018-08-02,AUD,20Y,6M BBSW,3.104527438669512
2018-08-01,AUD,20Y,6M BBSW,3.071730550946579
2018-07-31,AUD,20Y,6M BBSW,3.059103884817732
2018-07-30,AUD,20Y,6M BBSW,3.01619183834468
2018-07-27,AUD,20Y,6M BBSW,3.02485378262384
2018-07-26,AUD,20Y,6M BBSW,3.068421531991853
2018-07-25,AUD,20Y,6M BBSW,3.07204622120611
2018-07-24,AUD,20Y,6M BBSW,3.099264549987533
2018-07-23,AUD,20Y,6M BBSW,3.054896567221316
2018-07-20,AUD,20Y,6M BBSW,3.057385682500301
2018-07-19,AUD,20Y,6M BBSW,3.049892432876222
2018-07-18,AUD,20Y,6M BBSW,3.057086073064726
2018-07-17,AUD,20Y,6M BBSW,3.053092004360497
2018-07-16,AUD,20Y,6M BBSW,3.0373977710722
2018-07-13,AUD,20Y,6M BBSW,3.023688911559735
2018-07-12,AUD,20Y,6M BBSW,3.033693557612032
2018-07-11,AUD,20Y,6M BBSW,3.028290909967433
2018-07-10,AUD,20Y,6M BBSW,3.041794504459265
2018-07-09,AUD,20Y,6M BBSW,3.014899037831801
2018-07-06,AUD,20Y,6M BBSW,3.022389454254442
2018-07-05,AUD,20Y,6M BBSW,3.001095900983505
2018-07-04,AUD,20Y,6M BBSW,2.992095496342925
2018-07-03,AUD,20Y,6M BBSW,3.005481595122693
2018-07-02,AUD,20Y,6M BBSW,3.049863199084591
2018-06-29,AUD,20Y,6M BBSW,3.0562477675514
2018-06-28,AUD,20Y,6M BBSW,3.03235067240214
2018-06-27,AUD,20Y,6M BBSW,3.049517798688723
2018-06-26,AUD,20Y,6M BBSW,3.047796219828256
2018-06-25,AUD,20Y,6M BBSW,3.052070374276227
2018-06-22,AUD,20Y,6M BBSW,3.066190842575758
2018-06-21,AUD,20Y,6M BBSW,3.101083460342257
2018-06-20,AUD,20Y,6M BBSW,3.069587958508856
2018-06-19,AUD,20Y,6M BBSW,3.056789812244971
2018-06-18,AUD,20Y,6M BBSW,3.096195736166824
2018-06-15,AUD,20Y,6M BBSW,3.118921839550671
2018-06-14,AUD,20Y,6M BBSW,3.154676850519645
2018-06-13,AUD,20Y,6M BBSW,3.196725721580973
2018-06-12,AUD,20Y,6M BBSW,3.200194706952342
2018-06-08,AUD,20Y,6M BBSW,3.192319467096162
2018-06-07,AUD,20Y,6M BBSW,3.222333496458005
2018-06-06,AUD,20Y,6M BBSW,3.154556332516455
2018-06-05,AUD,20Y,6M BBSW,3.155470644612082
2018-06-04,AUD,20Y,6M BBSW,3.137392107355975
2025-11-13,AUD,25Y,6M BBSW,4.7949
2025-11-12,AUD,25Y,6M BBSW,4.71260000000285
2025-11-11,AUD,25Y,6M BBSW,4.677900000002834
2025-11-10,AUD,25Y,6M BBSW,4.690202907358831
2025-11-07,AUD,25Y,6M BBSW,4.647300000002925
2025-11-06,AUD,25Y,6M BBSW,4.635200000002646
2025-11-05,AUD,25Y,6M BBSW,4.668900000003222
2025-11-04,AUD,25Y,6M BBSW,4.63930000000298
2025-11-03,AUD,25Y,6M BBSW,4.669302845420988
2025-10-31,AUD,25Y,6M BBSW,4.635900000002965
2025-10-30,AUD,25Y,6M BBSW,4.62300000000291
2025-10-29,AUD,25Y,6M BBSW,4.653300000003192
2025-10-28,AUD,25Y,6M BBSW,4.522900000002859
2025-10-27,AUD,25Y,6M BBSW,4.526100000002765
2025-10-24,AUD,25Y,6M BBSW,4.492900000002741
2025-10-23,AUD,25Y,6M BBSW,4.508300000002816
2025-10-22,AUD,25Y,6M BBSW,4.457700000002659
2025-10-21,AUD,25Y,6M BBSW,4.47370000000278
2025-10-20,AUD,25Y,6M BBSW,4.44400000000255
2025-10-17,AUD,25Y,6M BBSW,4.474300000002317
2025-10-16,AUD,25Y,6M BBSW,4.44870000000249
2025-10-15,AUD,25Y,6M BBSW,4.526874700396253
2025-10-14,AUD,25Y,6M BBSW,4.549098501046833
2025-10-13,AUD,25Y,6M BBSW,4.557600016601766
2025-10-10,AUD,25Y,6M BBSW,4.610600000003036
2025-10-09,AUD,25Y,6M BBSW,4.644300000003203
2025-10-08,AUD,25Y,6M BBSW,4.595200000002864
2025-10-07,AUD,25Y,6M BBSW,4.61901407875719
2025-10-03,AUD,25Y,6M BBSW,4.57713543328275
2025-10-02,AUD,25Y,6M BBSW,4.576387279223719
2025-10-01,AUD,25Y,6M BBSW,4.595235763992048
2025-09-30,AUD,25Y,6M BBSW,4.603546910020858
2025-09-29,AUD,25Y,6M BBSW,4.563763862278942
2025-09-26,AUD,25Y,6M BBSW,4.596816969549298
2025-09-25,AUD,25Y,6M BBSW,4.631462693089504
2025-09-24,AUD,25Y,6M BBSW,4.596617155794449
2025-09-23,AUD,25Y,6M BBSW,4.524098000094019
2025-09-22,AUD,25Y,6M BBSW,4.55626139707088
2025-09-19,AUD,25Y,6M BBSW,4.527960942577991
2025-09-18,AUD,25Y,6M BBSW,4.507201029176189
2025-09-17,AUD,25Y,6M BBSW,4.501251877533782
2025-09-16,AUD,25Y,6M BBSW,4.474486560577014
2025-09-15,AUD,25Y,6M BBSW,4.479548356416931
2025-09-12,AUD,25Y,6M BBSW,4.473766681149498
2025-09-11,AUD,25Y,6M BBSW,4.444708693327144
2025-09-10,AUD,25Y,6M BBSW,4.490554049283708
2025-09-09,AUD,25Y,6M BBSW,4.560577957546202
2025-09-08,AUD,25Y,6M BBSW,4.506566103725838
2025-09-05,AUD,25Y,6M BBSW,4.566758143075875
2025-09-04,AUD,25Y,6M BBSW,4.599591389742389
2025-09-03,AUD,25Y,6M BBSW,4.633137368655595
2025-09-02,AUD,25Y,6M BBSW,4.644069254686505
2025-09-01,AUD,25Y,6M BBSW,4.619953546565928
2025-08-29,AUD,25Y,6M BBSW,4.55280451959343
2025-08-28,AUD,25Y,6M BBSW,4.538316295779154
2025-08-27,AUD,25Y,6M BBSW,4.577841795605186
2025-08-26,AUD,25Y,6M BBSW,4.588554718890207
2025-08-25,AUD,25Y,6M BBSW,4.578669567468049
2025-08-22,AUD,25Y,6M BBSW,4.575466201254278
2025-08-21,AUD,25Y,6M BBSW,4.589281651121921
2025-08-20,AUD,25Y,6M BBSW,4.555552628257751
2025-08-19,AUD,25Y,6M BBSW,4.5997532951619
2025-08-18,AUD,25Y,6M BBSW,4.598267631476191
2025-08-15,AUD,25Y,6M BBSW,4.5130391665832
2025-08-14,AUD,25Y,6M BBSW,4.502638634828545
2025-08-13,AUD,25Y,6M BBSW,4.45506353757006
2025-08-12,AUD,25Y,6M BBSW,4.501964232070264
2025-08-11,AUD,25Y,6M BBSW,4.505277662211955
2025-08-08,AUD,25Y,6M BBSW,4.508572985330048
2025-08-07,AUD,25Y,6M BBSW,4.507056202042277
2025-08-06,AUD,25Y,6M BBSW,4.466181045900279
2025-08-05,AUD,25Y,6M BBSW,4.491654552594916
2025-08-01,AUD,25Y,6M BBSW,4.469300503795163
2025-07-31,AUD,25Y,6M BBSW,4.529864326792534
2025-07-30,AUD,25Y,6M BBSW,4.517054570861354
2025-07-29,AUD,25Y,6M BBSW,4.539859850749145
2025-07-28,AUD,25Y,6M BBSW,4.578323795894168
2025-07-25,AUD,25Y,6M BBSW,4.579788929222045
2025-07-24,AUD,25Y,6M BBSW,4.59353270921945
2025-07-23,AUD,25Y,6M BBSW,4.568747988759032
2025-07-22,AUD,25Y,6M BBSW,4.534360636111082
2025-07-21,AUD,25Y,6M BBSW,4.556971946495843
2025-07-18,AUD,25Y,6M BBSW,4.60046446695514
2025-07-17,AUD,25Y,6M BBSW,4.583381031149761
2025-07-16,AUD,25Y,6M BBSW,4.625340280441321
2025-07-15,AUD,25Y,6M BBSW,4.662356547284273
2025-07-14,AUD,25Y,6M BBSW,4.587315204160582
2025-07-11,AUD,25Y,6M BBSW,4.576267055047585
2025-07-10,AUD,25Y,6M BBSW,4.532685247851351
2025-07-09,AUD,25Y,6M BBSW,4.499454585727861
2025-07-08,AUD,25Y,6M BBSW,4.525861358068227
2025-07-07,AUD,25Y,6M BBSW,4.450582797552063
2025-07-04,AUD,25Y,6M BBSW,4.418082589503194
2025-07-03,AUD,25Y,6M BBSW,4.436455642207455
2025-07-02,AUD,25Y,6M BBSW,4.416292512802826
2025-07-01,AUD,25Y,6M BBSW,4.354751486629538
2025-06-30,AUD,25Y,6M BBSW,4.374795191908198
2025-06-27,AUD,25Y,6M BBSW,4.376414028037892
2025-06-26,AUD,25Y,6M BBSW,4.341206397845532
2025-06-25,AUD,25Y,6M BBSW,4.349807007083974
2025-06-24,AUD,25Y,6M BBSW,4.361570774836704
2025-06-23,AUD,25Y,6M BBSW,4.408704652124847
2025-06-20,AUD,25Y,6M BBSW,4.405561600704566
2025-06-19,AUD,25Y,6M BBSW,4.400207509387812
2025-06-18,AUD,25Y,6M BBSW,4.448560103139092
2025-06-17,AUD,25Y,6M BBSW,4.438789593041751
2025-06-16,AUD,25Y,6M BBSW,4.455366705892693
2025-06-13,AUD,25Y,6M BBSW,4.446918622607152
2025-06-12,AUD,25Y,6M BBSW,4.373246533838071
2025-06-11,AUD,25Y,6M BBSW,4.444788818117326
2025-06-10,AUD,25Y,6M BBSW,4.490173874303012
2025-06-06,AUD,25Y,6M BBSW,4.544208070778918
2025-06-05,AUD,25Y,6M BBSW,4.474198716150209
2025-06-04,AUD,25Y,6M BBSW,4.424664834843091
2025-06-03,AUD,25Y,6M BBSW,4.475985364398665
2025-06-02,AUD,25Y,6M BBSW,4.521258514289367
2025-05-30,AUD,25Y,6M BBSW,4.460819080582621
2025-05-29,AUD,25Y,6M BBSW,4.502427622342768
2025-05-28,AUD,25Y,6M BBSW,4.571944505466075
2025-05-27,AUD,25Y,6M BBSW,4.455669079357824
2025-05-26,AUD,25Y,6M BBSW,4.528374952669722
2025-05-23,AUD,25Y,6M BBSW,4.56696783882144
2025-05-22,AUD,25Y,6M BBSW,4.600077509803993
2025-05-21,AUD,25Y,6M BBSW,4.704227678504108
2025-05-20,AUD,25Y,6M BBSW,4.56295716098238
2025-05-19,AUD,25Y,6M BBSW,4.596270125201969
2025-05-16,AUD,25Y,6M BBSW,4.60816350531603
2025-05-15,AUD,25Y,6M BBSW,4.580152503321376
2025-05-14,AUD,25Y,6M BBSW,4.665481407721325
2025-05-13,AUD,25Y,6M BBSW,4.580155385876834
2025-05-12,AUD,25Y,6M BBSW,4.527476439239557
2025-05-09,AUD,25Y,6M BBSW,4.418482965682569
2025-05-08,AUD,25Y,6M BBSW,4.41789878073426
2025-05-07,AUD,25Y,6M BBSW,4.366270341430771
2025-05-06,AUD,25Y,6M BBSW,4.45736868124569
2025-05-05,AUD,25Y,6M BBSW,4.436384409252162
2025-05-02,AUD,25Y,6M BBSW,4.415783697461414
2025-05-01,AUD,25Y,6M BBSW,4.367306056963025
2025-04-30,AUD,25Y,6M BBSW,4.314867824145488
2025-04-29,AUD,25Y,6M BBSW,4.325198840504989
2025-04-28,AUD,25Y,6M BBSW,4.333178753625392
2025-04-24,AUD,25Y,6M BBSW,4.381604841557682
2025-04-23,AUD,25Y,6M BBSW,4.446317361762484
2025-04-22,AUD,25Y,6M BBSW,4.408868999759162
2025-04-17,AUD,25Y,6M BBSW,4.412466259272104
2025-04-16,AUD,25Y,6M BBSW,4.450000728451855
2025-04-15,AUD,25Y,6M BBSW,4.520998640383812
2025-04-14,AUD,25Y,6M BBSW,4.546216990928298
2025-04-11,AUD,25Y,6M BBSW,4.679937513678341
2025-04-10,AUD,25Y,6M BBSW,4.587290065529221
2025-04-09,AUD,25Y,6M BBSW,4.479660322072452
2025-04-08,AUD,25Y,6M BBSW,4.426377836559464
2025-04-07,AUD,25Y,6M BBSW,4.468244367330457
2025-04-04,AUD,25Y,6M BBSW,4.318389519774279
2025-03-28,AUD,25Y,6M BBSW,4.531129019391249
2025-03-27,AUD,25Y,6M BBSW,4.576806095464629
2025-03-26,AUD,25Y,6M BBSW,4.582495965766335
2025-03-25,AUD,25Y,6M BBSW,4.563638444478265
2025-03-24,AUD,25Y,6M BBSW,4.539357826034506
2025-03-21,AUD,25Y,6M BBSW,4.508172829927588
2025-03-20,AUD,25Y,6M BBSW,4.50908281141091
2025-03-19,AUD,25Y,6M BBSW,4.503843411346304
2025-03-18,AUD,25Y,6M BBSW,4.540761222452548
2025-03-17,AUD,25Y,6M BBSW,4.527278938499912
2025-03-14,AUD,25Y,6M BBSW,4.545783690487532
2025-03-13,AUD,25Y,6M BBSW,4.507882308481296
2025-03-12,AUD,25Y,6M BBSW,4.566434680661412
2025-03-11,AUD,25Y,6M BBSW,4.566158232901572
2025-03-10,AUD,25Y,6M BBSW,4.508780392313628
2025-03-07,AUD,25Y,6M BBSW,4.550568252314421
2025-03-06,AUD,25Y,6M BBSW,4.575373331441733
2025-03-05,AUD,25Y,6M BBSW,4.610928729793462
2025-03-04,AUD,25Y,6M BBSW,4.511364470629781
2025-03-03,AUD,25Y,6M BBSW,4.408490864468922
2025-02-28,AUD,25Y,6M BBSW,4.453483040016312
2025-02-27,AUD,25Y,6M BBSW,4.463011544440296
2025-02-26,AUD,25Y,6M BBSW,4.475242419813415
2025-02-25,AUD,25Y,6M BBSW,4.528084075609451
2025-02-24,AUD,25Y,6M BBSW,4.581875454374579
2025-02-21,AUD,25Y,6M BBSW,4.657327180831137
2025-02-20,AUD,25Y,6M BBSW,4.688096372697902
2025-02-19,AUD,25Y,6M BBSW,4.679813955274263
2025-02-18,AUD,25Y,6M BBSW,4.693168872280075
2025-02-17,AUD,25Y,6M BBSW,4.604573597478518
2025-02-14,AUD,25Y,6M BBSW,4.578629445221437
2025-02-13,AUD,25Y,6M BBSW,4.588308263148155
2025-02-12,AUD,25Y,6M BBSW,4.693011632736973
2025-02-11,AUD,25Y,6M BBSW,4.606976808789325
2025-02-10,AUD,25Y,6M BBSW,4.528280716743616
2025-02-07,AUD,25Y,6M BBSW,4.537605321738974
2025-02-06,AUD,25Y,6M BBSW,4.480040958087923
2025-02-05,AUD,25Y,6M BBSW,4.451739146369863
2025-02-04,AUD,25Y,6M BBSW,4.571356015341226
2025-02-03,AUD,25Y,6M BBSW,4.581056944537122
2025-01-31,AUD,25Y,6M BBSW,4.541636837055353
2025-01-30,AUD,25Y,6M BBSW,4.511125719114982
2025-01-29,AUD,25Y,6M BBSW,4.528733927336163
2025-01-28,AUD,25Y,6M BBSW,4.562937398896333
2025-01-24,AUD,25Y,6M BBSW,4.60058415483529
2025-01-23,AUD,25Y,6M BBSW,4.616004471644596
2025-01-22,AUD,25Y,6M BBSW,4.619619888353619
2025-01-21,AUD,25Y,6M BBSW,4.586979884950853
2025-01-20,AUD,25Y,6M BBSW,4.588575514651976
2025-01-17,AUD,25Y,6M BBSW,4.650528043742615
2025-01-16,AUD,25Y,6M BBSW,4.637902210476384
2025-01-15,AUD,25Y,6M BBSW,4.660207260378531
2025-01-14,AUD,25Y,6M BBSW,4.771915408564055
2025-01-13,AUD,25Y,6M BBSW,4.736072971855596
2025-01-10,AUD,25Y,6M BBSW,4.705322638743209
2025-01-09,AUD,25Y,6M BBSW,4.644702216428819
2025-01-08,AUD,25Y,6M BBSW,4.680412696881371
2025-01-07,AUD,25Y,6M BBSW,4.659873097678657
2025-01-06,AUD,25Y,6M BBSW,4.574791151780936
2025-01-03,AUD,25Y,6M BBSW,4.531432554975995
2025-01-02,AUD,25Y,6M BBSW,4.525775136963565
2024-12-31,AUD,25Y,6M BBSW,4.472402339908888
2024-12-30,AUD,25Y,6M BBSW,4.50229738898986
2024-12-27,AUD,25Y,6M BBSW,4.524052066129153
2024-12-24,AUD,25Y,6M BBSW,4.547354053571604
2024-12-23,AUD,25Y,6M BBSW,4.542297264014841
2024-12-20,AUD,25Y,6M BBSW,4.5517359938856
2024-12-19,AUD,25Y,6M BBSW,4.578684153698648
2024-12-18,AUD,25Y,6M BBSW,4.506255624735761
2024-12-17,AUD,25Y,6M BBSW,4.449994130573135
2024-12-16,AUD,25Y,6M BBSW,4.47207348928261
2024-12-13,AUD,25Y,6M BBSW,4.495768868001009
2024-12-12,AUD,25Y,6M BBSW,4.487589857668546
2024-12-11,AUD,25Y,6M BBSW,4.401564948517257
2024-12-10,AUD,25Y,6M BBSW,4.362700484793339
2024-12-09,AUD,25Y,6M BBSW,4.420879077359857
2024-12-06,AUD,25Y,6M BBSW,4.400817123597114
2024-12-05,AUD,25Y,6M BBSW,4.436005025380214
2024-12-04,AUD,25Y,6M BBSW,4.392470080406284
2024-12-03,AUD,25Y,6M BBSW,4.483692041842596
2024-12-02,AUD,25Y,6M BBSW,4.4313784059256
2024-11-29,AUD,25Y,6M BBSW,4.4777934698982
2024-11-28,AUD,25Y,6M BBSW,4.53391485257108
2024-11-27,AUD,25Y,6M BBSW,4.550730374385016
2024-11-26,AUD,25Y,6M BBSW,4.584780455370334
2024-11-25,AUD,25Y,6M BBSW,4.568992462755491
2024-11-22,AUD,25Y,6M BBSW,4.654528083302609
2024-11-21,AUD,25Y,6M BBSW,4.694496189234155
2024-11-20,AUD,25Y,6M BBSW,4.697610174060653
2024-11-19,AUD,25Y,6M BBSW,4.685970781245058
2024-11-18,AUD,25Y,6M BBSW,4.682480949926205
2024-11-15,AUD,25Y,6M BBSW,4.712170848552358
2024-11-14,AUD,25Y,6M BBSW,4.745624155309485
2024-11-13,AUD,25Y,6M BBSW,4.786797344895631
2024-11-12,AUD,25Y,6M BBSW,4.775862979093644
2024-11-11,AUD,25Y,6M BBSW,4.71897665779928
2024-11-08,AUD,25Y,6M BBSW,4.684224729473457
2024-11-07,AUD,25Y,6M BBSW,4.722793240949244
2024-11-06,AUD,25Y,6M BBSW,4.770199049832363
2024-11-05,AUD,25Y,6M BBSW,4.673972456238047
2024-11-04,AUD,25Y,6M BBSW,4.672880955807909
2024-11-01,AUD,25Y,6M BBSW,4.700623036438303
2024-10-31,AUD,25Y,6M BBSW,4.711588115909253
2024-10-30,AUD,25Y,6M BBSW,4.707996995017393
2024-10-29,AUD,25Y,6M BBSW,4.66079001793218
2024-10-28,AUD,25Y,6M BBSW,4.648955066872194
2024-10-24,AUD,25Y,6M BBSW,4.621238400250333
2024-10-23,AUD,25Y,6M BBSW,4.696551302744712
2024-10-22,AUD,25Y,6M BBSW,4.673547969861784
2024-10-21,AUD,25Y,6M BBSW,4.622733889094429
2024-10-17,AUD,25Y,6M BBSW,4.556695929889553
2024-10-16,AUD,25Y,6M BBSW,4.443510506063379
2024-10-15,AUD,25Y,6M BBSW,4.4617867422508
2024-10-14,AUD,25Y,6M BBSW,4.506223760847015
2024-10-11,AUD,25Y,6M BBSW,4.479832554205643
2024-10-10,AUD,25Y,6M BBSW,4.455374518166483
2024-10-09,AUD,25Y,6M BBSW,4.460533179195969
2024-10-08,AUD,25Y,6M BBSW,4.426438243219956
2024-10-04,AUD,25Y,6M BBSW,4.405306747045851
2024-10-03,AUD,25Y,6M BBSW,4.326146332281228
2024-10-02,AUD,25Y,6M BBSW,4.268511575672006
2024-10-01,AUD,25Y,6M BBSW,4.224197746421389
2024-09-30,AUD,25Y,6M BBSW,4.251804014138027
2024-09-27,AUD,25Y,6M BBSW,4.210927449384193
2024-09-26,AUD,25Y,6M BBSW,4.231238812286773
2024-09-25,AUD,25Y,6M BBSW,4.210667683732427
2024-09-24,AUD,25Y,6M BBSW,4.178398272416589
2024-09-23,AUD,25Y,6M BBSW,4.22175150012755
2024-09-20,AUD,25Y,6M BBSW,4.202781204195916
2024-09-19,AUD,25Y,6M BBSW,4.173657851533205
2024-09-18,AUD,25Y,6M BBSW,4.151591834293678
2024-09-17,AUD,25Y,6M BBSW,4.100022330409049
2024-09-16,AUD,25Y,6M BBSW,4.050536377233007
2024-09-13,AUD,25Y,6M BBSW,4.087693225504406
2024-09-12,AUD,25Y,6M BBSW,4.080567754757658
2024-09-11,AUD,25Y,6M BBSW,4.118395975511738
2024-09-10,AUD,25Y,6M BBSW,4.148618098659703
2024-09-09,AUD,25Y,6M BBSW,4.185821678641438
2024-09-06,AUD,25Y,6M BBSW,4.159784422169063
2024-09-05,AUD,25Y,6M BBSW,4.185755089819774
2024-09-04,AUD,25Y,6M BBSW,4.160487545009437
2024-09-03,AUD,25Y,6M BBSW,4.219812843578497
2024-09-02,AUD,25Y,6M BBSW,4.312308691714989
2024-08-30,AUD,25Y,6M BBSW,4.268919346151877
2024-08-29,AUD,25Y,6M BBSW,4.2397455434942
2024-08-27,AUD,25Y,6M BBSW,4.168745235277751
2024-08-26,AUD,25Y,6M BBSW,4.148613570589736
2024-08-23,AUD,25Y,6M BBSW,4.140982605183943
2024-08-22,AUD,25Y,6M BBSW,4.174542822577088
2024-08-21,AUD,25Y,6M BBSW,4.120476283394328
2024-08-20,AUD,25Y,6M BBSW,4.132324457109927
2024-08-19,AUD,25Y,6M BBSW,4.177311778021709
2024-08-16,AUD,25Y,6M BBSW,4.170979296767663
2024-08-15,AUD,25Y,6M BBSW,4.207797584745934
2024-08-14,AUD,25Y,6M BBSW,4.120152784638856
2024-08-13,AUD,25Y,6M BBSW,4.157322236806786
2024-08-12,AUD,25Y,6M BBSW,4.218607702057947
2024-08-09,AUD,25Y,6M BBSW,4.248570899305498
2024-08-08,AUD,25Y,6M BBSW,4.310727506440052
2024-08-07,AUD,25Y,6M BBSW,4.298017876355635
2024-08-06,AUD,25Y,6M BBSW,4.293539928064752
2024-08-02,AUD,25Y,6M BBSW,4.176909266136753
2024-08-01,AUD,25Y,6M BBSW,4.232981569735722
2024-07-31,AUD,25Y,6M BBSW,4.275467575223811
2024-07-30,AUD,25Y,6M BBSW,4.457494937330465
2024-07-29,AUD,25Y,6M BBSW,4.48978448131442
2024-07-26,AUD,25Y,6M BBSW,4.471909205258835
2024-07-24,AUD,25Y,6M BBSW,4.539162533330861
2024-07-23,AUD,25Y,6M BBSW,4.545988915746188
2024-07-22,AUD,25Y,6M BBSW,4.522280972572561
2024-07-19,AUD,25Y,6M BBSW,4.518540258803439
2024-07-18,AUD,25Y,6M BBSW,4.454507124967473
2024-07-17,AUD,25Y,6M BBSW,4.418027388811612
2024-07-16,AUD,25Y,6M BBSW,4.421000468446318
2024-07-15,AUD,25Y,6M BBSW,4.516423459556125
2024-07-12,AUD,25Y,6M BBSW,4.502241924781528
2024-07-11,AUD,25Y,6M BBSW,4.543296760496989
2024-07-10,AUD,25Y,6M BBSW,4.553003721163113
2024-07-09,AUD,25Y,6M BBSW,4.562287534275377
2024-07-08,AUD,25Y,6M BBSW,4.542280054290856
2024-07-05,AUD,25Y,6M BBSW,4.558534863960246
2024-07-04,AUD,25Y,6M BBSW,4.619482268134442
2024-07-03,AUD,25Y,6M BBSW,4.610354424241987
2024-07-02,AUD,25Y,6M BBSW,4.623510946381752
2024-07-01,AUD,25Y,6M BBSW,4.643210057521971
2024-06-28,AUD,25Y,6M BBSW,4.598439165838758
2024-06-27,AUD,25Y,6M BBSW,4.523127933308365
2024-06-26,AUD,25Y,6M BBSW,4.583766299771979
2024-06-24,AUD,25Y,6M BBSW,4.424646032252797
2024-06-21,AUD,25Y,6M BBSW,4.430946107155837
2024-06-20,AUD,25Y,6M BBSW,4.441985232213978
2024-06-19,AUD,25Y,6M BBSW,4.403045647963309
2024-06-18,AUD,25Y,6M BBSW,4.391008945930542
2024-06-17,AUD,25Y,6M BBSW,4.402305796813639
2024-06-14,AUD,25Y,6M BBSW,4.358640044741646
2024-06-13,AUD,25Y,6M BBSW,4.404655563819742
2024-06-12,AUD,25Y,6M BBSW,4.460665261356739
2024-06-11,AUD,25Y,6M BBSW,4.53118908813184
2024-06-07,AUD,25Y,6M BBSW,4.539642157543216
2024-06-06,AUD,25Y,6M BBSW,4.46564583522416
2024-06-05,AUD,25Y,6M BBSW,4.450439736573719
2024-06-04,AUD,25Y,6M BBSW,4.446004210112744
2024-06-03,AUD,25Y,6M BBSW,4.533594354775397
2024-05-31,AUD,25Y,6M BBSW,4.627784013705316
2024-05-30,AUD,25Y,6M BBSW,4.631066957723719
2024-05-29,AUD,25Y,6M BBSW,4.679340955591732
2024-05-28,AUD,25Y,6M BBSW,4.580985266481437
2024-05-27,AUD,25Y,6M BBSW,4.499783419413399
2024-05-24,AUD,25Y,6M BBSW,4.529738230193191
2024-05-23,AUD,25Y,6M BBSW,4.521994880750542
2024-05-22,AUD,25Y,6M BBSW,4.511711543823777
2024-05-21,AUD,25Y,6M BBSW,4.49359378393545
2024-05-20,AUD,25Y,6M BBSW,4.507282245347223
2024-05-17,AUD,25Y,6M BBSW,4.505941542814375
2024-05-16,AUD,25Y,6M BBSW,4.485702797978142
2024-05-15,AUD,25Y,6M BBSW,4.486566487289348
2024-05-14,AUD,25Y,6M BBSW,4.591197139384359
2024-05-13,AUD,25Y,6M BBSW,4.608572095183189
2024-05-10,AUD,25Y,6M BBSW,4.643525336490127
2024-05-09,AUD,25Y,6M BBSW,4.631983451630041
2024-05-08,AUD,25Y,6M BBSW,4.611696897516306
2024-05-07,AUD,25Y,6M BBSW,4.528591232558277
2024-05-06,AUD,25Y,6M BBSW,4.647268829489523
2024-05-03,AUD,25Y,6M BBSW,4.655923999171688
2024-05-02,AUD,25Y,6M BBSW,4.690675861185007
2024-05-01,AUD,25Y,6M BBSW,4.755373326217471
2024-04-30,AUD,25Y,6M BBSW,4.745124020268454
2024-04-29,AUD,25Y,6M BBSW,4.729892753546945
2024-04-26,AUD,25Y,6M BBSW,4.755893242067642
2024-04-24,AUD,25Y,6M BBSW,4.704159663402325
2024-04-23,AUD,25Y,6M BBSW,4.553521381773429
2024-04-22,AUD,25Y,6M BBSW,4.560967443068567
2024-04-19,AUD,25Y,6M BBSW,4.585538969069685
2024-04-18,AUD,25Y,6M BBSW,4.60410194166192
2024-04-17,AUD,25Y,6M BBSW,4.611403125926736
2024-04-16,AUD,25Y,6M BBSW,4.657441440673284
2024-04-15,AUD,25Y,6M BBSW,4.582793973475599
2024-04-12,AUD,25Y,6M BBSW,4.48351938525082
2024-04-11,AUD,25Y,6M BBSW,4.564352712069211
2024-04-10,AUD,25Y,6M BBSW,4.491704482435765
2024-04-09,AUD,25Y,6M BBSW,4.380981359605495
2024-04-08,AUD,25Y,6M BBSW,4.467242113399967
2024-04-04,AUD,25Y,6M BBSW,4.381820025952464
2024-04-03,AUD,25Y,6M BBSW,4.409028539868297
2024-04-02,AUD,25Y,6M BBSW,4.399686485980268
2024-03-28,AUD,25Y,6M BBSW,4.274487083980108
2024-03-27,AUD,25Y,6M BBSW,4.274196242301145
2024-03-26,AUD,25Y,6M BBSW,4.342183509031806
2024-03-25,AUD,25Y,6M BBSW,4.335979671645391
2024-03-22,AUD,25Y,6M BBSW,4.319763013794521
2024-03-21,AUD,25Y,6M BBSW,4.369514733980397
2024-03-20,AUD,25Y,6M BBSW,4.340439179951183
2024-03-19,AUD,25Y,6M BBSW,4.384803223246464
2024-03-18,AUD,25Y,6M BBSW,4.422288890070199
2024-03-15,AUD,25Y,6M BBSW,4.441640916362577
2024-03-14,AUD,25Y,6M BBSW,4.422516135855119
2024-03-13,AUD,25Y,6M BBSW,4.351735841084101
2024-03-12,AUD,25Y,6M BBSW,4.308609961748926
2024-03-11,AUD,25Y,6M BBSW,4.257304753629257
2024-03-08,AUD,25Y,6M BBSW,4.284566875350507
2024-03-07,AUD,25Y,6M BBSW,4.312020977206764
2024-03-06,AUD,25Y,6M BBSW,4.291744894348335
2024-03-05,AUD,25Y,6M BBSW,4.344807121537749
2024-03-04,AUD,25Y,6M BBSW,4.43358783396465
2024-03-01,AUD,25Y,6M BBSW,4.427250977431312
2024-02-29,AUD,25Y,6M BBSW,4.447547536518901
2024-02-28,AUD,25Y,6M BBSW,4.455527951726944
2024-02-27,AUD,25Y,6M BBSW,4.505153746228095
2024-02-26,AUD,25Y,6M BBSW,4.468588175010934
2024-02-23,AUD,25Y,6M BBSW,4.459748770729541
2024-02-22,AUD,25Y,6M BBSW,4.479757209498544
2024-02-21,AUD,25Y,6M BBSW,4.524491792108548
2024-02-20,AUD,25Y,6M BBSW,4.504258290883527
2024-02-19,AUD,25Y,6M BBSW,4.517283351497392
2024-02-16,AUD,25Y,6M BBSW,4.528541089808861
2024-02-15,AUD,25Y,6M BBSW,4.487761381872988
2024-02-14,AUD,25Y,6M BBSW,4.520954746249026
2024-02-13,AUD,25Y,6M BBSW,4.586747053303394
2024-02-12,AUD,25Y,6M BBSW,4.50478494507444
2024-02-09,AUD,25Y,6M BBSW,4.492245260731513
2024-02-08,AUD,25Y,6M BBSW,4.475958545878605
2024-02-07,AUD,25Y,6M BBSW,4.455667898179899
2024-02-06,AUD,25Y,6M BBSW,4.424195894408944
2024-02-05,AUD,25Y,6M BBSW,4.443482331132401
2024-02-02,AUD,25Y,6M BBSW,4.398438324598726
2024-02-01,AUD,25Y,6M BBSW,4.297181983036397
2024-01-31,AUD,25Y,6M BBSW,4.321930622689633
2024-01-30,AUD,25Y,6M BBSW,4.434061116995721
2024-01-29,AUD,25Y,6M BBSW,4.483586351401677
2024-01-25,AUD,25Y,6M BBSW,4.530863676697618
2024-01-24,AUD,25Y,6M BBSW,4.591936344237081
2024-01-23,AUD,25Y,6M BBSW,4.553052741123881
2024-01-22,AUD,25Y,6M BBSW,4.523583130935676
2024-01-19,AUD,25Y,6M BBSW,4.60723201954298
2024-01-18,AUD,25Y,6M BBSW,4.635940194703417
2024-01-17,AUD,25Y,6M BBSW,4.586983978084655
2024-01-16,AUD,25Y,6M BBSW,4.523056717096718
2024-01-15,AUD,25Y,6M BBSW,4.489018414520296
2024-01-12,AUD,25Y,6M BBSW,4.428553338480729
2024-01-11,AUD,25Y,6M BBSW,4.402266684726152
2024-01-10,AUD,25Y,6M BBSW,4.457000190305649
2024-01-09,AUD,25Y,6M BBSW,4.374274654807964
2024-01-08,AUD,25Y,6M BBSW,4.414793513569677
2024-01-05,AUD,25Y,6M BBSW,4.474747521540291
2024-01-04,AUD,25Y,6M BBSW,4.404765614001663
2024-01-03,AUD,25Y,6M BBSW,4.310683242047122
2024-01-02,AUD,25Y,6M BBSW,4.316720292181381
2023-12-29,AUD,25Y,6M BBSW,4.227385958817788
2023-12-28,AUD,25Y,6M BBSW,4.204441894958526
2023-12-27,AUD,25Y,6M BBSW,4.196642218744115
2023-12-22,AUD,25Y,6M BBSW,4.295976840347495
2023-12-21,AUD,25Y,6M BBSW,4.305958802328903
2023-12-20,AUD,25Y,6M BBSW,4.302013302846251
2023-12-19,AUD,25Y,6M BBSW,4.354261697186343
2023-12-18,AUD,25Y,6M BBSW,4.3723129728617
2023-12-15,AUD,25Y,6M BBSW,4.383236013622767
2023-12-14,AUD,25Y,6M BBSW,4.451977646451988
2023-12-13,AUD,25Y,6M BBSW,4.428231464864376
2023-12-12,AUD,25Y,6M BBSW,4.615918712367495
2023-12-11,AUD,25Y,6M BBSW,4.644479254129538
2023-12-07,AUD,25Y,6M BBSW,4.627130443782607
2023-12-06,AUD,25Y,6M BBSW,4.565642076237607
2023-12-05,AUD,25Y,6M BBSW,4.630424614348115
2023-12-04,AUD,25Y,6M BBSW,4.768578386570435
2023-12-01,AUD,25Y,6M BBSW,4.774722686336129
2023-11-30,AUD,25Y,6M BBSW,4.835155129088532
2023-11-29,AUD,25Y,6M BBSW,4.724619231269581
2023-11-28,AUD,25Y,6M BBSW,4.790420405576155
2023-11-27,AUD,25Y,6M BBSW,4.827254439968139
2023-11-24,AUD,25Y,6M BBSW,4.872199374032495
2023-11-23,AUD,25Y,6M BBSW,4.870910912607597
2023-11-22,AUD,25Y,6M BBSW,4.820652288335291
2023-11-21,AUD,25Y,6M BBSW,4.789220847221149
2023-11-20,AUD,25Y,6M BBSW,4.823554924252231
2023-11-17,AUD,25Y,6M BBSW,4.825905169899148
2023-11-16,AUD,25Y,6M BBSW,4.815918043342198
2023-11-15,AUD,25Y,6M BBSW,4.93945703136703
2023-11-14,AUD,25Y,6M BBSW,4.903905693709828
2023-11-13,AUD,25Y,6M BBSW,4.994737361625392
2023-11-10,AUD,25Y,6M BBSW,4.942190615920137
2023-11-09,AUD,25Y,6M BBSW,4.957200307339772
2023-11-08,AUD,25Y,6M BBSW,4.833250843508608
2023-11-07,AUD,25Y,6M BBSW,4.920403439956417
2023-11-06,AUD,25Y,6M BBSW,5.079727228217777
2023-11-03,AUD,25Y,6M BBSW,4.983485993884064
2023-11-02,AUD,25Y,6M BBSW,5.050888995020461
2023-11-01,AUD,25Y,6M BBSW,5.146907557285418
2023-10-31,AUD,25Y,6M BBSW,5.314381255557792
2023-10-30,AUD,25Y,6M BBSW,5.287653189475297
2023-10-27,AUD,25Y,6M BBSW,5.133475555191362
2023-10-26,AUD,25Y,6M BBSW,5.129638725347164
2023-10-25,AUD,25Y,6M BBSW,5.112823652225121
2023-10-24,AUD,25Y,6M BBSW,5.012918990405169
2023-10-23,AUD,25Y,6M BBSW,5.030869669799714
2023-10-20,AUD,25Y,6M BBSW,5.037146546156297
2023-10-19,AUD,25Y,6M BBSW,5.093320716387785
2023-10-18,AUD,25Y,6M BBSW,5.079302320859967
2023-10-17,AUD,25Y,6M BBSW,4.946629907656938
2023-10-16,AUD,25Y,6M BBSW,4.815933081628463
2023-10-12,AUD,25Y,6M BBSW,4.79212499867033
2023-10-11,AUD,25Y,6M BBSW,4.680541338988794
2023-10-10,AUD,25Y,6M BBSW,4.810364388629113
2023-10-09,AUD,25Y,6M BBSW,4.795942957831259
2023-10-06,AUD,25Y,6M BBSW,4.903349788565296
2023-10-05,AUD,25Y,6M BBSW,4.91182053192078
2023-10-04,AUD,25Y,6M BBSW,4.877743922830629
2023-10-03,AUD,25Y,6M BBSW,4.886140334546213
2023-09-29,AUD,25Y,6M BBSW,4.742317597436705
2023-09-28,AUD,25Y,6M BBSW,4.709689915608205
2023-09-27,AUD,25Y,6M BBSW,4.698203273435952
2023-09-26,AUD,25Y,6M BBSW,4.664085031141947
2023-09-25,AUD,25Y,6M BBSW,4.668551210464042
2023-09-22,AUD,25Y,6M BBSW,4.563535385221812
2023-09-21,AUD,25Y,6M BBSW,4.577243904370411
2023-09-20,AUD,25Y,6M BBSW,4.514487556732402
2023-09-19,AUD,25Y,6M BBSW,4.494252507467392
2023-09-18,AUD,25Y,6M BBSW,4.485988192875675
2023-09-15,AUD,25Y,6M BBSW,4.450259518289515
2023-09-14,AUD,25Y,6M BBSW,4.425004230156378
2023-09-13,AUD,25Y,6M BBSW,4.442998318301246
2023-09-12,AUD,25Y,6M BBSW,4.486454283866088
2023-09-11,AUD,25Y,6M BBSW,4.48878715848076
2023-09-08,AUD,25Y,6M BBSW,4.445249248620624
2023-09-07,AUD,25Y,6M BBSW,4.435963159850726
2023-09-06,AUD,25Y,6M BBSW,4.46949501224038
2023-09-05,AUD,25Y,6M BBSW,4.474255016579138
2023-09-04,AUD,25Y,6M BBSW,4.452290257737077
2023-09-01,AUD,25Y,6M BBSW,4.363558806726534
2023-08-31,AUD,25Y,6M BBSW,4.330234515330401
2023-08-30,AUD,25Y,6M BBSW,4.37234229151294
2023-08-28,AUD,25Y,6M BBSW,4.43362245482898
2023-08-25,AUD,25Y,6M BBSW,4.448584944689156
2023-08-24,AUD,25Y,6M BBSW,4.46094486540798
2023-08-23,AUD,25Y,6M BBSW,4.4219876039097
2023-08-22,AUD,25Y,6M BBSW,4.553005262065383
2023-08-21,AUD,25Y,6M BBSW,4.632257832237276
2023-08-18,AUD,25Y,6M BBSW,4.559774427371384
2023-08-17,AUD,25Y,6M BBSW,4.602229455097826
2023-08-16,AUD,25Y,6M BBSW,4.544471765120703
2023-08-15,AUD,25Y,6M BBSW,4.555320646190571
2023-08-14,AUD,25Y,6M BBSW,4.565030773378935
2023-08-11,AUD,25Y,6M BBSW,4.512278194238919
2023-08-10,AUD,25Y,6M BBSW,4.43354751814717
2023-08-09,AUD,25Y,6M BBSW,4.396992415010832
2023-08-08,AUD,25Y,6M BBSW,4.373036340812176
2023-08-04,AUD,25Y,6M BBSW,4.407162156490585
2023-08-03,AUD,25Y,6M BBSW,4.528136702451817
2023-08-02,AUD,25Y,6M BBSW,4.426600697658804
2023-08-01,AUD,25Y,6M BBSW,4.361367650056438
2023-07-31,AUD,25Y,6M BBSW,4.362692041413065
2023-07-28,AUD,25Y,6M BBSW,4.322260270716222
2023-07-27,AUD,25Y,6M BBSW,4.385873217801774
2023-07-25,AUD,25Y,6M BBSW,4.368914874569576
2023-07-24,AUD,25Y,6M BBSW,4.320951021664119
2023-07-21,AUD,25Y,6M BBSW,4.315998171064144
2023-07-20,AUD,25Y,6M BBSW,4.327257859734301
2023-07-19,AUD,25Y,6M BBSW,4.24950751763584
2023-07-18,AUD,25Y,6M BBSW,4.254244328452344
2023-07-17,AUD,25Y,6M BBSW,4.290995037284663
2023-07-14,AUD,25Y,6M BBSW,4.336182773582125
2023-07-13,AUD,25Y,6M BBSW,4.283462782527227
2023-07-12,AUD,25Y,6M BBSW,4.323297094557661
2023-07-11,AUD,25Y,6M BBSW,4.4204136581801
2023-07-10,AUD,25Y,6M BBSW,4.458578050034916
2023-07-07,AUD,25Y,6M BBSW,4.525980338982509
2023-07-06,AUD,25Y,6M BBSW,4.477240777937854
2023-07-05,AUD,25Y,6M BBSW,4.348293592763816
2023-07-04,AUD,25Y,6M BBSW,4.261740161479058
2023-07-03,AUD,25Y,6M BBSW,4.262264502046306
2023-06-30,AUD,25Y,6M BBSW,4.283934217018919
2023-06-29,AUD,25Y,6M BBSW,4.25989213957835
2023-06-28,AUD,25Y,6M BBSW,4.133255800221757
2023-06-27,AUD,25Y,6M BBSW,4.209139387763148
2023-06-26,AUD,25Y,6M BBSW,4.190660068095708
2023-06-22,AUD,25Y,6M BBSW,4.300749751389462
2023-06-21,AUD,25Y,6M BBSW,4.25449592752426
2023-06-20,AUD,25Y,6M BBSW,4.285443708238232
2023-06-19,AUD,25Y,6M BBSW,4.322311835700379
2023-06-15,AUD,25Y,6M BBSW,4.282749992497332
2023-06-14,AUD,25Y,6M BBSW,4.29650652336829
2023-06-13,AUD,25Y,6M BBSW,4.340375987579714
2023-06-09,AUD,25Y,6M BBSW,4.321148260585284
2023-06-08,AUD,25Y,6M BBSW,4.328576938934977
2023-06-07,AUD,25Y,6M BBSW,4.357937088221211
2023-06-06,AUD,25Y,6M BBSW,4.220160164970739
2023-06-05,AUD,25Y,6M BBSW,4.192320983308269
2023-06-01,AUD,25Y,6M BBSW,4.075992471674791
2023-05-31,AUD,25Y,6M BBSW,4.060731272572898
2023-05-30,AUD,25Y,6M BBSW,4.076570538226876
2023-05-29,AUD,25Y,6M BBSW,4.076122399283768
2023-05-26,AUD,25Y,6M BBSW,4.153610744333422
2023-05-25,AUD,25Y,6M BBSW,4.184775117679843
2023-05-24,AUD,25Y,6M BBSW,4.179520180688025
2023-05-23,AUD,25Y,6M BBSW,4.166766415050936
2023-05-22,AUD,25Y,6M BBSW,4.116010361542405
2023-05-19,AUD,25Y,6M BBSW,4.131011731298181
2023-05-18,AUD,25Y,6M BBSW,4.125981165258319
2023-05-17,AUD,25Y,6M BBSW,4.032040095510691
2023-05-16,AUD,25Y,6M BBSW,4.001795316894447
2023-05-15,AUD,25Y,6M BBSW,4.016367436389276
2023-05-12,AUD,25Y,6M BBSW,3.943627350222671
2023-05-11,AUD,25Y,6M BBSW,3.886006471133248
2023-05-10,AUD,25Y,6M BBSW,3.955750241333672
2023-05-09,AUD,25Y,6M BBSW,4.006792142427607
2023-05-08,AUD,25Y,6M BBSW,3.998620189641465
2023-05-05,AUD,25Y,6M BBSW,3.931029297125953
2023-05-04,AUD,25Y,6M BBSW,3.831012748117666
2023-05-03,AUD,25Y,6M BBSW,3.883358205169753
2023-05-02,AUD,25Y,6M BBSW,3.868108308751249
2023-05-01,AUD,25Y,6M BBSW,3.919827101669859
2023-04-28,AUD,25Y,6M BBSW,3.763623992433637
2023-04-27,AUD,25Y,6M BBSW,3.903609242641423
2023-04-26,AUD,25Y,6M BBSW,3.854547830450525
2023-04-24,AUD,25Y,6M BBSW,3.909814536315056
2023-04-21,AUD,25Y,6M BBSW,3.948580792765908
2023-04-20,AUD,25Y,6M BBSW,3.957276108616445
2023-04-19,AUD,25Y,6M BBSW,3.990653967465262
2023-04-18,AUD,25Y,6M BBSW,4.021729035218811
2023-04-17,AUD,25Y,6M BBSW,3.958611774126132
2023-04-14,AUD,25Y,6M BBSW,3.913288604637658
2023-04-13,AUD,25Y,6M BBSW,3.838612221274801
2023-04-12,AUD,25Y,6M BBSW,3.78455072412795
2023-04-11,AUD,25Y,6M BBSW,3.745454189345685
2023-04-06,AUD,25Y,6M BBSW,3.679498848539964
2023-04-05,AUD,25Y,6M BBSW,3.734214398088999
2023-04-04,AUD,25Y,6M BBSW,3.730164419908386
2023-04-03,AUD,25Y,6M BBSW,3.764885731059316
2023-03-31,AUD,25Y,6M BBSW,3.779007741327312
2023-03-30,AUD,25Y,6M BBSW,3.858913888549641
2023-03-29,AUD,25Y,6M BBSW,3.899628091197617
2023-03-28,AUD,25Y,6M BBSW,3.931773366200673
2023-03-27,AUD,25Y,6M BBSW,3.887287851879093
2023-03-24,AUD,25Y,6M BBSW,3.816027657274063
2023-03-23,AUD,25Y,6M BBSW,3.828564052064972
2023-03-22,AUD,25Y,6M BBSW,3.848360735083276
2023-03-21,AUD,25Y,6M BBSW,3.848108001076144
2023-03-20,AUD,25Y,6M BBSW,3.849832181696372
2023-03-17,AUD,25Y,6M BBSW,3.887335823600151
2023-03-16,AUD,25Y,6M BBSW,4.032294977063501
2023-03-15,AUD,25Y,6M BBSW,3.949293536608799
2023-03-14,AUD,25Y,6M BBSW,4.128531704870313
2023-03-13,AUD,25Y,6M BBSW,3.938325212056585
2023-03-10,AUD,25Y,6M BBSW,3.966828739928377
2023-03-09,AUD,25Y,6M BBSW,4.085786191013244
2023-03-08,AUD,25Y,6M BBSW,4.123523202760547
2023-03-07,AUD,25Y,6M BBSW,4.163057504632904
2023-03-06,AUD,25Y,6M BBSW,4.204800624840653
2023-03-03,AUD,25Y,6M BBSW,4.28480147629841
2023-03-02,AUD,25Y,6M BBSW,4.372254058458641
2023-03-01,AUD,25Y,6M BBSW,4.296999644395781
2023-02-28,AUD,25Y,6M BBSW,4.352490012790636
2023-02-27,AUD,25Y,6M BBSW,4.287390859405906
2023-02-24,AUD,25Y,6M BBSW,4.322255553182121
2023-02-23,AUD,25Y,6M BBSW,4.355701344403551
2023-02-22,AUD,25Y,6M BBSW,4.331742000139824
2023-02-21,AUD,25Y,6M BBSW,4.25729849017416
2023-02-20,AUD,25Y,6M BBSW,4.253623540973734
2023-02-17,AUD,25Y,6M BBSW,4.222267061504859
2023-02-16,AUD,25Y,6M BBSW,4.193323900399292
2023-02-15,AUD,25Y,6M BBSW,4.171395735017777
2023-02-14,AUD,25Y,6M BBSW,4.191225101653052
2023-02-13,AUD,25Y,6M BBSW,4.222326432209789
2023-02-10,AUD,25Y,6M BBSW,4.209768633322756
2023-02-09,AUD,25Y,6M BBSW,4.082036931218704
2023-02-08,AUD,25Y,6M BBSW,4.050485641202491
2023-02-07,AUD,25Y,6M BBSW,4.085978214928544
2023-02-06,AUD,25Y,6M BBSW,3.922286048353356
2023-02-03,AUD,25Y,6M BBSW,3.98220190252144
2023-02-02,AUD,25Y,6M BBSW,3.990658171641373
2023-02-01,AUD,25Y,6M BBSW,4.039209101778404
2023-01-31,AUD,25Y,6M BBSW,4.022662873600424
2023-01-30,AUD,25Y,6M BBSW,4.037481547232358
2023-01-27,AUD,25Y,6M BBSW,4.0432601640696
2023-01-25,AUD,25Y,6M BBSW,3.987768015184498
2023-01-24,AUD,25Y,6M BBSW,3.93359158071301
2023-01-23,AUD,25Y,6M BBSW,3.931049296365219
2023-01-20,AUD,25Y,6M BBSW,3.940999140161293
2023-01-19,AUD,25Y,6M BBSW,3.815770519275754
2023-01-18,AUD,25Y,6M BBSW,3.953098179390972
2023-01-17,AUD,25Y,6M BBSW,4.001019741692517
2023-01-16,AUD,25Y,6M BBSW,3.989844229402796
2023-01-13,AUD,25Y,6M BBSW,4.003591987284001
2023-01-12,AUD,25Y,6M BBSW,3.962049605709156
2023-01-11,AUD,25Y,6M BBSW,4.09927289953019
2023-01-10,AUD,25Y,6M BBSW,4.128608408139507
2023-01-09,AUD,25Y,6M BBSW,4.138633203015948
2023-01-06,AUD,25Y,6M BBSW,4.07978346058225
2023-01-05,AUD,25Y,6M BBSW,4.180720704516477
2023-01-04,AUD,25Y,6M BBSW,4.210451326925918
2023-01-03,AUD,25Y,6M BBSW,4.305956078905126
2022-12-30,AUD,25Y,6M BBSW,4.318925538928597
2022-12-29,AUD,25Y,6M BBSW,4.34841268959514
2022-12-28,AUD,25Y,6M BBSW,4.409137198014102
2022-12-23,AUD,25Y,6M BBSW,4.214691643515114
2022-12-22,AUD,25Y,6M BBSW,4.173316952060144
2022-12-21,AUD,25Y,6M BBSW,4.068058300123631
2022-12-20,AUD,25Y,6M BBSW,4.129808322152846
2022-12-19,AUD,25Y,6M BBSW,3.957340745897707
2022-12-16,AUD,25Y,6M BBSW,3.906006451481502
2022-12-15,AUD,25Y,6M BBSW,3.899634460061251
2022-12-14,AUD,25Y,6M BBSW,3.817956926440883
2022-12-13,AUD,25Y,6M BBSW,3.846286913463764
2022-12-12,AUD,25Y,6M BBSW,3.840970119257058
2022-12-09,AUD,25Y,6M BBSW,3.812525002040057
2022-12-08,AUD,25Y,6M BBSW,3.820675462930966
2022-12-07,AUD,25Y,6M BBSW,3.805447534628685
2022-12-06,AUD,25Y,6M BBSW,3.846011481789407
2022-12-05,AUD,25Y,6M BBSW,3.814852215252422
2022-12-02,AUD,25Y,6M BBSW,3.791018069568916
2022-12-01,AUD,25Y,6M BBSW,3.929548974804158
2022-11-30,AUD,25Y,6M BBSW,3.950361784147447
2022-11-29,AUD,25Y,6M BBSW,4.011128731657905
2022-11-28,AUD,25Y,6M BBSW,3.956046112917441
2022-11-25,AUD,25Y,6M BBSW,4.027286564313045
2022-11-24,AUD,25Y,6M BBSW,3.999543946166291
2022-11-23,AUD,25Y,6M BBSW,4.034282967872741
2022-11-22,AUD,25Y,6M BBSW,4.039817033063543
2022-11-21,AUD,25Y,6M BBSW,4.064839205302142
2022-11-18,AUD,25Y,6M BBSW,4.10357933657189
2022-11-17,AUD,25Y,6M BBSW,4.12203118534473
2022-11-16,AUD,25Y,6M BBSW,4.226757296952754
2022-11-15,AUD,25Y,6M BBSW,4.288988943832966
2022-11-14,AUD,25Y,6M BBSW,4.364982624143399
2022-11-11,AUD,25Y,6M BBSW,4.269761585233859
2022-11-10,AUD,25Y,6M BBSW,4.260709580955205
2022-11-09,AUD,25Y,6M BBSW,4.377926867781381
2022-11-08,AUD,25Y,6M BBSW,4.561065287252005
2022-11-07,AUD,25Y,6M BBSW,4.424810540490777
2022-11-04,AUD,25Y,6M BBSW,4.411045019385175
2022-11-03,AUD,25Y,6M BBSW,4.493279828754361
2022-11-02,AUD,25Y,6M BBSW,4.406721651280657
2022-11-01,AUD,25Y,6M BBSW,4.333587485242712
2022-10-31,AUD,25Y,6M BBSW,4.27641201502869
2022-10-28,AUD,25Y,6M BBSW,4.284768041976864
2022-10-27,AUD,25Y,6M BBSW,4.333295212138754
2022-10-26,AUD,25Y,6M BBSW,4.42538745101552
2022-10-25,AUD,25Y,6M BBSW,4.581952040780124
2022-10-24,AUD,25Y,6M BBSW,4.683539462697095
2022-10-21,AUD,25Y,6M BBSW,4.625891407027549
2022-10-20,AUD,25Y,6M BBSW,4.470638850088977
2022-10-19,AUD,25Y,6M BBSW,4.335315619051175
2022-10-18,AUD,25Y,6M BBSW,4.307215290125461
2022-10-17,AUD,25Y,6M BBSW,4.383473253281887
2022-10-14,AUD,25Y,6M BBSW,4.376223389478027
2022-10-13,AUD,25Y,6M BBSW,4.315688943547316
2022-10-12,AUD,25Y,6M BBSW,4.280399273365694
2022-10-11,AUD,25Y,6M BBSW,4.320890362977972
2022-10-10,AUD,25Y,6M BBSW,4.197293013686539
2022-10-07,AUD,25Y,6M BBSW,4.204368808916277
2022-10-06,AUD,25Y,6M BBSW,4.084157133569859
2022-10-05,AUD,25Y,6M BBSW,3.938893184449177
2022-10-04,AUD,25Y,6M BBSW,3.914698277788067
2022-09-30,AUD,25Y,6M BBSW,4.152631731741108
2022-09-29,AUD,25Y,6M BBSW,4.092104711669792
2022-09-28,AUD,25Y,6M BBSW,4.290399339723086
2022-09-27,AUD,25Y,6M BBSW,4.220955522512733
2022-09-26,AUD,25Y,6M BBSW,4.117226212436171
2022-09-23,AUD,25Y,6M BBSW,4.099725153830382
2022-09-21,AUD,25Y,6M BBSW,3.991787952020089
2022-09-20,AUD,25Y,6M BBSW,3.892330305029862
2022-09-19,AUD,25Y,6M BBSW,3.943549126768264
2022-09-16,AUD,25Y,6M BBSW,3.985991761543409
2022-09-15,AUD,25Y,6M BBSW,3.953434526377616
2022-09-14,AUD,25Y,6M BBSW,3.974982713193399
2022-09-13,AUD,25Y,6M BBSW,3.911827369597602
2022-09-12,AUD,25Y,6M BBSW,3.905851231775602
2022-09-09,AUD,25Y,6M BBSW,3.880803843566168
2022-09-08,AUD,25Y,6M BBSW,3.869559047313981
2022-09-07,AUD,25Y,6M BBSW,4.00178458773322
2022-09-06,AUD,25Y,6M BBSW,3.872331412489602
2022-09-05,AUD,25Y,6M BBSW,3.902352313455683
2022-09-02,AUD,25Y,6M BBSW,3.874802964703077
2022-09-01,AUD,25Y,6M BBSW,3.9707465664033
2022-08-31,AUD,25Y,6M BBSW,3.857942290597832
2022-08-30,AUD,25Y,6M BBSW,3.898883918404259
2022-08-29,AUD,25Y,6M BBSW,3.986202346322739
2022-08-26,AUD,25Y,6M BBSW,3.861018113004694
2022-08-25,AUD,25Y,6M BBSW,3.977048932832805
2022-08-24,AUD,25Y,6M BBSW,3.918078249685774
2022-08-23,AUD,25Y,6M BBSW,3.92352379359529
2022-08-22,AUD,25Y,6M BBSW,3.848642410543678
2022-08-19,AUD,25Y,6M BBSW,3.742331217287544
2022-08-18,AUD,25Y,6M BBSW,3.610796139293437
2022-08-17,AUD,25Y,6M BBSW,3.533144316156461
2022-08-16,AUD,25Y,6M BBSW,3.508658093523154
2022-08-15,AUD,25Y,6M BBSW,3.661358018539243
2022-08-12,AUD,25Y,6M BBSW,3.671039282910402
2022-08-11,AUD,25Y,6M BBSW,3.600796602856678
2022-08-10,AUD,25Y,6M BBSW,3.520546618415216
2022-08-09,AUD,25Y,6M BBSW,3.487359767709825
2022-08-08,AUD,25Y,6M BBSW,3.497369936288997
2022-08-05,AUD,25Y,6M BBSW,3.563318800206491
2022-08-04,AUD,25Y,6M BBSW,3.486790480381051
2022-08-03,AUD,25Y,6M BBSW,3.396561752863621
2022-08-02,AUD,25Y,6M BBSW,3.38230274485399
2022-07-29,AUD,25Y,6M BBSW,3.413558163193187
2022-07-28,AUD,25Y,6M BBSW,3.508384023462705
2022-07-27,AUD,25Y,6M BBSW,3.545496720961149
2022-07-26,AUD,25Y,6M BBSW,3.635810002215226
2022-07-25,AUD,25Y,6M BBSW,3.624808015397313
2022-07-22,AUD,25Y,6M BBSW,3.552349955259624
2022-07-21,AUD,25Y,6M BBSW,3.802073283819908
2022-07-20,AUD,25Y,6M BBSW,3.838091468914676
2022-07-19,AUD,25Y,6M BBSW,3.806133120260162
2022-07-18,AUD,25Y,6M BBSW,3.727350100673297
2022-07-15,AUD,25Y,6M BBSW,3.737674684923549
2022-07-14,AUD,25Y,6M BBSW,3.743547410311405
2022-07-13,AUD,25Y,6M BBSW,3.755507522641773
2022-07-12,AUD,25Y,6M BBSW,3.738637955248546
2022-07-11,AUD,25Y,6M BBSW,3.897334772728909
2022-07-08,AUD,25Y,6M BBSW,3.819825118224033
2022-07-07,AUD,25Y,6M BBSW,3.735780844754947
2022-07-06,AUD,25Y,6M BBSW,3.681816846773347
2022-07-05,AUD,25Y,6M BBSW,3.874825388128269
2022-07-04,AUD,25Y,6M BBSW,3.732348796856265
2022-07-01,AUD,25Y,6M BBSW,3.725801775655665
2022-06-30,AUD,25Y,6M BBSW,3.958137898461393
2022-06-29,AUD,25Y,6M BBSW,4.000178756114227
2022-06-28,AUD,25Y,6M BBSW,3.942260257395548
2022-06-27,AUD,25Y,6M BBSW,3.964714878533034
2022-06-24,AUD,25Y,6M BBSW,3.929682994661487
2022-06-23,AUD,25Y,6M BBSW,4.018259859894048
2022-06-22,AUD,25Y,6M BBSW,4.150453642641123
2022-06-21,AUD,25Y,6M BBSW,4.249779752057278
2022-06-20,AUD,25Y,6M BBSW,4.201105398408752
2022-06-17,AUD,25Y,6M BBSW,4.382260910108022
2022-06-16,AUD,25Y,6M BBSW,4.401988687566568
2022-06-15,AUD,25Y,6M BBSW,4.333761540624587
2022-06-14,AUD,25Y,6M BBSW,4.138976286829103
2022-06-10,AUD,25Y,6M BBSW,3.953443537051362
2022-06-09,AUD,25Y,6M BBSW,3.774221071776741
2022-06-08,AUD,25Y,6M BBSW,3.733982587331798
2022-06-07,AUD,25Y,6M BBSW,3.755975183209578
2022-06-06,AUD,25Y,6M BBSW,3.698625021012514
2022-06-03,AUD,25Y,6M BBSW,3.702331014337161
2022-06-02,AUD,25Y,6M BBSW,3.702076343128253
2022-06-01,AUD,25Y,6M BBSW,3.628142250103136
2022-05-31,AUD,25Y,6M BBSW,3.585152941661419
2022-05-30,AUD,25Y,6M BBSW,3.446272187601067
2022-05-27,AUD,25Y,6M BBSW,3.448657436917278
2022-05-26,AUD,25Y,6M BBSW,3.388423589556694
2022-05-25,AUD,25Y,6M BBSW,3.391866588195721
2022-05-24,AUD,25Y,6M BBSW,3.462360306459304
2022-05-23,AUD,25Y,6M BBSW,3.434872384975597
2022-05-20,AUD,25Y,6M BBSW,3.402362128974345
2022-05-19,AUD,25Y,6M BBSW,3.605798489803496
2022-05-18,AUD,25Y,6M BBSW,3.641828189751517
2022-05-17,AUD,25Y,6M BBSW,3.618647447801985
2022-05-16,AUD,25Y,6M BBSW,3.507366671811265
2022-05-13,AUD,25Y,6M BBSW,3.553649246256845
2022-05-12,AUD,25Y,6M BBSW,3.607097354093142
2022-05-11,AUD,25Y,6M BBSW,3.654321912346501
2022-05-10,AUD,25Y,6M BBSW,3.658643656852116
2022-05-09,AUD,25Y,6M BBSW,3.669854132975547
2022-05-06,AUD,25Y,6M BBSW,3.706033296745587
2022-05-05,AUD,25Y,6M BBSW,3.554602742960772
2022-05-04,AUD,25Y,6M BBSW,3.619325146047479
2022-05-03,AUD,25Y,6M BBSW,3.442361189816181
2022-05-02,AUD,25Y,6M BBSW,3.436071218444555
2022-04-29,AUD,25Y,6M BBSW,3.452437743340213
2022-04-28,AUD,25Y,6M BBSW,3.310822380681592
2022-04-27,AUD,25Y,6M BBSW,3.27319580157886
2022-04-26,AUD,25Y,6M BBSW,3.248668812916474
2022-04-22,AUD,25Y,6M BBSW,3.269856161044299
2022-04-21,AUD,25Y,6M BBSW,3.25081043330208
2022-04-20,AUD,25Y,6M BBSW,3.280578684701623
2022-04-19,AUD,25Y,6M BBSW,3.234820199761953
2022-04-14,AUD,25Y,6M BBSW,3.147938262918881
2022-04-13,AUD,25Y,6M BBSW,3.170084226604592
2022-04-12,AUD,25Y,6M BBSW,3.186021410250455
2022-04-11,AUD,25Y,6M BBSW,3.119840812487042
2022-04-08,AUD,25Y,6M BBSW,3.103648646964758
2022-04-07,AUD,25Y,6M BBSW,3.038272061548454
2022-04-06,AUD,25Y,6M BBSW,3.104367566394541
2022-04-05,AUD,25Y,6M BBSW,2.942328257763589
2022-04-04,AUD,25Y,6M BBSW,2.989823784565941
2022-04-01,AUD,25Y,6M BBSW,3.011018805611112
2022-03-31,AUD,25Y,6M BBSW,2.925568232980802
2022-03-30,AUD,25Y,6M BBSW,2.946489690023821
2022-03-29,AUD,25Y,6M BBSW,3.043733760074779
2022-03-28,AUD,25Y,6M BBSW,3.087377965280837
2022-03-25,AUD,25Y,6M BBSW,3.08368031305857
2022-03-24,AUD,25Y,6M BBSW,2.935870644300237
2022-03-23,AUD,25Y,6M BBSW,2.98690534084361
2022-03-22,AUD,25Y,6M BBSW,2.91989359759384
2022-03-21,AUD,25Y,6M BBSW,2.766114966900483
2022-03-18,AUD,25Y,6M BBSW,2.747412886988276
2022-03-17,AUD,25Y,6M BBSW,2.739701039788077
2022-03-16,AUD,25Y,6M BBSW,2.725682469293119
2022-03-15,AUD,25Y,6M BBSW,2.77558936969791
2022-03-14,AUD,25Y,6M BBSW,2.683996237170949
2022-03-11,AUD,25Y,6M BBSW,2.633918630990624
2022-03-10,AUD,25Y,6M BBSW,2.622713400517706
2022-03-09,AUD,25Y,6M BBSW,2.611501734551464
2022-03-08,AUD,25Y,6M BBSW,2.539921526037332
2022-03-07,AUD,25Y,6M BBSW,2.423634914911392
2022-03-04,AUD,25Y,6M BBSW,2.414932044572889
2022-03-03,AUD,25Y,6M BBSW,2.465932020343725
2022-03-02,AUD,25Y,6M BBSW,2.388342019875295
2022-03-01,AUD,25Y,6M BBSW,2.458726009775041
2022-02-28,AUD,25Y,6M BBSW,2.438794733051528
2022-02-25,AUD,25Y,6M BBSW,2.511123582823701
2022-02-24,AUD,25Y,6M BBSW,2.433431014906815
2022-02-23,AUD,25Y,6M BBSW,2.507029941652698
2022-02-22,AUD,25Y,6M BBSW,2.477432416778889
2022-02-21,AUD,25Y,6M BBSW,2.483728606405373
2022-02-18,AUD,25Y,6M BBSW,2.462426599641721
2022-02-17,AUD,25Y,6M BBSW,2.462227533746679
2022-02-16,AUD,25Y,6M BBSW,2.474533423322668
2022-02-15,AUD,25Y,6M BBSW,2.460073083063702
2022-02-14,AUD,25Y,6M BBSW,2.433705811117157
2022-02-11,AUD,25Y,6M BBSW,2.513723494822824
2022-02-10,AUD,25Y,6M BBSW,2.394736088703561
2022-02-09,AUD,25Y,6M BBSW,2.414545206120449
2022-02-08,AUD,25Y,6M BBSW,2.422435334054381
2022-02-07,AUD,25Y,6M BBSW,2.299926550394626
2022-02-04,AUD,25Y,6M BBSW,2.343698930077037
2022-02-03,AUD,25Y,6M BBSW,2.209729739764522
2022-02-02,AUD,25Y,6M BBSW,2.243345197525344
2022-02-01,AUD,25Y,6M BBSW,2.21242043107265
2022-01-31,AUD,25Y,6M BBSW,2.230054206849583
2022-01-28,AUD,25Y,6M BBSW,2.242246684056385
2022-01-27,AUD,25Y,6M BBSW,2.333336369213941
2022-01-25,AUD,25Y,6M BBSW,2.264922511215478
2022-01-24,AUD,25Y,6M BBSW,2.2487296917625
2022-01-21,AUD,25Y,6M BBSW,2.201241413902218
2022-01-20,AUD,25Y,6M BBSW,2.278550215758355
2022-01-19,AUD,25Y,6M BBSW,2.288267102097125
2022-01-18,AUD,25Y,6M BBSW,2.267443475822525
2022-01-17,AUD,25Y,6M BBSW,2.234941508032228
2022-01-14,AUD,25Y,6M BBSW,2.214998832604982
2022-01-13,AUD,25Y,6M BBSW,2.199759838846995
2022-01-12,AUD,25Y,6M BBSW,2.190883741461932
2022-01-11,AUD,25Y,6M BBSW,2.267442896849985
2022-01-10,AUD,25Y,6M BBSW,2.30243747506483
2022-01-07,AUD,25Y,6M BBSW,2.272438203336415
2022-01-06,AUD,25Y,6M BBSW,2.260954313398353
2022-01-05,AUD,25Y,6M BBSW,2.188385073147056
2022-01-04,AUD,25Y,6M BBSW,2.133749617000673
2021-12-31,AUD,25Y,6M BBSW,2.07505259983461
2021-12-30,AUD,25Y,6M BBSW,2.05985426525935
2021-12-29,AUD,25Y,6M BBSW,1.969643253005841
2021-12-24,AUD,25Y,6M BBSW,1.997416527528953
2021-12-23,AUD,25Y,6M BBSW,2.019760613019733
2021-12-22,AUD,25Y,6M BBSW,2.019613368118425
2021-12-21,AUD,25Y,6M BBSW,2.022449317549407
2021-12-20,AUD,25Y,6M BBSW,1.969955499494872
2021-12-17,AUD,25Y,6M BBSW,1.992449272060718
2021-12-16,AUD,25Y,6M BBSW,1.959785732732188
2021-12-15,AUD,25Y,6M BBSW,1.964611364748277
2021-12-14,AUD,25Y,6M BBSW,1.967993907779934
2021-12-13,AUD,25Y,6M BBSW,2.009439090250673
2021-12-10,AUD,25Y,6M BBSW,2.03142261886107
2021-12-09,AUD,25Y,6M BBSW,2.027752495531893
2021-12-08,AUD,25Y,6M BBSW,2.023388581589925
2021-12-07,AUD,25Y,6M BBSW,2.009934011932675
2021-12-06,AUD,25Y,6M BBSW,2.01374697137308
2021-12-03,AUD,25Y,6M BBSW,1.948750820439896
2021-12-02,AUD,25Y,6M BBSW,2.123567327034559
2021-12-01,AUD,25Y,6M BBSW,2.168388722627588
2021-11-30,AUD,25Y,6M BBSW,2.14882906895101
2021-11-29,AUD,25Y,6M BBSW,2.178777385287729
2021-11-26,AUD,25Y,6M BBSW,2.054949023307881
2021-11-25,AUD,25Y,6M BBSW,2.264752178183414
2021-11-24,AUD,25Y,6M BBSW,2.273370263136109
2021-11-23,AUD,25Y,6M BBSW,2.346139158578814
2021-11-22,AUD,25Y,6M BBSW,2.266239730549645
2021-11-19,AUD,25Y,6M BBSW,2.212440692873213
2021-11-18,AUD,25Y,6M BBSW,2.201059809820155
2021-11-17,AUD,25Y,6M BBSW,2.24207503711946
2021-11-16,AUD,25Y,6M BBSW,2.237444716809709
2021-11-15,AUD,25Y,6M BBSW,2.187551598691003
2021-11-12,AUD,25Y,6M BBSW,2.208741191592979
2021-11-11,AUD,25Y,6M BBSW,2.238556472206515
2021-11-10,AUD,25Y,6M BBSW,2.157090626993318
2021-11-09,AUD,25Y,6M BBSW,2.212445905275413
2021-11-08,AUD,25Y,6M BBSW,2.18494321219227
2021-11-05,AUD,25Y,6M BBSW,2.19744181005496
2021-11-04,AUD,25Y,6M BBSW,2.243556188671343
2021-11-03,AUD,25Y,6M BBSW,2.202083663617204
2021-11-02,AUD,25Y,6M BBSW,2.342439410678637
2021-11-01,AUD,25Y,6M BBSW,2.323736009808593
2021-10-29,AUD,25Y,6M BBSW,2.297468728016383
2021-10-28,AUD,25Y,6M BBSW,2.25225430412866
2021-10-27,AUD,25Y,6M BBSW,2.217085590558073
2021-10-26,AUD,25Y,6M BBSW,2.178738892318902
2021-10-25,AUD,25Y,6M BBSW,2.146174594305763
2021-10-22,AUD,25Y,6M BBSW,2.154936976985985
2021-10-21,AUD,25Y,6M BBSW,2.215951513223075
2021-10-20,AUD,25Y,6M BBSW,2.212079879262121
2021-10-19,AUD,25Y,6M BBSW,2.144919034896514
2021-10-18,AUD,25Y,6M BBSW,2.18492680951885
2021-10-15,AUD,25Y,6M BBSW,2.120062885605669
2021-10-14,AUD,25Y,6M BBSW,2.057332100583532
2021-10-13,AUD,25Y,6M BBSW,2.109600771776606
2021-10-12,AUD,25Y,6M BBSW,2.149937028065619
2021-10-11,AUD,25Y,6M BBSW,2.162417186231998
2021-10-08,AUD,25Y,6M BBSW,2.134929019621453
2021-10-07,AUD,25Y,6M BBSW,2.050948798250424
2021-10-06,AUD,25Y,6M BBSW,2.059591335150757
2021-10-05,AUD,25Y,6M BBSW,2.022419232389321
2021-10-01,AUD,25Y,6M BBSW,2.013755709265778
2021-09-30,AUD,25Y,6M BBSW,1.996854569478251
2021-09-29,AUD,25Y,6M BBSW,1.9961337640213
2021-09-28,AUD,25Y,6M BBSW,1.977449332527978
2021-09-27,AUD,25Y,6M BBSW,1.918742580356961
2021-09-24,AUD,25Y,6M BBSW,1.894953338775707
2021-09-23,AUD,25Y,6M BBSW,1.784797474114784
2021-09-22,AUD,25Y,6M BBSW,1.813453844109578
2021-09-21,AUD,25Y,6M BBSW,1.81876340178802
2021-09-20,AUD,25Y,6M BBSW,1.826158458395651
2021-09-17,AUD,25Y,6M BBSW,1.84115977019088
2021-09-16,AUD,25Y,6M BBSW,1.824807796057592
2021-09-15,AUD,25Y,6M BBSW,1.782179881411425
2021-09-14,AUD,25Y,6M BBSW,1.840996530715517
2021-09-13,AUD,25Y,6M BBSW,1.808959369783298
2021-09-10,AUD,25Y,6M BBSW,1.811960717387156
2021-09-09,AUD,25Y,6M BBSW,1.80980940370021
2021-09-08,AUD,25Y,6M BBSW,1.814655239850444
2021-09-07,AUD,25Y,6M BBSW,1.796164494994302
2021-09-06,AUD,25Y,6M BBSW,1.787460288093852
2021-09-03,AUD,25Y,6M BBSW,1.779961961517885
2021-09-02,AUD,25Y,6M BBSW,1.75601527163818
2021-09-01,AUD,25Y,6M BBSW,1.793458960931859
2021-08-31,AUD,25Y,6M BBSW,1.708835392842204
2021-08-30,AUD,25Y,6M BBSW,1.727517122235536
2021-08-27,AUD,25Y,6M BBSW,1.713777140145205
2021-08-26,AUD,25Y,6M BBSW,1.733615913472664
2021-08-25,AUD,25Y,6M BBSW,1.722172970064298
2021-08-24,AUD,25Y,6M BBSW,1.696166106336104
2021-08-23,AUD,25Y,6M BBSW,1.669966641237872
2021-08-20,AUD,25Y,6M BBSW,1.634969981945938
2021-08-19,AUD,25Y,6M BBSW,1.648624369124145
2021-08-18,AUD,25Y,6M BBSW,1.67718001062671
2021-08-17,AUD,25Y,6M BBSW,1.684966507144258
2021-08-16,AUD,25Y,6M BBSW,1.661167146077389
2021-08-13,AUD,25Y,6M BBSW,1.696167764017351
2021-08-12,AUD,25Y,6M BBSW,1.702318721533655
2021-08-11,AUD,25Y,6M BBSW,1.728471128466413
2021-08-10,AUD,25Y,6M BBSW,1.717465278673001
2021-08-09,AUD,25Y,6M BBSW,1.767462766722522
2021-08-06,AUD,25Y,6M BBSW,1.729807189883599
2021-08-05,AUD,25Y,6M BBSW,1.693459108248327
2021-08-04,AUD,25Y,6M BBSW,1.685717417030656
2021-08-03,AUD,25Y,6M BBSW,1.67115149589967
2021-07-30,AUD,25Y,6M BBSW,1.712498253811585
2021-07-29,AUD,25Y,6M BBSW,1.648624546560826
2021-07-28,AUD,25Y,6M BBSW,1.664676387421696
2021-07-27,AUD,25Y,6M BBSW,1.68745635534761
2021-07-26,AUD,25Y,6M BBSW,1.681114641131016
2021-07-23,AUD,25Y,6M BBSW,1.688768184584977
2021-07-22,AUD,25Y,6M BBSW,1.688620107929372
2021-07-21,AUD,25Y,6M BBSW,1.669680718050017
2021-07-20,AUD,25Y,6M BBSW,1.652467981354735
2021-07-19,AUD,25Y,6M BBSW,1.727464425831515
2021-07-16,AUD,25Y,6M BBSW,1.748765815333162
2021-07-15,AUD,25Y,6M BBSW,1.795308794030044
2021-07-14,AUD,25Y,6M BBSW,1.845129237640784
2021-07-13,AUD,25Y,6M BBSW,1.829960720141412
2021-07-12,AUD,25Y,6M BBSW,1.804960998188936
2021-07-09,AUD,25Y,6M BBSW,1.85996117548997
2021-07-08,AUD,25Y,6M BBSW,1.831104633928557
2021-07-07,AUD,25Y,6M BBSW,1.860848914657827
2021-07-06,AUD,25Y,6M BBSW,1.946155126226383
2021-07-05,AUD,25Y,6M BBSW,1.949954595481354
2021-07-02,AUD,25Y,6M BBSW,1.971140500133249
2021-07-01,AUD,25Y,6M BBSW,2.005915799136707
2021-06-30,AUD,25Y,6M BBSW,2.001386643893598
2021-06-29,AUD,25Y,6M BBSW,1.988775514795541
2021-06-28,AUD,25Y,6M BBSW,2.049932478963088
2021-06-25,AUD,25Y,6M BBSW,2.04360002778975
2021-06-24,AUD,25Y,6M BBSW,2.000956991399873
2021-06-23,AUD,25Y,6M BBSW,2.003407999280382
2021-06-22,AUD,25Y,6M BBSW,2.032453511071925
2021-06-21,AUD,25Y,6M BBSW,1.917454771828268
2021-06-18,AUD,25Y,6M BBSW,2.029951053247971
2021-06-17,AUD,25Y,6M BBSW,2.1509738273108
2021-06-16,AUD,25Y,6M BBSW,2.097111920651489
2021-06-15,AUD,25Y,6M BBSW,2.053048805732475
2021-06-11,AUD,25Y,6M BBSW,2.07225736029634
2021-06-10,AUD,25Y,6M BBSW,2.02560017078007
2021-06-09,AUD,25Y,6M BBSW,2.134409507830298
2021-06-08,AUD,25Y,6M BBSW,2.207417369950287
2021-06-07,AUD,25Y,6M BBSW,2.192421054669722
2021-06-04,AUD,25Y,6M BBSW,2.256139923073931
2021-06-03,AUD,25Y,6M BBSW,2.202269507118026
2021-06-02,AUD,25Y,6M BBSW,2.263386110219979
2021-06-01,AUD,25Y,6M BBSW,2.259942742037747
2021-05-31,AUD,25Y,6M BBSW,2.25386325433952
2021-05-28,AUD,25Y,6M BBSW,2.231144000904723
2021-05-27,AUD,25Y,6M BBSW,2.205965921650608
2021-05-26,AUD,25Y,6M BBSW,2.22089575573334
2021-05-25,AUD,25Y,6M BBSW,2.246140812797839
2021-05-24,AUD,25Y,6M BBSW,2.271137788844886
2021-05-21,AUD,25Y,6M BBSW,2.269942686546686
2021-05-20,AUD,25Y,6M BBSW,2.29725694214076
2021-05-19,AUD,25Y,6M BBSW,2.322080241379777
2021-05-18,AUD,25Y,6M BBSW,2.332436044794349
2021-05-17,AUD,25Y,6M BBSW,2.29863611284227
2021-05-14,AUD,25Y,6M BBSW,2.326296080343589
2021-05-13,AUD,25Y,6M BBSW,2.329753420854155
2021-05-12,AUD,25Y,6M BBSW,2.30828236487226
2021-05-11,AUD,25Y,6M BBSW,2.266239676296085
2021-05-10,AUD,25Y,6M BBSW,2.254938529825407
2021-05-07,AUD,25Y,6M BBSW,2.216145373141384
2021-05-06,AUD,25Y,6M BBSW,2.241062744520359
2021-05-05,AUD,25Y,6M BBSW,2.260786301366802
2021-05-04,AUD,25Y,6M BBSW,2.261139900785569
2021-05-03,AUD,25Y,6M BBSW,2.28613679043361
2021-04-30,AUD,25Y,6M BBSW,2.273832429424572
2021-04-29,AUD,25Y,6M BBSW,2.22599766770172
2021-04-28,AUD,25Y,6M BBSW,2.220892571809107
2021-04-27,AUD,25Y,6M BBSW,2.231143930146801
2021-04-26,AUD,25Y,6M BBSW,2.226135717436307
2021-04-23,AUD,25Y,6M BBSW,2.233719893468391
2021-04-22,AUD,25Y,6M BBSW,2.197263897806529
2021-04-21,AUD,25Y,6M BBSW,2.23838115059426
2021-04-20,AUD,25Y,6M BBSW,2.268632935319268
2021-04-19,AUD,25Y,6M BBSW,2.218711856759638
2021-04-16,AUD,25Y,6M BBSW,2.244929393100143
2021-04-15,AUD,25Y,6M BBSW,2.28160401139116
2021-04-14,AUD,25Y,6M BBSW,2.266454845787178
2021-04-13,AUD,25Y,6M BBSW,2.326231379037695
2021-04-12,AUD,25Y,6M BBSW,2.271128904231527
2021-04-09,AUD,25Y,6M BBSW,2.289929174771048
2021-04-08,AUD,25Y,6M BBSW,2.234749182426701
2021-04-07,AUD,25Y,6M BBSW,2.260749252267082
2021-04-06,AUD,25Y,6M BBSW,2.297409725155224
2021-04-01,AUD,25Y,6M BBSW,2.353512439571574
2021-03-31,AUD,25Y,6M BBSW,2.391457860585993
2021-03-30,AUD,25Y,6M BBSW,2.381236542648103
2021-03-29,AUD,25Y,6M BBSW,2.297458569832134
2021-03-26,AUD,25Y,6M BBSW,2.312224942395589
2021-03-25,AUD,25Y,6M BBSW,2.290875894181815
2021-03-24,AUD,25Y,6M BBSW,2.240713974948434
2021-03-23,AUD,25Y,6M BBSW,2.321702849336639
2021-03-22,AUD,25Y,6M BBSW,2.427428068996725
2021-03-19,AUD,25Y,6M BBSW,2.427434574220214
2021-03-18,AUD,25Y,6M BBSW,2.40094576048017
2021-03-17,AUD,25Y,6M BBSW,2.290883475565368
2021-03-16,AUD,25Y,6M BBSW,2.266239696812661
2021-03-15,AUD,25Y,6M BBSW,2.35156151453921
2021-03-12,AUD,25Y,6M BBSW,2.330439375708915
2021-03-11,AUD,25Y,6M BBSW,2.174968364861581
2021-03-10,AUD,25Y,6M BBSW,2.240090444936035
2021-03-09,AUD,25Y,6M BBSW,2.330435740400833
2021-03-08,AUD,25Y,6M BBSW,2.328734554123304
2021-03-05,AUD,25Y,6M BBSW,2.331140399236464
2021-03-04,AUD,25Y,6M BBSW,2.36094942189248
2021-03-03,AUD,25Y,6M BBSW,2.240891862660638
2021-03-02,AUD,25Y,6M BBSW,2.2512401615383
2021-03-01,AUD,25Y,6M BBSW,2.137444862776892
2021-02-26,AUD,25Y,6M BBSW,2.231141374340086
2021-02-25,AUD,25Y,6M BBSW,2.244768820619223
2021-02-24,AUD,25Y,6M BBSW,2.168403194430811
2021-02-23,AUD,25Y,6M BBSW,2.148743406550052
2021-02-22,AUD,25Y,6M BBSW,2.187444524118891
2021-02-19,AUD,25Y,6M BBSW,2.107446431558115
2021-02-18,AUD,25Y,6M BBSW,1.972297312680082
2021-02-17,AUD,25Y,6M BBSW,2.009631206778164
2021-02-16,AUD,25Y,6M BBSW,1.951253264303404
2021-02-15,AUD,25Y,6M BBSW,1.948846705033925
2021-02-12,AUD,25Y,6M BBSW,1.83375945867674
2021-02-11,AUD,25Y,6M BBSW,1.807314375929249
2021-02-10,AUD,25Y,6M BBSW,1.840859182498024
2021-02-09,AUD,25Y,6M BBSW,1.851157884471465
2021-02-08,AUD,25Y,6M BBSW,1.89875834377346
2021-02-05,AUD,25Y,6M BBSW,1.881137591439066
2021-02-04,AUD,25Y,6M BBSW,1.849789276594636
2021-02-03,AUD,25Y,6M BBSW,1.789649090570983
2021-02-02,AUD,25Y,6M BBSW,1.746142726679903
2021-02-01,AUD,25Y,6M BBSW,1.748746545000956
2021-01-29,AUD,25Y,6M BBSW,1.759962695640201
2021-01-28,AUD,25Y,6M BBSW,1.662323077031248
2021-01-27,AUD,25Y,6M BBSW,1.650879402027881
2021-01-25,AUD,25Y,6M BBSW,1.674956718840528
2021-01-22,AUD,25Y,6M BBSW,1.652466729576486
2021-01-21,AUD,25Y,6M BBSW,1.629831595126755
2021-01-20,AUD,25Y,6M BBSW,1.657189070704115
2021-01-19,AUD,25Y,6M BBSW,1.653766415535361
2021-01-18,AUD,25Y,6M BBSW,1.639969258231244
2021-01-15,AUD,25Y,6M BBSW,1.655032870510019
2021-01-14,AUD,25Y,6M BBSW,1.661061529536656
2021-01-13,AUD,25Y,6M BBSW,1.677185609478683
2021-01-12,AUD,25Y,6M BBSW,1.698764594622133
2021-01-11,AUD,25Y,6M BBSW,1.674968175159088
2021-01-08,AUD,25Y,6M BBSW,1.682465565326159
2021-01-07,AUD,25Y,6M BBSW,1.628531781184579
2021-01-06,AUD,25Y,6M BBSW,1.569703061555593
2021-01-05,AUD,25Y,6M BBSW,1.491172739902098
2021-01-04,AUD,25Y,6M BBSW,1.533773167368712
2020-12-31,AUD,25Y,6M BBSW,1.545291927759418
2020-12-30,AUD,25Y,6M BBSW,1.545145267031353
2020-12-29,AUD,25Y,6M BBSW,1.523784998059938
2020-12-24,AUD,25Y,6M BBSW,1.544555453831337
2020-12-23,AUD,25Y,6M BBSW,1.471955578728576
2020-12-22,AUD,25Y,6M BBSW,1.501174364170918
2020-12-21,AUD,25Y,6M BBSW,1.502471873020141
2020-12-18,AUD,25Y,6M BBSW,1.537471519992288
2020-12-17,AUD,25Y,6M BBSW,1.524840882949521
2020-12-16,AUD,25Y,6M BBSW,1.51721191021851
2020-12-15,AUD,25Y,6M BBSW,1.510826603199156
2020-12-14,AUD,25Y,6M BBSW,1.504494701669602
2020-12-11,AUD,25Y,6M BBSW,1.494759415419023
2020-12-10,AUD,25Y,6M BBSW,1.564323575133835
2020-12-09,AUD,25Y,6M BBSW,1.597183350171841
2020-12-08,AUD,25Y,6M BBSW,1.586157103508867
2020-12-07,AUD,25Y,6M BBSW,1.589958561640752
2020-12-04,AUD,25Y,6M BBSW,1.60246917608669
2020-12-03,AUD,25Y,6M BBSW,1.546039132109875
2020-12-02,AUD,25Y,6M BBSW,1.5535062759352
2020-12-01,AUD,25Y,6M BBSW,1.474975452177744
2020-11-30,AUD,25Y,6M BBSW,1.47001313661594
2020-11-27,AUD,25Y,6M BBSW,1.462473803196386
2020-11-26,AUD,25Y,6M BBSW,1.477347078915728
2020-11-25,AUD,25Y,6M BBSW,1.487217386851243
2020-11-24,AUD,25Y,6M BBSW,1.444974522085322
2020-11-23,AUD,25Y,6M BBSW,1.392478184699493
2020-11-20,AUD,25Y,6M BBSW,1.418675393827414
2020-11-19,AUD,25Y,6M BBSW,1.453649415418479
2020-11-18,AUD,25Y,6M BBSW,1.448524245433233
2020-11-17,AUD,25Y,6M BBSW,1.489972777876033
2020-11-16,AUD,25Y,6M BBSW,1.403777957583515
2020-11-13,AUD,25Y,6M BBSW,1.404975872456314
2020-11-12,AUD,25Y,6M BBSW,1.434851198527196
2020-11-11,AUD,25Y,6M BBSW,1.517212462281789
2020-11-10,AUD,25Y,6M BBSW,1.431174936608835
2020-11-09,AUD,25Y,6M BBSW,1.273781768537172
2020-11-06,AUD,25Y,6M BBSW,1.273680239578094
2020-11-05,AUD,25Y,6M BBSW,1.241070834626789
2020-11-04,AUD,25Y,6M BBSW,1.295949933070699
2020-11-03,AUD,25Y,6M BBSW,1.227481576870194
2020-11-02,AUD,25Y,6M BBSW,1.254982252351047
2020-10-30,AUD,25Y,6M BBSW,1.27631011857574
2020-10-29,AUD,25Y,6M BBSW,1.227380348284039
2020-10-28,AUD,25Y,6M BBSW,1.227260855603667
2020-10-27,AUD,25Y,6M BBSW,1.227482526378452
2020-10-26,AUD,25Y,6M BBSW,1.246180086008653
2020-10-23,AUD,25Y,6M BBSW,1.246174020512984
2020-10-22,AUD,25Y,6M BBSW,1.262365589729322
2020-10-21,AUD,25Y,6M BBSW,1.235956614527078
2020-10-20,AUD,25Y,6M BBSW,1.179981923701027
2020-10-19,AUD,25Y,6M BBSW,1.177475341427296
2020-10-16,AUD,25Y,6M BBSW,1.141181454584794
2020-10-15,AUD,25Y,6M BBSW,1.175247166879493
2020-10-14,AUD,25Y,6M BBSW,1.217625755663143
2020-10-13,AUD,25Y,6M BBSW,1.227480775680187
2020-10-12,AUD,25Y,6M BBSW,1.233779170842891
2020-10-09,AUD,25Y,6M BBSW,1.237478396904551
2020-10-08,AUD,25Y,6M BBSW,1.242363513097723
2020-10-07,AUD,25Y,6M BBSW,1.214751476116766
2020-10-06,AUD,25Y,6M BBSW,1.248773319099011
2020-10-02,AUD,25Y,6M BBSW,1.221058619298096
2020-10-01,AUD,25Y,6M BBSW,1.217250236422827
2020-09-30,AUD,25Y,6M BBSW,1.188917088888031
2020-09-29,AUD,25Y,6M BBSW,1.172489311957865
2020-09-28,AUD,25Y,6M BBSW,1.171181763733408
2020-09-25,AUD,25Y,6M BBSW,1.172482184947117
2020-09-24,AUD,25Y,6M BBSW,1.203673034321269
2020-09-23,AUD,25Y,6M BBSW,1.204760548066777
2020-09-22,AUD,25Y,6M BBSW,1.239981211425474
2020-09-21,AUD,25Y,6M BBSW,1.248782413463555
2020-09-18,AUD,25Y,6M BBSW,1.263780476228643
2020-09-17,AUD,25Y,6M BBSW,1.241070284427652
2020-09-16,AUD,25Y,6M BBSW,1.225960803953172
2020-09-15,AUD,25Y,6M BBSW,1.214016315556581
2020-09-14,AUD,25Y,6M BBSW,1.241997865463609
2020-09-11,AUD,25Y,6M BBSW,1.243181153095273
2020-09-10,AUD,25Y,6M BBSW,1.280366128701522
2020-09-09,AUD,25Y,6M BBSW,1.240257914306228
2020-09-08,AUD,25Y,6M BBSW,1.289979760376099
2020-09-07,AUD,25Y,6M BBSW,1.302480737441517
2020-09-04,AUD,25Y,6M BBSW,1.288779964183726
2020-09-03,AUD,25Y,6M BBSW,1.249869212662196
2020-09-02,AUD,25Y,6M BBSW,1.277251706351519
2020-09-01,AUD,25Y,6M BBSW,1.323778788923249
2020-08-31,AUD,25Y,6M BBSW,1.3100213048379
2020-08-28,AUD,25Y,6M BBSW,1.339997855257403
2020-08-27,AUD,25Y,6M BBSW,1.186080818961545
2020-08-26,AUD,25Y,6M BBSW,1.223559286452484
2020-08-25,AUD,25Y,6M BBSW,1.168784508501805
2020-08-24,AUD,25Y,6M BBSW,1.147485313468424
2020-08-21,AUD,25Y,6M BBSW,1.168782244546795
2020-08-20,AUD,25Y,6M BBSW,1.159877282533842
2020-08-19,AUD,25Y,6M BBSW,1.163570032639874
2020-08-18,AUD,25Y,6M BBSW,1.181184272181178
2020-08-17,AUD,25Y,6M BBSW,1.212483615794628
2020-08-14,AUD,25Y,6M BBSW,1.233800760251732
2020-08-13,AUD,25Y,6M BBSW,1.17367587716724
2020-08-12,AUD,25Y,6M BBSW,1.198563689843119
2020-08-11,AUD,25Y,6M BBSW,1.147485206342504
2020-08-10,AUD,25Y,6M BBSW,1.108686344369364
2020-08-07,AUD,25Y,6M BBSW,1.078682222037877
2020-08-06,AUD,25Y,6M BBSW,1.108574971013737
2020-08-05,AUD,25Y,6M BBSW,1.079677939544632
2020-08-04,AUD,25Y,6M BBSW,1.103778854827806
2020-07-31,AUD,25Y,6M BBSW,1.09871467211454
2020-07-30,AUD,25Y,6M BBSW,1.129895399463481
2020-07-29,AUD,25Y,6M BBSW,1.13357499913962
2020-07-28,AUD,25Y,6M BBSW,1.214980449048664
2020-07-27,AUD,25Y,6M BBSW,1.157480092397417
2020-07-24,AUD,25Y,6M BBSW,1.149979759090775
2020-07-23,AUD,25Y,6M BBSW,1.157377711455313
2020-07-22,AUD,25Y,6M BBSW,1.150972084748663
2020-07-21,AUD,25Y,6M BBSW,1.129985587040483
2020-07-20,AUD,25Y,6M BBSW,1.151185150540644
2020-07-17,AUD,25Y,6M BBSW,1.158782632812878
2020-07-16,AUD,25Y,6M BBSW,1.187374505152006
2020-07-15,AUD,25Y,6M BBSW,1.197651191240939
2020-07-14,AUD,25Y,6M BBSW,1.175000792003258
2020-07-13,AUD,25Y,6M BBSW,1.176184474705977
2020-07-10,AUD,25Y,6M BBSW,1.138783165180363
2020-07-09,AUD,25Y,6M BBSW,1.197373490878143
2020-07-08,AUD,25Y,6M BBSW,1.196064121320396
2020-07-07,AUD,25Y,6M BBSW,1.15618499770914
2020-07-06,AUD,25Y,6M BBSW,1.213783384758472
2020-07-03,AUD,25Y,6M BBSW,1.187478714432638
2020-07-02,AUD,25Y,6M BBSW,1.21736503587198
2020-07-01,AUD,25Y,6M BBSW,1.215933381247048
2020-06-30,AUD,25Y,6M BBSW,1.163807205133887
2020-06-29,AUD,25Y,6M BBSW,1.163791435191663
2020-06-26,AUD,25Y,6M BBSW,1.169952271126101
2020-06-25,AUD,25Y,6M BBSW,1.169826021615443
2020-06-24,AUD,25Y,6M BBSW,1.214749794432359
2020-06-23,AUD,25Y,6M BBSW,1.206179190224686
2020-06-22,AUD,25Y,6M BBSW,0.8014899221621772
2020-06-19,AUD,25Y,6M BBSW,1.178783333449682
2020-06-18,AUD,25Y,6M BBSW,1.181074590620979
2020-06-17,AUD,25Y,6M BBSW,1.193563796268876
2020-06-16,AUD,25Y,6M BBSW,1.21378329077253
2020-06-15,AUD,25Y,6M BBSW,1.176216575311126
2020-06-12,AUD,25Y,6M BBSW,1.203663281572305
2020-06-11,AUD,25Y,6M BBSW,1.238546416663924
2020-06-10,AUD,25Y,6M BBSW,1.332109544661415
2020-06-09,AUD,25Y,6M BBSW,1.369971450847717
2020-06-05,AUD,25Y,6M BBSW,1.45247545509409
2020-06-04,AUD,25Y,6M BBSW,1.272365192856301
2020-06-03,AUD,25Y,6M BBSW,1.212260289349516
2020-06-02,AUD,25Y,6M BBSW,1.137485546445803
2020-06-01,AUD,25Y,6M BBSW,1.149984836253104
2020-05-29,AUD,25Y,6M BBSW,1.139992697482064
2020-05-28,AUD,25Y,6M BBSW,1.142378531916402
2020-05-27,AUD,25Y,6M BBSW,1.145971185846013
2020-05-26,AUD,25Y,6M BBSW,1.119986184792412
2020-05-25,AUD,25Y,6M BBSW,1.102486289058223
2020-05-22,AUD,25Y,6M BBSW,1.117483929936921
2020-05-21,AUD,25Y,6M BBSW,1.1386789481102
2020-05-20,AUD,25Y,6M BBSW,1.178565114108003
2020-05-19,AUD,25Y,6M BBSW,1.189984120421849
2020-05-18,AUD,25Y,6M BBSW,1.129985301204442
2020-05-15,AUD,25Y,6M BBSW,1.123814591640801
2020-05-14,AUD,25Y,6M BBSW,1.082397395697549
2020-05-13,AUD,25Y,6M BBSW,1.123574826949582
2020-05-12,AUD,25Y,6M BBSW,1.167484799172489
2020-05-11,AUD,25Y,6M BBSW,1.158784951923218
2020-05-08,AUD,25Y,6M BBSW,1.113784109264038
2020-05-07,AUD,25Y,6M BBSW,1.151177400892246
2020-05-06,AUD,25Y,6M BBSW,1.132273144712783
2020-05-05,AUD,25Y,6M BBSW,1.11878620399646
2020-05-04,AUD,25Y,6M BBSW,1.093786374001485
2020-05-01,AUD,25Y,6M BBSW,1.138783458941498
2020-04-30,AUD,25Y,6M BBSW,1.157724455616223
2020-04-29,AUD,25Y,6M BBSW,1.193903152770989
2020-04-28,AUD,25Y,6M BBSW,1.187484107764626
2020-04-27,AUD,25Y,6M BBSW,1.166184404649659
2020-04-24,AUD,25Y,6M BBSW,1.129981563193548
2020-04-23,AUD,25Y,6M BBSW,1.096177611635611
2020-04-22,AUD,25Y,6M BBSW,1.081081178063056
2020-04-21,AUD,25Y,6M BBSW,1.086184699871986
2020-04-20,AUD,25Y,6M BBSW,1.108683674699998
2020-04-17,AUD,25Y,6M BBSW,1.098682777104155
2020-04-16,AUD,25Y,6M BBSW,1.114877864482993
2020-04-15,AUD,25Y,6M BBSW,1.185049659890446
2020-04-14,AUD,25Y,6M BBSW,1.162499485374996
2020-04-09,AUD,25Y,6M BBSW,1.1547656620881
2020-04-08,AUD,25Y,6M BBSW,1.122164261580542
2020-04-07,AUD,25Y,6M BBSW,1.029587187061559
2020-04-06,AUD,25Y,6M BBSW,0.9361846716366484
2020-04-03,AUD,25Y,6M BBSW,0.944979716842755
2020-04-02,AUD,25Y,6M BBSW,0.963688872325168
2020-04-01,AUD,25Y,6M BBSW,0.9148064465817284
2020-03-31,AUD,25Y,6M BBSW,1.032514085896819
2020-03-30,AUD,25Y,6M BBSW,0.9962064753152114
2020-03-27,AUD,25Y,6M BBSW,1.127480190623637
2020-03-26,AUD,25Y,6M BBSW,1.144868698446402
2020-03-25,AUD,25Y,6M BBSW,1.184759111146283
2020-03-24,AUD,25Y,6M BBSW,1.039987962840229
2020-03-23,AUD,25Y,6M BBSW,0.944987574348368
2020-03-20,AUD,25Y,6M BBSW,1.087485412732638
2020-03-19,AUD,25Y,6M BBSW,1.709819242182007
2020-03-18,AUD,25Y,6M BBSW,1.372226808046364
2020-03-17,AUD,25Y,6M BBSW,1.286181482517656
2020-03-16,AUD,25Y,6M BBSW,1.177484210458868
2020-03-13,AUD,25Y,6M BBSW,1.317478438423997
2020-03-12,AUD,25Y,6M BBSW,1.197372302165888
2020-03-11,AUD,25Y,6M BBSW,1.162267899722197
2020-03-10,AUD,25Y,6M BBSW,1.154985018339769
2020-03-09,AUD,25Y,6M BBSW,1.167485258453161
2020-03-06,AUD,25Y,6M BBSW,1.238780172860546
2020-03-05,AUD,25Y,6M BBSW,1.307361646812278
2020-03-04,AUD,25Y,6M BBSW,1.247254558919372
2020-03-03,AUD,25Y,6M BBSW,1.258782794170671
2020-03-02,AUD,25Y,6M BBSW,1.293781537978557
2020-02-28,AUD,25Y,6M BBSW,1.224997783968235
2020-02-27,AUD,25Y,6M BBSW,1.318787068558266
2020-02-26,AUD,25Y,6M BBSW,1.396053407224792
2020-02-25,AUD,25Y,6M BBSW,1.393530146309104
2020-02-24,AUD,25Y,6M BBSW,1.402478402219581
2020-02-21,AUD,25Y,6M BBSW,1.429973795242719
2020-02-20,AUD,25Y,6M BBSW,1.502473680570129
2020-02-19,AUD,25Y,6M BBSW,1.523640126877879
2020-02-18,AUD,25Y,6M BBSW,1.54850374774637
2020-02-17,AUD,25Y,6M BBSW,1.57377263475759
2020-02-14,AUD,25Y,6M BBSW,1.546201366359488
2020-02-13,AUD,25Y,6M BBSW,1.571170981251052
2020-02-12,AUD,25Y,6M BBSW,1.568635239842572
2020-02-11,AUD,25Y,6M BBSW,1.517208514269739
2020-02-10,AUD,25Y,6M BBSW,1.522474386237297
2020-02-07,AUD,25Y,6M BBSW,1.531165994923096
2020-02-06,AUD,25Y,6M BBSW,1.614960018796893
2020-02-05,AUD,25Y,6M BBSW,1.556024259413385
2020-02-04,AUD,25Y,6M BBSW,1.437210959926929
2020-02-03,AUD,25Y,6M BBSW,1.464962926315019
2020-01-31,AUD,25Y,6M BBSW,1.463826596561211
2020-01-30,AUD,25Y,6M BBSW,1.496200289669761
2020-01-29,AUD,25Y,6M BBSW,1.562336168859953
2020-01-28,AUD,25Y,6M BBSW,1.495909246351058
2020-01-24,AUD,25Y,6M BBSW,1.586162111399195
2020-01-23,AUD,25Y,6M BBSW,1.651167895985835
2020-01-22,AUD,25Y,6M BBSW,1.639829368871787
2020-01-21,AUD,25Y,6M BBSW,1.697179147004366
2020-01-20,AUD,25Y,6M BBSW,1.714967169818646
2020-01-17,AUD,25Y,6M BBSW,1.714962371292906
2020-01-16,AUD,25Y,6M BBSW,1.728764808002493
2020-01-15,AUD,25Y,6M BBSW,1.762848089027143
2020-01-14,AUD,25Y,6M BBSW,1.785165867417323
2020-01-13,AUD,25Y,6M BBSW,1.742466228061148
2020-01-10,AUD,25Y,6M BBSW,1.757460486045475
2020-01-09,AUD,25Y,6M BBSW,1.754963750536518
2020-01-08,AUD,25Y,6M BBSW,1.703621512763282
2020-01-07,AUD,25Y,6M BBSW,1.729673548972512
2020-01-06,AUD,25Y,6M BBSW,1.744966136449849
2020-01-03,AUD,25Y,6M BBSW,1.75365390618967
2020-01-02,AUD,25Y,6M BBSW,1.912283713858554
2019-12-31,AUD,25Y,6M BBSW,1.907697537323232
2019-12-30,AUD,25Y,6M BBSW,1.842518140512747
2019-12-27,AUD,25Y,6M BBSW,1.851074138410723
2019-12-24,AUD,25Y,6M BBSW,1.84562057209892
2019-12-23,AUD,25Y,6M BBSW,1.838751757347966
2019-12-20,AUD,25Y,6M BBSW,1.84995696754464
2019-12-19,AUD,25Y,6M BBSW,1.793761089329617
2019-12-18,AUD,25Y,6M BBSW,1.726117423366038
2019-12-17,AUD,25Y,6M BBSW,1.715876177928579
2019-12-16,AUD,25Y,6M BBSW,1.706168498748084
2019-12-13,AUD,25Y,6M BBSW,1.68995234467726
2019-12-12,AUD,25Y,6M BBSW,1.681148824090641
2019-12-11,AUD,25Y,6M BBSW,1.677306948162009
2019-12-10,AUD,25Y,6M BBSW,1.663469821721065
2019-12-09,AUD,25Y,6M BBSW,1.697452102348006
2019-12-06,AUD,25Y,6M BBSW,1.673758812210407
2019-12-05,AUD,25Y,6M BBSW,1.6224679621185
2019-12-04,AUD,25Y,6M BBSW,1.594830748623776
2019-12-03,AUD,25Y,6M BBSW,1.639687924699405
2019-12-02,AUD,25Y,6M BBSW,1.604972252192933
2019-11-29,AUD,25Y,6M BBSW,1.56248563349897
2019-11-28,AUD,25Y,6M BBSW,1.546172044072916
2019-11-27,AUD,25Y,6M BBSW,1.558536011947364
2019-11-26,AUD,25Y,6M BBSW,1.610992805668289
2019-11-25,AUD,25Y,6M BBSW,1.598671746038789
2019-11-22,AUD,25Y,6M BBSW,1.599967223917843
2019-11-21,AUD,25Y,6M BBSW,1.559971633218866
2019-11-20,AUD,25Y,6M BBSW,1.587333210278236
2019-11-19,AUD,25Y,6M BBSW,1.622190730843999
2019-11-18,AUD,25Y,6M BBSW,1.658769450092109
2019-11-15,AUD,25Y,6M BBSW,1.647533682100998
2019-11-14,AUD,25Y,6M BBSW,1.672500020244976
2019-11-13,AUD,25Y,6M BBSW,1.762314467983149
2019-11-12,AUD,25Y,6M BBSW,1.774665387047299
2019-11-11,AUD,25Y,6M BBSW,1.789964392639702
2019-11-08,AUD,25Y,6M BBSW,1.809958085559674
2019-11-07,AUD,25Y,6M BBSW,1.738764232551722
2019-11-06,AUD,25Y,6M BBSW,1.769814057916324
2019-11-05,AUD,25Y,6M BBSW,1.729672710666982
2019-11-04,AUD,25Y,6M BBSW,1.68876869202824
2019-11-01,AUD,25Y,6M BBSW,1.682463729241789
2019-10-31,AUD,25Y,6M BBSW,1.662532449563148
2019-10-30,AUD,25Y,6M BBSW,1.666073434056953
2019-10-29,AUD,25Y,6M BBSW,1.68349584212499
2019-10-28,AUD,25Y,6M BBSW,1.624971719292796
2019-10-25,AUD,25Y,6M BBSW,1.588730631877737
2019-10-24,AUD,25Y,6M BBSW,1.642459834412322
2019-10-23,AUD,25Y,6M BBSW,1.653513484178427
2019-10-22,AUD,25Y,6M BBSW,1.705873745660717
2019-10-21,AUD,25Y,6M BBSW,1.677465139988599
2019-10-18,AUD,25Y,6M BBSW,1.677454069650727
2019-10-17,AUD,25Y,6M BBSW,1.603763364314361
2019-10-16,AUD,25Y,6M BBSW,1.581027714348634
2019-10-15,AUD,25Y,6M BBSW,1.543987143997343
2019-10-14,AUD,25Y,6M BBSW,1.568798559599185
2019-10-11,AUD,25Y,6M BBSW,1.619950874061776
2019-10-10,AUD,25Y,6M BBSW,1.411169231084241
2019-10-09,AUD,25Y,6M BBSW,1.424846290156083
2019-10-08,AUD,25Y,6M BBSW,1.403422543615121
2019-10-04,AUD,25Y,6M BBSW,1.403655196499719
2019-10-03,AUD,25Y,6M BBSW,1.45732264496571
2019-10-02,AUD,25Y,6M BBSW,1.489694339119818
2019-10-01,AUD,25Y,6M BBSW,1.530056454922308
2019-09-30,AUD,25Y,6M BBSW,1.490012820492483
2019-09-27,AUD,25Y,6M BBSW,1.487464424131082
2019-09-26,AUD,25Y,6M BBSW,1.497460880342591
2019-09-25,AUD,25Y,6M BBSW,1.463645807552597
2019-09-24,AUD,25Y,6M BBSW,1.515907761086749
2019-09-23,AUD,25Y,6M BBSW,1.511169167563535
2019-09-20,AUD,25Y,6M BBSW,1.516170633500393
2019-09-19,AUD,25Y,6M BBSW,1.589970316806363
2019-09-18,AUD,25Y,6M BBSW,1.659826121661093
2019-09-17,AUD,25Y,6M BBSW,1.659685522109878
2019-09-16,AUD,25Y,6M BBSW,1.693768694586625
2019-09-13,AUD,25Y,6M BBSW,1.682463518823564
2019-09-12,AUD,25Y,6M BBSW,1.657467584427302
2019-09-11,AUD,25Y,6M BBSW,1.623629731116376
2019-09-10,AUD,25Y,6M BBSW,1.582198360169346
2019-09-09,AUD,25Y,6M BBSW,1.529974536908049
2019-09-06,AUD,25Y,6M BBSW,1.552469128936315
2019-09-05,AUD,25Y,6M BBSW,1.506273237582544
2019-09-04,AUD,25Y,6M BBSW,1.4761454686538
2019-09-03,AUD,25Y,6M BBSW,1.485914837146643
2019-09-02,AUD,25Y,6M BBSW,1.457476779552343
2019-08-30,AUD,25Y,6M BBSW,1.470013454268617
2019-08-29,AUD,25Y,6M BBSW,1.413800474929091
2019-08-28,AUD,25Y,6M BBSW,1.41857121496325
2019-08-27,AUD,25Y,6M BBSW,1.477224408084578
2019-08-26,AUD,25Y,6M BBSW,1.456176045180726
2019-08-23,AUD,25Y,6M BBSW,1.444974550991608
2019-08-22,AUD,25Y,6M BBSW,1.494971951860226
2019-08-21,AUD,25Y,6M BBSW,1.467343430678829
2019-08-20,AUD,25Y,6M BBSW,1.460917383808618
2019-08-19,AUD,25Y,6M BBSW,1.432476848263234
2019-08-16,AUD,25Y,6M BBSW,1.391276143818942
2019-08-15,AUD,25Y,6M BBSW,1.423826161298119
2019-08-14,AUD,25Y,6M BBSW,1.547367203940526
2019-08-13,AUD,25Y,6M BBSW,1.557202273288272
2019-08-12,AUD,25Y,6M BBSW,1.583771696182985
2019-08-09,AUD,25Y,6M BBSW,1.609968016999189
2019-08-08,AUD,25Y,6M BBSW,1.60246783200275
2019-08-07,AUD,25Y,6M BBSW,1.598625947204166
2019-08-06,AUD,25Y,6M BBSW,1.6721737443309
2019-08-02,AUD,25Y,6M BBSW,1.749942344031519
2019-08-01,AUD,25Y,6M BBSW,1.869781050885904
2019-07-31,AUD,25Y,6M BBSW,1.867851147996804
2019-07-30,AUD,25Y,6M BBSW,1.887655191393822
2019-07-29,AUD,25Y,6M BBSW,1.869960463393029
2019-07-26,AUD,25Y,6M BBSW,1.899892784510866
2019-07-25,AUD,25Y,6M BBSW,1.914937895558629
2019-07-24,AUD,25Y,6M BBSW,1.948584125440945
2019-07-23,AUD,25Y,6M BBSW,1.975932297654668
2019-07-22,AUD,25Y,6M BBSW,2.001254678603089
2019-07-19,AUD,25Y,6M BBSW,1.999951372110556
2019-07-18,AUD,25Y,6M BBSW,1.989950539327686
2019-07-17,AUD,25Y,6M BBSW,2.032283003098488
2019-07-16,AUD,25Y,6M BBSW,2.024624622300735
2019-07-15,AUD,25Y,6M BBSW,2.08874739148373
2019-07-12,AUD,25Y,6M BBSW,2.063748622336504
2019-07-11,AUD,25Y,6M BBSW,1.964951491418299
2019-07-10,AUD,25Y,6M BBSW,1.959790874529949
2019-07-09,AUD,25Y,6M BBSW,1.972133096137469
2019-07-08,AUD,25Y,6M BBSW,1.977455861012679
2019-07-05,AUD,25Y,6M BBSW,1.928754895507499
2019-07-04,AUD,25Y,6M BBSW,1.936152893277025
2019-07-03,AUD,25Y,6M BBSW,1.945983863734331
2019-07-02,AUD,25Y,6M BBSW,1.980816308860055
2019-07-01,AUD,25Y,6M BBSW,1.98488564877425
2019-06-28,AUD,25Y,6M BBSW,1.984932448913845
2019-06-27,AUD,25Y,6M BBSW,2.013716806726241
2019-06-26,AUD,25Y,6M BBSW,1.932212677096864
2019-06-25,AUD,25Y,6M BBSW,1.945701070599132
2019-06-24,AUD,25Y,6M BBSW,1.958734270295965
2019-06-21,AUD,25Y,6M BBSW,1.956149827366793
2019-06-20,AUD,25Y,6M BBSW,1.941152690771816
2019-06-19,AUD,25Y,6M BBSW,1.993588650791269
2019-06-18,AUD,25Y,6M BBSW,2.019624124715444
2019-06-17,AUD,25Y,6M BBSW,2.061155871084869
2019-06-14,AUD,25Y,6M BBSW,2.031791547486676
2019-06-13,AUD,25Y,6M BBSW,2.077960912047137
2019-06-12,AUD,25Y,6M BBSW,2.100782433713297
2019-06-11,AUD,25Y,6M BBSW,2.131911190462138
2019-06-07,AUD,25Y,6M BBSW,2.107423714495744
2019-06-06,AUD,25Y,6M BBSW,2.139933514497604
2019-06-05,AUD,25Y,6M BBSW,2.169769619217523
2019-06-04,AUD,25Y,6M BBSW,2.157102068702782
2019-06-03,AUD,25Y,6M BBSW,2.177450741427214
2019-05-31,AUD,25Y,6M BBSW,2.136258841018944
2019-05-30,AUD,25Y,6M BBSW,2.216231823214801
2019-05-29,AUD,25Y,6M BBSW,2.169800086482763
2019-05-28,AUD,25Y,6M BBSW,2.199595378981785
2019-05-27,AUD,25Y,6M BBSW,2.18494589342156
2019-05-24,AUD,25Y,6M BBSW,2.172443719441053
2019-05-23,AUD,25Y,6M BBSW,2.217438608910217
2019-05-22,AUD,25Y,6M BBSW,2.27595590005072
2019-05-21,AUD,25Y,6M BBSW,2.249584571989586
2019-05-20,AUD,25Y,6M BBSW,2.321138730014206
2019-05-17,AUD,25Y,6M BBSW,2.283737925273088
2019-05-16,AUD,25Y,6M BBSW,2.293734187308706
2019-05-15,AUD,25Y,6M BBSW,2.32164240252223
2019-05-14,AUD,25Y,6M BBSW,2.328889040656017
2019-05-13,AUD,25Y,6M BBSW,2.344937561361297
2019-05-10,AUD,25Y,6M BBSW,2.377432839116284
2019-05-09,AUD,25Y,6M BBSW,2.363730223948204
2019-05-08,AUD,25Y,6M BBSW,2.382244281372476
2019-05-07,AUD,25Y,6M BBSW,2.379566018072955
2019-05-06,AUD,25Y,6M BBSW,2.376235545467809
2019-05-03,AUD,25Y,6M BBSW,2.42363042505894
2019-05-02,AUD,25Y,6M BBSW,2.416127532684765
2019-05-01,AUD,25Y,6M BBSW,2.413440949947886
2019-04-30,AUD,25Y,6M BBSW,2.435224114960675
2019-04-29,AUD,25Y,6M BBSW,2.403671537224948
2019-04-26,AUD,25Y,6M BBSW,2.382424152285944
2019-04-24,AUD,25Y,6M BBSW,2.38704698874699
2019-04-23,AUD,25Y,6M BBSW,2.476835892569745
2019-04-18,AUD,25Y,6M BBSW,2.529702651318667
2019-04-17,AUD,25Y,6M BBSW,2.544521189611637
2019-04-16,AUD,25Y,6M BBSW,2.51183974443249
2019-04-15,AUD,25Y,6M BBSW,2.534092942920383
2019-04-12,AUD,25Y,6M BBSW,2.569904610237303
2019-04-11,AUD,25Y,6M BBSW,2.454891005344967
2019-04-10,AUD,25Y,6M BBSW,2.461016820163211
2019-04-09,AUD,25Y,6M BBSW,2.475739088771507
2019-04-08,AUD,25Y,6M BBSW,2.484916058896001
2019-04-05,AUD,25Y,6M BBSW,2.491068579932888
2019-04-04,AUD,25Y,6M BBSW,2.504860407186224
2019-04-03,AUD,25Y,6M BBSW,2.447172847067855
2019-04-02,AUD,25Y,6M BBSW,2.447004062044198
2019-04-01,AUD,25Y,6M BBSW,2.433597532106414
2019-03-29,AUD,25Y,6M BBSW,2.394954111432325
2019-03-28,AUD,25Y,6M BBSW,2.361119951660989
2019-03-27,AUD,25Y,6M BBSW,2.382227761026996
2019-03-26,AUD,25Y,6M BBSW,2.407028279218166
2019-03-25,AUD,25Y,6M BBSW,2.396131677214232
2019-03-22,AUD,25Y,6M BBSW,2.358731356204823
2019-03-21,AUD,25Y,6M BBSW,2.489922571998764
2019-03-20,AUD,25Y,6M BBSW,2.518428235768779
2019-03-19,AUD,25Y,6M BBSW,2.530739598534998
2019-03-18,AUD,25Y,6M BBSW,2.553725801737892
2019-03-15,AUD,25Y,6M BBSW,2.526279391695438
2019-03-14,AUD,25Y,6M BBSW,2.536300882345349
2019-03-13,AUD,25Y,6M BBSW,2.528427283413344
2019-03-12,AUD,25Y,6M BBSW,2.572030539826139
2019-03-11,AUD,25Y,6M BBSW,2.552425740665812
2019-03-08,AUD,25Y,6M BBSW,2.572423243215185
2019-03-07,AUD,25Y,6M BBSW,2.633713323613387
2019-03-06,AUD,25Y,6M BBSW,2.673410186187282
2019-03-05,AUD,25Y,6M BBSW,2.723308658353593
2019-03-04,AUD,25Y,6M BBSW,2.746113776997043
2019-03-01,AUD,25Y,6M BBSW,2.723614224264808
2019-02-28,AUD,25Y,6M BBSW,2.667293335168885
2019-02-27,AUD,25Y,6M BBSW,2.62456052832961
2019-02-26,AUD,25Y,6M BBSW,2.634920189833676
2019-02-25,AUD,25Y,6M BBSW,2.636127384011842
2019-02-22,AUD,25Y,6M BBSW,2.627413618829725
2019-02-21,AUD,25Y,6M BBSW,2.643516847697745
2019-02-20,AUD,25Y,6M BBSW,2.674520849252783
2019-02-19,AUD,25Y,6M BBSW,2.704916106171087
2019-02-18,AUD,25Y,6M BBSW,2.669325451754623
2019-02-15,AUD,25Y,6M BBSW,2.672592939162911
2019-02-14,AUD,25Y,6M BBSW,2.67230625484925
2019-02-13,AUD,25Y,6M BBSW,2.687018634914647
2019-02-12,AUD,25Y,6M BBSW,2.647419773174259
2019-02-11,AUD,25Y,6M BBSW,2.641126941667407
2019-02-08,AUD,25Y,6M BBSW,2.626213912383642
2019-02-07,AUD,25Y,6M BBSW,2.677199262646815
2019-02-06,AUD,25Y,6M BBSW,2.708288796361737
2019-02-05,AUD,25Y,6M BBSW,2.736071996929508
2019-02-04,AUD,25Y,6M BBSW,2.7360781964993
2019-02-01,AUD,25Y,6M BBSW,2.758659987367073
2019-01-31,AUD,25Y,6M BBSW,2.73929399933361
2019-01-30,AUD,25Y,6M BBSW,2.757700608471555
2019-01-29,AUD,25Y,6M BBSW,2.746113494583133
2019-01-25,AUD,25Y,6M BBSW,2.757372649058293
2019-01-24,AUD,25Y,6M BBSW,2.807180748499381
2019-01-23,AUD,25Y,6M BBSW,2.816996998819052
2019-01-22,AUD,25Y,6M BBSW,2.83110828035398
2019-01-21,AUD,25Y,6M BBSW,2.842424130489543
2019-01-18,AUD,25Y,6M BBSW,2.864896671686822
2019-01-17,AUD,25Y,6M BBSW,2.805997577685333
2019-01-16,AUD,25Y,6M BBSW,2.793300718726697
2019-01-15,AUD,25Y,6M BBSW,2.805084589355034
2019-01-14,AUD,25Y,6M BBSW,2.808695478115977
2019-01-11,AUD,25Y,6M BBSW,2.823700171804244
2019-01-10,AUD,25Y,6M BBSW,2.808397186924132
2019-01-09,AUD,25Y,6M BBSW,2.828195092195055
2019-01-08,AUD,25Y,6M BBSW,2.803710107636856
2019-01-07,AUD,25Y,6M BBSW,2.772420368944125
2019-01-04,AUD,25Y,6M BBSW,2.82489966838643
2019-01-03,AUD,25Y,6M BBSW,2.700992026737597
2019-01-02,AUD,25Y,6M BBSW,2.776972085135804
2018-12-31,AUD,25Y,6M BBSW,2.803889417780609
2018-12-28,AUD,25Y,6M BBSW,2.820858481191471
2018-12-27,AUD,25Y,6M BBSW,2.855615124408461
2018-12-24,AUD,25Y,6M BBSW,2.851058141185914
2018-12-21,AUD,25Y,6M BBSW,2.86869635359647
2018-12-20,AUD,25Y,6M BBSW,2.859690080489876
2018-12-19,AUD,25Y,6M BBSW,2.878278571866245
2018-12-18,AUD,25Y,6M BBSW,2.898704650209062
2018-12-17,AUD,25Y,6M BBSW,2.902411991298727
2018-12-14,AUD,25Y,6M BBSW,2.897483793746032
2018-12-13,AUD,25Y,6M BBSW,2.925849182188518
2018-12-12,AUD,25Y,6M BBSW,2.903125759455569
2018-12-11,AUD,25Y,6M BBSW,2.903560504297855
2018-12-10,AUD,25Y,6M BBSW,2.889865399408047
2018-12-07,AUD,25Y,6M BBSW,2.879860398465607
2018-12-06,AUD,25Y,6M BBSW,2.942164235013095
2018-12-05,AUD,25Y,6M BBSW,2.965665027971783
2018-12-04,AUD,25Y,6M BBSW,2.999896525313242
2018-12-03,AUD,25Y,6M BBSW,3.063701163890059
2018-11-30,AUD,25Y,6M BBSW,3.032556164919694
2018-11-29,AUD,25Y,6M BBSW,3.056026103583827
2018-11-28,AUD,25Y,6M BBSW,3.070657599329408
2018-11-27,AUD,25Y,6M BBSW,3.082390486513443
2018-11-26,AUD,25Y,6M BBSW,3.089901886688469
2018-11-23,AUD,25Y,6M BBSW,3.10367836549082
2018-11-22,AUD,25Y,6M BBSW,3.11966135584986
2018-11-21,AUD,25Y,6M BBSW,3.156944869766453
2018-11-20,AUD,25Y,6M BBSW,3.152385346552382
2018-11-19,AUD,25Y,6M BBSW,3.114899882496224
2018-11-16,AUD,25Y,6M BBSW,3.133575672286599
2018-11-15,AUD,25Y,6M BBSW,3.163033341996376
2018-11-14,AUD,25Y,6M BBSW,3.157691669310653
2018-11-13,AUD,25Y,6M BBSW,3.166082299239303
2018-11-12,AUD,25Y,6M BBSW,3.173596567942372
2018-11-09,AUD,25Y,6M BBSW,3.161173740253191
2018-11-08,AUD,25Y,6M BBSW,3.198451872122769
2018-11-07,AUD,25Y,6M BBSW,3.185640614884875
2018-11-06,AUD,25Y,6M BBSW,3.164883926535484
2018-11-05,AUD,25Y,6M BBSW,3.158697051767459
2018-11-02,AUD,25Y,6M BBSW,3.149874393129576
2018-11-01,AUD,25Y,6M BBSW,3.098463412047485
2018-10-31,AUD,25Y,6M BBSW,3.047828036767759
2018-10-30,AUD,25Y,6M BBSW,3.018856029337209
2018-10-29,AUD,25Y,6M BBSW,3.003756893648392
2018-10-26,AUD,25Y,6M BBSW,3.004881720964665
2018-10-25,AUD,25Y,6M BBSW,3.038239127016287
2018-10-24,AUD,25Y,6M BBSW,3.086924672810563
2018-10-23,AUD,25Y,6M BBSW,3.11365679069245
2018-10-22,AUD,25Y,6M BBSW,3.121083062710906
2018-10-19,AUD,25Y,6M BBSW,3.133513050462827
2018-10-18,AUD,25Y,6M BBSW,3.153316358830569
2018-10-17,AUD,25Y,6M BBSW,3.130618579998188
2018-10-16,AUD,25Y,6M BBSW,3.143667459982002
2018-10-15,AUD,25Y,6M BBSW,3.086419338662388
2018-10-12,AUD,25Y,6M BBSW,3.111061895639634
2018-10-11,AUD,25Y,6M BBSW,3.133307036079464
2018-10-10,AUD,25Y,6M BBSW,3.154396867256314
2018-10-09,AUD,25Y,6M BBSW,3.161168542218845
2018-10-08,AUD,25Y,6M BBSW,3.166065943418714
2018-10-05,AUD,25Y,6M BBSW,3.147071731922098
2018-10-04,AUD,25Y,6M BBSW,3.113148885957908
2018-10-03,AUD,25Y,6M BBSW,3.061627691188492
2018-10-02,AUD,25Y,6M BBSW,3.089803570544109
2018-09-28,AUD,25Y,6M BBSW,3.067366112740169
2018-09-27,AUD,25Y,6M BBSW,3.119635416782354
2018-09-26,AUD,25Y,6M BBSW,3.154389523869139
2018-09-25,AUD,25Y,6M BBSW,3.15238059997398
2018-09-24,AUD,25Y,6M BBSW,3.117394710309188
2018-09-21,AUD,25Y,6M BBSW,3.117376832146446
2018-09-20,AUD,25Y,6M BBSW,3.129659398782985
2018-09-19,AUD,25Y,6M BBSW,3.106950004220008
2018-09-18,AUD,25Y,6M BBSW,3.066191591995996
2018-09-17,AUD,25Y,6M BBSW,3.031104839401573
2018-09-14,AUD,25Y,6M BBSW,3.031199323535504
2018-09-13,AUD,25Y,6M BBSW,3.010872958547677
2018-09-12,AUD,25Y,6M BBSW,2.988268476673896
2018-09-11,AUD,25Y,6M BBSW,2.979897419741493
2018-09-10,AUD,25Y,6M BBSW,2.989907919289329
2018-09-07,AUD,25Y,6M BBSW,2.98868708351523
2018-09-06,AUD,25Y,6M BBSW,2.985874987173359
2018-09-05,AUD,25Y,6M BBSW,2.966971226250776
2018-09-04,AUD,25Y,6M BBSW,2.926101248968334
2018-09-03,AUD,25Y,6M BBSW,2.91991154503702
2018-08-31,AUD,25Y,6M BBSW,2.91140965458814
2018-08-30,AUD,25Y,6M BBSW,2.984834957195964
2018-08-29,AUD,25Y,6M BBSW,3.002062515069888
2018-08-28,AUD,25Y,6M BBSW,3.007492440247766
2018-08-27,AUD,25Y,6M BBSW,2.968748924017094
2018-08-24,AUD,25Y,6M BBSW,2.973695212724083
2018-08-23,AUD,25Y,6M BBSW,2.923384234646899
2018-08-22,AUD,25Y,6M BBSW,2.94196430284755
2018-08-21,AUD,25Y,6M BBSW,2.934897165594834
2018-08-20,AUD,25Y,6M BBSW,2.932407773214591
2018-08-17,AUD,25Y,6M BBSW,2.962395574419331
2018-08-16,AUD,25Y,6M BBSW,2.954680597992625
2018-08-15,AUD,25Y,6M BBSW,2.976485846300334
2018-08-14,AUD,25Y,6M BBSW,2.980009600022798
2018-08-13,AUD,25Y,6M BBSW,2.979904699793748
2018-08-10,AUD,25Y,6M BBSW,2.998593287607634
2018-08-09,AUD,25Y,6M BBSW,3.02587241988189
2018-08-08,AUD,25Y,6M BBSW,3.041946789090172
2018-08-07,AUD,25Y,6M BBSW,3.031073423439996
2018-08-03,AUD,25Y,6M BBSW,3.05711265096232
2018-08-02,AUD,25Y,6M BBSW,3.089385296241169
2018-08-01,AUD,25Y,6M BBSW,3.057869989446594
2018-07-31,AUD,25Y,6M BBSW,3.043903030126637
2018-07-30,AUD,25Y,6M BBSW,3.001193079597795
2018-07-27,AUD,25Y,6M BBSW,3.008656523732266
2018-07-26,AUD,25Y,6M BBSW,3.052007584758623
2018-07-25,AUD,25Y,6M BBSW,3.055706000093212
2018-07-24,AUD,25Y,6M BBSW,3.083667815577875
2018-07-23,AUD,25Y,6M BBSW,3.03860064711336
2018-07-20,AUD,25Y,6M BBSW,3.041089628353873
2018-07-19,AUD,25Y,6M BBSW,3.033471512068584
2018-07-18,AUD,25Y,6M BBSW,3.04064693982819
2018-07-17,AUD,25Y,6M BBSW,3.044888937005234
2018-07-16,AUD,25Y,6M BBSW,3.021201788835544
2018-07-13,AUD,25Y,6M BBSW,3.00739269988398
2018-07-12,AUD,25Y,6M BBSW,3.017173621431494
2018-07-11,AUD,25Y,6M BBSW,3.011952157056077
2018-07-10,AUD,25Y,6M BBSW,3.032390302750016
2018-07-09,AUD,25Y,6M BBSW,3.003702710735166
2018-07-06,AUD,25Y,6M BBSW,3.011092876755816
2018-07-05,AUD,25Y,6M BBSW,2.988476858081635
2018-07-04,AUD,25Y,6M BBSW,2.97945712202708
2018-07-03,AUD,25Y,6M BBSW,2.996071199344236
2018-07-02,AUD,25Y,6M BBSW,3.043663879531343
2018-06-29,AUD,25Y,6M BBSW,3.049945796875505
2018-06-28,AUD,25Y,6M BBSW,3.03463144267136
2018-06-27,AUD,25Y,6M BBSW,3.051879374773302
2018-06-26,AUD,25Y,6M BBSW,3.049688788177813
2018-06-25,AUD,25Y,6M BBSW,3.053369916069025
2018-06-22,AUD,25Y,6M BBSW,3.068586307409472
2018-06-21,AUD,25Y,6M BBSW,3.102160481766254
2018-06-20,AUD,25Y,6M BBSW,3.070650740528769
2018-06-19,AUD,25Y,6M BBSW,3.057388061746162
2018-06-18,AUD,25Y,6M BBSW,3.097390600018642
2018-06-15,AUD,25Y,6M BBSW,3.120127361389974
2018-06-14,AUD,25Y,6M BBSW,3.154759649873411
2018-06-13,AUD,25Y,6M BBSW,3.193791322698873
2018-06-12,AUD,25Y,6M BBSW,3.203517529258283
2018-06-08,AUD,25Y,6M BBSW,3.198388924636181
2018-06-07,AUD,25Y,6M BBSW,3.219381021723259
2018-06-06,AUD,25Y,6M BBSW,3.151696341328847
2018-06-05,AUD,25Y,6M BBSW,3.154880734948298
2018-06-04,AUD,25Y,6M BBSW,3.129887731916353
2025-11-13,AUD,30Y,6M BBSW,4.7685
2025-11-12,AUD,30Y,6M BBSW,4.686600000005409
2025-11-11,AUD,30Y,6M BBSW,4.651500000006768
2025-11-10,AUD,30Y,6M BBSW,4.66400348710221
2025-11-07,AUD,30Y,6M BBSW,4.621100000000212
2025-11-06,AUD,30Y,6M BBSW,4.607700000005364
2025-11-05,AUD,30Y,6M BBSW,4.639000000000248
2025-11-04,AUD,30Y,6M BBSW,4.609400000000228
2025-11-03,AUD,30Y,6M BBSW,4.641803419021427
2025-10-31,AUD,30Y,6M BBSW,4.608300000000237
2025-10-30,AUD,30Y,6M BBSW,4.595500000000225
2025-10-29,AUD,30Y,6M BBSW,4.626900000000276
2025-10-28,AUD,30Y,6M BBSW,4.494400000000272
2025-10-27,AUD,30Y,6M BBSW,4.49860000000024
2025-10-24,AUD,30Y,6M BBSW,4.465500000000253
2025-10-23,AUD,30Y,6M BBSW,4.480700000000254
2025-10-22,AUD,30Y,6M BBSW,4.429900000000242
2025-10-21,AUD,30Y,6M BBSW,4.445100000000281
2025-10-20,AUD,30Y,6M BBSW,4.416400000000229
2025-10-17,AUD,30Y,6M BBSW,4.447700000004364
2025-10-16,AUD,30Y,6M BBSW,4.421400000000197
2025-10-15,AUD,30Y,6M BBSW,4.496902160580501
2025-10-14,AUD,30Y,6M BBSW,4.516498848597285
2025-10-13,AUD,30Y,6M BBSW,4.526300015066869
2025-10-10,AUD,30Y,6M BBSW,4.579700000000231
2025-10-09,AUD,30Y,6M BBSW,4.616900000000258
2025-10-08,AUD,30Y,6M BBSW,4.566500000006219
2025-10-07,AUD,30Y,6M BBSW,4.587625970480872
2025-10-03,AUD,30Y,6M BBSW,4.542228680594039
2025-10-02,AUD,30Y,6M BBSW,4.541342292506529
2025-10-01,AUD,30Y,6M BBSW,4.558723895445953
2025-09-30,AUD,30Y,6M BBSW,4.564534011083564
2025-09-29,AUD,30Y,6M BBSW,4.527655507298058
2025-09-26,AUD,30Y,6M BBSW,4.559444602865185
2025-09-25,AUD,30Y,6M BBSW,4.598947739550334
2025-09-24,AUD,30Y,6M BBSW,4.566048104772895
2025-09-23,AUD,30Y,6M BBSW,4.496602671700455
2025-09-22,AUD,30Y,6M BBSW,4.52926635872675
2025-09-19,AUD,30Y,6M BBSW,4.501477063594804
2025-09-18,AUD,30Y,6M BBSW,4.479583854436031
2025-09-17,AUD,30Y,6M BBSW,4.474776186834846
2025-09-16,AUD,30Y,6M BBSW,4.444483882458287
2025-09-15,AUD,30Y,6M BBSW,4.448130237660764
2025-09-12,AUD,30Y,6M BBSW,4.443582463942376
2025-09-11,AUD,30Y,6M BBSW,4.417591113439223
2025-09-10,AUD,30Y,6M BBSW,4.4639772240326
2025-09-09,AUD,30Y,6M BBSW,4.539274249406598
2025-09-08,AUD,30Y,6M BBSW,4.489070098801901
2025-09-05,AUD,30Y,6M BBSW,4.548174426843718
2025-09-04,AUD,30Y,6M BBSW,4.581975433083318
2025-09-03,AUD,30Y,6M BBSW,4.618761445105052
2025-09-02,AUD,30Y,6M BBSW,4.627864926144951
2025-09-01,AUD,30Y,6M BBSW,4.603857580538836
2025-08-29,AUD,30Y,6M BBSW,4.536504202495931
2025-08-28,AUD,30Y,6M BBSW,4.521890981308339
2025-08-27,AUD,30Y,6M BBSW,4.562263740386019
2025-08-26,AUD,30Y,6M BBSW,4.572361292027464
2025-08-25,AUD,30Y,6M BBSW,4.562670389257758
2025-08-22,AUD,30Y,6M BBSW,4.560073873795647
2025-08-21,AUD,30Y,6M BBSW,4.574165166319906
2025-08-20,AUD,30Y,6M BBSW,4.539569757948028
2025-08-19,AUD,30Y,6M BBSW,4.583159960914088
2025-08-18,AUD,30Y,6M BBSW,4.583568341367242
2025-08-15,AUD,30Y,6M BBSW,4.490561233875063
2025-08-14,AUD,30Y,6M BBSW,4.480530680592013
2025-08-13,AUD,30Y,6M BBSW,4.430580792140263
2025-08-12,AUD,30Y,6M BBSW,4.474471728964613
2025-08-11,AUD,30Y,6M BBSW,4.477479625118908
2025-08-08,AUD,30Y,6M BBSW,4.482280399511864
2025-08-07,AUD,30Y,6M BBSW,4.483136904864058
2025-08-06,AUD,30Y,6M BBSW,4.441602537997959
2025-08-05,AUD,30Y,6M BBSW,4.46656283244632
2025-08-01,AUD,30Y,6M BBSW,4.440578158781538
2025-07-31,AUD,30Y,6M BBSW,4.499433628845903
2025-07-30,AUD,30Y,6M BBSW,4.48689755351386
2025-07-29,AUD,30Y,6M BBSW,4.512667454031491
2025-07-28,AUD,30Y,6M BBSW,4.550929979352665
2025-07-25,AUD,30Y,6M BBSW,4.556094331672552
2025-07-24,AUD,30Y,6M BBSW,4.572816043075242
2025-07-23,AUD,30Y,6M BBSW,4.546469278782026
2025-07-22,AUD,30Y,6M BBSW,4.51176778811276
2025-07-21,AUD,30Y,6M BBSW,4.535673340383994
2025-07-18,AUD,30Y,6M BBSW,4.578571471529862
2025-07-17,AUD,30Y,6M BBSW,4.560864043338412
2025-07-16,AUD,30Y,6M BBSW,4.60096388268027
2025-07-15,AUD,30Y,6M BBSW,4.636249142554708
2025-07-14,AUD,30Y,6M BBSW,4.556210036986254
2025-07-11,AUD,30Y,6M BBSW,4.545073439462698
2025-07-10,AUD,30Y,6M BBSW,4.496767037131401
2025-07-09,AUD,30Y,6M BBSW,4.46387789807597
2025-07-08,AUD,30Y,6M BBSW,4.489369813859677
2025-07-07,AUD,30Y,6M BBSW,4.414585608000618
2025-07-04,AUD,30Y,6M BBSW,4.381490487951101
2025-07-03,AUD,30Y,6M BBSW,4.400141048578488
2025-07-02,AUD,30Y,6M BBSW,4.380614800623526
2025-07-01,AUD,30Y,6M BBSW,4.315763966507126
2025-06-30,AUD,30Y,6M BBSW,4.336198719112116
2025-06-27,AUD,30Y,6M BBSW,4.337431574950862
2025-06-26,AUD,30Y,6M BBSW,4.302098280906707
2025-06-25,AUD,30Y,6M BBSW,4.308639674107487
2025-06-24,AUD,30Y,6M BBSW,4.320064046815293
2025-06-23,AUD,30Y,6M BBSW,4.367212187088666
2025-06-20,AUD,30Y,6M BBSW,4.363672723873512
2025-06-19,AUD,30Y,6M BBSW,4.357591086229131
2025-06-18,AUD,30Y,6M BBSW,4.407486064557488
2025-06-17,AUD,30Y,6M BBSW,4.397487541510552
2025-06-16,AUD,30Y,6M BBSW,4.419375755063279
2025-06-13,AUD,30Y,6M BBSW,4.402599716487138
2025-06-12,AUD,30Y,6M BBSW,4.32929801236607
2025-06-11,AUD,30Y,6M BBSW,4.405677192623117
2025-06-10,AUD,30Y,6M BBSW,4.450273354170307
2025-06-06,AUD,30Y,6M BBSW,4.506618035521968
2025-06-05,AUD,30Y,6M BBSW,4.434982899521969
2025-06-04,AUD,30Y,6M BBSW,4.390187516262624
2025-06-03,AUD,30Y,6M BBSW,4.441082691132012
2025-06-02,AUD,30Y,6M BBSW,4.484867852227543
2025-05-30,AUD,30Y,6M BBSW,4.421718324064611
2025-05-29,AUD,30Y,6M BBSW,4.462195706415324
2025-05-28,AUD,30Y,6M BBSW,4.532371081189048
2025-05-27,AUD,30Y,6M BBSW,4.41577766135622
2025-05-26,AUD,30Y,6M BBSW,4.490677971934081
2025-05-23,AUD,30Y,6M BBSW,4.526374665790352
2025-05-22,AUD,30Y,6M BBSW,4.558759430721056
2025-05-21,AUD,30Y,6M BBSW,4.663358056668793
2025-05-20,AUD,30Y,6M BBSW,4.5155667351686
2025-05-19,AUD,30Y,6M BBSW,4.547874084712646
2025-05-16,AUD,30Y,6M BBSW,4.554568814690112
2025-05-15,AUD,30Y,6M BBSW,4.524602184340394
2025-05-14,AUD,30Y,6M BBSW,4.60909948829455
2025-05-13,AUD,30Y,6M BBSW,4.524065846236628
2025-05-12,AUD,30Y,6M BBSW,4.470181272867949
2025-05-09,AUD,30Y,6M BBSW,4.365290163364264
2025-05-08,AUD,30Y,6M BBSW,4.365379070398783
2025-05-07,AUD,30Y,6M BBSW,4.316793073492333
2025-05-06,AUD,30Y,6M BBSW,4.406378316574362
2025-05-05,AUD,30Y,6M BBSW,4.385088678683219
2025-05-02,AUD,30Y,6M BBSW,4.36499083438082
2025-05-01,AUD,30Y,6M BBSW,4.315886377740531
2025-04-30,AUD,30Y,6M BBSW,4.258404705076948
2025-04-29,AUD,30Y,6M BBSW,4.269001032977293
2025-04-28,AUD,30Y,6M BBSW,4.27798927723031
2025-04-24,AUD,30Y,6M BBSW,4.32694962209703
2025-04-23,AUD,30Y,6M BBSW,4.393214353394083
2025-04-22,AUD,30Y,6M BBSW,4.357466336110405
2025-04-17,AUD,30Y,6M BBSW,4.35975773472008
2025-04-16,AUD,30Y,6M BBSW,4.397653414196335
2025-04-15,AUD,30Y,6M BBSW,4.468487596566605
2025-04-14,AUD,30Y,6M BBSW,4.493615674705907
2025-04-11,AUD,30Y,6M BBSW,4.631620223538092
2025-04-10,AUD,30Y,6M BBSW,4.539836850264665
2025-04-09,AUD,30Y,6M BBSW,4.434651112410775
2025-04-08,AUD,30Y,6M BBSW,4.377515258891814
2025-04-07,AUD,30Y,6M BBSW,4.426257437476008
2025-04-04,AUD,30Y,6M BBSW,4.275395361803779
2025-03-28,AUD,30Y,6M BBSW,4.474134135947957
2025-03-27,AUD,30Y,6M BBSW,4.519177303921153
2025-03-26,AUD,30Y,6M BBSW,4.525547945510638
2025-03-25,AUD,30Y,6M BBSW,4.505750928644768
2025-03-24,AUD,30Y,6M BBSW,4.48176446443127
2025-03-21,AUD,30Y,6M BBSW,4.449577509374661
2025-03-20,AUD,30Y,6M BBSW,4.450162463867742
2025-03-19,AUD,30Y,6M BBSW,4.44478015790688
2025-03-18,AUD,30Y,6M BBSW,4.480371854937895
2025-03-17,AUD,30Y,6M BBSW,4.465983922030598
2025-03-14,AUD,30Y,6M BBSW,4.481790265909222
2025-03-13,AUD,30Y,6M BBSW,4.44106166410336
2025-03-12,AUD,30Y,6M BBSW,4.504474347566805
2025-03-11,AUD,30Y,6M BBSW,4.504969073055019
2025-03-10,AUD,30Y,6M BBSW,4.447185442762694
2025-03-07,AUD,30Y,6M BBSW,4.488372445256441
2025-03-06,AUD,30Y,6M BBSW,4.514953130817945
2025-03-05,AUD,30Y,6M BBSW,4.553969054174342
2025-03-04,AUD,30Y,6M BBSW,4.450275118746433
2025-03-03,AUD,30Y,6M BBSW,4.344795956009233
2025-02-28,AUD,30Y,6M BBSW,4.388183072712403
2025-02-27,AUD,30Y,6M BBSW,4.396074494848751
2025-02-26,AUD,30Y,6M BBSW,4.408380590427143
2025-02-25,AUD,30Y,6M BBSW,4.465189134200888
2025-02-24,AUD,30Y,6M BBSW,4.52177775340197
2025-02-21,AUD,30Y,6M BBSW,4.599041044434012
2025-02-20,AUD,30Y,6M BBSW,4.624769754803233
2025-02-19,AUD,30Y,6M BBSW,4.616458751382766
2025-02-18,AUD,30Y,6M BBSW,4.629074128823743
2025-02-17,AUD,30Y,6M BBSW,4.541476169466603
2025-02-14,AUD,30Y,6M BBSW,4.512625372183004
2025-02-13,AUD,30Y,6M BBSW,4.524581462017579
2025-02-12,AUD,30Y,6M BBSW,4.62725731595718
2025-02-11,AUD,30Y,6M BBSW,4.54058225722707
2025-02-10,AUD,30Y,6M BBSW,4.462783542206439
2025-02-07,AUD,30Y,6M BBSW,4.470018698699543
2025-02-06,AUD,30Y,6M BBSW,4.412517904095083
2025-02-05,AUD,30Y,6M BBSW,4.384878998373868
2025-02-04,AUD,30Y,6M BBSW,4.504066839466648
2025-02-03,AUD,30Y,6M BBSW,4.51606055850374
2025-01-31,AUD,30Y,6M BBSW,4.474726506233082
2025-01-30,AUD,30Y,6M BBSW,4.441992039785489
2025-01-29,AUD,30Y,6M BBSW,4.45807516213867
2025-01-28,AUD,30Y,6M BBSW,4.489947965677064
2025-01-24,AUD,30Y,6M BBSW,4.526699023098771
2025-01-23,AUD,30Y,6M BBSW,4.542876958265382
2025-01-22,AUD,30Y,6M BBSW,4.547866054876788
2025-01-21,AUD,30Y,6M BBSW,4.51458577699535
2025-01-20,AUD,30Y,6M BBSW,4.515979108018682
2025-01-17,AUD,30Y,6M BBSW,4.578541247600498
2025-01-16,AUD,30Y,6M BBSW,4.566274873405145
2025-01-15,AUD,30Y,6M BBSW,4.588738544578611
2025-01-14,AUD,30Y,6M BBSW,4.698010314198463
2025-01-13,AUD,30Y,6M BBSW,4.663275440452703
2025-01-10,AUD,30Y,6M BBSW,4.634535499596347
2025-01-09,AUD,30Y,6M BBSW,4.577975236756335
2025-01-08,AUD,30Y,6M BBSW,4.61235933513596
2025-01-07,AUD,30Y,6M BBSW,4.586379155678498
2025-01-06,AUD,30Y,6M BBSW,4.501193342173989
2025-01-03,AUD,30Y,6M BBSW,4.459116141067812
2025-01-02,AUD,30Y,6M BBSW,4.452316265518162
2024-12-31,AUD,30Y,6M BBSW,4.394000683644432
2024-12-30,AUD,30Y,6M BBSW,4.427099131007217
2024-12-27,AUD,30Y,6M BBSW,4.448004718827342
2024-12-24,AUD,30Y,6M BBSW,4.47235268652267
2024-12-23,AUD,30Y,6M BBSW,4.467408855440308
2024-12-20,AUD,30Y,6M BBSW,4.479746676426457
2024-12-19,AUD,30Y,6M BBSW,4.506167772491339
2024-12-18,AUD,30Y,6M BBSW,4.410590837209718
2024-12-17,AUD,30Y,6M BBSW,4.35519757884176
2024-12-16,AUD,30Y,6M BBSW,4.377787341849313
2024-12-13,AUD,30Y,6M BBSW,4.400485926431218
2024-12-12,AUD,30Y,6M BBSW,4.392775964304602
2024-12-11,AUD,30Y,6M BBSW,4.311097601207801
2024-12-10,AUD,30Y,6M BBSW,4.266508328133674
2024-12-09,AUD,30Y,6M BBSW,4.324098109685755
2024-12-06,AUD,30Y,6M BBSW,4.303531817989984
2024-12-05,AUD,30Y,6M BBSW,4.339186799537612
2024-12-04,AUD,30Y,6M BBSW,4.290802482907903
2024-12-03,AUD,30Y,6M BBSW,4.374096900293496
2024-12-02,AUD,30Y,6M BBSW,4.320293496112615
2024-11-29,AUD,30Y,6M BBSW,4.366701531835891
2024-11-28,AUD,30Y,6M BBSW,4.420385606661316
2024-11-27,AUD,30Y,6M BBSW,4.438078084324705
2024-11-26,AUD,30Y,6M BBSW,4.470790240876744
2024-11-25,AUD,30Y,6M BBSW,4.455599248640049
2024-11-22,AUD,30Y,6M BBSW,4.542242347840808
2024-11-21,AUD,30Y,6M BBSW,4.585867112166929
2024-11-20,AUD,30Y,6M BBSW,4.589762268666096
2024-11-19,AUD,30Y,6M BBSW,4.577580212732079
2024-11-18,AUD,30Y,6M BBSW,4.571087790189159
2024-11-15,AUD,30Y,6M BBSW,4.603089066215678
2024-11-14,AUD,30Y,6M BBSW,4.638628396095566
2024-11-13,AUD,30Y,6M BBSW,4.679852797368744
2024-11-12,AUD,30Y,6M BBSW,4.662372970612692
2024-11-11,AUD,30Y,6M BBSW,4.608683509943227
2024-11-08,AUD,30Y,6M BBSW,4.574339086232817
2024-11-07,AUD,30Y,6M BBSW,4.61176412742559
2024-11-06,AUD,30Y,6M BBSW,4.655454933114409
2024-11-05,AUD,30Y,6M BBSW,4.556582682047553
2024-11-04,AUD,30Y,6M BBSW,4.563087693506264
2024-11-01,AUD,30Y,6M BBSW,4.587236787801083
2024-10-31,AUD,30Y,6M BBSW,4.605442049842309
2024-10-30,AUD,30Y,6M BBSW,4.602023541006992
2024-10-29,AUD,30Y,6M BBSW,4.557793984287355
2024-10-28,AUD,30Y,6M BBSW,4.545570384944268
2024-10-24,AUD,30Y,6M BBSW,4.521821233679393
2024-10-23,AUD,30Y,6M BBSW,4.601596540535824
2024-10-22,AUD,30Y,6M BBSW,4.580550074562084
2024-10-21,AUD,30Y,6M BBSW,4.53094769421289
2024-10-17,AUD,30Y,6M BBSW,4.463915253009812
2024-10-16,AUD,30Y,6M BBSW,4.352346639029885
2024-10-15,AUD,30Y,6M BBSW,4.371471716113877
2024-10-14,AUD,30Y,6M BBSW,4.416621589532243
2024-10-11,AUD,30Y,6M BBSW,4.39015405874823
2024-10-10,AUD,30Y,6M BBSW,4.364955876869948
2024-10-09,AUD,30Y,6M BBSW,4.368164409869634
2024-10-08,AUD,30Y,6M BBSW,4.336730961165472
2024-10-04,AUD,30Y,6M BBSW,4.319585470944001
2024-10-03,AUD,30Y,6M BBSW,4.239805428279484
2024-10-02,AUD,30Y,6M BBSW,4.181393799269354
2024-10-01,AUD,30Y,6M BBSW,4.135103048919955
2024-09-30,AUD,30Y,6M BBSW,4.164493056988514
2024-09-27,AUD,30Y,6M BBSW,4.123139112888059
2024-09-26,AUD,30Y,6M BBSW,4.143724072671824
2024-09-25,AUD,30Y,6M BBSW,4.125593744693481
2024-09-24,AUD,30Y,6M BBSW,4.090707143058701
2024-09-23,AUD,30Y,6M BBSW,4.132363556640209
2024-09-20,AUD,30Y,6M BBSW,4.113699017741886
2024-09-19,AUD,30Y,6M BBSW,4.083830429816945
2024-09-18,AUD,30Y,6M BBSW,4.062614895883346
2024-09-17,AUD,30Y,6M BBSW,4.010429297206144
2024-09-16,AUD,30Y,6M BBSW,3.960940353682233
2024-09-13,AUD,30Y,6M BBSW,3.998612087337277
2024-09-12,AUD,30Y,6M BBSW,3.990440543833931
2024-09-11,AUD,30Y,6M BBSW,4.030118019841439
2024-09-10,AUD,30Y,6M BBSW,4.05922512512813
2024-09-09,AUD,30Y,6M BBSW,4.092126557990344
2024-09-06,AUD,30Y,6M BBSW,4.08710109403749
2024-09-05,AUD,30Y,6M BBSW,4.113227754482026
2024-09-04,AUD,30Y,6M BBSW,4.088612616377052
2024-09-03,AUD,30Y,6M BBSW,4.144818640978157
2024-09-02,AUD,30Y,6M BBSW,4.237311608607996
2024-08-30,AUD,30Y,6M BBSW,4.191104612161833
2024-08-29,AUD,30Y,6M BBSW,4.160801480794055
2024-08-27,AUD,30Y,6M BBSW,4.089892926151029
2024-08-26,AUD,30Y,6M BBSW,4.069816361671179
2024-08-23,AUD,30Y,6M BBSW,4.059600676681309
2024-08-22,AUD,30Y,6M BBSW,4.095618877675726
2024-08-21,AUD,30Y,6M BBSW,4.041005178106335
2024-08-20,AUD,30Y,6M BBSW,4.049829867529098
2024-08-19,AUD,30Y,6M BBSW,4.094814836475019
2024-08-16,AUD,30Y,6M BBSW,4.089596759529078
2024-08-15,AUD,30Y,6M BBSW,4.126321199714806
2024-08-14,AUD,30Y,6M BBSW,4.03882083069109
2024-08-13,AUD,30Y,6M BBSW,4.073627785969696
2024-08-12,AUD,30Y,6M BBSW,4.138610566125119
2024-08-09,AUD,30Y,6M BBSW,4.16838749405647
2024-08-08,AUD,30Y,6M BBSW,4.230603102769696
2024-08-07,AUD,30Y,6M BBSW,4.222254921112517
2024-08-06,AUD,30Y,6M BBSW,4.217248941659779
2024-08-02,AUD,30Y,6M BBSW,4.104296733804622
2024-08-01,AUD,30Y,6M BBSW,4.151625389359402
2024-07-31,AUD,30Y,6M BBSW,4.191393999606259
2024-07-30,AUD,30Y,6M BBSW,4.372491608266564
2024-07-29,AUD,30Y,6M BBSW,4.405987511534654
2024-07-26,AUD,30Y,6M BBSW,4.386733730081879
2024-07-25,AUD,30Y,6M BBSW,4.400480136285513
2024-07-24,AUD,30Y,6M BBSW,4.452257062809071
2024-07-23,AUD,30Y,6M BBSW,4.45729518207141
2024-07-22,AUD,30Y,6M BBSW,4.434784428179099
2024-07-19,AUD,30Y,6M BBSW,4.429554379427233
2024-07-18,AUD,30Y,6M BBSW,4.366882387922762
2024-07-17,AUD,30Y,6M BBSW,4.332274935044795
2024-07-16,AUD,30Y,6M BBSW,4.332306600156306
2024-07-15,AUD,30Y,6M BBSW,4.429016299000507
2024-07-12,AUD,30Y,6M BBSW,4.413355510144143
2024-07-11,AUD,30Y,6M BBSW,4.45187164387943
2024-07-10,AUD,30Y,6M BBSW,4.463560182595665
2024-07-09,AUD,30Y,6M BBSW,4.470994068091922
2024-07-08,AUD,30Y,6M BBSW,4.450983804187674
2024-07-05,AUD,30Y,6M BBSW,4.46574794684237
2024-07-04,AUD,30Y,6M BBSW,4.526857653378189
2024-07-03,AUD,30Y,6M BBSW,4.519713576590473
2024-07-02,AUD,30Y,6M BBSW,4.532216696751195
2024-07-01,AUD,30Y,6M BBSW,4.55063283733748
2024-06-28,AUD,30Y,6M BBSW,4.500650399819188
2024-06-27,AUD,30Y,6M BBSW,4.425411909804327
2024-06-26,AUD,30Y,6M BBSW,4.486842915825844
2024-06-24,AUD,30Y,6M BBSW,4.333495855489036
2024-06-21,AUD,30Y,6M BBSW,4.339552573087234
2024-06-20,AUD,30Y,6M BBSW,4.351865552323872
2024-06-19,AUD,30Y,6M BBSW,4.312295339670242
2024-06-18,AUD,30Y,6M BBSW,4.301006622680982
2024-06-17,AUD,30Y,6M BBSW,4.31230849199487
2024-06-14,AUD,30Y,6M BBSW,4.270948576267418
2024-06-13,AUD,30Y,6M BBSW,4.319805521614958
2024-06-12,AUD,30Y,6M BBSW,4.377685798589352
2024-06-11,AUD,30Y,6M BBSW,4.448189090107485
2024-06-07,AUD,30Y,6M BBSW,4.458050964787376
2024-06-06,AUD,30Y,6M BBSW,4.384127402111739
2024-06-05,AUD,30Y,6M BBSW,4.368589667743944
2024-06-04,AUD,30Y,6M BBSW,4.364800790798886
2024-06-03,AUD,30Y,6M BBSW,4.452296100372695
2024-05-31,AUD,30Y,6M BBSW,4.544479345905512
2024-05-30,AUD,30Y,6M BBSW,4.547838971165392
2024-05-29,AUD,30Y,6M BBSW,4.597395113669997
2024-05-28,AUD,30Y,6M BBSW,4.498591028400935
2024-05-27,AUD,30Y,6M BBSW,4.413586701158641
2024-05-24,AUD,30Y,6M BBSW,4.443351850539826
2024-05-23,AUD,30Y,6M BBSW,4.433170456689249
2024-05-22,AUD,30Y,6M BBSW,4.42356457352425
2024-05-21,AUD,30Y,6M BBSW,4.40729978399715
2024-05-20,AUD,30Y,6M BBSW,4.419785724954675
2024-05-17,AUD,30Y,6M BBSW,4.41835542049408
2024-05-16,AUD,30Y,6M BBSW,4.39937816768145
2024-05-15,AUD,30Y,6M BBSW,4.40022145838515
2024-05-14,AUD,30Y,6M BBSW,4.501193411805324
2024-05-13,AUD,30Y,6M BBSW,4.518575885938039
2024-05-10,AUD,30Y,6M BBSW,4.554538498969035
2024-05-09,AUD,30Y,6M BBSW,4.543159151553172
2024-05-08,AUD,30Y,6M BBSW,4.524753867260127
2024-05-07,AUD,30Y,6M BBSW,4.440997298328496
2024-05-06,AUD,30Y,6M BBSW,4.555972691534774
2024-05-03,AUD,30Y,6M BBSW,4.565737021616495
2024-05-02,AUD,30Y,6M BBSW,4.594351227051521
2024-05-01,AUD,30Y,6M BBSW,4.658538579885583
2024-04-30,AUD,30Y,6M BBSW,4.647623817588976
2024-04-29,AUD,30Y,6M BBSW,4.63239618770159
2024-04-26,AUD,30Y,6M BBSW,4.659500167995308
2024-04-24,AUD,30Y,6M BBSW,4.609723328818135
2024-04-23,AUD,30Y,6M BBSW,4.458523301294329
2024-04-22,AUD,30Y,6M BBSW,4.465969578360989
2024-04-19,AUD,30Y,6M BBSW,4.490613769667487
2024-04-18,AUD,30Y,6M BBSW,4.509263073483189
2024-04-17,AUD,30Y,6M BBSW,4.518536986772234
2024-04-16,AUD,30Y,6M BBSW,4.567229055760464
2024-04-15,AUD,30Y,6M BBSW,4.491478486939586
2024-04-12,AUD,30Y,6M BBSW,4.390729241260933
2024-04-11,AUD,30Y,6M BBSW,4.473041893188803
2024-04-10,AUD,30Y,6M BBSW,4.399757231865388
2024-04-09,AUD,30Y,6M BBSW,4.290978326311874
2024-04-08,AUD,30Y,6M BBSW,4.379734707576322
2024-04-04,AUD,30Y,6M BBSW,4.292998717383904
2024-04-03,AUD,30Y,6M BBSW,4.319589204263466
2024-04-02,AUD,30Y,6M BBSW,4.307182841113117
2024-03-28,AUD,30Y,6M BBSW,4.181665312303497
2024-03-27,AUD,30Y,6M BBSW,4.181438769385001
2024-03-26,AUD,30Y,6M BBSW,4.248504058523923
2024-03-25,AUD,30Y,6M BBSW,4.239786171768434
2024-03-22,AUD,30Y,6M BBSW,4.223378459600536
2024-03-21,AUD,30Y,6M BBSW,4.273190026287829
2024-03-20,AUD,30Y,6M BBSW,4.244784422126615
2024-03-19,AUD,30Y,6M BBSW,4.288610085700268
2024-03-18,AUD,30Y,6M BBSW,4.325993464395634
2024-03-15,AUD,30Y,6M BBSW,4.344493882545855
2024-03-14,AUD,30Y,6M BBSW,4.326008114301001
2024-03-13,AUD,30Y,6M BBSW,4.254283116560201
2024-03-12,AUD,30Y,6M BBSW,4.21061687955349
2024-03-11,AUD,30Y,6M BBSW,4.160309280478951
2024-03-08,AUD,30Y,6M BBSW,4.188082345638485
2024-03-07,AUD,30Y,6M BBSW,4.215596181095392
2024-03-06,AUD,30Y,6M BBSW,4.194789310796398
2024-03-05,AUD,30Y,6M BBSW,4.248613892292955
2024-03-04,AUD,30Y,6M BBSW,4.338592285648399
2024-03-01,AUD,30Y,6M BBSW,4.332065394686227
2024-02-29,AUD,30Y,6M BBSW,4.35224987905254
2024-02-28,AUD,30Y,6M BBSW,4.357686147663901
2024-02-27,AUD,30Y,6M BBSW,4.406082455966182
2024-02-26,AUD,30Y,6M BBSW,4.367293370533933
2024-02-23,AUD,30Y,6M BBSW,4.355967270920075
2024-02-22,AUD,30Y,6M BBSW,4.375768893690402
2024-02-21,AUD,30Y,6M BBSW,4.41686487950297
2024-02-20,AUD,30Y,6M BBSW,4.402302710706363
2024-02-19,AUD,30Y,6M BBSW,4.41478873590851
2024-02-16,AUD,30Y,6M BBSW,4.425959826783155
2024-02-15,AUD,30Y,6M BBSW,4.38550729929255
2024-02-14,AUD,30Y,6M BBSW,4.41887955634612
2024-02-13,AUD,30Y,6M BBSW,4.487295206464288
2024-02-12,AUD,30Y,6M BBSW,4.405989885827061
2024-02-09,AUD,30Y,6M BBSW,4.394763341344817
2024-02-08,AUD,30Y,6M BBSW,4.378370715048765
2024-02-07,AUD,30Y,6M BBSW,4.35814141594293
2024-02-06,AUD,30Y,6M BBSW,4.324740981809247
2024-02-05,AUD,30Y,6M BBSW,4.343492961602508
2024-02-02,AUD,30Y,6M BBSW,4.299662103505699
2024-02-01,AUD,30Y,6M BBSW,4.205698432672632
2024-01-31,AUD,30Y,6M BBSW,4.222892816620464
2024-01-30,AUD,30Y,6M BBSW,4.333791164841131
2024-01-29,AUD,30Y,6M BBSW,4.387291085548902
2024-01-25,AUD,30Y,6M BBSW,4.433076925800193
2024-01-24,AUD,30Y,6M BBSW,4.492909448007057
2024-01-23,AUD,30Y,6M BBSW,4.453598134984227
2024-01-22,AUD,30Y,6M BBSW,4.428587682668278
2024-01-19,AUD,30Y,6M BBSW,4.513550316963058
2024-01-18,AUD,30Y,6M BBSW,4.542051416185941
2024-01-17,AUD,30Y,6M BBSW,4.49055738579049
2024-01-16,AUD,30Y,6M BBSW,4.427300274509852
2024-01-15,AUD,30Y,6M BBSW,4.391410059563137
2024-01-12,AUD,30Y,6M BBSW,4.330970968529459
2024-01-11,AUD,30Y,6M BBSW,4.304579126951904
2024-01-10,AUD,30Y,6M BBSW,4.354373329211239
2024-01-09,AUD,30Y,6M BBSW,4.272314225863232
2024-01-08,AUD,30Y,6M BBSW,4.310998903774423
2024-01-05,AUD,30Y,6M BBSW,4.369766200859083
2024-01-04,AUD,30Y,6M BBSW,4.29957800185035
2024-01-03,AUD,30Y,6M BBSW,4.205556878889729
2024-01-02,AUD,30Y,6M BBSW,4.212257304345253
2023-12-29,AUD,30Y,6M BBSW,4.122396335492263
2023-12-28,AUD,30Y,6M BBSW,4.09702245754641
2023-12-27,AUD,30Y,6M BBSW,4.09678937854704
2023-12-22,AUD,30Y,6M BBSW,4.195991048427461
2023-12-21,AUD,30Y,6M BBSW,4.205771313466755
2023-12-20,AUD,30Y,6M BBSW,4.199394525502806
2023-12-19,AUD,30Y,6M BBSW,4.252302157507709
2023-12-18,AUD,30Y,6M BBSW,4.269812420310634
2023-12-15,AUD,30Y,6M BBSW,4.279500095188609
2023-12-14,AUD,30Y,6M BBSW,4.3487787528248
2023-12-13,AUD,30Y,6M BBSW,4.325512830598107
2023-12-12,AUD,30Y,6M BBSW,4.507170574235182
2023-12-11,AUD,30Y,6M BBSW,4.535683681594755
2023-12-07,AUD,30Y,6M BBSW,4.520647524827515
2023-12-06,AUD,30Y,6M BBSW,4.46312822087598
2023-12-05,AUD,30Y,6M BBSW,4.530975471679821
2023-12-04,AUD,30Y,6M BBSW,4.668576982693259
2023-12-01,AUD,30Y,6M BBSW,4.674738388116204
2023-11-30,AUD,30Y,6M BBSW,4.734354341465662
2023-11-29,AUD,30Y,6M BBSW,4.621298849264735
2023-11-28,AUD,30Y,6M BBSW,4.684778390575318
2023-11-27,AUD,30Y,6M BBSW,4.715960832022594
2023-11-24,AUD,30Y,6M BBSW,4.7659203342069
2023-11-23,AUD,30Y,6M BBSW,4.767020003808482
2023-11-22,AUD,30Y,6M BBSW,4.716825349939763
2023-11-21,AUD,30Y,6M BBSW,4.688578159450667
2023-11-20,AUD,30Y,6M BBSW,4.722260167990529
2023-11-17,AUD,30Y,6M BBSW,4.72592521330317
2023-11-16,AUD,30Y,6M BBSW,4.713327445055096
2023-11-15,AUD,30Y,6M BBSW,4.839124270555281
2023-11-14,AUD,30Y,6M BBSW,4.80499169174057
2023-11-13,AUD,30Y,6M BBSW,4.88724342502524
2023-11-10,AUD,30Y,6M BBSW,4.838511649412458
2023-11-09,AUD,30Y,6M BBSW,4.853308804408306
2023-11-08,AUD,30Y,6M BBSW,4.728123824972997
2023-11-07,AUD,30Y,6M BBSW,4.814766515461266
2023-11-06,AUD,30Y,6M BBSW,4.973533327885357
2023-11-03,AUD,30Y,6M BBSW,4.873507806498544
2023-11-02,AUD,30Y,6M BBSW,4.941996873525902
2023-11-01,AUD,30Y,6M BBSW,5.04048186129625
2023-10-31,AUD,30Y,6M BBSW,5.206491950227406
2023-10-30,AUD,30Y,6M BBSW,5.178952061644511
2023-10-26,AUD,30Y,6M BBSW,5.021947375571475
2023-10-25,AUD,30Y,6M BBSW,5.003922585854348
2023-10-24,AUD,30Y,6M BBSW,4.905888841304083
2023-10-23,AUD,30Y,6M BBSW,4.924673015267535
2023-10-20,AUD,30Y,6M BBSW,4.932164194940817
2023-10-19,AUD,30Y,6M BBSW,4.99052078017474
2023-10-18,AUD,30Y,6M BBSW,4.974192801470441
2023-10-17,AUD,30Y,6M BBSW,4.833500686320405
2023-10-16,AUD,30Y,6M BBSW,4.709719181443574
2023-10-12,AUD,30Y,6M BBSW,4.684573112709223
2023-10-11,AUD,30Y,6M BBSW,4.570432641918229
2023-10-10,AUD,30Y,6M BBSW,4.700925407552706
2023-10-09,AUD,30Y,6M BBSW,4.684742394401114
2023-10-05,AUD,30Y,6M BBSW,4.797898353709281
2023-10-04,AUD,30Y,6M BBSW,4.760097294429263
2023-10-03,AUD,30Y,6M BBSW,4.768304258187913
2023-09-29,AUD,30Y,6M BBSW,4.61983187172414
2023-09-28,AUD,30Y,6M BBSW,4.590703007525899
2023-09-27,AUD,30Y,6M BBSW,4.580482535885437
2023-09-26,AUD,30Y,6M BBSW,4.54586223595423
2023-09-25,AUD,30Y,6M BBSW,4.548560574272826
2023-09-22,AUD,30Y,6M BBSW,4.445955869874077
2023-09-21,AUD,30Y,6M BBSW,4.459553079927654
2023-09-20,AUD,30Y,6M BBSW,4.391859276098205
2023-09-19,AUD,30Y,6M BBSW,4.376007143848841
2023-09-18,AUD,30Y,6M BBSW,4.367295001438007
2023-09-15,AUD,30Y,6M BBSW,4.331438889510187
2023-09-14,AUD,30Y,6M BBSW,4.307296427304904
2023-09-13,AUD,30Y,6M BBSW,4.324170571771481
2023-09-12,AUD,30Y,6M BBSW,4.36700749360394
2023-09-11,AUD,30Y,6M BBSW,4.368794204965728
2023-09-08,AUD,30Y,6M BBSW,4.32526922441923
2023-09-07,AUD,30Y,6M BBSW,4.312073662796386
2023-09-06,AUD,30Y,6M BBSW,4.349367255951562
2023-09-05,AUD,30Y,6M BBSW,4.351008982217724
2023-09-04,AUD,30Y,6M BBSW,4.327297820027487
2023-09-01,AUD,30Y,6M BBSW,4.237278867266772
2023-08-31,AUD,30Y,6M BBSW,4.204429767252262
2023-08-30,AUD,30Y,6M BBSW,4.244113956673408
2023-08-28,AUD,30Y,6M BBSW,4.302498450464044
2023-08-25,AUD,30Y,6M BBSW,4.31729842255569
2023-08-24,AUD,30Y,6M BBSW,4.329554616608069
2023-08-23,AUD,30Y,6M BBSW,4.290568628817523
2023-08-22,AUD,30Y,6M BBSW,4.428572825429624
2023-08-21,AUD,30Y,6M BBSW,4.510970206562435
2023-08-18,AUD,30Y,6M BBSW,4.438587156098603
2023-08-17,AUD,30Y,6M BBSW,4.480737442773758
2023-08-16,AUD,30Y,6M BBSW,4.421853229447649
2023-08-15,AUD,30Y,6M BBSW,4.435243923822362
2023-08-14,AUD,30Y,6M BBSW,4.451223395369727
2023-08-11,AUD,30Y,6M BBSW,4.40099006550615
2023-08-10,AUD,30Y,6M BBSW,4.322057073820431
2023-08-09,AUD,30Y,6M BBSW,4.285574117535044
2023-08-08,AUD,30Y,6M BBSW,4.264790809052177
2023-08-04,AUD,30Y,6M BBSW,4.294478644339824
2023-08-03,AUD,30Y,6M BBSW,4.4154217064145
2023-08-02,AUD,30Y,6M BBSW,4.311556224103463
2023-08-01,AUD,30Y,6M BBSW,4.243500751624149
2023-07-31,AUD,30Y,6M BBSW,4.238986648422665
2023-07-28,AUD,30Y,6M BBSW,4.199776949223291
2023-07-27,AUD,30Y,6M BBSW,4.258288565966419
2023-07-25,AUD,30Y,6M BBSW,4.233496301593008
2023-07-24,AUD,30Y,6M BBSW,4.183568945911039
2023-07-21,AUD,30Y,6M BBSW,4.1786115984995
2023-07-20,AUD,30Y,6M BBSW,4.1945668260066
2023-07-19,AUD,30Y,6M BBSW,4.120587911590975
2023-07-18,AUD,30Y,6M BBSW,4.123603924241402
2023-07-17,AUD,30Y,6M BBSW,4.159807086257188
2023-07-14,AUD,30Y,6M BBSW,4.204982585860688
2023-07-13,AUD,30Y,6M BBSW,4.155772135352345
2023-07-12,AUD,30Y,6M BBSW,4.185576944741375
2023-07-11,AUD,30Y,6M BBSW,4.277287433572156
2023-07-10,AUD,30Y,6M BBSW,4.314791832963865
2023-07-07,AUD,30Y,6M BBSW,4.382294839368778
2023-07-06,AUD,30Y,6M BBSW,4.332048517796196
2023-07-05,AUD,30Y,6M BBSW,4.206873349170112
2023-07-04,AUD,30Y,6M BBSW,4.121003298201622
2023-07-03,AUD,30Y,6M BBSW,4.123578180272386
2023-06-30,AUD,30Y,6M BBSW,4.148926752723157
2023-06-29,AUD,30Y,6M BBSW,4.120897599565063
2023-06-28,AUD,30Y,6M BBSW,3.991835721284483
2023-06-27,AUD,30Y,6M BBSW,4.068502548721689
2023-06-26,AUD,30Y,6M BBSW,4.051989362211328
2023-06-22,AUD,30Y,6M BBSW,4.16575411752479
2023-06-21,AUD,30Y,6M BBSW,4.119354402117055
2023-06-20,AUD,30Y,6M BBSW,4.146008716380849
2023-06-19,AUD,30Y,6M BBSW,4.183615391687601
2023-06-15,AUD,30Y,6M BBSW,4.14795766085301
2023-06-14,AUD,30Y,6M BBSW,4.161800718462358
2023-06-13,AUD,30Y,6M BBSW,4.204742156699455
2023-06-09,AUD,30Y,6M BBSW,4.187272358978468
2023-06-08,AUD,30Y,6M BBSW,4.194763496801329
2023-06-07,AUD,30Y,6M BBSW,4.230288899946862
2023-06-06,AUD,30Y,6M BBSW,4.093586815781104
2023-06-05,AUD,30Y,6M BBSW,4.061024205267634
2023-06-01,AUD,30Y,6M BBSW,3.948407811069764
2023-05-31,AUD,30Y,6M BBSW,3.929183884233148
2023-05-30,AUD,30Y,6M BBSW,3.946292951087957
2023-05-29,AUD,30Y,6M BBSW,3.939920997094911
2023-05-26,AUD,30Y,6M BBSW,4.017323894542404
2023-05-25,AUD,30Y,6M BBSW,4.054587954683845
2023-05-24,AUD,30Y,6M BBSW,4.053201703384707
2023-05-23,AUD,30Y,6M BBSW,4.041012377238559
2023-05-22,AUD,30Y,6M BBSW,3.9936212714954
2023-05-19,AUD,30Y,6M BBSW,4.011023525015676
2023-05-18,AUD,30Y,6M BBSW,4.003395137698623
2023-05-17,AUD,30Y,6M BBSW,3.91442212015771
2023-05-16,AUD,30Y,6M BBSW,3.889827442948196
2023-05-15,AUD,30Y,6M BBSW,3.903962685557133
2023-05-12,AUD,30Y,6M BBSW,3.837337471834711
2023-05-11,AUD,30Y,6M BBSW,3.778423479497747
2023-05-10,AUD,30Y,6M BBSW,3.850632633074338
2023-05-09,AUD,30Y,6M BBSW,3.894826668690353
2023-05-08,AUD,30Y,6M BBSW,3.882330426939827
2023-05-05,AUD,30Y,6M BBSW,3.822339388706177
2023-05-04,AUD,30Y,6M BBSW,3.722129835382729
2023-05-03,AUD,30Y,6M BBSW,3.773240533613423
2023-05-02,AUD,30Y,6M BBSW,3.752338335660144
2023-05-01,AUD,30Y,6M BBSW,3.80103737552896
2023-04-28,AUD,30Y,6M BBSW,3.647339730792429
2023-04-27,AUD,30Y,6M BBSW,3.785826874171906
2023-04-26,AUD,30Y,6M BBSW,3.736929092551899
2023-04-24,AUD,30Y,6M BBSW,3.787318025260827
2023-04-21,AUD,30Y,6M BBSW,3.825998712622183
2023-04-20,AUD,30Y,6M BBSW,3.835793428730229
2023-04-19,AUD,30Y,6M BBSW,3.869329891828614
2023-04-18,AUD,30Y,6M BBSW,3.902274795735215
2023-04-17,AUD,30Y,6M BBSW,3.84481385496087
2023-04-14,AUD,30Y,6M BBSW,3.79954063942105
2023-04-13,AUD,30Y,6M BBSW,3.724631339381877
2023-04-12,AUD,30Y,6M BBSW,3.670633234630118
2023-04-11,AUD,30Y,6M BBSW,3.632282433352165
2023-04-06,AUD,30Y,6M BBSW,3.575585433687191
2023-04-05,AUD,30Y,6M BBSW,3.631661144535637
2023-04-04,AUD,30Y,6M BBSW,3.623967773743443
2023-04-03,AUD,30Y,6M BBSW,3.648512756073391
2023-03-31,AUD,30Y,6M BBSW,3.660190876700753
2023-03-30,AUD,30Y,6M BBSW,3.739906192249207
2023-03-29,AUD,30Y,6M BBSW,3.78450078405361
2023-03-28,AUD,30Y,6M BBSW,3.823607588131207
2023-03-27,AUD,30Y,6M BBSW,3.77730260604657
2023-03-24,AUD,30Y,6M BBSW,3.706038999123043
2023-03-23,AUD,30Y,6M BBSW,3.702088017530211
2023-03-22,AUD,30Y,6M BBSW,3.719442849525133
2023-03-21,AUD,30Y,6M BBSW,3.707341283233816
2023-03-20,AUD,30Y,6M BBSW,3.719843277108407
2023-03-17,AUD,30Y,6M BBSW,3.751047781444016
2023-03-16,AUD,30Y,6M BBSW,3.907108929810752
2023-03-15,AUD,30Y,6M BBSW,3.82900646359954
2023-03-14,AUD,30Y,6M BBSW,4.000997505082306
2023-03-13,AUD,30Y,6M BBSW,3.819635533054969
2023-03-10,AUD,30Y,6M BBSW,3.816842176460589
2023-03-09,AUD,30Y,6M BBSW,3.94179904306421
2023-03-08,AUD,30Y,6M BBSW,3.973403357794981
2023-03-07,AUD,30Y,6M BBSW,4.016013518934761
2023-03-06,AUD,30Y,6M BBSW,4.046015304691816
2023-03-03,AUD,30Y,6M BBSW,4.123616862462823
2023-03-02,AUD,30Y,6M BBSW,4.210763581692463
2023-03-01,AUD,30Y,6M BBSW,4.125578962889866
2023-02-28,AUD,30Y,6M BBSW,4.182488690939618
2023-02-27,AUD,30Y,6M BBSW,4.117397636750053
2023-02-24,AUD,30Y,6M BBSW,4.15727705567448
2023-02-23,AUD,30Y,6M BBSW,4.190790690805871
2023-02-22,AUD,30Y,6M BBSW,4.16688598850361
2023-02-21,AUD,30Y,6M BBSW,4.097313316225788
2023-02-20,AUD,30Y,6M BBSW,4.093629634081609
2023-02-17,AUD,30Y,6M BBSW,4.062287490858731
2023-02-16,AUD,30Y,6M BBSW,4.03211008320309
2023-02-15,AUD,30Y,6M BBSW,4.007665879496446
2023-02-14,AUD,30Y,6M BBSW,4.035018888367182
2023-02-13,AUD,30Y,6M BBSW,4.067331940923453
2023-02-10,AUD,30Y,6M BBSW,4.054788482925982
2023-02-09,AUD,30Y,6M BBSW,3.924705041137546
2023-02-08,AUD,30Y,6M BBSW,3.894423018624721
2023-02-07,AUD,30Y,6M BBSW,3.94479320369064
2023-02-06,AUD,30Y,6M BBSW,3.777297086963819
2023-02-03,AUD,30Y,6M BBSW,3.850924548143339
2023-02-02,AUD,30Y,6M BBSW,3.857046031176676
2023-02-01,AUD,30Y,6M BBSW,3.890547966692743
2023-01-31,AUD,30Y,6M BBSW,3.875155170021161
2023-01-30,AUD,30Y,6M BBSW,3.894984492915908
2023-01-27,AUD,30Y,6M BBSW,3.902046611094417
2023-01-25,AUD,30Y,6M BBSW,3.846672090823279
2023-01-24,AUD,30Y,6M BBSW,3.796008263154024
2023-01-23,AUD,30Y,6M BBSW,3.793653046374573
2023-01-20,AUD,30Y,6M BBSW,3.804815617607047
2023-01-19,AUD,30Y,6M BBSW,3.66085030622836
2023-01-18,AUD,30Y,6M BBSW,3.784434264552774
2023-01-17,AUD,30Y,6M BBSW,3.829834942378602
2023-01-16,AUD,30Y,6M BBSW,3.816051629165623
2023-01-13,AUD,30Y,6M BBSW,3.828612409732834
2023-01-12,AUD,30Y,6M BBSW,3.784633733157028
2023-01-11,AUD,30Y,6M BBSW,3.921913366271719
2023-01-10,AUD,30Y,6M BBSW,3.947324956679141
2023-01-09,AUD,30Y,6M BBSW,3.95734131387455
2023-01-06,AUD,30Y,6M BBSW,3.887305916675063
2023-01-05,AUD,30Y,6M BBSW,3.98710928253959
2023-01-04,AUD,30Y,6M BBSW,4.018196246660451
2023-01-03,AUD,30Y,6M BBSW,4.112276830747644
2022-12-30,AUD,30Y,6M BBSW,4.122615373160789
2022-12-29,AUD,30Y,6M BBSW,4.168493808475239
2022-12-28,AUD,30Y,6M BBSW,4.24179634132198
2022-12-23,AUD,30Y,6M BBSW,4.050919789894873
2022-12-22,AUD,30Y,6M BBSW,4.012102677702459
2022-12-21,AUD,30Y,6M BBSW,3.908206844887771
2022-12-20,AUD,30Y,6M BBSW,3.972322473500477
2022-12-19,AUD,30Y,6M BBSW,3.799846905641573
2022-12-16,AUD,30Y,6M BBSW,3.74862641588551
2022-12-15,AUD,30Y,6M BBSW,3.743360492227109
2022-12-14,AUD,30Y,6M BBSW,3.660458333946254
2022-12-13,AUD,30Y,6M BBSW,3.68630199569084
2022-12-12,AUD,30Y,6M BBSW,3.682280582677178
2022-12-09,AUD,30Y,6M BBSW,3.656254922664723
2022-12-08,AUD,30Y,6M BBSW,3.667062414605694
2022-12-07,AUD,30Y,6M BBSW,3.653193362322681
2022-12-06,AUD,30Y,6M BBSW,3.69602451007255
2022-12-05,AUD,30Y,6M BBSW,3.666057480291097
2022-12-02,AUD,30Y,6M BBSW,3.642336576739356
2022-12-01,AUD,30Y,6M BBSW,3.779630071082897
2022-11-30,AUD,30Y,6M BBSW,3.787787823212198
2022-11-29,AUD,30Y,6M BBSW,3.849927836959731
2022-11-28,AUD,30Y,6M BBSW,3.794852209749527
2022-11-25,AUD,30Y,6M BBSW,3.866006111716688
2022-11-24,AUD,30Y,6M BBSW,3.838428539086457
2022-11-23,AUD,30Y,6M BBSW,3.876921979280931
2022-11-22,AUD,30Y,6M BBSW,3.882331127245815
2022-11-21,AUD,30Y,6M BBSW,3.91104438307332
2022-11-18,AUD,30Y,6M BBSW,3.952298180169546
2022-11-17,AUD,30Y,6M BBSW,3.980816277400513
2022-11-16,AUD,30Y,6M BBSW,4.071899033823819
2022-11-15,AUD,30Y,6M BBSW,4.133879730820207
2022-11-14,AUD,30Y,6M BBSW,4.213685312564068
2022-11-11,AUD,30Y,6M BBSW,4.113581862885182
2022-11-10,AUD,30Y,6M BBSW,4.082099075382327
2022-11-09,AUD,30Y,6M BBSW,4.200674449007949
2022-11-08,AUD,30Y,6M BBSW,4.385983132154792
2022-11-07,AUD,30Y,6M BBSW,4.24861808726908
2022-11-04,AUD,30Y,6M BBSW,4.235968011062432
2022-11-03,AUD,30Y,6M BBSW,4.308373306134687
2022-11-02,AUD,30Y,6M BBSW,4.231870192173085
2022-11-01,AUD,30Y,6M BBSW,4.158604521684516
2022-10-31,AUD,30Y,6M BBSW,4.101500072505077
2022-10-28,AUD,30Y,6M BBSW,4.112291516591288
2022-10-27,AUD,30Y,6M BBSW,4.168284114671504
2022-10-26,AUD,30Y,6M BBSW,4.26054745880704
2022-10-25,AUD,30Y,6M BBSW,4.416999209663272
2022-10-24,AUD,30Y,6M BBSW,4.523447437968964
2022-10-21,AUD,30Y,6M BBSW,4.445919902681254
2022-10-20,AUD,30Y,6M BBSW,4.305831861107758
2022-10-19,AUD,30Y,6M BBSW,4.170470306074297
2022-10-18,AUD,30Y,6M BBSW,4.143537801713934
2022-10-17,AUD,30Y,6M BBSW,4.220981015565092
2022-10-14,AUD,30Y,6M BBSW,4.213720451919149
2022-10-13,AUD,30Y,6M BBSW,4.153378600203314
2022-10-12,AUD,30Y,6M BBSW,4.118157042426616
2022-10-11,AUD,30Y,6M BBSW,4.155916253111429
2022-10-10,AUD,30Y,6M BBSW,4.034800856123731
2022-10-07,AUD,30Y,6M BBSW,4.041973121712039
2022-10-06,AUD,30Y,6M BBSW,3.921815057438856
2022-10-05,AUD,30Y,6M BBSW,3.776610864545104
2022-10-04,AUD,30Y,6M BBSW,3.742224187744687
2022-09-30,AUD,30Y,6M BBSW,3.975118286164971
2022-09-29,AUD,30Y,6M BBSW,3.902182081627564
2022-09-28,AUD,30Y,6M BBSW,4.100652610146052
2022-09-27,AUD,30Y,6M BBSW,4.033579307501018
2022-09-26,AUD,30Y,6M BBSW,3.927250821611242
2022-09-23,AUD,30Y,6M BBSW,3.909755758315513
2022-09-21,AUD,30Y,6M BBSW,3.810626224884887
2022-09-20,AUD,30Y,6M BBSW,3.729844241870119
2022-09-19,AUD,30Y,6M BBSW,3.781055145716578
2022-09-16,AUD,30Y,6M BBSW,3.833610235634125
2022-09-15,AUD,30Y,6M BBSW,3.802360030779037
2022-09-14,AUD,30Y,6M BBSW,3.822986309708856
2022-09-13,AUD,30Y,6M BBSW,3.760840596571378
2022-09-12,AUD,30Y,6M BBSW,3.753856359980799
2022-09-09,AUD,30Y,6M BBSW,3.729821471932939
2022-09-08,AUD,30Y,6M BBSW,3.719641152508822
2022-09-07,AUD,30Y,6M BBSW,3.850623399251618
2022-09-06,AUD,30Y,6M BBSW,3.721044457200873
2022-09-05,AUD,30Y,6M BBSW,3.748657391265736
2022-09-02,AUD,30Y,6M BBSW,3.719821119588247
2022-09-01,AUD,30Y,6M BBSW,3.812130696949051
2022-08-31,AUD,30Y,6M BBSW,3.701664918604244
2022-08-30,AUD,30Y,6M BBSW,3.74507830301078
2022-08-29,AUD,30Y,6M BBSW,3.833802563350948
2022-08-26,AUD,30Y,6M BBSW,3.708631435796129
2022-08-25,AUD,30Y,6M BBSW,3.827127971476332
2022-08-24,AUD,30Y,6M BBSW,3.781920227542919
2022-08-23,AUD,30Y,6M BBSW,3.787341624296022
2022-08-22,AUD,30Y,6M BBSW,3.717349386719805
2022-08-19,AUD,30Y,6M BBSW,3.611042101557656
2022-08-18,AUD,30Y,6M BBSW,3.489667526191785
2022-08-17,AUD,30Y,6M BBSW,3.411974682271649
2022-08-16,AUD,30Y,6M BBSW,3.387372855046227
2022-08-15,AUD,30Y,6M BBSW,3.540147417210618
2022-08-12,AUD,30Y,6M BBSW,3.54984880595671
2022-08-11,AUD,30Y,6M BBSW,3.480867954752405
2022-08-10,AUD,30Y,6M BBSW,3.400676598095424
2022-08-09,AUD,30Y,6M BBSW,3.367374334884146
2022-08-08,AUD,30Y,6M BBSW,3.377375613322504
2022-08-05,AUD,30Y,6M BBSW,3.443293139167138
2022-08-04,AUD,30Y,6M BBSW,3.366925667505336
2022-08-03,AUD,30Y,6M BBSW,3.276749002564425
2022-08-02,AUD,30Y,6M BBSW,3.241123362169007
2022-07-29,AUD,30Y,6M BBSW,3.272368945472384
2022-07-28,AUD,30Y,6M BBSW,3.35585884249095
2022-07-27,AUD,30Y,6M BBSW,3.390633242729143
2022-07-26,AUD,30Y,6M BBSW,3.478447217468966
2022-07-25,AUD,30Y,6M BBSW,3.467322291797744
2022-07-22,AUD,30Y,6M BBSW,3.392362505684362
2022-07-21,AUD,30Y,6M BBSW,3.642149987701576
2022-07-20,AUD,30Y,6M BBSW,3.678232128384662
2022-07-19,AUD,30Y,6M BBSW,3.646051922551844
2022-07-18,AUD,30Y,6M BBSW,3.568559619770016
2022-07-15,AUD,30Y,6M BBSW,3.578858953148182
2022-07-14,AUD,30Y,6M BBSW,3.583605609918668
2022-07-13,AUD,30Y,6M BBSW,3.596945120871517
2022-07-12,AUD,30Y,6M BBSW,3.567357193747803
2022-07-11,AUD,30Y,6M BBSW,3.726045909511751
2022-07-08,AUD,30Y,6M BBSW,3.646040055288126
2022-07-07,AUD,30Y,6M BBSW,3.562157318895299
2022-07-06,AUD,30Y,6M BBSW,3.510653873835322
2022-07-05,AUD,30Y,6M BBSW,3.708645260703106
2022-07-04,AUD,30Y,6M BBSW,3.561059559754556
2022-07-01,AUD,30Y,6M BBSW,3.555934411903772
2022-06-30,AUD,30Y,6M BBSW,3.786704371115821
2022-06-29,AUD,30Y,6M BBSW,3.828927807947768
2022-06-28,AUD,30Y,6M BBSW,3.769781912000957
2022-06-27,AUD,30Y,6M BBSW,3.794735428904831
2022-06-24,AUD,30Y,6M BBSW,3.759708552826645
2022-06-23,AUD,30Y,6M BBSW,3.845750195059882
2022-06-22,AUD,30Y,6M BBSW,3.978202966529883
2022-06-21,AUD,30Y,6M BBSW,4.074800987125191
2022-06-20,AUD,30Y,6M BBSW,4.026021018812536
2022-06-17,AUD,30Y,6M BBSW,4.252274951503014
2022-06-16,AUD,30Y,6M BBSW,4.267076267821464
2022-06-15,AUD,30Y,6M BBSW,4.198734619296116
2022-06-14,AUD,30Y,6M BBSW,4.003976500613954
2022-06-10,AUD,30Y,6M BBSW,3.818527637946093
2022-06-09,AUD,30Y,6M BBSW,3.644369962035418
2022-06-08,AUD,30Y,6M BBSW,3.596687415259613
2022-06-07,AUD,30Y,6M BBSW,3.632294205563171
2022-06-06,AUD,30Y,6M BBSW,3.577335169102051
2022-06-03,AUD,30Y,6M BBSW,3.581041697633254
2022-06-02,AUD,30Y,6M BBSW,3.580852377025828
2022-06-01,AUD,30Y,6M BBSW,3.511974833871597
2022-05-31,AUD,30Y,6M BBSW,3.473940501514236
2022-05-30,AUD,30Y,6M BBSW,3.333864857479356
2022-05-27,AUD,30Y,6M BBSW,3.336165783981232
2022-05-26,AUD,30Y,6M BBSW,3.270891134866035
2022-05-25,AUD,30Y,6M BBSW,3.274492766670246
2022-05-24,AUD,30Y,6M BBSW,3.343674840656218
2022-05-23,AUD,30Y,6M BBSW,3.318577947609877
2022-05-20,AUD,30Y,6M BBSW,3.287370497201051
2022-05-19,AUD,30Y,6M BBSW,3.493468887104813
2022-05-18,AUD,30Y,6M BBSW,3.531960091641887
2022-05-17,AUD,30Y,6M BBSW,3.508662234453054
2022-05-16,AUD,30Y,6M BBSW,3.398671716143551
2022-05-13,AUD,30Y,6M BBSW,3.448657163592354
2022-05-12,AUD,30Y,6M BBSW,3.497168017586273
2022-05-11,AUD,30Y,6M BBSW,3.548155276693854
2022-05-10,AUD,30Y,6M BBSW,3.553658458854926
2022-05-09,AUD,30Y,6M BBSW,3.563658997552767
2022-05-06,AUD,30Y,6M BBSW,3.601041968750927
2022-05-05,AUD,30Y,6M BBSW,3.457172050173906
2022-05-04,AUD,30Y,6M BBSW,3.516958055135145
2022-05-03,AUD,30Y,6M BBSW,3.347374398378174
2022-05-02,AUD,30Y,6M BBSW,3.344874940033925
2022-04-29,AUD,30Y,6M BBSW,3.362441238936216
2022-04-28,AUD,30Y,6M BBSW,3.22099061622008
2022-04-27,AUD,30Y,6M BBSW,3.183218225037368
2022-04-26,AUD,30Y,6M BBSW,3.161079235158684
2022-04-22,AUD,30Y,6M BBSW,3.17718122410195
2022-04-21,AUD,30Y,6M BBSW,3.170697689765794
2022-04-20,AUD,30Y,6M BBSW,3.203020042326216
2022-04-19,AUD,30Y,6M BBSW,3.156612007370331
2022-04-14,AUD,30Y,6M BBSW,3.067335024967313
2022-04-13,AUD,30Y,6M BBSW,3.090732456436744
2022-04-12,AUD,30Y,6M BBSW,3.096178587356193
2022-04-11,AUD,30Y,6M BBSW,3.032351666287869
2022-04-08,AUD,30Y,6M BBSW,3.016050669017108
2022-04-07,AUD,30Y,6M BBSW,2.948445004158253
2022-04-06,AUD,30Y,6M BBSW,3.019487277696824
2022-04-05,AUD,30Y,6M BBSW,2.859839881218994
2022-04-04,AUD,30Y,6M BBSW,2.907333585686991
2022-04-01,AUD,30Y,6M BBSW,2.928628372359002
2022-03-31,AUD,30Y,6M BBSW,2.842956021171045
2022-03-30,AUD,30Y,6M BBSW,2.861432630688377
2022-03-29,AUD,30Y,6M BBSW,2.9587385340409
2022-03-28,AUD,30Y,6M BBSW,3.002383523077715
2022-03-25,AUD,30Y,6M BBSW,2.999886497880188
2022-03-24,AUD,30Y,6M BBSW,2.850929542845362
2022-03-23,AUD,30Y,6M BBSW,2.902020861200438
2022-03-22,AUD,30Y,6M BBSW,2.834904710863242
2022-03-21,AUD,30Y,6M BBSW,2.683617947019547
2022-03-18,AUD,30Y,6M BBSW,2.663617395293796
2022-03-17,AUD,30Y,6M BBSW,2.654755476685728
2022-03-16,AUD,30Y,6M BBSW,2.643285189244327
2022-03-15,AUD,30Y,6M BBSW,2.704384945747465
2022-03-14,AUD,30Y,6M BBSW,2.607998890085067
2022-03-11,AUD,30Y,6M BBSW,2.556922735797014
2022-03-10,AUD,30Y,6M BBSW,2.540265918010579
2022-03-09,AUD,30Y,6M BBSW,2.529101000762465
2022-03-08,AUD,30Y,6M BBSW,2.459929947938973
2022-03-07,AUD,30Y,6M BBSW,2.344937408081948
2022-03-04,AUD,30Y,6M BBSW,2.342435492149411
2022-03-03,AUD,30Y,6M BBSW,2.393580985529364
2022-03-02,AUD,30Y,6M BBSW,2.315933051153486
2022-03-01,AUD,30Y,6M BBSW,2.381134020258483
2022-02-28,AUD,30Y,6M BBSW,2.362494367026069
2022-02-25,AUD,30Y,6M BBSW,2.438575279255228
2022-02-24,AUD,30Y,6M BBSW,2.36342879747334
2022-02-23,AUD,30Y,6M BBSW,2.442431918445754
2022-02-22,AUD,30Y,6M BBSW,2.413634159978662
2022-02-21,AUD,30Y,6M BBSW,2.416133144004916
2022-02-18,AUD,30Y,6M BBSW,2.394779880159242
2022-02-17,AUD,30Y,6M BBSW,2.384625041141164
2022-02-16,AUD,30Y,6M BBSW,2.397434334696403
2022-02-15,AUD,30Y,6M BBSW,2.380067992794788
2022-02-14,AUD,30Y,6M BBSW,2.362503793141691
2022-02-11,AUD,30Y,6M BBSW,2.442275369299326
2022-02-10,AUD,30Y,6M BBSW,2.329634586358603
2022-02-09,AUD,30Y,6M BBSW,2.34743680284297
2022-02-08,AUD,30Y,6M BBSW,2.354937301952189
2022-02-07,AUD,30Y,6M BBSW,2.232431294727604
2022-02-04,AUD,30Y,6M BBSW,2.279760497726067
2022-02-03,AUD,30Y,6M BBSW,2.150833949735284
2022-02-02,AUD,30Y,6M BBSW,2.184917411241283
2022-02-01,AUD,30Y,6M BBSW,2.153722057034735
2022-01-31,AUD,30Y,6M BBSW,2.172552718500123
2022-01-28,AUD,30Y,6M BBSW,2.184791992986294
2022-01-27,AUD,30Y,6M BBSW,2.273424675690326
2022-01-25,AUD,30Y,6M BBSW,2.20492574902004
2022-01-24,AUD,30Y,6M BBSW,2.192434963019341
2022-01-21,AUD,30Y,6M BBSW,2.146104640133633
2022-01-20,AUD,30Y,6M BBSW,2.22095108904984
2022-01-19,AUD,30Y,6M BBSW,2.231142659227756
2022-01-18,AUD,30Y,6M BBSW,2.209944848626884
2022-01-17,AUD,30Y,6M BBSW,2.181244894184009
2022-01-14,AUD,30Y,6M BBSW,2.159856868402128
2022-01-13,AUD,30Y,6M BBSW,2.147162455529917
2022-01-12,AUD,30Y,6M BBSW,2.141146924516333
2022-01-11,AUD,30Y,6M BBSW,2.21244422131795
2022-01-10,AUD,30Y,6M BBSW,2.248741074734416
2022-01-07,AUD,30Y,6M BBSW,2.215999171358724
2022-01-06,AUD,30Y,6M BBSW,2.202155953068125
2022-01-05,AUD,30Y,6M BBSW,2.129947399628838
2022-01-04,AUD,30Y,6M BBSW,2.074951103944957
2021-12-31,AUD,30Y,6M BBSW,2.005318758681868
2021-12-30,AUD,30Y,6M BBSW,1.990158692499534
2021-12-29,AUD,30Y,6M BBSW,1.89997907572479
2021-12-24,AUD,30Y,6M BBSW,1.927028508036986
2021-12-23,AUD,30Y,6M BBSW,1.949407664075353
2021-12-22,AUD,30Y,6M BBSW,1.948755906866016
2021-12-21,AUD,30Y,6M BBSW,1.95615408327238
2021-12-20,AUD,30Y,6M BBSW,1.89875883077421
2021-12-17,AUD,30Y,6M BBSW,1.927321429644879
2021-12-16,AUD,30Y,6M BBSW,1.8996966553536
2021-12-15,AUD,30Y,6M BBSW,1.903043329293829
2021-12-14,AUD,30Y,6M BBSW,1.906493932057495
2021-12-13,AUD,30Y,6M BBSW,1.936943075606544
2021-12-10,AUD,30Y,6M BBSW,1.95879578709709
2021-12-09,AUD,30Y,6M BBSW,1.947666073728037
2021-12-08,AUD,30Y,6M BBSW,1.94493442893577
2021-12-07,AUD,30Y,6M BBSW,1.931140839208452
2021-12-06,AUD,30Y,6M BBSW,1.933750877743437
2021-12-03,AUD,30Y,6M BBSW,1.868626037998228
2021-12-02,AUD,30Y,6M BBSW,2.040875309047443
2021-12-01,AUD,30Y,6M BBSW,2.087449650618616
2021-11-30,AUD,30Y,6M BBSW,2.067525615450349
2021-11-29,AUD,30Y,6M BBSW,2.09747671871314
2021-11-26,AUD,30Y,6M BBSW,1.974819903129818
2021-11-25,AUD,30Y,6M BBSW,2.184655161178313
2021-11-24,AUD,30Y,6M BBSW,2.193644315924686
2021-11-23,AUD,30Y,6M BBSW,2.273741426424365
2021-11-22,AUD,30Y,6M BBSW,2.198743889418722
2021-11-19,AUD,30Y,6M BBSW,2.158603848489988
2021-11-18,AUD,30Y,6M BBSW,2.12846395563406
2021-11-17,AUD,30Y,6M BBSW,2.167445212448984
2021-11-16,AUD,30Y,6M BBSW,2.166146875497071
2021-11-15,AUD,30Y,6M BBSW,2.117549697548299
2021-11-12,AUD,30Y,6M BBSW,2.138605526107767
2021-11-11,AUD,30Y,6M BBSW,2.16845948716789
2021-11-10,AUD,30Y,6M BBSW,2.092449010981349
2021-11-09,AUD,30Y,6M BBSW,2.148747660717283
2021-11-08,AUD,30Y,6M BBSW,2.122447073757068
2021-11-05,AUD,30Y,6M BBSW,2.132306582649333
2021-11-04,AUD,30Y,6M BBSW,2.178458992191254
2021-11-03,AUD,30Y,6M BBSW,2.132446650029397
2021-11-02,AUD,30Y,6M BBSW,2.282440966761337
2021-11-01,AUD,30Y,6M BBSW,2.263740032278464
2021-10-29,AUD,30Y,6M BBSW,2.252327035775428
2021-10-28,AUD,30Y,6M BBSW,2.204657257218347
2021-10-27,AUD,30Y,6M BBSW,2.174946001087071
2021-10-26,AUD,30Y,6M BBSW,2.137443322145816
2021-10-25,AUD,30Y,6M BBSW,2.10488331795635
2021-10-22,AUD,30Y,6M BBSW,2.114802894968979
2021-10-21,AUD,30Y,6M BBSW,2.178456469207537
2021-10-20,AUD,30Y,6M BBSW,2.178737982041705
2021-10-19,AUD,30Y,6M BBSW,2.10742495445077
2021-10-18,AUD,30Y,6M BBSW,2.154929744303676
2021-10-15,AUD,30Y,6M BBSW,2.095298707770779
2021-10-14,AUD,30Y,6M BBSW,2.03260082422845
2021-10-13,AUD,30Y,6M BBSW,2.081150679143588
2021-10-12,AUD,30Y,6M BBSW,2.122442795824125
2021-10-11,AUD,30Y,6M BBSW,2.124922040205093
2021-10-08,AUD,30Y,6M BBSW,2.097293435985822
2021-10-07,AUD,30Y,6M BBSW,2.012160214280595
2021-10-06,AUD,30Y,6M BBSW,2.037428202763084
2021-10-05,AUD,30Y,6M BBSW,1.993722839593358
2021-10-01,AUD,30Y,6M BBSW,1.983462733643958
2021-09-30,AUD,30Y,6M BBSW,1.967655540749808
2021-09-29,AUD,30Y,6M BBSW,1.967472146754015
2021-09-28,AUD,30Y,6M BBSW,1.94495057560046
2021-09-27,AUD,30Y,6M BBSW,1.884946653996464
2021-09-24,AUD,30Y,6M BBSW,1.859831674688492
2021-09-23,AUD,30Y,6M BBSW,1.749713590729346
2021-09-22,AUD,30Y,6M BBSW,1.776162150494935
2021-09-21,AUD,30Y,6M BBSW,1.779963926693372
2021-09-20,AUD,30Y,6M BBSW,1.7849610987514
2021-09-17,AUD,30Y,6M BBSW,1.799840450864187
2021-09-16,AUD,30Y,6M BBSW,1.79722010513035
2021-09-15,AUD,30Y,6M BBSW,1.760035352835684
2021-09-14,AUD,30Y,6M BBSW,1.823998297249159
2021-09-13,AUD,30Y,6M BBSW,1.791960953580747
2021-09-10,AUD,30Y,6M BBSW,1.794841807923016
2021-09-09,AUD,30Y,6M BBSW,1.793721298459335
2021-09-08,AUD,30Y,6M BBSW,1.79746172090085
2021-09-07,AUD,30Y,6M BBSW,1.778764045933517
2021-09-06,AUD,30Y,6M BBSW,1.76996188337753
2021-09-03,AUD,30Y,6M BBSW,1.764844340404952
2021-09-02,AUD,30Y,6M BBSW,1.740928744926289
2021-09-01,AUD,30Y,6M BBSW,1.77876246454265
2021-08-31,AUD,30Y,6M BBSW,1.693834437715905
2021-08-30,AUD,30Y,6M BBSW,1.712517037641137
2021-08-27,AUD,30Y,6M BBSW,1.698662078013371
2021-08-26,AUD,30Y,6M BBSW,1.710930669022638
2021-08-25,AUD,30Y,6M BBSW,1.707465822670134
2021-08-24,AUD,30Y,6M BBSW,1.681167782102545
2021-08-23,AUD,30Y,6M BBSW,1.652467551882738
2021-08-20,AUD,30Y,6M BBSW,1.622357416500325
2021-08-19,AUD,30Y,6M BBSW,1.628441546616689
2021-08-18,AUD,30Y,6M BBSW,1.657467842997877
2021-08-17,AUD,30Y,6M BBSW,1.659968507123551
2021-08-16,AUD,30Y,6M BBSW,1.639968184225826
2021-08-13,AUD,30Y,6M BBSW,1.674852351925252
2021-08-12,AUD,30Y,6M BBSW,1.680934232285411
2021-08-11,AUD,30Y,6M BBSW,1.708765792755566
2021-08-10,AUD,30Y,6M BBSW,1.694967259990082
2021-08-09,AUD,30Y,6M BBSW,1.741164099708464
2021-08-06,AUD,30Y,6M BBSW,1.703521632080613
2021-08-05,AUD,30Y,6M BBSW,1.667105535034036
2021-08-04,AUD,30Y,6M BBSW,1.661151352031295
2021-08-03,AUD,30Y,6M BBSW,1.643754059041162
2021-07-30,AUD,30Y,6M BBSW,1.687383303398839
2021-07-29,AUD,30Y,6M BBSW,1.614742952123796
2021-07-28,AUD,30Y,6M BBSW,1.636163371961584
2021-07-27,AUD,30Y,6M BBSW,1.656158259244564
2021-07-26,AUD,30Y,6M BBSW,1.649919431952599
2021-07-23,AUD,30Y,6M BBSW,1.657353694302109
2021-07-22,AUD,30Y,6M BBSW,1.655936966878424
2021-07-21,AUD,30Y,6M BBSW,1.637468799777622
2021-07-20,AUD,30Y,6M BBSW,1.617470224039972
2021-07-19,AUD,30Y,6M BBSW,1.697465872644353
2021-07-16,AUD,30Y,6M BBSW,1.717348287390623
2021-07-15,AUD,30Y,6M BBSW,1.765105993878692
2021-07-14,AUD,30Y,6M BBSW,1.816201338449069
2021-07-13,AUD,30Y,6M BBSW,1.802463059852504
2021-07-12,AUD,30Y,6M BBSW,1.7774624357703
2021-07-09,AUD,30Y,6M BBSW,1.829838429793731
2021-07-08,AUD,30Y,6M BBSW,1.798516961127603
2021-07-07,AUD,30Y,6M BBSW,1.828761040522096
2021-07-06,AUD,30Y,6M BBSW,1.916157854998636
2021-07-05,AUD,30Y,6M BBSW,1.919956283344409
2021-07-02,AUD,30Y,6M BBSW,1.941012804928444
2021-07-01,AUD,30Y,6M BBSW,1.977123997991404
2021-06-30,AUD,30Y,6M BBSW,1.976221975974056
2021-06-29,AUD,30Y,6M BBSW,1.964976364434091
2021-06-28,AUD,30Y,6M BBSW,2.013736087848355
2021-06-25,AUD,30Y,6M BBSW,2.005877468806016
2021-06-24,AUD,30Y,6M BBSW,1.964667785103399
2021-06-23,AUD,30Y,6M BBSW,1.973739862072242
2021-06-22,AUD,30Y,6M BBSW,2.002453511785702
2021-06-21,AUD,30Y,6M BBSW,1.902457213429654
2021-06-18,AUD,30Y,6M BBSW,2.004821326714192
2021-06-17,AUD,30Y,6M BBSW,2.13087774761924
2021-06-16,AUD,30Y,6M BBSW,2.077449398804368
2021-06-15,AUD,30Y,6M BBSW,2.035047982328492
2021-06-11,AUD,30Y,6M BBSW,2.054161517588172
2021-06-10,AUD,30Y,6M BBSW,2.016040778063538
2021-06-09,AUD,30Y,6M BBSW,2.114921112729476
2021-06-08,AUD,30Y,6M BBSW,2.183617598737893
2021-06-07,AUD,30Y,6M BBSW,2.16872554950056
2021-06-04,AUD,30Y,6M BBSW,2.236001798065452
2021-06-03,AUD,30Y,6M BBSW,2.182172352558023
2021-06-02,AUD,30Y,6M BBSW,2.241241299164777
2021-06-01,AUD,30Y,6M BBSW,2.237442159727368
2021-05-31,AUD,30Y,6M BBSW,2.231259741828087
2021-05-28,AUD,30Y,6M BBSW,2.208606075355745
2021-05-27,AUD,30Y,6M BBSW,2.18336807975068
2021-05-26,AUD,30Y,6M BBSW,2.196144782005183
2021-05-25,AUD,30Y,6M BBSW,2.223743693818213
2021-05-24,AUD,30Y,6M BBSW,2.248739459648809
2021-05-21,AUD,30Y,6M BBSW,2.246003374232437
2021-05-20,AUD,30Y,6M BBSW,2.27345700386047
2021-05-19,AUD,30Y,6M BBSW,2.298639637122917
2021-05-18,AUD,30Y,6M BBSW,2.308639162809993
2021-05-17,AUD,30Y,6M BBSW,2.273737956733182
2021-05-14,AUD,30Y,6M BBSW,2.301056782728824
2021-05-13,AUD,30Y,6M BBSW,2.307152652969274
2021-05-12,AUD,30Y,6M BBSW,2.286240331332073
2021-05-11,AUD,30Y,6M BBSW,2.243742602869433
2021-05-10,AUD,30Y,6M BBSW,2.224940568344777
2021-05-07,AUD,30Y,6M BBSW,2.193507916534101
2021-05-06,AUD,30Y,6M BBSW,2.215864129500282
2021-05-05,AUD,30Y,6M BBSW,2.237439973653069
2021-05-04,AUD,30Y,6M BBSW,2.23744286706203
2021-05-03,AUD,30Y,6M BBSW,2.262438545771383
2021-04-30,AUD,30Y,6M BBSW,2.251609508371626
2021-04-29,AUD,30Y,6M BBSW,2.203909890891518
2021-04-28,AUD,30Y,6M BBSW,2.20364306550595
2021-04-27,AUD,30Y,6M BBSW,2.213743112558122
2021-04-26,AUD,30Y,6M BBSW,2.2049394529502
2021-04-23,AUD,30Y,6M BBSW,2.211083962449188
2021-04-22,AUD,30Y,6M BBSW,2.174667747154007
2021-04-21,AUD,30Y,6M BBSW,2.214934721269878
2021-04-20,AUD,30Y,6M BBSW,2.244933594634181
2021-04-19,AUD,30Y,6M BBSW,2.192417591146631
2021-04-16,AUD,30Y,6M BBSW,2.217287638038818
2021-04-15,AUD,30Y,6M BBSW,2.253967250723705
2021-04-14,AUD,30Y,6M BBSW,2.241304450492748
2021-04-13,AUD,30Y,6M BBSW,2.29863863361885
2021-04-12,AUD,30Y,6M BBSW,2.249934994189993
2021-04-09,AUD,30Y,6M BBSW,2.26728927625927
2021-04-08,AUD,30Y,6M BBSW,2.207148341414178
2021-04-07,AUD,30Y,6M BBSW,2.233708209438346
2021-04-06,AUD,30Y,6M BBSW,2.274909902924984
2021-04-01,AUD,30Y,6M BBSW,2.329471341336459
2021-03-31,AUD,30Y,6M BBSW,2.366517722635569
2021-03-30,AUD,30Y,6M BBSW,2.363837405482371
2021-03-29,AUD,30Y,6M BBSW,2.278762239667064
2021-03-26,AUD,30Y,6M BBSW,2.292265983791787
2021-03-25,AUD,30Y,6M BBSW,2.265953165800938
2021-03-24,AUD,30Y,6M BBSW,2.216139329511418
2021-03-23,AUD,30Y,6M BBSW,2.297420086412073
2021-03-22,AUD,30Y,6M BBSW,2.396130423244806
2021-03-19,AUD,30Y,6M BBSW,2.395990352211009
2021-03-18,AUD,30Y,6M BBSW,2.38084356504263
2021-03-17,AUD,30Y,6M BBSW,2.258742062950776
2021-03-16,AUD,30Y,6M BBSW,2.239942815053918
2021-03-15,AUD,30Y,6M BBSW,2.321561911457206
2021-03-12,AUD,30Y,6M BBSW,2.29529778307622
2021-03-11,AUD,30Y,6M BBSW,2.141171569481763
2021-03-10,AUD,30Y,6M BBSW,2.207944582495791
2021-03-09,AUD,30Y,6M BBSW,2.292939515643792
2021-03-08,AUD,30Y,6M BBSW,2.298636628591422
2021-03-05,AUD,30Y,6M BBSW,2.300998496512349
2021-03-04,AUD,30Y,6M BBSW,2.337148011753349
2021-03-03,AUD,30Y,6M BBSW,2.21124440153793
2021-03-02,AUD,30Y,6M BBSW,2.21374377873634
2021-03-01,AUD,30Y,6M BBSW,2.102447040186483
2021-02-26,AUD,30Y,6M BBSW,2.194806361117813
2021-02-25,AUD,30Y,6M BBSW,2.219668450705391
2021-02-24,AUD,30Y,6M BBSW,2.143746363355155
2021-02-23,AUD,30Y,6M BBSW,2.128745076938764
2021-02-22,AUD,30Y,6M BBSW,2.167444793009776
2021-02-19,AUD,30Y,6M BBSW,2.094816373778683
2021-02-18,AUD,30Y,6M BBSW,1.960903462500802
2021-02-17,AUD,30Y,6M BBSW,1.999954152608296
2021-02-16,AUD,30Y,6M BBSW,1.948753957856007
2021-02-15,AUD,30Y,6M BBSW,1.946246111813617
2021-02-12,AUD,30Y,6M BBSW,1.838639951981614
2021-02-11,AUD,30Y,6M BBSW,1.809724364680796
2021-02-10,AUD,30Y,6M BBSW,1.843761001123987
2021-02-09,AUD,30Y,6M BBSW,1.854958252738589
2021-02-08,AUD,30Y,6M BBSW,1.902457550885633
2021-02-05,AUD,30Y,6M BBSW,1.883616389000338
2021-02-04,AUD,30Y,6M BBSW,1.852198191816511
2021-02-03,AUD,30Y,6M BBSW,1.794944572953027
2021-02-02,AUD,30Y,6M BBSW,1.751143541414042
2021-02-01,AUD,30Y,6M BBSW,1.751145325882033
2021-01-29,AUD,30Y,6M BBSW,1.762346738450267
2021-01-28,AUD,30Y,6M BBSW,1.664737257308404
2021-01-27,AUD,30Y,6M BBSW,1.653758004290534
2021-01-25,AUD,30Y,6M BBSW,1.677456708291672
2021-01-22,AUD,30Y,6M BBSW,1.65485553051359
2021-01-21,AUD,30Y,6M BBSW,1.632247131747524
2021-01-20,AUD,30Y,6M BBSW,1.661168463621848
2021-01-19,AUD,30Y,6M BBSW,1.657466706899748
2021-01-18,AUD,30Y,6M BBSW,1.64376858738049
2021-01-15,AUD,30Y,6M BBSW,1.65904964744114
2021-01-14,AUD,30Y,6M BBSW,1.666308237306145
2021-01-13,AUD,30Y,6M BBSW,1.682467630366366
2021-01-12,AUD,30Y,6M BBSW,1.706164757115324
2021-01-11,AUD,30Y,6M BBSW,1.679967391423243
2021-01-08,AUD,30Y,6M BBSW,1.686053058478285
2021-01-07,AUD,30Y,6M BBSW,1.629747532944094
2021-01-06,AUD,30Y,6M BBSW,1.569971890712777
2021-01-05,AUD,30Y,6M BBSW,1.491173094038894
2021-01-04,AUD,30Y,6M BBSW,1.537472549933354
2020-12-31,AUD,30Y,6M BBSW,1.543933729867546
2020-12-30,AUD,30Y,6M BBSW,1.54381311563377
2020-12-29,AUD,30Y,6M BBSW,1.527485217707058
2020-12-24,AUD,30Y,6M BBSW,1.547028072084448
2020-12-23,AUD,30Y,6M BBSW,1.474966406028984
2020-12-22,AUD,30Y,6M BBSW,1.503673475179072
2020-12-21,AUD,30Y,6M BBSW,1.504973089121938
2020-12-18,AUD,30Y,6M BBSW,1.539864932815692
2020-12-17,AUD,30Y,6M BBSW,1.527261893046831
2020-12-16,AUD,30Y,6M BBSW,1.521172603025992
2020-12-15,AUD,30Y,6M BBSW,1.517026770932396
2020-12-14,AUD,30Y,6M BBSW,1.510794744052222
2020-12-11,AUD,30Y,6M BBSW,1.498355246726826
2020-12-10,AUD,30Y,6M BBSW,1.564243556198329
2020-12-09,AUD,30Y,6M BBSW,1.602453974328572
2020-12-08,AUD,30Y,6M BBSW,1.589956080093364
2020-12-07,AUD,30Y,6M BBSW,1.596160144813864
2020-12-04,AUD,30Y,6M BBSW,1.611059221761849
2020-12-03,AUD,30Y,6M BBSW,1.554758997377097
2020-12-02,AUD,30Y,6M BBSW,1.56497095015835
2020-12-01,AUD,30Y,6M BBSW,1.48877415154675
2020-11-30,AUD,30Y,6M BBSW,1.48501239999361
2020-11-27,AUD,30Y,6M BBSW,1.477371283782813
2020-11-26,AUD,30Y,6M BBSW,1.489767038551113
2020-11-25,AUD,30Y,6M BBSW,1.492474716392742
2020-11-24,AUD,30Y,6M BBSW,1.457474431341121
2020-11-23,AUD,30Y,6M BBSW,1.404977290660968
2020-11-20,AUD,30Y,6M BBSW,1.431075172161738
2020-11-19,AUD,30Y,6M BBSW,1.467270077429949
2020-11-18,AUD,30Y,6M BBSW,1.462475883444692
2020-11-17,AUD,30Y,6M BBSW,1.504972621206101
2020-11-16,AUD,30Y,6M BBSW,1.414977081449958
2020-11-13,AUD,30Y,6M BBSW,1.416076465782838
2020-11-12,AUD,30Y,6M BBSW,1.444772923640424
2020-11-11,AUD,30Y,6M BBSW,1.527473575050035
2020-11-10,AUD,30Y,6M BBSW,1.43997497464736
2020-11-09,AUD,30Y,6M BBSW,1.276181302869589
2020-11-06,AUD,30Y,6M BBSW,1.278588040265626
2020-11-05,AUD,30Y,6M BBSW,1.253599693699226
2020-11-04,AUD,30Y,6M BBSW,1.293781086218153
2020-11-03,AUD,30Y,6M BBSW,1.22118199993297
2020-11-02,AUD,30Y,6M BBSW,1.247482130489733
2020-10-30,AUD,30Y,6M BBSW,1.268716993414333
2020-10-29,AUD,30Y,6M BBSW,1.21981181447851
2020-10-28,AUD,30Y,6M BBSW,1.219982325303528
2020-10-27,AUD,30Y,6M BBSW,1.222482182802439
2020-10-26,AUD,30Y,6M BBSW,1.241181216968816
2020-10-23,AUD,30Y,6M BBSW,1.24108396574065
2020-10-22,AUD,30Y,6M BBSW,1.257297007524099
2020-10-21,AUD,30Y,6M BBSW,1.231179812591622
2020-10-20,AUD,30Y,6M BBSW,1.174981894809866
2020-10-19,AUD,30Y,6M BBSW,1.172476862047769
2020-10-16,AUD,30Y,6M BBSW,1.133695650465714
2020-10-15,AUD,30Y,6M BBSW,1.171294230656406
2020-10-14,AUD,30Y,6M BBSW,1.215001173295325
2020-10-13,AUD,30Y,6M BBSW,1.224982916982606
2020-10-12,AUD,30Y,6M BBSW,1.23118102044023
2020-10-09,AUD,30Y,6M BBSW,1.23488782602116
2020-10-08,AUD,30Y,6M BBSW,1.23979378399355
2020-10-07,AUD,30Y,6M BBSW,1.212472447558517
2020-10-06,AUD,30Y,6M BBSW,1.246172940249708
2020-10-02,AUD,30Y,6M BBSW,1.218591011668153
2020-10-01,AUD,30Y,6M BBSW,1.214704209732062
2020-09-30,AUD,30Y,6M BBSW,1.182509353605027
2020-09-29,AUD,30Y,6M BBSW,1.166190391519325
2020-09-28,AUD,30Y,6M BBSW,1.16748188636899
2020-09-25,AUD,30Y,6M BBSW,1.172395414571286
2020-09-24,AUD,30Y,6M BBSW,1.202304361603041
2020-09-23,AUD,30Y,6M BBSW,1.204977719537548
2020-09-22,AUD,30Y,6M BBSW,1.238781498132033
2020-09-21,AUD,30Y,6M BBSW,1.248782038600296
2020-09-18,AUD,30Y,6M BBSW,1.26368885577206
2020-09-17,AUD,30Y,6M BBSW,1.24100030691918
2020-09-16,AUD,30Y,6M BBSW,1.224983058607366
2020-09-15,AUD,30Y,6M BBSW,1.214016951399762
2020-09-14,AUD,30Y,6M BBSW,1.240798901165768
2020-09-11,AUD,30Y,6M BBSW,1.241890719790349
2020-09-10,AUD,30Y,6M BBSW,1.278994623976129
2020-09-09,AUD,30Y,6M BBSW,1.237982607324146
2020-09-08,AUD,30Y,6M BBSW,1.287480091254651
2020-09-07,AUD,30Y,6M BBSW,1.301180402525997
2020-09-04,AUD,30Y,6M BBSW,1.283687143281946
2020-09-03,AUD,30Y,6M BBSW,1.252298535025615
2020-09-02,AUD,30Y,6M BBSW,1.27998160257636
2020-09-01,AUD,30Y,6M BBSW,1.327478932059827
2020-08-31,AUD,30Y,6M BBSW,1.313821032420448
2020-08-28,AUD,30Y,6M BBSW,1.339899308556604
2020-08-27,AUD,30Y,6M BBSW,1.182312803439482
2020-08-26,AUD,30Y,6M BBSW,1.219982389445109
2020-08-25,AUD,30Y,6M BBSW,1.164984589305243
2020-08-24,AUD,30Y,6M BBSW,1.14248490183773
2020-08-21,AUD,30Y,6M BBSW,1.163696375670486
2020-08-20,AUD,30Y,6M BBSW,1.15481155679881
2020-08-19,AUD,30Y,6M BBSW,1.158784185019357
2020-08-18,AUD,30Y,6M BBSW,1.176184378431684
2020-08-17,AUD,30Y,6M BBSW,1.209983104330284
2020-08-14,AUD,30Y,6M BBSW,1.231109700345099
2020-08-13,AUD,30Y,6M BBSW,1.168609519792686
2020-08-12,AUD,30Y,6M BBSW,1.193783233391878
2020-08-11,AUD,30Y,6M BBSW,1.1424853083864
2020-08-10,AUD,30Y,6M BBSW,1.102486019250954
2020-08-07,AUD,30Y,6M BBSW,1.072402235573833
2020-08-06,AUD,30Y,6M BBSW,1.102314339883527
2020-08-05,AUD,30Y,6M BBSW,1.073779750062723
2020-08-04,AUD,30Y,6M BBSW,1.096179223006764
2020-07-31,AUD,30Y,6M BBSW,1.091379467909653
2020-07-30,AUD,30Y,6M BBSW,1.122584474183006
2020-07-29,AUD,30Y,6M BBSW,1.126185044464873
2020-07-28,AUD,30Y,6M BBSW,1.208780447603514
2020-07-27,AUD,30Y,6M BBSW,1.149979511819717
2020-07-24,AUD,30Y,6M BBSW,1.142395640989618
2020-07-23,AUD,30Y,6M BBSW,1.152312075861556
2020-07-22,AUD,30Y,6M BBSW,1.147484467814317
2020-07-21,AUD,30Y,6M BBSW,1.124985689605756
2020-07-20,AUD,30Y,6M BBSW,1.143784829693953
2020-07-17,AUD,30Y,6M BBSW,1.151197476614581
2020-07-16,AUD,30Y,6M BBSW,1.177308161807124
2020-07-15,AUD,30Y,6M BBSW,1.19251641292783
2020-07-14,AUD,30Y,6M BBSW,1.172500159126924
2020-07-13,AUD,30Y,6M BBSW,1.171184078085252
2020-07-10,AUD,30Y,6M BBSW,1.134898958106835
2020-07-09,AUD,30Y,6M BBSW,1.187306754257944
2020-07-08,AUD,30Y,6M BBSW,1.193783151038641
2020-07-07,AUD,30Y,6M BBSW,1.141185413998261
2020-07-06,AUD,30Y,6M BBSW,1.199983250541855
2020-07-03,AUD,30Y,6M BBSW,1.172392210395937
2020-07-02,AUD,30Y,6M BBSW,1.272289405854178
2020-07-01,AUD,30Y,6M BBSW,1.198757347914621
2020-06-30,AUD,30Y,6M BBSW,1.141207474452094
2020-06-29,AUD,30Y,6M BBSW,1.141191915818216
2020-06-26,AUD,30Y,6M BBSW,1.147368607777198
2020-06-25,AUD,30Y,6M BBSW,1.139766378401885
2020-06-24,AUD,30Y,6M BBSW,1.192474139195602
2020-06-23,AUD,30Y,6M BBSW,1.18117856898949
2020-06-22,AUD,30Y,6M BBSW,1.14618050881929
2020-06-19,AUD,30Y,6M BBSW,1.151197198732873
2020-06-18,AUD,30Y,6M BBSW,1.157310277849076
2020-06-17,AUD,30Y,6M BBSW,1.158784765419941
2020-06-16,AUD,30Y,6M BBSW,1.183783099048235
2020-06-15,AUD,30Y,6M BBSW,1.146215625875647
2020-06-12,AUD,30Y,6M BBSW,1.172298739726584
2020-06-11,AUD,30Y,6M BBSW,1.208503691177075
2020-06-10,AUD,30Y,6M BBSW,1.299971414155615
2020-06-09,AUD,30Y,6M BBSW,1.3237695781891
2020-06-05,AUD,30Y,6M BBSW,1.419873924863274
2020-06-04,AUD,30Y,6M BBSW,1.242297611142666
2020-06-03,AUD,30Y,6M BBSW,1.17998452189627
2020-06-02,AUD,30Y,6M BBSW,1.103785518418674
2020-06-01,AUD,30Y,6M BBSW,1.116185395822242
2020-05-29,AUD,30Y,6M BBSW,1.099908771845426
2020-05-28,AUD,30Y,6M BBSW,1.099817763370992
2020-05-27,AUD,30Y,6M BBSW,1.103785531548753
2020-05-26,AUD,30Y,6M BBSW,1.074987192155316
2020-05-25,AUD,30Y,6M BBSW,1.052487148273073
2020-05-22,AUD,30Y,6M BBSW,1.047405386887614
2020-05-21,AUD,30Y,6M BBSW,1.086019585586174
2020-05-20,AUD,30Y,6M BBSW,1.12748490707275
2020-05-19,AUD,30Y,6M BBSW,1.134985488839016
2020-05-18,AUD,30Y,6M BBSW,1.074986363439113
2020-05-15,AUD,30Y,6M BBSW,1.06888162856472
2020-05-14,AUD,30Y,6M BBSW,1.027484789151375
2020-05-13,AUD,30Y,6M BBSW,1.068786421984216
2020-05-12,AUD,30Y,6M BBSW,1.117485995295938
2020-05-11,AUD,30Y,6M BBSW,1.10868582169654
2020-05-08,AUD,30Y,6M BBSW,1.06610383962567
2020-05-07,AUD,30Y,6M BBSW,1.106016437137712
2020-05-06,AUD,30Y,6M BBSW,1.082486124822292
2020-05-05,AUD,30Y,6M BBSW,1.066187387062308
2020-05-04,AUD,30Y,6M BBSW,1.034987485670729
2020-05-01,AUD,30Y,6M BBSW,1.081202193174717
2020-04-30,AUD,30Y,6M BBSW,1.095092144532571
2020-04-29,AUD,30Y,6M BBSW,1.131293224359918
2020-04-28,AUD,30Y,6M BBSW,1.126184934409925
2020-04-27,AUD,30Y,6M BBSW,1.104985742933649
2020-04-24,AUD,30Y,6M BBSW,1.069817825925208
2020-04-23,AUD,30Y,6M BBSW,1.038540755925297
2020-04-22,AUD,30Y,6M BBSW,1.026187041188688
2020-04-21,AUD,30Y,6M BBSW,1.033785691624769
2020-04-20,AUD,30Y,6M BBSW,1.0549851758902
2020-04-17,AUD,30Y,6M BBSW,1.078700093301766
2020-04-16,AUD,30Y,6M BBSW,1.047321066850413
2020-04-15,AUD,30Y,6M BBSW,1.112517932297201
2020-04-14,AUD,30Y,6M BBSW,1.095000955112268
2020-04-09,AUD,30Y,6M BBSW,1.089730849857813
2020-04-08,AUD,30Y,6M BBSW,1.052154879229806
2020-04-07,AUD,30Y,6M BBSW,0.9599824244757548
2020-04-06,AUD,30Y,6M BBSW,0.8362877568006067
2020-04-03,AUD,30Y,6M BBSW,0.8424156670414455
2020-04-02,AUD,30Y,6M BBSW,0.8735442002659765
2020-04-01,AUD,30Y,6M BBSW,0.8149878123781977
2020-03-31,AUD,30Y,6M BBSW,0.940011932023052
2020-03-30,AUD,30Y,6M BBSW,0.9137057495986558
2020-03-27,AUD,30Y,6M BBSW,1.042401778868906
2020-03-26,AUD,30Y,6M BBSW,1.014820462722694
2020-03-25,AUD,30Y,6M BBSW,1.062485831248139
2020-03-24,AUD,30Y,6M BBSW,0.8799913268213954
2020-03-23,AUD,30Y,6M BBSW,0.7649918987072637
2020-03-20,AUD,30Y,6M BBSW,0.9111148356914438
2020-03-19,AUD,30Y,6M BBSW,1.524748926108297
2020-03-18,AUD,30Y,6M BBSW,1.274980974374146
2020-03-17,AUD,30Y,6M BBSW,1.164984663016342
2020-03-16,AUD,30Y,6M BBSW,1.097485899485585
2020-03-13,AUD,30Y,6M BBSW,1.233688018281796
2020-03-12,AUD,30Y,6M BBSW,1.144810251371578
2020-03-11,AUD,30Y,6M BBSW,1.117485151510638
2020-03-10,AUD,30Y,6M BBSW,1.112486029017217
2020-03-09,AUD,30Y,6M BBSW,1.18118429783764
2020-03-06,AUD,30Y,6M BBSW,1.219890956718933
2020-03-05,AUD,30Y,6M BBSW,1.287291302568924
2020-03-04,AUD,30Y,6M BBSW,1.213782740577954
2020-03-03,AUD,30Y,6M BBSW,1.238783216519663
2020-03-02,AUD,30Y,6M BBSW,1.262481779181528
2020-02-28,AUD,30Y,6M BBSW,1.202498152355108
2020-02-27,AUD,30Y,6M BBSW,1.294893388584789
2020-02-26,AUD,30Y,6M BBSW,1.351081458173481
2020-02-25,AUD,30Y,6M BBSW,1.373778756823916
2020-02-24,AUD,30Y,6M BBSW,1.384978283865828
2020-02-21,AUD,30Y,6M BBSW,1.413775715394436
2020-02-20,AUD,30Y,6M BBSW,1.479869846341781
2020-02-19,AUD,30Y,6M BBSW,1.500960964292915
2020-02-18,AUD,30Y,6M BBSW,1.519973922850536
2020-02-17,AUD,30Y,6M BBSW,1.556172450636019
2020-02-14,AUD,30Y,6M BBSW,1.528701161408113
2020-02-13,AUD,30Y,6M BBSW,1.556063081119297
2020-02-12,AUD,30Y,6M BBSW,1.550953896691381
2020-02-11,AUD,30Y,6M BBSW,1.501174383519193
2020-02-10,AUD,30Y,6M BBSW,1.507474133170947
2020-02-07,AUD,30Y,6M BBSW,1.516167812750631
2020-02-06,AUD,30Y,6M BBSW,1.599849391892081
2020-02-05,AUD,30Y,6M BBSW,1.547241728624874
2020-02-04,AUD,30Y,6M BBSW,1.426165169873274
2020-02-03,AUD,30Y,6M BBSW,1.453763154968084
2020-01-31,AUD,30Y,6M BBSW,1.450024816638599
2020-01-30,AUD,30Y,6M BBSW,1.481094585434381
2020-01-29,AUD,30Y,6M BBSW,1.547254873868026
2020-01-28,AUD,30Y,6M BBSW,1.481170821377406
2020-01-24,AUD,30Y,6M BBSW,1.569965179252954
2020-01-23,AUD,30Y,6M BBSW,1.634856173633002
2020-01-22,AUD,30Y,6M BBSW,1.62474513810238
2020-01-21,AUD,30Y,6M BBSW,1.683768093721039
2020-01-20,AUD,30Y,6M BBSW,1.702466738301509
2020-01-17,AUD,30Y,6M BBSW,1.702464769953117
2020-01-16,AUD,30Y,6M BBSW,1.711049439710278
2020-01-15,AUD,30Y,6M BBSW,1.752627806502851
2020-01-14,AUD,30Y,6M BBSW,1.774999985282614
2020-01-13,AUD,30Y,6M BBSW,1.727465866917645
2020-01-10,AUD,30Y,6M BBSW,1.742463095343897
2020-01-09,AUD,30Y,6M BBSW,1.739847010166413
2020-01-08,AUD,30Y,6M BBSW,1.684735605794941
2020-01-07,AUD,30Y,6M BBSW,1.717466861189504
2020-01-06,AUD,30Y,6M BBSW,1.724965985284239
2020-01-03,AUD,30Y,6M BBSW,1.733638975142432
2020-01-02,AUD,30Y,6M BBSW,1.892193803613321
2019-12-31,AUD,30Y,6M BBSW,1.887540503689113
2019-12-30,AUD,30Y,6M BBSW,1.831219194442921
2019-12-27,AUD,30Y,6M BBSW,1.837185933404109
2019-12-24,AUD,30Y,6M BBSW,1.832437139083052
2019-12-23,AUD,30Y,6M BBSW,1.824949218007547
2019-12-20,AUD,30Y,6M BBSW,1.833759013281793
2019-12-19,AUD,30Y,6M BBSW,1.777341921465149
2019-12-18,AUD,30Y,6M BBSW,1.710932724806748
2019-12-17,AUD,30Y,6M BBSW,1.699967599849263
2019-12-16,AUD,30Y,6M BBSW,1.693766860113881
2019-12-13,AUD,30Y,6M BBSW,1.679954558229547
2019-12-12,AUD,30Y,6M BBSW,1.668635200289199
2019-12-11,AUD,30Y,6M BBSW,1.664723700232696
2019-12-10,AUD,30Y,6M BBSW,1.651153655365535
2019-12-09,AUD,30Y,6M BBSW,1.684950860488262
2019-12-06,AUD,30Y,6M BBSW,1.654960868096838
2019-12-05,AUD,30Y,6M BBSW,1.608556939505796
2019-12-04,AUD,30Y,6M BBSW,1.593549076155464
2019-12-03,AUD,30Y,6M BBSW,1.626169969442119
2019-12-02,AUD,30Y,6M BBSW,1.5937707353242
2019-11-29,AUD,30Y,6M BBSW,1.549985360697521
2019-11-28,AUD,30Y,6M BBSW,1.534865026665938
2019-11-27,AUD,30Y,6M BBSW,1.575951648380063
2019-11-26,AUD,30Y,6M BBSW,1.601271216888955
2019-11-25,AUD,30Y,6M BBSW,1.588771247936879
2019-11-22,AUD,30Y,6M BBSW,1.589969303428071
2019-11-21,AUD,30Y,6M BBSW,1.549863763982366
2019-11-20,AUD,30Y,6M BBSW,1.577250470373046
2019-11-19,AUD,30Y,6M BBSW,1.618770625634913
2019-11-18,AUD,30Y,6M BBSW,1.654968676274097
2019-11-15,AUD,30Y,6M BBSW,1.643831935051959
2019-11-14,AUD,30Y,6M BBSW,1.67738424280361
2019-11-13,AUD,30Y,6M BBSW,1.752225786371954
2019-11-12,AUD,30Y,6M BBSW,1.764965154703797
2019-11-11,AUD,30Y,6M BBSW,1.781163719210234
2019-11-08,AUD,30Y,6M BBSW,1.794960844753765
2019-11-07,AUD,30Y,6M BBSW,1.717348471230567
2019-11-06,AUD,30Y,6M BBSW,1.752225757936999
2019-11-05,AUD,30Y,6M BBSW,1.717466935441213
2019-11-04,AUD,30Y,6M BBSW,1.676168206521942
2019-11-01,AUD,30Y,6M BBSW,1.664966254548129
2019-10-31,AUD,30Y,6M BBSW,1.645259695537167
2019-10-30,AUD,30Y,6M BBSW,1.6563305952981
2019-10-29,AUD,30Y,6M BBSW,1.67118471513945
2019-10-28,AUD,30Y,6M BBSW,1.612470199190685
2019-10-25,AUD,30Y,6M BBSW,1.576134678740062
2019-10-24,AUD,30Y,6M BBSW,1.621149309057777
2019-10-23,AUD,30Y,6M BBSW,1.634732951923802
2019-10-22,AUD,30Y,6M BBSW,1.684964987515037
2019-10-21,AUD,30Y,6M BBSW,1.66246427756701
2019-10-18,AUD,30Y,6M BBSW,1.662456427746754
2019-10-17,AUD,30Y,6M BBSW,1.593652953781858
2019-10-16,AUD,30Y,6M BBSW,1.572244714644716
2019-10-15,AUD,30Y,6M BBSW,1.53383425992264
2019-10-14,AUD,30Y,6M BBSW,1.556202236929533
2019-10-11,AUD,30Y,6M BBSW,1.602455131565021
2019-10-10,AUD,30Y,6M BBSW,1.403569443524069
2019-10-09,AUD,30Y,6M BBSW,1.417270799493709
2019-10-08,AUD,30Y,6M BBSW,1.399971560117572
2019-10-04,AUD,30Y,6M BBSW,1.399856573690474
2019-10-03,AUD,30Y,6M BBSW,1.453543501898261
2019-10-02,AUD,30Y,6M BBSW,1.484643099588009
2019-10-01,AUD,30Y,6M BBSW,1.525457170206971
2019-09-30,AUD,30Y,6M BBSW,1.48501425508617
2019-09-27,AUD,30Y,6M BBSW,1.482467114806828
2019-09-26,AUD,30Y,6M BBSW,1.489857285705
2019-09-25,AUD,30Y,6M BBSW,1.477264454084201
2019-09-24,AUD,30Y,6M BBSW,1.508772435129068
2019-09-23,AUD,30Y,6M BBSW,1.506265982367806
2019-09-20,AUD,30Y,6M BBSW,1.511172352692539
2019-09-19,AUD,30Y,6M BBSW,1.584860682547157
2019-09-18,AUD,30Y,6M BBSW,1.654740387637284
2019-09-17,AUD,30Y,6M BBSW,1.654969523264925
2019-09-16,AUD,30Y,6M BBSW,1.688767863358283
2019-09-13,AUD,30Y,6M BBSW,1.677465650754229
2019-09-12,AUD,30Y,6M BBSW,1.652354626953349
2019-09-11,AUD,30Y,6M BBSW,1.618545216912755
2019-09-10,AUD,30Y,6M BBSW,1.573772544941365
2019-09-09,AUD,30Y,6M BBSW,1.524973847128172
2019-09-06,AUD,30Y,6M BBSW,1.547470945079231
2019-09-05,AUD,30Y,6M BBSW,1.496068401349544
2019-09-04,AUD,30Y,6M BBSW,1.472266197253242
2019-09-03,AUD,30Y,6M BBSW,1.483675304884229
2019-09-02,AUD,30Y,6M BBSW,1.454976080411322
2019-08-30,AUD,30Y,6M BBSW,1.467513923017181
2019-08-29,AUD,30Y,6M BBSW,1.411099587360134
2019-08-28,AUD,30Y,6M BBSW,1.415994988388004
2019-08-27,AUD,30Y,6M BBSW,1.477485567249616
2019-08-26,AUD,30Y,6M BBSW,1.456176018655048
2019-08-23,AUD,30Y,6M BBSW,1.447475045819546
2019-08-22,AUD,30Y,6M BBSW,1.497366733874948
2019-08-21,AUD,30Y,6M BBSW,1.472265815724414
2019-08-20,AUD,30Y,6M BBSW,1.456176033041703
2019-08-19,AUD,30Y,6M BBSW,1.424977052271924
2019-08-16,AUD,30Y,6M BBSW,1.381177088057188
2019-08-15,AUD,30Y,6M BBSW,1.41640424048554
2019-08-14,AUD,30Y,6M BBSW,1.550102704833414
2019-08-13,AUD,30Y,6M BBSW,1.562472319211051
2019-08-12,AUD,30Y,6M BBSW,1.586171576625163
2019-08-09,AUD,30Y,6M BBSW,1.61246871488772
2019-08-08,AUD,30Y,6M BBSW,1.607357428403562
2019-08-07,AUD,30Y,6M BBSW,1.601043907286658
2019-08-06,AUD,30Y,6M BBSW,1.67245752531806
2019-08-02,AUD,30Y,6M BBSW,1.74982668478942
2019-08-01,AUD,30Y,6M BBSW,1.87219006878762
2019-07-31,AUD,30Y,6M BBSW,1.870164256581458
2019-07-30,AUD,30Y,6M BBSW,1.890000114687416
2019-07-29,AUD,30Y,6M BBSW,1.872460288780936
2019-07-26,AUD,30Y,6M BBSW,1.902392795334359
2019-07-25,AUD,30Y,6M BBSW,1.914814130090423
2019-07-24,AUD,30Y,6M BBSW,1.948493889238752
2019-07-23,AUD,30Y,6M BBSW,1.97745548471466
2019-07-22,AUD,30Y,6M BBSW,2.002454575621476
2019-07-19,AUD,30Y,6M BBSW,2.002452265525488
2019-07-18,AUD,30Y,6M BBSW,1.992322433843493
2019-07-17,AUD,30Y,6M BBSW,2.030889764963098
2019-07-16,AUD,30Y,6M BBSW,2.023753400016207
2019-07-15,AUD,30Y,6M BBSW,2.087549333049398
2019-07-12,AUD,30Y,6M BBSW,2.059949894149147
2019-07-11,AUD,30Y,6M BBSW,1.966024599493319
2019-07-10,AUD,30Y,6M BBSW,1.958499364806481
2019-07-09,AUD,30Y,6M BBSW,1.972455814220484
2019-07-08,AUD,30Y,6M BBSW,1.977455792710045
2019-07-05,AUD,30Y,6M BBSW,1.928755869856612
2019-07-04,AUD,30Y,6M BBSW,1.936027106050319
2019-07-03,AUD,30Y,6M BBSW,1.945893609905354
2019-07-02,AUD,30Y,6M BBSW,1.981140851649663
2019-07-01,AUD,30Y,6M BBSW,1.984885216879202
2019-06-28,AUD,30Y,6M BBSW,1.984936128458945
2019-06-27,AUD,30Y,6M BBSW,2.013590020742407
2019-06-26,AUD,30Y,6M BBSW,1.932122994713172
2019-06-25,AUD,30Y,6M BBSW,1.9460239715551
2019-06-24,AUD,30Y,6M BBSW,1.958728868924234
2019-06-21,AUD,30Y,6M BBSW,1.956152848578982
2019-06-20,AUD,30Y,6M BBSW,1.941027490830604
2019-06-19,AUD,30Y,6M BBSW,1.992194722249526
2019-06-18,AUD,30Y,6M BBSW,2.018654449486049
2019-06-17,AUD,30Y,6M BBSW,2.059952411796977
2019-06-14,AUD,30Y,6M BBSW,2.032361515435377
2019-06-13,AUD,30Y,6M BBSW,2.075965893916796
2019-06-12,AUD,30Y,6M BBSW,2.099521352058993
2019-06-11,AUD,30Y,6M BBSW,2.136123722127875
2019-06-07,AUD,30Y,6M BBSW,2.106128018192968
2019-06-06,AUD,30Y,6M BBSW,2.138600112624754
2019-06-05,AUD,30Y,6M BBSW,2.168471459245614
2019-06-04,AUD,30Y,6M BBSW,2.15614805553024
2019-06-03,AUD,30Y,6M BBSW,2.177446861964905
2019-05-31,AUD,30Y,6M BBSW,2.133855865041165
2019-05-30,AUD,30Y,6M BBSW,2.213592022807037
2019-05-29,AUD,30Y,6M BBSW,2.164699950128992
2019-05-28,AUD,30Y,6M BBSW,2.194945118734483
2019-05-27,AUD,30Y,6M BBSW,2.174946347649643
2019-05-24,AUD,30Y,6M BBSW,2.16244525267736
2019-05-23,AUD,30Y,6M BBSW,2.208601490479153
2019-05-22,AUD,30Y,6M BBSW,2.267157444888748
2019-05-21,AUD,30Y,6M BBSW,2.222443780571348
2019-05-20,AUD,30Y,6M BBSW,2.311139222657417
2019-05-17,AUD,30Y,6M BBSW,2.273739581412028
2019-05-16,AUD,30Y,6M BBSW,2.280994406016392
2019-05-15,AUD,30Y,6M BBSW,2.310177879239387
2019-05-14,AUD,30Y,6M BBSW,2.31379968077092
2019-05-13,AUD,30Y,6M BBSW,2.329938313557949
2019-05-10,AUD,30Y,6M BBSW,2.364934686764907
2019-05-09,AUD,30Y,6M BBSW,2.348588006083717
2019-05-08,AUD,30Y,6M BBSW,2.367144014519736
2019-05-07,AUD,30Y,6M BBSW,2.36493643276708
2019-05-06,AUD,30Y,6M BBSW,2.358736474457131
2019-05-03,AUD,30Y,6M BBSW,2.408732453716113
2019-05-02,AUD,30Y,6M BBSW,2.348587053476252
2019-05-01,AUD,30Y,6M BBSW,2.345942633959047
2019-04-30,AUD,30Y,6M BBSW,2.367533710936258
2019-04-29,AUD,30Y,6M BBSW,2.391169588685908
2019-04-26,AUD,30Y,6M BBSW,2.369928992728101
2019-04-24,AUD,30Y,6M BBSW,2.372130687674205
2019-04-23,AUD,30Y,6M BBSW,2.463610525279094
2019-04-18,AUD,30Y,6M BBSW,2.51709899902896
2019-04-17,AUD,30Y,6M BBSW,2.531958045195402
2019-04-16,AUD,30Y,6M BBSW,2.499315703797383
2019-04-15,AUD,30Y,6M BBSW,2.521391522988028
2019-04-12,AUD,30Y,6M BBSW,2.558612809237543
2019-04-11,AUD,30Y,6M BBSW,2.443450390475661
2019-04-10,AUD,30Y,6M BBSW,2.449613438368704
2019-04-09,AUD,30Y,6M BBSW,2.462421086754272
2019-04-08,AUD,30Y,6M BBSW,2.463613162374046
2019-04-05,AUD,30Y,6M BBSW,2.4698755931751
2019-04-04,AUD,30Y,6M BBSW,2.490918319661748
2019-04-03,AUD,30Y,6M BBSW,2.425768016864688
2019-04-02,AUD,30Y,6M BBSW,2.437385118621767
2019-04-01,AUD,30Y,6M BBSW,2.41989325687517
2019-03-29,AUD,30Y,6M BBSW,2.384958187442527
2019-03-28,AUD,30Y,6M BBSW,2.346078633169246
2019-03-27,AUD,30Y,6M BBSW,2.372129168313183
2019-03-26,AUD,30Y,6M BBSW,2.399903940747705
2019-03-25,AUD,30Y,6M BBSW,2.391130522080226
2019-03-22,AUD,30Y,6M BBSW,2.348733330105737
2019-03-21,AUD,30Y,6M BBSW,2.472275368144502
2019-03-20,AUD,30Y,6M BBSW,2.499625430515474
2019-03-19,AUD,30Y,6M BBSW,2.512427829535065
2019-03-18,AUD,30Y,6M BBSW,2.534926855049271
2019-03-15,AUD,30Y,6M BBSW,2.50757909941568
2019-03-14,AUD,30Y,6M BBSW,2.517353105013808
2019-03-13,AUD,30Y,6M BBSW,2.508424269682378
2019-03-12,AUD,30Y,6M BBSW,2.567424262352777
2019-03-11,AUD,30Y,6M BBSW,2.54742618650025
2019-03-08,AUD,30Y,6M BBSW,2.567424365282192
2019-03-07,AUD,30Y,6M BBSW,2.600962156144675
2019-03-06,AUD,30Y,6M BBSW,2.640805365247176
2019-03-05,AUD,30Y,6M BBSW,2.696116466819369
2019-03-04,AUD,30Y,6M BBSW,2.716115626898838
2019-03-01,AUD,30Y,6M BBSW,2.697417043325542
2019-02-28,AUD,30Y,6M BBSW,2.637804397319323
2019-02-27,AUD,30Y,6M BBSW,2.595109616921565
2019-02-26,AUD,30Y,6M BBSW,2.603622311234709
2019-02-25,AUD,30Y,6M BBSW,2.607424841803387
2019-02-22,AUD,30Y,6M BBSW,2.59871724883657
2019-02-21,AUD,30Y,6M BBSW,2.597267839391014
2019-02-20,AUD,30Y,6M BBSW,2.644609440817782
2019-02-19,AUD,30Y,6M BBSW,2.674918180223976
2019-02-18,AUD,30Y,6M BBSW,2.634923336544106
2019-02-15,AUD,30Y,6M BBSW,2.660086057660861
2019-02-14,AUD,30Y,6M BBSW,2.659845963960584
2019-02-13,AUD,30Y,6M BBSW,2.664607332995713
2019-02-12,AUD,30Y,6M BBSW,2.634920771823294
2019-02-11,AUD,30Y,6M BBSW,2.612424406517119
2019-02-08,AUD,30Y,6M BBSW,2.597417527902123
2019-02-07,AUD,30Y,6M BBSW,2.64225038179529
2019-02-06,AUD,30Y,6M BBSW,2.670878426112588
2019-02-05,AUD,30Y,6M BBSW,2.698674298240892
2019-02-04,AUD,30Y,6M BBSW,2.703577516631426
2019-02-01,AUD,30Y,6M BBSW,2.719866087880043
2019-01-31,AUD,30Y,6M BBSW,2.707900305872994
2019-01-30,AUD,30Y,6M BBSW,2.726357211835563
2019-01-29,AUD,30Y,6M BBSW,2.714915692040946
2019-01-25,AUD,30Y,6M BBSW,2.726078733807999
2019-01-24,AUD,30Y,6M BBSW,2.774736876877642
2019-01-23,AUD,30Y,6M BBSW,2.784590309862916
2019-01-22,AUD,30Y,6M BBSW,2.803710265946775
2019-01-21,AUD,30Y,6M BBSW,2.812420411716953
2019-01-18,AUD,30Y,6M BBSW,2.834900923205581
2019-01-17,AUD,30Y,6M BBSW,2.777251394343824
2019-01-16,AUD,30Y,6M BBSW,2.762093308055445
2019-01-15,AUD,30Y,6M BBSW,2.773885441171196
2019-01-14,AUD,30Y,6M BBSW,2.777496544857311
2019-01-11,AUD,30Y,6M BBSW,2.792404351788308
2019-01-10,AUD,30Y,6M BBSW,2.775951208128195
2019-01-09,AUD,30Y,6M BBSW,2.798288676649974
2019-01-08,AUD,30Y,6M BBSW,2.771112407425283
2019-01-07,AUD,30Y,6M BBSW,2.739917714878078
2019-01-04,AUD,30Y,6M BBSW,2.789904135350346
2019-01-03,AUD,30Y,6M BBSW,2.662246812402435
2019-01-02,AUD,30Y,6M BBSW,2.738366641419569
2018-12-31,AUD,30Y,6M BBSW,2.765090794008553
2018-12-28,AUD,30Y,6M BBSW,2.782214198678219
2018-12-27,AUD,30Y,6M BBSW,2.817020369576225
2018-12-24,AUD,30Y,6M BBSW,2.812353822392758
2018-12-21,AUD,30Y,6M BBSW,2.829903114999192
2018-12-20,AUD,30Y,6M BBSW,2.819743947385376
2018-12-19,AUD,30Y,6M BBSW,2.838279683991045
2018-12-18,AUD,30Y,6M BBSW,2.858706989507069
2018-12-17,AUD,30Y,6M BBSW,2.866108983687723
2018-12-14,AUD,30Y,6M BBSW,2.854985924755664
2018-12-13,AUD,30Y,6M BBSW,2.885905796836264
2018-12-12,AUD,30Y,6M BBSW,2.867028781497731
2018-12-11,AUD,30Y,6M BBSW,2.867361097041155
2018-12-10,AUD,30Y,6M BBSW,2.853562003543276
2018-12-07,AUD,30Y,6M BBSW,2.844869377399979
2018-12-06,AUD,30Y,6M BBSW,2.902219433794991
2018-12-05,AUD,30Y,6M BBSW,2.925768635417409
2018-12-04,AUD,30Y,6M BBSW,2.966098696840833
2018-12-03,AUD,30Y,6M BBSW,3.031097589064391
2018-11-30,AUD,30Y,6M BBSW,3.000054021150674
2018-11-29,AUD,30Y,6M BBSW,3.023577802282748
2018-11-28,AUD,30Y,6M BBSW,3.038257952287134
2018-11-27,AUD,30Y,6M BBSW,3.049893110172439
2018-11-26,AUD,30Y,6M BBSW,3.057398472010889
2018-11-23,AUD,30Y,6M BBSW,3.068583552450697
2018-11-22,AUD,30Y,6M BBSW,3.087220881621537
2018-11-21,AUD,30Y,6M BBSW,3.124547407172794
2018-11-20,AUD,30Y,6M BBSW,3.119888044130336
2018-11-19,AUD,30Y,6M BBSW,3.082396461072058
2018-11-16,AUD,30Y,6M BBSW,3.101080719328481
2018-11-15,AUD,30Y,6M BBSW,3.130398382248516
2018-11-14,AUD,30Y,6M BBSW,3.125113167269356
2018-11-13,AUD,30Y,6M BBSW,3.14738424571647
2018-11-12,AUD,30Y,6M BBSW,3.141092954444919
2018-11-09,AUD,30Y,6M BBSW,3.128678824278156
2018-11-08,AUD,30Y,6M BBSW,3.159713069744594
2018-11-07,AUD,30Y,6M BBSW,3.152043947212304
2018-11-06,AUD,30Y,6M BBSW,3.131086790721982
2018-11-05,AUD,30Y,6M BBSW,3.123593726171288
2018-11-02,AUD,30Y,6M BBSW,3.117379473420622
2018-11-01,AUD,30Y,6M BBSW,3.064722779119776
2018-10-31,AUD,30Y,6M BBSW,3.011474926537399
2018-10-30,AUD,30Y,6M BBSW,2.982554444420356
2018-10-29,AUD,30Y,6M BBSW,2.968754887815568
2018-10-26,AUD,30Y,6M BBSW,2.974888956353985
2018-10-25,AUD,30Y,6M BBSW,3.013400571582648
2018-10-24,AUD,30Y,6M BBSW,3.057031943498042
2018-10-23,AUD,30Y,6M BBSW,3.083659900407437
2018-10-22,AUD,30Y,6M BBSW,3.091081129420338
2018-10-19,AUD,30Y,6M BBSW,3.106128390227197
2018-10-18,AUD,30Y,6M BBSW,3.123376614010788
2018-10-17,AUD,30Y,6M BBSW,3.100727046733359
2018-10-16,AUD,30Y,6M BBSW,3.113669042790667
2018-10-15,AUD,30Y,6M BBSW,3.052633466683064
2018-10-12,AUD,30Y,6M BBSW,3.081073425156754
2018-10-11,AUD,30Y,6M BBSW,3.103471110561924
2018-10-10,AUD,30Y,6M BBSW,3.124508136301078
2018-10-09,AUD,30Y,6M BBSW,3.128670094151885
2018-10-08,AUD,30Y,6M BBSW,3.136062509175577
2018-10-05,AUD,30Y,6M BBSW,3.117132630607673
2018-10-04,AUD,30Y,6M BBSW,3.080663933615846
2018-10-03,AUD,30Y,6M BBSW,3.029283201450492
2018-10-02,AUD,30Y,6M BBSW,3.059810612699713
2018-09-28,AUD,30Y,6M BBSW,3.034872711193186
2018-09-27,AUD,30Y,6M BBSW,3.087198220988594
2018-09-26,AUD,30Y,6M BBSW,3.121996293469868
2018-09-25,AUD,30Y,6M BBSW,3.119881317802115
2018-09-24,AUD,30Y,6M BBSW,3.084889342532283
2018-09-21,AUD,30Y,6M BBSW,3.084881853933941
2018-09-20,AUD,30Y,6M BBSW,3.103519346069088
2018-09-19,AUD,30Y,6M BBSW,3.077052003885644
2018-09-18,AUD,30Y,6M BBSW,3.036194052962801
2018-09-17,AUD,30Y,6M BBSW,3.001101367362753
2018-09-14,AUD,30Y,6M BBSW,3.001204166963208
2018-09-13,AUD,30Y,6M BBSW,2.981030952834172
2018-09-12,AUD,30Y,6M BBSW,2.9583672153707
2018-09-11,AUD,30Y,6M BBSW,2.949899832878261
2018-09-10,AUD,30Y,6M BBSW,2.959904471355288
2018-09-07,AUD,30Y,6M BBSW,2.958691545605696
2018-09-06,AUD,30Y,6M BBSW,2.955932644915339
2018-09-05,AUD,30Y,6M BBSW,2.937069537385545
2018-09-04,AUD,30Y,6M BBSW,2.896203590854
2018-09-03,AUD,30Y,6M BBSW,2.88990832855664
2018-08-31,AUD,30Y,6M BBSW,2.881300772835478
2018-08-30,AUD,30Y,6M BBSW,2.954879650600375
2018-08-29,AUD,30Y,6M BBSW,2.972161627327184
2018-08-28,AUD,30Y,6M BBSW,2.977488157752443
2018-08-27,AUD,30Y,6M BBSW,2.938742509179318
2018-08-24,AUD,30Y,6M BBSW,2.94359655666312
2018-08-23,AUD,30Y,6M BBSW,2.888537353427539
2018-08-22,AUD,30Y,6M BBSW,2.907066635562838
2018-08-21,AUD,30Y,6M BBSW,2.898704844898386
2018-08-20,AUD,30Y,6M BBSW,2.899906756290829
2018-08-17,AUD,30Y,6M BBSW,2.929897155061905
2018-08-16,AUD,30Y,6M BBSW,2.922234071474916
2018-08-15,AUD,30Y,6M BBSW,2.939011918885019
2018-08-14,AUD,30Y,6M BBSW,2.940003464307882
2018-08-13,AUD,30Y,6M BBSW,2.939904171369371
2018-08-10,AUD,30Y,6M BBSW,2.958695422170818
2018-08-09,AUD,30Y,6M BBSW,2.985927550645912
2018-08-08,AUD,30Y,6M BBSW,3.000752829340403
2018-08-07,AUD,30Y,6M BBSW,2.991081325823385
2018-08-03,AUD,30Y,6M BBSW,3.017167854868504
2018-08-02,AUD,30Y,6M BBSW,3.049497365305236
2018-08-01,AUD,30Y,6M BBSW,3.019328824631723
2018-07-31,AUD,30Y,6M BBSW,3.003900863136924
2018-07-30,AUD,30Y,6M BBSW,2.961296597120338
2018-07-27,AUD,30Y,6M BBSW,2.967358739579557
2018-07-26,AUD,30Y,6M BBSW,3.010765946161049
2018-07-25,AUD,30Y,6M BBSW,3.017014812752635
2018-07-24,AUD,30Y,6M BBSW,3.044878473980234
2018-07-23,AUD,30Y,6M BBSW,2.999900014234944
2018-07-20,AUD,30Y,6M BBSW,3.002391734990542
2018-07-19,AUD,30Y,6M BBSW,2.994726721922133
2018-07-18,AUD,30Y,6M BBSW,3.002052809982696
2018-07-17,AUD,30Y,6M BBSW,2.998597575837346
2018-07-16,AUD,30Y,6M BBSW,2.98240118666084
2018-07-13,AUD,30Y,6M BBSW,2.968694700904951
2018-07-12,AUD,30Y,6M BBSW,2.978428487016585
2018-07-11,AUD,30Y,6M BBSW,2.973357099963344
2018-07-10,AUD,30Y,6M BBSW,2.98869871899074
2018-07-09,AUD,30Y,6M BBSW,2.958702544515665
2018-07-06,AUD,30Y,6M BBSW,2.966095399911524
2018-07-05,AUD,30Y,6M BBSW,2.95103122163307
2018-07-04,AUD,30Y,6M BBSW,2.942061049587133
2018-07-03,AUD,30Y,6M BBSW,2.96358153394777
2018-07-02,AUD,30Y,6M BBSW,3.009864715198703
2018-06-29,AUD,30Y,6M BBSW,3.016147950368411
2018-06-28,AUD,30Y,6M BBSW,3.00718971959393
2018-06-27,AUD,30Y,6M BBSW,3.019489295953991
2018-06-26,AUD,30Y,6M BBSW,3.014703444509626
2018-06-25,AUD,30Y,6M BBSW,3.018381456125252
2018-06-22,AUD,30Y,6M BBSW,3.028589685923125
2018-06-21,AUD,30Y,6M BBSW,3.062218748043679
2018-06-20,AUD,30Y,6M BBSW,3.030757698975477
2018-06-19,AUD,30Y,6M BBSW,3.027393214877275
2018-06-18,AUD,30Y,6M BBSW,3.062393179490912
2018-06-15,AUD,30Y,6M BBSW,3.0851226044775
2018-06-14,AUD,30Y,6M BBSW,3.126013514158178
2018-06-13,AUD,30Y,6M BBSW,3.168303481878637
2018-06-12,AUD,30Y,6M BBSW,3.176024072179764
2018-06-08,AUD,30Y,6M BBSW,3.170945601023819
2018-06-07,AUD,30Y,6M BBSW,3.189495607212935
2018-06-06,AUD,30Y,6M BBSW,3.121857268326426
2018-06-05,AUD,30Y,6M BBSW,3.122386281829792
2018-06-04,AUD,30Y,6M BBSW,3.101090007185901
2025-12-05,AUD,4Y,6M BBSW,4.3489
2025-12-04,AUD,4Y,6M BBSW,4.281527325701949
2025-12-03,AUD,4Y,6M BBSW,4.243286367649667
2025-12-02,AUD,4Y,6M BBSW,4.209674903074672
2025-12-01,AUD,4Y,6M BBSW,4.168005551880381
2025-11-28,AUD,4Y,6M BBSW,4.108896384139664
2025-11-27,AUD,4Y,6M BBSW,4.095141423145386
2025-11-26,AUD,4Y,6M BBSW,4.074752956755057
2025-11-25,AUD,4Y,6M BBSW,3.992594471093025
2025-11-24,AUD,4Y,6M BBSW,3.97225497173025
2025-11-21,AUD,4Y,6M BBSW,3.969130054465294
2025-11-20,AUD,4Y,6M BBSW,3.959032071419347
2025-11-19,AUD,4Y,6M BBSW,3.986869351785834
2025-11-18,AUD,4Y,6M BBSW,3.945807399400625
2025-11-17,AUD,4Y,6M BBSW,4.001901340921914
2025-11-14,AUD,4Y,6M BBSW,3.987696487618916
2025-12-05,AUD,5Y,6M BBSW,4.4217
2025-12-04,AUD,5Y,6M BBSW,4.435000000002989
2025-12-03,AUD,5Y,6M BBSW,4.395400000002302
2025-12-02,AUD,5Y,6M BBSW,4.366900000002223
2025-12-01,AUD,5Y,6M BBSW,4.329200000002678
2025-11-28,AUD,5Y,6M BBSW,4.26040000000214
2025-11-27,AUD,5Y,6M BBSW,4.246000000001934
2025-11-26,AUD,5Y,6M BBSW,4.230500000002686
2025-11-25,AUD,5Y,6M BBSW,4.150100000001973
2025-11-24,AUD,5Y,6M BBSW,4.130995118799174
2025-11-21,AUD,5Y,6M BBSW,4.135899999982416
2025-11-20,AUD,5Y,6M BBSW,4.124099999990751
2025-11-19,AUD,5Y,6M BBSW,4.152200000002659
2025-11-18,AUD,5Y,6M BBSW,4.110100000001229
2025-11-17,AUD,5Y,6M BBSW,4.162894971237181
2025-11-14,AUD,5Y,6M BBSW,4.14580226047551
2025-12-05,AUD,6Y,6M BBSW,4.494499999999999
2025-12-04,AUD,6Y,6M BBSW,4.502000000013042
2025-12-03,AUD,6Y,6M BBSW,4.46490000001492
2025-12-02,AUD,6Y,6M BBSW,4.441900000013235
2025-12-01,AUD,6Y,6M BBSW,4.406600000014816
2025-11-28,AUD,6Y,6M BBSW,4.332500000012655
2025-11-27,AUD,6Y,6M BBSW,4.31910000001233
2025-11-26,AUD,6Y,6M BBSW,4.304600000014194
2025-11-25,AUD,6Y,6M BBSW,4.22800000001064
2025-11-24,AUD,6Y,6M BBSW,4.211095762020296
2025-11-21,AUD,6Y,6M BBSW,4.219400000001559
2025-11-20,AUD,6Y,6M BBSW,4.20760000000059
2025-11-19,AUD,6Y,6M BBSW,4.237600000013023
2025-11-18,AUD,6Y,6M BBSW,4.196600000004325
2025-11-17,AUD,6Y,6M BBSW,4.245495631154815
2025-11-14,AUD,6Y,6M BBSW,4.225001961242195
2025-12-05,AUD,7Y,6M BBSW,4.5656
2025-12-04,AUD,7Y,6M BBSW,4.570599999998898
2025-12-03,AUD,7Y,6M BBSW,4.532399999983745
2025-12-02,AUD,7Y,6M BBSW,4.515499999998225
2025-12-01,AUD,7Y,6M BBSW,4.481599999998609
2025-11-28,AUD,7Y,6M BBSW,4.404599999981711
2025-11-27,AUD,7Y,6M BBSW,4.391699999984287
2025-11-26,AUD,7Y,6M BBSW,4.378399999998998
2025-11-25,AUD,7Y,6M BBSW,4.309199999998747
2025-11-24,AUD,7Y,6M BBSW,4.292495959843916
2025-11-21,AUD,7Y,6M BBSW,4.304399999996922
2025-11-20,AUD,7Y,6M BBSW,4.291999999997661
2025-11-19,AUD,7Y,6M BBSW,4.32249999999906
2025-11-18,AUD,7Y,6M BBSW,4.281699999998787
2025-11-17,AUD,7Y,6M BBSW,4.329195852546637
2025-11-14,AUD,7Y,6M BBSW,4.304401748868809
2025-12-05,AUD,8Y,6M BBSW,4.6321
2025-12-04,AUD,8Y,6M BBSW,4.634599999999957
2025-12-03,AUD,8Y,6M BBSW,4.596100000000799
2025-12-02,AUD,8Y,6M BBSW,4.583800000001097
2025-12-01,AUD,8Y,6M BBSW,4.55150000000054
2025-11-28,AUD,8Y,6M BBSW,4.471100000000729
2025-11-27,AUD,8Y,6M BBSW,4.458900000000721
2025-11-26,AUD,8Y,6M BBSW,4.446200000000386
2025-11-25,AUD,8Y,6M BBSW,4.381800000000684
2025-11-24,AUD,8Y,6M BBSW,4.367396783621305
2025-11-21,AUD,8Y,6M BBSW,4.381399999998786
2025-11-20,AUD,8Y,6M BBSW,4.36730000000022
2025-11-19,AUD,8Y,6M BBSW,4.399000000000355
2025-11-18,AUD,8Y,6M BBSW,4.360400000000728
2025-11-17,AUD,8Y,6M BBSW,4.405396719487563
2025-11-14,AUD,8Y,6M BBSW,4.377900668554132
2025-12-05,AUD,9Y,6M BBSW,4.6914
2025-12-04,AUD,9Y,6M BBSW,4.69260000000365
2025-12-03,AUD,9Y,6M BBSW,4.654900000010183
2025-12-02,AUD,9Y,6M BBSW,4.646300000010702
2025-12-01,AUD,9Y,6M BBSW,4.615800000007245
2025-11-28,AUD,9Y,6M BBSW,4.532100000008055
2025-11-27,AUD,9Y,6M BBSW,4.52030000000865
2025-11-26,AUD,9Y,6M BBSW,4.508700000003262
2025-11-25,AUD,9Y,6M BBSW,4.449200000005724
2025-11-24,AUD,9Y,6M BBSW,4.436097473985789
2025-11-21,AUD,9Y,6M BBSW,4.451499999998915
2025-11-20,AUD,9Y,6M BBSW,4.437299999998834
2025-11-19,AUD,9Y,6M BBSW,4.469000000002694
2025-11-18,AUD,9Y,6M BBSW,4.430600000005273
2025-11-17,AUD,9Y,6M BBSW,4.474897428429458
2025-11-14,AUD,9Y,6M BBSW,4.444900616797458
2025-12-05,AUD,10Y,6M BBSW,4.7422
2025-12-04,AUD,10Y,6M BBSW,4.743299999994871
2025-12-03,AUD,10Y,6M BBSW,4.705000000000068
2025-12-02,AUD,10Y,6M BBSW,4.700400000002905
2025-12-01,AUD,10Y,6M BBSW,4.671099999998985
2025-11-28,AUD,10Y,6M BBSW,4.585900000000863
2025-11-27,AUD,10Y,6M BBSW,4.574300000000986
2025-11-26,AUD,10Y,6M BBSW,4.563499999999708
2025-11-25,AUD,10Y,6M BBSW,4.50810000000173
2025-11-24,AUD,10Y,6M BBSW,4.495899861022748
2025-11-21,AUD,10Y,6M BBSW,4.513999999996994
2025-11-20,AUD,10Y,6M BBSW,4.499900000002767
2025-11-19,AUD,10Y,6M BBSW,4.531399999999739
2025-11-18,AUD,10Y,6M BBSW,4.493000000002297
2025-11-17,AUD,10Y,6M BBSW,4.535399871535073
2025-11-14,AUD,10Y,6M BBSW,4.503300574996572
2025-12-05,AUD,12Y,6M BBSW,4.8297
2025-12-04,AUD,12Y,6M BBSW,4.830699999997775
2025-12-03,AUD,12Y,6M BBSW,4.794899999998043
2025-12-02,AUD,12Y,6M BBSW,4.795300000009358
2025-12-01,AUD,12Y,6M BBSW,4.766099999998093
2025-11-28,AUD,12Y,6M BBSW,4.680899999998318
2025-11-27,AUD,12Y,6M BBSW,4.670800000009472
2025-11-26,AUD,12Y,6M BBSW,4.658600000009837
2025-11-25,AUD,12Y,6M BBSW,4.609300000007997
2025-11-24,AUD,12Y,6M BBSW,4.597100218667443
2025-11-21,AUD,12Y,6M BBSW,4.617099999998496
2025-11-20,AUD,12Y,6M BBSW,4.605800000007225
2025-11-19,AUD,12Y,6M BBSW,4.636000000009751
2025-11-18,AUD,12Y,6M BBSW,4.597700000007396
2025-11-17,AUD,12Y,6M BBSW,4.635300245000719
2025-11-14,AUD,12Y,6M BBSW,4.599471345318551
2025-12-05,AUD,15Y,6M BBSW,4.9205
2025-12-04,AUD,15Y,6M BBSW,4.920800000000489
2025-12-03,AUD,15Y,6M BBSW,4.887400000000645
2025-12-02,AUD,15Y,6M BBSW,4.892800000000813
2025-12-01,AUD,15Y,6M BBSW,4.864800000000582
2025-11-28,AUD,15Y,6M BBSW,4.780900000000554
2025-11-27,AUD,15Y,6M BBSW,4.771100000000536
2025-11-26,AUD,15Y,6M BBSW,4.760900000000492
2025-11-25,AUD,15Y,6M BBSW,4.716800000000537
2025-11-24,AUD,15Y,6M BBSW,4.705901327863396
2025-11-21,AUD,15Y,6M BBSW,4.726500000000276
2025-11-20,AUD,15Y,6M BBSW,4.71710000000057
2025-11-19,AUD,15Y,6M BBSW,4.747400000000508
2025-11-18,AUD,15Y,6M BBSW,4.707700000000558
2025-11-17,AUD,15Y,6M BBSW,4.739901388993821
2025-11-14,AUD,15Y,6M BBSW,4.699202078171102
2025-12-05,AUD,20Y,6M BBSW,4.991700000000001
2025-12-04,AUD,20Y,6M BBSW,4.991900000000953
2025-12-03,AUD,20Y,6M BBSW,4.96510000000238
2025-12-02,AUD,20Y,6M BBSW,4.97170000000217
2025-12-01,AUD,20Y,6M BBSW,4.946100000002305
2025-11-28,AUD,20Y,6M BBSW,4.863600000002018
2025-11-27,AUD,20Y,6M BBSW,4.854700000001923
2025-11-26,AUD,20Y,6M BBSW,4.842300000000837
2025-11-25,AUD,20Y,6M BBSW,4.804400000001694
2025-11-24,AUD,20Y,6M BBSW,4.794601979655988
2025-11-21,AUD,20Y,6M BBSW,4.814900000008064
2025-11-20,AUD,20Y,6M BBSW,4.807100000001569
2025-11-19,AUD,20Y,6M BBSW,4.836200000000856
2025-11-18,AUD,20Y,6M BBSW,4.796500000001636
2025-11-17,AUD,20Y,6M BBSW,4.822102046324776
2025-11-14,AUD,20Y,6M BBSW,4.782003006358436
2025-12-05,AUD,25Y,6M BBSW,4.9874
2025-12-04,AUD,25Y,6M BBSW,4.987200000002919
2025-12-03,AUD,25Y,6M BBSW,4.962500000004286
2025-12-02,AUD,25Y,6M BBSW,4.967800000003883
2025-12-01,AUD,25Y,6M BBSW,4.946100000004364
2025-11-28,AUD,25Y,6M BBSW,4.86230000000375
2025-11-27,AUD,25Y,6M BBSW,4.8563000000036
2025-11-26,AUD,25Y,6M BBSW,4.843600000001794
2025-11-25,AUD,25Y,6M BBSW,4.807800000003197
2025-11-24,AUD,25Y,6M BBSW,4.799503144548598
2025-11-21,AUD,25Y,6M BBSW,4.824100000003657
2025-11-20,AUD,25Y,6M BBSW,4.81320000000297
2025-11-19,AUD,25Y,6M BBSW,4.841200000001722
2025-11-18,AUD,25Y,6M BBSW,4.800200000003081
2025-11-17,AUD,25Y,6M BBSW,4.822103202227583
2025-11-14,AUD,25Y,6M BBSW,4.779603400025269
2025-12-05,AUD,30Y,6M BBSW,4.9471
2025-12-04,AUD,30Y,6M BBSW,4.946899999998464
2025-12-03,AUD,30Y,6M BBSW,4.927400000006917
2025-12-02,AUD,30Y,6M BBSW,4.93430000000347
2025-12-01,AUD,30Y,6M BBSW,4.912300000000232
2025-11-28,AUD,30Y,6M BBSW,4.828600000005942
2025-11-27,AUD,30Y,6M BBSW,4.826200000006033
2025-11-26,AUD,30Y,6M BBSW,4.813599999998577
2025-11-25,AUD,30Y,6M BBSW,4.780500000004547
2025-11-24,AUD,30Y,6M BBSW,4.772003754619504
2025-11-21,AUD,30Y,6M BBSW,4.799000000000285
2025-11-20,AUD,30Y,6M BBSW,4.789600000003514
2025-11-19,AUD,30Y,6M BBSW,4.813599999998523
2025-11-18,AUD,30Y,6M BBSW,4.773900000003805
2025-11-17,AUD,30Y,6M BBSW,4.79260379861564
2025-11-14,AUD,30Y,6M BBSW,4.75160353969589
