date,currency,tenor,floating_rate,rate
2025-11-03,AUD,9M,3M BBSW,3.5750000000000415
2025-10-31,AUD,9M,3M BBSW,3.552999999999993
2025-10-30,AUD,9M,3M BBSW,3.554900000000014
2025-10-29,AUD,9M,3M BBSW,3.569600000000017
2025-10-28,AUD,9M,3M BBSW,3.427300000000023
2025-10-27,AUD,9M,3M BBSW,3.435300000000004
2025-10-24,AUD,9M,3M BBSW,3.366399640390267
2025-10-23,AUD,9M,3M BBSW,3.383299999999999
2025-10-22,AUD,9M,3M BBSW,3.358299999999997
2025-10-21,AUD,9M,3M BBSW,3.3684999999999925
2025-10-20,AUD,9M,3M BBSW,3.359800000000037
2025-10-17,AUD,9M,3M BBSW,3.332096350091392
2025-10-16,AUD,9M,3M BBSW,3.339200000000016
2025-10-15,AUD,9M,3M BBSW,3.477999999999986
2025-10-14,AUD,9M,3M BBSW,3.4787000000000177
2025-10-13,AUD,9M,3M BBSW,3.4733000000000214
2025-10-10,AUD,9M,3M BBSW,3.514404370043976
2025-10-09,AUD,9M,3M BBSW,3.512699999999998
2025-10-08,AUD,9M,3M BBSW,3.485500000000001
2025-10-07,AUD,9M,3M BBSW,3.482800000000017
2025-10-03,AUD,9M,3M BBSW,3.483560041954712
2025-10-02,AUD,9M,3M BBSW,3.4723999999999764
2025-10-01,AUD,9M,3M BBSW,3.488591802881876
2025-09-30,AUD,9M,3M BBSW,3.508499999891495
2025-09-29,AUD,9M,3M BBSW,3.464893023669295
2025-09-26,AUD,9M,3M BBSW,3.4908837337569465
2025-09-25,AUD,9M,3M BBSW,3.490179741113265
2025-09-24,AUD,9M,3M BBSW,3.496200000000006
2025-09-23,AUD,9M,3M BBSW,3.387200000000052
2025-09-22,AUD,9M,3M BBSW,3.3992979861122317
2025-09-19,AUD,9M,3M BBSW,3.3709999999999996
2025-09-18,AUD,9M,3M BBSW,3.3683000000000045
2025-09-17,AUD,9M,3M BBSW,3.378800000000003
2025-09-16,AUD,9M,3M BBSW,3.3832000000067417
2025-09-15,AUD,9M,3M BBSW,3.385600306956191
2025-09-12,AUD,9M,3M BBSW,3.399500000104236
2025-09-11,AUD,9M,3M BBSW,3.394700000107321
2025-09-10,AUD,9M,3M BBSW,3.3870000000121836
2025-09-09,AUD,9M,3M BBSW,3.411400000002739
2025-09-08,AUD,9M,3M BBSW,3.38071687540265
2025-09-05,AUD,9M,3M BBSW,3.40370000011824
2025-09-04,AUD,9M,3M BBSW,3.408900000110953
2025-09-03,AUD,9M,3M BBSW,3.420599999968706
2025-09-02,AUD,9M,3M BBSW,3.3808000000034943
2025-09-01,AUD,9M,3M BBSW,3.38110030543043
2025-08-29,AUD,9M,3M BBSW,3.374908202143999
2025-08-28,AUD,9M,3M BBSW,3.367494994740568
2025-08-27,AUD,9M,3M BBSW,3.361600000035693
2025-08-26,AUD,9M,3M BBSW,3.3584999999997924
2025-08-25,AUD,9M,3M BBSW,3.356000000018306
2025-08-22,AUD,9M,3M BBSW,3.365308218743373
2025-08-21,AUD,9M,3M BBSW,3.36281066909374
2025-08-20,AUD,9M,3M BBSW,3.3520000000462615
2025-08-19,AUD,9M,3M BBSW,3.368300000014558
2025-08-18,AUD,9M,3M BBSW,3.362500000015605
2025-08-15,AUD,9M,3M BBSW,3.358914922825874
2025-08-14,AUD,9M,3M BBSW,3.3660152109473476
2025-08-13,AUD,9M,3M BBSW,3.3476000000624695
2025-08-12,AUD,9M,3M BBSW,3.37330000001823
2025-08-11,AUD,9M,3M BBSW,3.4080000000174886
2025-08-08,AUD,9M,3M BBSW,3.404304568891391
2025-08-07,AUD,9M,3M BBSW,3.4077071660624707
2025-08-06,AUD,9M,3M BBSW,3.4115000000541533
2025-08-05,AUD,9M,3M BBSW,3.3998000000182884
2025-08-01,AUD,9M,3M BBSW,3.424300134924142
2025-07-31,AUD,9M,3M BBSW,3.43162172900822
2025-07-30,AUD,9M,3M BBSW,3.419200000069013
2025-07-29,AUD,9M,3M BBSW,3.434500000018538
2025-07-28,AUD,9M,3M BBSW,3.449300000017091
2025-07-25,AUD,9M,3M BBSW,3.440480122007393
2025-07-24,AUD,9M,3M BBSW,3.457798678336915
2025-07-23,AUD,9M,3M BBSW,3.430500000057339
2025-07-22,AUD,9M,3M BBSW,3.410200000019276
2025-07-21,AUD,9M,3M BBSW,3.4089000000184866
2025-07-18,AUD,9M,3M BBSW,3.373675964860841
2025-07-17,AUD,9M,3M BBSW,3.3876098772860344
2025-07-16,AUD,9M,3M BBSW,3.4757000000528198
2025-07-15,AUD,9M,3M BBSW,3.4962999999998625
2025-07-14,AUD,9M,3M BBSW,3.465300000016987
2025-07-11,AUD,9M,3M BBSW,3.429762774642587
2025-07-10,AUD,9M,3M BBSW,3.459301421373769
2025-07-09,AUD,9M,3M BBSW,3.4544000000699753
2025-07-08,AUD,9M,3M BBSW,3.499499999967365
2025-07-07,AUD,9M,3M BBSW,3.32090000001761
2025-07-04,AUD,9M,3M BBSW,3.2776195373154735
2025-07-03,AUD,9M,3M BBSW,3.2743932097514556
2025-07-02,AUD,9M,3M BBSW,3.293700000098117
2025-07-01,AUD,9M,3M BBSW,3.2953102135541945
2025-06-30,AUD,9M,3M BBSW,3.2997038867373605
2025-06-27,AUD,9M,3M BBSW,3.3041291232558527
2025-06-26,AUD,9M,3M BBSW,3.296431243352887
2025-06-25,AUD,9M,3M BBSW,3.308338921673553
2025-06-24,AUD,9M,3M BBSW,3.348100000021307
2025-06-23,AUD,9M,3M BBSW,3.3669000000200717
2025-06-20,AUD,9M,3M BBSW,3.3879089554501114
2025-06-19,AUD,9M,3M BBSW,3.403500000005245
2025-06-18,AUD,9M,3M BBSW,3.4197000000634374
2025-06-17,AUD,9M,3M BBSW,3.3957000000213045
2025-06-16,AUD,9M,3M BBSW,3.398200000021308
2025-06-13,AUD,9M,3M BBSW,3.3817128249659936
2025-06-12,AUD,9M,3M BBSW,3.391300000006022
2025-06-11,AUD,9M,3M BBSW,3.431500000064887
2025-06-10,AUD,9M,3M BBSW,3.4454000000182896
2025-06-06,AUD,9M,3M BBSW,3.448291360086162
2025-06-05,AUD,9M,3M BBSW,3.409599999976578
2025-06-04,AUD,9M,3M BBSW,3.387400000068515
2025-06-03,AUD,9M,3M BBSW,3.396500000021118
2025-06-02,AUD,9M,3M BBSW,3.438799999896886
2025-05-30,AUD,9M,3M BBSW,3.4391238709594396
2025-05-29,AUD,9M,3M BBSW,3.4722227377707275
2025-05-28,AUD,9M,3M BBSW,3.517035313988035
2025-05-27,AUD,9M,3M BBSW,3.444100000021107
2025-05-26,AUD,9M,3M BBSW,3.442799999999667
2025-05-23,AUD,9M,3M BBSW,3.45679145637013
2025-05-22,AUD,9M,3M BBSW,3.469330450862805
2025-05-21,AUD,9M,3M BBSW,3.476717829659253
2025-05-20,AUD,9M,3M BBSW,3.474200000021155
2025-05-19,AUD,9M,3M BBSW,3.625099999988203
2025-05-16,AUD,9M,3M BBSW,3.64385086939219
2025-05-15,AUD,9M,3M BBSW,3.6425910747161656
2025-05-14,AUD,9M,3M BBSW,3.625494347522257
2025-05-13,AUD,9M,3M BBSW,3.602299999999599
2025-05-12,AUD,9M,3M BBSW,3.602000000017972
2025-05-09,AUD,9M,3M BBSW,3.51828150148728
2025-05-08,AUD,9M,3M BBSW,3.505100562922131
2025-05-07,AUD,9M,3M BBSW,3.46430201075105
2025-05-06,AUD,9M,3M BBSW,3.5013000000228276
2025-05-05,AUD,9M,3M BBSW,3.515600000022206
2025-05-02,AUD,9M,3M BBSW,3.5202819812558372
2025-05-01,AUD,9M,3M BBSW,3.4834819349452006
2025-04-30,AUD,9M,3M BBSW,3.493500000004146
2025-04-29,AUD,9M,3M BBSW,3.474600000054342
2025-04-28,AUD,9M,3M BBSW,3.469900000027152
2025-04-24,AUD,9M,3M BBSW,3.45906996730565
2025-04-23,AUD,9M,3M BBSW,3.520699999963078
2025-04-22,AUD,9M,3M BBSW,3.517500000027929
2025-04-17,AUD,9M,3M BBSW,3.488731508452134
2025-04-16,AUD,9M,3M BBSW,3.4957999999072764
2025-04-15,AUD,9M,3M BBSW,3.5179000000318457
2025-04-14,AUD,9M,3M BBSW,3.497700000035195
2025-04-11,AUD,9M,3M BBSW,3.518409381622057
2025-04-10,AUD,9M,3M BBSW,3.468074721733562
2025-04-09,AUD,9M,3M BBSW,3.555800000032943
2025-04-08,AUD,9M,3M BBSW,3.5072000000355175
2025-04-07,AUD,9M,3M BBSW,3.62670000002535
2025-04-04,AUD,9M,3M BBSW,3.6232130141946715
2025-03-28,AUD,9M,3M BBSW,3.8651841156826
2025-03-27,AUD,9M,3M BBSW,3.861921350049883
2025-03-26,AUD,9M,3M BBSW,3.8433632434032994
2025-03-25,AUD,9M,3M BBSW,3.8349399911019146
2025-03-24,AUD,9M,3M BBSW,3.877100000016113
2025-03-21,AUD,9M,3M BBSW,3.8548239033717158
2025-03-20,AUD,9M,3M BBSW,3.844348873467051
2025-03-19,AUD,9M,3M BBSW,3.9054999999840327
2025-03-18,AUD,9M,3M BBSW,3.9020000000141395
2025-03-17,AUD,9M,3M BBSW,3.895300000014632
2025-03-14,AUD,9M,3M BBSW,3.8644479215014913
2025-03-13,AUD,9M,3M BBSW,3.8493130365529917
2025-03-12,AUD,9M,3M BBSW,3.8951999999834572
2025-03-11,AUD,9M,3M BBSW,3.8859000000152655
2025-03-10,AUD,9M,3M BBSW,3.8693000000161684
2025-03-07,AUD,9M,3M BBSW,3.8756183679348055
2025-03-06,AUD,9M,3M BBSW,3.874628078038548
2025-03-05,AUD,9M,3M BBSW,3.9224000000504162
2025-03-04,AUD,9M,3M BBSW,3.907600000023755
2025-03-03,AUD,9M,3M BBSW,3.8899000000152046
2025-02-28,AUD,9M,3M BBSW,3.910900000011624
2025-02-27,AUD,9M,3M BBSW,3.919300000016478
2025-02-26,AUD,9M,3M BBSW,3.930999999995101
2025-02-25,AUD,9M,3M BBSW,3.936561888091225
2025-02-24,AUD,9M,3M BBSW,3.945286425462175
2025-02-21,AUD,9M,3M BBSW,3.986200000005249
2025-02-20,AUD,9M,3M BBSW,4.000700000007677
2025-02-19,AUD,9M,3M BBSW,3.985300000012384
2025-02-18,AUD,9M,3M BBSW,4.004156611440015
2025-02-17,AUD,9M,3M BBSW,3.970082059903196
2025-02-14,AUD,9M,3M BBSW,3.973800000006385
2025-02-13,AUD,9M,3M BBSW,3.9583000000145976
2025-02-12,AUD,9M,3M BBSW,4.009100000050453
2025-02-11,AUD,9M,3M BBSW,3.983358851546017
2025-02-10,AUD,9M,3M BBSW,3.956587095339298
2025-02-07,AUD,9M,3M BBSW,3.958900000008788
2025-02-06,AUD,9M,3M BBSW,3.934700000016105
2025-02-05,AUD,9M,3M BBSW,3.938499999999666
2025-02-04,AUD,9M,3M BBSW,3.9608228748070946
2025-02-03,AUD,9M,3M BBSW,3.9589502480725005
2025-01-31,AUD,9M,3M BBSW,3.971100000010154
2025-01-30,AUD,9M,3M BBSW,3.972900000010122
2025-01-29,AUD,9M,3M BBSW,3.9859000000129345
2025-01-28,AUD,9M,3M BBSW,4.03950000002562
2025-01-24,AUD,9M,3M BBSW,4.064399999977666
2025-01-23,AUD,9M,3M BBSW,4.070899999978344
2025-01-22,AUD,9M,3M BBSW,4.092700000014727
2025-01-21,AUD,9M,3M BBSW,4.085051983446875
2025-01-20,AUD,9M,3M BBSW,4.085661373815831
2025-01-17,AUD,9M,3M BBSW,4.10670000000855
2025-01-16,AUD,9M,3M BBSW,4.101099999955787
2025-01-15,AUD,9M,3M BBSW,4.096199999968843
2025-01-14,AUD,9M,3M BBSW,4.140299999983566
2025-01-13,AUD,9M,3M BBSW,4.131097781869791
2025-01-10,AUD,9M,3M BBSW,4.122200000012083
2025-01-09,AUD,9M,3M BBSW,4.079299999946822
2025-01-08,AUD,9M,3M BBSW,4.095899999966882
2025-01-07,AUD,9M,3M BBSW,4.133599999968521
2025-01-06,AUD,9M,3M BBSW,4.093257020889656
2025-01-03,AUD,9M,3M BBSW,4.085800000047033
2025-01-02,AUD,9M,3M BBSW,4.081200000014896
2024-12-31,AUD,9M,3M BBSW,4.089149986302656
2024-12-30,AUD,9M,3M BBSW,4.098550018942454
2024-12-27,AUD,9M,3M BBSW,4.066207154368639
2024-12-24,AUD,9M,3M BBSW,4.119000000012544
2024-12-23,AUD,9M,3M BBSW,4.132554108607288
2024-12-20,AUD,9M,3M BBSW,4.132633892238482
2024-12-19,AUD,9M,3M BBSW,4.165999999898007
2024-12-18,AUD,9M,3M BBSW,4.168899999965611
2024-12-17,AUD,9M,3M BBSW,4.16489999996616
2024-12-16,AUD,9M,3M BBSW,4.185473765340561
2024-12-13,AUD,9M,3M BBSW,4.173640932380522
2024-12-12,AUD,9M,3M BBSW,4.209800000040448
2024-12-11,AUD,9M,3M BBSW,4.12829999996718
2024-12-10,AUD,9M,3M BBSW,4.144499999964056
2024-12-09,AUD,9M,3M BBSW,4.214185420296644
2024-12-06,AUD,9M,3M BBSW,4.152691380089251
2024-12-05,AUD,9M,3M BBSW,4.206900000014267
2024-12-04,AUD,9M,3M BBSW,4.184600000053031
2024-12-03,AUD,9M,3M BBSW,4.269399999967048
2024-12-02,AUD,9M,3M BBSW,4.268270693778479
2024-11-29,AUD,9M,3M BBSW,4.269535570497799
2024-11-28,AUD,9M,3M BBSW,4.282000000022555
2024-11-27,AUD,9M,3M BBSW,4.272599999969429
2024-11-26,AUD,9M,3M BBSW,4.282700000018979
2024-11-25,AUD,9M,3M BBSW,4.28733796387764
2024-11-22,AUD,9M,3M BBSW,4.308754488599851
2024-11-21,AUD,9M,3M BBSW,4.321200000019357
2024-11-20,AUD,9M,3M BBSW,4.313300000031557
2024-11-19,AUD,9M,3M BBSW,4.302800000018395
2024-11-18,AUD,9M,3M BBSW,4.290237600115314
2024-11-15,AUD,9M,3M BBSW,4.337340687258172
2024-11-14,AUD,9M,3M BBSW,4.34549999998279
2024-11-13,AUD,9M,3M BBSW,4.356399999974429
2024-11-12,AUD,9M,3M BBSW,4.352200000017996
2024-11-11,AUD,9M,3M BBSW,4.327033413625348
2024-11-08,AUD,9M,3M BBSW,4.310440937565783
2024-11-07,AUD,9M,3M BBSW,4.312700000020882
2024-11-06,AUD,9M,3M BBSW,4.314899999966782
2024-11-05,AUD,9M,3M BBSW,4.320799999980398
2024-11-04,AUD,9M,3M BBSW,4.275140753103291
2024-11-01,AUD,9M,3M BBSW,4.302322087442636
2024-10-31,AUD,9M,3M BBSW,4.320700000015289
2024-10-30,AUD,9M,3M BBSW,4.32020000001413
2024-10-29,AUD,9M,3M BBSW,4.272999999983085
2024-10-28,AUD,9M,3M BBSW,4.264800000017215
2024-10-24,AUD,9M,3M BBSW,4.254099999999363
2024-10-23,AUD,9M,3M BBSW,4.284799999985682
2024-10-22,AUD,9M,3M BBSW,4.27620000000087
2024-10-21,AUD,9M,3M BBSW,4.255042599685371
2024-10-17,AUD,9M,3M BBSW,4.251800000014283
2024-10-16,AUD,9M,3M BBSW,4.178400000089972
2024-10-15,AUD,9M,3M BBSW,4.207500000018259
2024-10-14,AUD,9M,3M BBSW,4.22349999998011
2024-10-11,AUD,9M,3M BBSW,4.233192118792648
2024-10-10,AUD,9M,3M BBSW,4.22570000001443
2024-10-09,AUD,9M,3M BBSW,4.234199999954563
2024-10-08,AUD,9M,3M BBSW,4.212899999981258
2024-10-04,AUD,9M,3M BBSW,4.1885983585559
2024-10-03,AUD,9M,3M BBSW,4.133800000109365
2024-10-02,AUD,9M,3M BBSW,4.133199999956166
2024-10-01,AUD,9M,3M BBSW,4.132734937222618
2024-09-30,AUD,9M,3M BBSW,4.132956176242756
2024-09-27,AUD,9M,3M BBSW,4.113900000017163
2024-09-26,AUD,9M,3M BBSW,4.125713980974457
2024-09-25,AUD,9M,3M BBSW,4.114841070978006
2024-09-24,AUD,9M,3M BBSW,4.093099999945752
2024-09-23,AUD,9M,3M BBSW,4.155954507699354
2024-09-20,AUD,9M,3M BBSW,4.138100000014788
2024-09-19,AUD,9M,3M BBSW,4.137100000018168
2024-09-18,AUD,9M,3M BBSW,4.110000000017346
2024-09-17,AUD,9M,3M BBSW,4.092900000017331
2024-09-16,AUD,9M,3M BBSW,4.07796217607607
2024-09-13,AUD,9M,3M BBSW,4.095100000014105
2024-09-12,AUD,9M,3M BBSW,4.11930000001775
2024-09-11,AUD,9M,3M BBSW,4.148799999981934
2024-09-10,AUD,9M,3M BBSW,4.139399999964013
2024-09-09,AUD,9M,3M BBSW,4.151596192729881
2024-09-06,AUD,9M,3M BBSW,4.161100000123906
2024-09-05,AUD,9M,3M BBSW,4.176599999953036
2024-09-04,AUD,9M,3M BBSW,4.1577999999807
2024-09-03,AUD,9M,3M BBSW,4.18190000001843
2024-09-02,AUD,9M,3M BBSW,4.216347265694885
2024-08-30,AUD,9M,3M BBSW,4.200905312725604
2024-08-29,AUD,9M,3M BBSW,4.193000000119057
2024-08-27,AUD,9M,3M BBSW,4.1274999999839
2024-08-26,AUD,9M,3M BBSW,4.117000000013514
2024-08-23,AUD,9M,3M BBSW,4.139366989621445
2024-08-22,AUD,9M,3M BBSW,4.16071368601843
2024-08-21,AUD,9M,3M BBSW,4.166300000047063
2024-08-20,AUD,9M,3M BBSW,4.171100000018494
2024-08-19,AUD,9M,3M BBSW,4.18239999998585
2024-08-16,AUD,9M,3M BBSW,4.179761421428877
2024-08-15,AUD,9M,3M BBSW,4.190697537256331
2024-08-14,AUD,9M,3M BBSW,4.138100000045032
2024-08-13,AUD,9M,3M BBSW,4.166999999951421
2024-08-12,AUD,9M,3M BBSW,4.200299999879645
2024-08-09,AUD,9M,3M BBSW,4.217872278362511
2024-08-08,AUD,9M,3M BBSW,4.222800933191756
2024-08-07,AUD,9M,3M BBSW,4.22130000005629
2024-08-06,AUD,9M,3M BBSW,4.229099999959408
2024-08-02,AUD,9M,3M BBSW,4.187606317472356
2024-08-01,AUD,9M,3M BBSW,4.271292443234882
2024-07-31,AUD,9M,3M BBSW,4.330727733986467
2024-07-30,AUD,9M,3M BBSW,4.437399999926334
2024-07-29,AUD,9M,3M BBSW,4.458899999967077
2024-07-26,AUD,9M,3M BBSW,4.40539575969416
2024-07-24,AUD,9M,3M BBSW,4.461099999933167
2024-07-23,AUD,9M,3M BBSW,4.467199999986308
2024-07-22,AUD,9M,3M BBSW,4.45729999996706
2024-07-19,AUD,9M,3M BBSW,4.419510934262829
2024-07-18,AUD,9M,3M BBSW,4.383568121498906
2024-07-17,AUD,9M,3M BBSW,4.409300000060827
2024-07-16,AUD,9M,3M BBSW,4.411199999936737
2024-07-15,AUD,9M,3M BBSW,4.432999999967032
2024-07-12,AUD,9M,3M BBSW,4.420112304865555
2024-07-11,AUD,9M,3M BBSW,4.473046257605574
2024-07-10,AUD,9M,3M BBSW,4.4908000000627
2024-07-09,AUD,9M,3M BBSW,4.498999999942874
2024-07-08,AUD,9M,3M BBSW,4.508299999981605
2024-07-05,AUD,9M,3M BBSW,4.474210262097005
2024-07-04,AUD,9M,3M BBSW,4.52223515012312
2024-07-03,AUD,9M,3M BBSW,4.518200000052615
2024-07-02,AUD,9M,3M BBSW,4.508699999941876
2024-07-01,AUD,9M,3M BBSW,4.520517512871002
2024-06-28,AUD,9M,3M BBSW,4.519163966712612
2024-06-27,AUD,9M,3M BBSW,4.503399999980227
2024-06-26,AUD,9M,3M BBSW,4.537414111888591
2024-06-24,AUD,9M,3M BBSW,4.398900000056679
2024-06-21,AUD,9M,3M BBSW,4.396809917466574
2024-06-20,AUD,9M,3M BBSW,4.395699999880491
2024-06-19,AUD,9M,3M BBSW,4.389699999942883
2024-06-18,AUD,9M,3M BBSW,4.379299999983457
2024-06-17,AUD,9M,3M BBSW,4.337599999982246
2024-06-14,AUD,9M,3M BBSW,4.337403527857364
2024-06-13,AUD,9M,3M BBSW,4.34699999997949
2024-06-12,AUD,9M,3M BBSW,4.337099999931223
2024-06-11,AUD,9M,3M BBSW,4.378399999981684
2024-06-07,AUD,9M,3M BBSW,4.382511258100502
2024-06-06,AUD,9M,3M BBSW,4.352100000012073
2024-06-05,AUD,9M,3M BBSW,4.346099999945189
2024-06-04,AUD,9M,3M BBSW,4.350699999982107
2024-06-03,AUD,9M,3M BBSW,4.375699999981958
2024-05-31,AUD,9M,3M BBSW,4.41181842630257
2024-05-30,AUD,9M,3M BBSW,4.406622792429114
2024-05-29,AUD,9M,3M BBSW,4.427875649207309
2024-05-28,AUD,9M,3M BBSW,4.397999999993349
2024-05-27,AUD,9M,3M BBSW,4.363699999984466
2024-05-24,AUD,9M,3M BBSW,4.379873951821074
2024-05-23,AUD,9M,3M BBSW,4.354453218950928
2024-05-22,AUD,9M,3M BBSW,4.340591080587855
2024-05-21,AUD,9M,3M BBSW,4.340099999953137
2024-05-20,AUD,9M,3M BBSW,4.34899999998334
2024-05-17,AUD,9M,3M BBSW,4.341039390296091
2024-05-16,AUD,9M,3M BBSW,4.332535807514935
2024-05-15,AUD,9M,3M BBSW,4.360401715100664
2024-05-14,AUD,9M,3M BBSW,4.406599999952745
2024-05-13,AUD,9M,3M BBSW,4.399999999983127
2024-05-10,AUD,9M,3M BBSW,4.428176876566499
2024-05-09,AUD,9M,3M BBSW,4.409349111161704
2024-05-08,AUD,9M,3M BBSW,4.399573879929503
2024-05-07,AUD,9M,3M BBSW,4.416499999936659
2024-05-06,AUD,9M,3M BBSW,4.481999999980461
2024-05-03,AUD,9M,3M BBSW,4.454566906800479
2024-05-02,AUD,9M,3M BBSW,4.442526171166741
2024-05-01,AUD,9M,3M BBSW,4.448032114635645
2024-04-30,AUD,9M,3M BBSW,4.475799999987287
2024-04-29,AUD,9M,3M BBSW,4.485600000054545
2024-04-26,AUD,9M,3M BBSW,4.46701265970137
2024-04-24,AUD,9M,3M BBSW,4.438099999981427
2024-04-23,AUD,9M,3M BBSW,4.343500000018487
2024-04-22,AUD,9M,3M BBSW,4.337099999967995
2024-04-19,AUD,9M,3M BBSW,4.31245295995289
2024-04-18,AUD,9M,3M BBSW,4.311878473564628
2024-04-17,AUD,9M,3M BBSW,4.340999999943605
2024-04-16,AUD,9M,3M BBSW,4.345699999984083
2024-04-15,AUD,9M,3M BBSW,4.329899999985018
2024-04-12,AUD,9M,3M BBSW,4.294619848632177
2024-04-11,AUD,9M,3M BBSW,4.295196647845793
2024-04-10,AUD,9M,3M BBSW,4.310999999959667
2024-04-09,AUD,9M,3M BBSW,4.273899999884923
2024-04-08,AUD,9M,3M BBSW,4.286599999984531
2024-04-04,AUD,9M,3M BBSW,4.243164442129501
2024-04-03,AUD,9M,3M BBSW,4.276500000115724
2024-04-02,AUD,9M,3M BBSW,4.27320000004972
2024-03-28,AUD,9M,3M BBSW,4.227959508585061
2024-03-27,AUD,9M,3M BBSW,4.253700000011502
2024-03-26,AUD,9M,3M BBSW,4.243330648803314
2024-03-25,AUD,9M,3M BBSW,4.221815120914834
2024-03-22,AUD,9M,3M BBSW,4.2384625702188
2024-03-21,AUD,9M,3M BBSW,4.236894082024653
2024-03-20,AUD,9M,3M BBSW,4.24310000004064
2024-03-19,AUD,9M,3M BBSW,4.24799999996011
2024-03-18,AUD,9M,3M BBSW,4.273700000047783
2024-03-15,AUD,9M,3M BBSW,4.304390212785307
2024-03-14,AUD,9M,3M BBSW,4.275959763065631
2024-03-13,AUD,9M,3M BBSW,4.256800000039568
2024-03-12,AUD,9M,3M BBSW,4.245099999993898
2024-03-11,AUD,9M,3M BBSW,4.237700000011824
2024-03-08,AUD,9M,3M BBSW,4.232714515988209
2024-03-07,AUD,9M,3M BBSW,4.23669559325368
2024-03-06,AUD,9M,3M BBSW,4.263000000034616
2024-03-05,AUD,9M,3M BBSW,4.263299999993881
2024-03-04,AUD,9M,3M BBSW,4.279400000046159
2024-03-01,AUD,9M,3M BBSW,4.261190530885009
2024-02-29,AUD,9M,3M BBSW,4.281800000038505
2024-02-28,AUD,9M,3M BBSW,4.27410000010561
2024-02-27,AUD,9M,3M BBSW,4.301100000019105
2024-02-26,AUD,9M,3M BBSW,4.284423675097775
2024-02-23,AUD,9M,3M BBSW,4.253479504541927
2024-02-22,AUD,9M,3M BBSW,4.276800000015204
2024-02-21,AUD,9M,3M BBSW,4.275399999884353
2024-02-20,AUD,9M,3M BBSW,4.257100000037774
2024-02-19,AUD,9M,3M BBSW,4.27358925056343
2024-02-16,AUD,9M,3M BBSW,4.262515313058653
2024-02-15,AUD,9M,3M BBSW,4.278900000037198
2024-02-14,AUD,9M,3M BBSW,4.316099999981017
2024-02-13,AUD,9M,3M BBSW,4.320399999980783
2024-02-12,AUD,9M,3M BBSW,4.300782892111693
2024-02-09,AUD,9M,3M BBSW,4.266883803584124
2024-02-08,AUD,9M,3M BBSW,4.277100000035293
2024-02-07,AUD,9M,3M BBSW,4.273700000033051
2024-02-06,AUD,9M,3M BBSW,4.267900000034719
2024-02-05,AUD,9M,3M BBSW,4.274170409466872
2024-02-02,AUD,9M,3M BBSW,4.210484941537596
2024-02-01,AUD,9M,3M BBSW,4.196900000012463
2024-01-31,AUD,9M,3M BBSW,4.191100000042304
2024-01-30,AUD,9M,3M BBSW,4.270100000014811
2024-01-29,AUD,9M,3M BBSW,4.269400000038788
2024-01-25,AUD,9M,3M BBSW,4.301739110102088
2024-01-24,AUD,9M,3M BBSW,4.319800000037375
2024-01-23,AUD,9M,3M BBSW,4.307600000028308
2024-01-22,AUD,9M,3M BBSW,4.297399999967638
2024-01-19,AUD,9M,3M BBSW,4.295977882368997
2024-01-18,AUD,9M,3M BBSW,4.319500000040397
2024-01-17,AUD,9M,3M BBSW,4.32639999987695
2024-01-16,AUD,9M,3M BBSW,4.307099999980522
2024-01-15,AUD,9M,3M BBSW,4.282100000023173
2024-01-12,AUD,9M,3M BBSW,4.22885321555227
2024-01-11,AUD,9M,3M BBSW,4.266900000043099
2024-01-10,AUD,9M,3M BBSW,4.292899999883388
2024-01-09,AUD,9M,3M BBSW,4.274199999881541
2024-01-08,AUD,9M,3M BBSW,4.29399999988752
2024-01-05,AUD,9M,3M BBSW,4.269944945874594
2024-01-04,AUD,9M,3M BBSW,4.29649999998214
2024-01-03,AUD,9M,3M BBSW,4.273899999888258
2024-01-02,AUD,9M,3M BBSW,4.270299999981369
2023-12-29,AUD,9M,3M BBSW,4.217943380159754
2023-12-28,AUD,9M,3M BBSW,4.199472834142301
2023-12-27,AUD,9M,3M BBSW,4.23599999996638
2023-12-22,AUD,9M,3M BBSW,4.248494679641531
2023-12-21,AUD,9M,3M BBSW,4.223304203125075
2023-12-20,AUD,9M,3M BBSW,4.26599999998755
2023-12-19,AUD,9M,3M BBSW,4.28979999988751
2023-12-18,AUD,9M,3M BBSW,4.271899999880836
2023-12-15,AUD,9M,3M BBSW,4.310308562515916
2023-12-14,AUD,9M,3M BBSW,4.285567609478095
2023-12-13,AUD,9M,3M BBSW,4.270999999959295
2023-12-12,AUD,9M,3M BBSW,4.365500000032529
2023-12-11,AUD,9M,3M BBSW,4.366800000035632
2023-12-07,AUD,9M,3M BBSW,4.323993136185512
2023-12-06,AUD,9M,3M BBSW,4.332500000094496
2023-12-05,AUD,9M,3M BBSW,4.378799999985588
2023-12-04,AUD,9M,3M BBSW,4.473699999980973
2023-12-01,AUD,9M,3M BBSW,4.417260609198362
2023-11-30,AUD,9M,3M BBSW,4.457128568533083
2023-11-29,AUD,9M,3M BBSW,4.450500000099682
2023-11-28,AUD,9M,3M BBSW,4.504800000048034
2023-11-27,AUD,9M,3M BBSW,4.513599999984455
2023-11-24,AUD,9M,3M BBSW,4.500149744223942
2023-11-23,AUD,9M,3M BBSW,4.523199999981721
2023-11-22,AUD,9M,3M BBSW,4.528600000029515
2023-11-21,AUD,9M,3M BBSW,4.454599999982242
2023-11-20,AUD,9M,3M BBSW,4.473799999984173
2023-11-17,AUD,9M,3M BBSW,4.439443231470798
2023-11-16,AUD,9M,3M BBSW,4.450400000012788
2023-11-15,AUD,9M,3M BBSW,4.507400000096105
2023-11-14,AUD,9M,3M BBSW,4.516200000018094
2023-11-13,AUD,9M,3M BBSW,4.548699999978095
2023-11-10,AUD,9M,3M BBSW,4.508492858472274
2023-11-09,AUD,9M,3M BBSW,4.538700000012687
2023-11-08,AUD,9M,3M BBSW,4.506999999975224
2023-11-07,AUD,9M,3M BBSW,4.513100000015164
2023-11-06,AUD,9M,3M BBSW,4.528700000018287
2023-11-03,AUD,9M,3M BBSW,4.447727321729356
2023-11-02,AUD,9M,3M BBSW,4.514199999998707
2023-11-01,AUD,9M,3M BBSW,4.52039999995488
2023-10-31,AUD,9M,3M BBSW,4.567000000028205
2023-10-30,AUD,9M,3M BBSW,4.540700000017083
2023-10-26,AUD,9M,3M BBSW,4.478512788656023
2023-10-25,AUD,9M,3M BBSW,4.470716394141745
2023-10-24,AUD,9M,3M BBSW,4.392300000016832
2023-10-23,AUD,9M,3M BBSW,4.367900000047411
2023-10-20,AUD,9M,3M BBSW,4.337695082806945
2023-10-19,AUD,9M,3M BBSW,4.373199999979515
2023-10-18,AUD,9M,3M BBSW,4.399399999963015
2023-10-17,AUD,9M,3M BBSW,4.386499999981453
2023-10-16,AUD,9M,3M BBSW,4.270699999985082
2023-10-12,AUD,9M,3M BBSW,4.270299999986523
2023-10-11,AUD,9M,3M BBSW,4.243199999957621
2023-10-10,AUD,9M,3M BBSW,4.252099999986927
2023-10-09,AUD,9M,3M BBSW,4.239399999986841
2023-10-05,AUD,9M,3M BBSW,4.274399999985878
2023-10-04,AUD,9M,3M BBSW,4.2906999999574
2023-10-03,AUD,9M,3M BBSW,4.325800000047235
2023-09-29,AUD,9M,3M BBSW,4.331911076377991
2023-09-28,AUD,9M,3M BBSW,4.33489999996578
2023-09-27,AUD,9M,3M BBSW,4.320500000019287
2023-09-26,AUD,9M,3M BBSW,4.320444017087175
2023-09-25,AUD,9M,3M BBSW,4.328846896037883
2023-09-22,AUD,9M,3M BBSW,4.288738806870887
2023-09-21,AUD,9M,3M BBSW,4.337700000065464
2023-09-20,AUD,9M,3M BBSW,4.342399999983296
2023-09-19,AUD,9M,3M BBSW,4.309199999880425
2023-09-18,AUD,9M,3M BBSW,4.267900000033249
2023-09-15,AUD,9M,3M BBSW,4.256725664111808
2023-09-14,AUD,9M,3M BBSW,4.244800000043247
2023-09-13,AUD,9M,3M BBSW,4.247100000040385
2023-09-12,AUD,9M,3M BBSW,4.251500000037723
2023-09-11,AUD,9M,3M BBSW,4.244700000039426
2023-09-08,AUD,9M,3M BBSW,4.188825636996444
2023-09-07,AUD,9M,3M BBSW,4.220599999984838
2023-09-06,AUD,9M,3M BBSW,4.220599999985851
2023-09-05,AUD,9M,3M BBSW,4.235000000047751
2023-09-04,AUD,9M,3M BBSW,4.243400000041859
2023-09-01,AUD,9M,3M BBSW,4.196096320446797
2023-08-31,AUD,9M,3M BBSW,4.231700000045713
2023-08-30,AUD,9M,3M BBSW,4.238000000016013
2023-08-28,AUD,9M,3M BBSW,4.264199999984787
2023-08-25,AUD,9M,3M BBSW,4.235844964280792
2023-08-24,AUD,9M,3M BBSW,4.263870962363608
2023-08-23,AUD,9M,3M BBSW,4.25170000004424
2023-08-22,AUD,9M,3M BBSW,4.278199999959011
2023-08-21,AUD,9M,3M BBSW,4.282599999984503
2023-08-18,AUD,9M,3M BBSW,4.250411287171358
2023-08-17,AUD,9M,3M BBSW,4.301863965347928
2023-08-16,AUD,9M,3M BBSW,4.302400000053193
2023-08-15,AUD,9M,3M BBSW,4.318899999946208
2023-08-14,AUD,9M,3M BBSW,4.344999999984037
2023-08-11,AUD,9M,3M BBSW,4.279732864049411
2023-08-10,AUD,9M,3M BBSW,4.28866763250417
2023-08-09,AUD,9M,3M BBSW,4.308800000056348
2023-08-08,AUD,9M,3M BBSW,4.287899999933937
2023-08-04,AUD,9M,3M BBSW,4.264626737957753
2023-08-03,AUD,9M,3M BBSW,4.311963726389724
2023-08-02,AUD,9M,3M BBSW,4.293200000046665
2023-08-01,AUD,9M,3M BBSW,4.324899999916966
2023-07-31,AUD,9M,3M BBSW,4.419824360932663
2023-07-28,AUD,9M,3M BBSW,4.370279638896609
2023-07-27,AUD,9M,3M BBSW,4.396131239948231
2023-07-25,AUD,9M,3M BBSW,4.513775592044031
2023-07-24,AUD,9M,3M BBSW,4.51679999998269
2023-07-21,AUD,9M,3M BBSW,4.520373995515158
2023-07-20,AUD,9M,3M BBSW,4.490047949221328
2023-07-19,AUD,9M,3M BBSW,4.446999999986311
2023-07-18,AUD,9M,3M BBSW,4.46549999993301
2023-07-17,AUD,9M,3M BBSW,4.46589999996641
2023-07-14,AUD,9M,3M BBSW,4.483527685506211
2023-07-13,AUD,9M,3M BBSW,4.398414559222124
2023-07-12,AUD,9M,3M BBSW,4.472799999985861
2023-07-11,AUD,9M,3M BBSW,4.539999999940394
2023-07-10,AUD,9M,3M BBSW,4.560699999965488
2023-07-07,AUD,9M,3M BBSW,4.605106875693011
2023-07-06,AUD,9M,3M BBSW,4.571055815793662
2023-07-05,AUD,9M,3M BBSW,4.536100000045263
2023-07-04,AUD,9M,3M BBSW,4.521999999942458
2023-07-03,AUD,9M,3M BBSW,4.548299999982346
2023-06-30,AUD,9M,3M BBSW,4.609847624744694
2023-06-29,AUD,9M,3M BBSW,4.560149587486986
2023-06-28,AUD,9M,3M BBSW,4.483999999988486
2023-06-27,AUD,9M,3M BBSW,4.53159999998671
2023-06-26,AUD,9M,3M BBSW,4.518911967929649
2023-06-22,AUD,9M,3M BBSW,4.580899999974421
2023-06-21,AUD,9M,3M BBSW,4.509599999981913
2023-06-20,AUD,9M,3M BBSW,4.524999999985068
2023-06-19,AUD,9M,3M BBSW,4.5878000000369
2023-06-15,AUD,9M,3M BBSW,4.553700000001077
2023-06-14,AUD,9M,3M BBSW,4.489299999887984
2023-06-13,AUD,9M,3M BBSW,4.477299999982949
2023-06-09,AUD,9M,3M BBSW,4.419579850504405
2023-06-08,AUD,9M,3M BBSW,4.457299999984038
2023-06-07,AUD,9M,3M BBSW,4.436000000030966
2023-06-06,AUD,9M,3M BBSW,4.305600000016413
2023-06-05,AUD,9M,3M BBSW,4.19710000004004
2023-06-01,AUD,9M,3M BBSW,4.126499999886138
2023-05-31,AUD,9M,3M BBSW,4.090030705319774
2023-05-30,AUD,9M,3M BBSW,4.05993219836683
2023-05-29,AUD,9M,3M BBSW,4.033099999985441
2023-05-26,AUD,9M,3M BBSW,4.045699628648228
2023-05-25,AUD,9M,3M BBSW,4.037121902718922
2023-05-24,AUD,9M,3M BBSW,3.997329759376722
2023-05-23,AUD,9M,3M BBSW,4.017500000013937
2023-05-22,AUD,9M,3M BBSW,4.005500000036298
2023-05-19,AUD,9M,3M BBSW,4.018794194178865
2023-05-18,AUD,9M,3M BBSW,4.013809266576535
2023-05-17,AUD,9M,3M BBSW,3.950658900510046
2023-05-16,AUD,9M,3M BBSW,3.9571000000154877
2023-05-15,AUD,9M,3M BBSW,3.9453999999825915
2023-05-12,AUD,9M,3M BBSW,3.878018944319659
2023-05-11,AUD,9M,3M BBSW,3.846233193161984
2023-05-10,AUD,9M,3M BBSW,3.835573559612397
2023-05-09,AUD,9M,3M BBSW,3.8649000000197926
2023-05-08,AUD,9M,3M BBSW,3.871100000040452
2023-05-05,AUD,9M,3M BBSW,3.857338937313152
2023-05-04,AUD,9M,3M BBSW,3.7919352775600492
2023-05-03,AUD,9M,3M BBSW,3.8295165862635283
2023-05-02,AUD,9M,3M BBSW,3.8460000000935644
2023-05-01,AUD,9M,3M BBSW,3.727700000031859
2023-04-28,AUD,9M,3M BBSW,3.663257319603826
2023-04-27,AUD,9M,3M BBSW,3.686241299119934
2023-04-26,AUD,9M,3M BBSW,3.626499382553165
2023-04-24,AUD,9M,3M BBSW,3.751300000041444
2023-04-21,AUD,9M,3M BBSW,3.762187513174821
2023-04-20,AUD,9M,3M BBSW,3.733703565120974
2023-04-19,AUD,9M,3M BBSW,3.768100000021082
2023-04-18,AUD,9M,3M BBSW,3.747500000022604
2023-04-17,AUD,9M,3M BBSW,3.6812999999836964
2023-04-14,AUD,9M,3M BBSW,3.669619486532042
2023-04-13,AUD,9M,3M BBSW,3.643346393649406
2023-04-12,AUD,9M,3M BBSW,3.6260999998833943
2023-04-11,AUD,9M,3M BBSW,3.596700000033222
2023-04-06,AUD,9M,3M BBSW,3.525583165343428
2023-04-05,AUD,9M,3M BBSW,3.562999999985908
2023-04-04,AUD,9M,3M BBSW,3.590100000040068
2023-04-03,AUD,9M,3M BBSW,3.642599999967465
2023-03-31,AUD,9M,3M BBSW,3.6351196022173795
2023-03-30,AUD,9M,3M BBSW,3.6443503633795804
2023-03-29,AUD,9M,3M BBSW,3.637399999973993
2023-03-28,AUD,9M,3M BBSW,3.61690000007762
2023-03-27,AUD,9M,3M BBSW,3.587300000041011
2023-03-24,AUD,9M,3M BBSW,3.5183262625686296
2023-03-23,AUD,9M,3M BBSW,3.531955282292908
2023-03-22,AUD,9M,3M BBSW,3.5558000000494223
2023-03-21,AUD,9M,3M BBSW,3.561599999955884
2023-03-20,AUD,9M,3M BBSW,3.485599999954965
2023-03-17,AUD,9M,3M BBSW,3.4959761257640563
2023-03-16,AUD,9M,3M BBSW,3.5811573630357834
2023-03-15,AUD,9M,3M BBSW,3.542299999985876
2023-03-14,AUD,9M,3M BBSW,3.712199999961183
2023-03-13,AUD,9M,3M BBSW,3.626899999967901
2023-03-10,AUD,9M,3M BBSW,3.83688681492724
2023-03-09,AUD,9M,3M BBSW,3.876110385247003
2023-03-08,AUD,9M,3M BBSW,3.946399999984197
2023-03-07,AUD,9M,3M BBSW,3.9404000000131
2023-03-06,AUD,9M,3M BBSW,3.9883999999829745
2023-03-03,AUD,9M,3M BBSW,4.01671525276817
2023-03-02,AUD,9M,3M BBSW,4.024727835089124
2023-03-01,AUD,9M,3M BBSW,4.032499999958261
2023-02-28,AUD,9M,3M BBSW,4.074851045860391
2023-02-27,AUD,9M,3M BBSW,4.031895831347879
2023-02-24,AUD,9M,3M BBSW,4.019599999987976
2023-02-23,AUD,9M,3M BBSW,4.010599999956414
2023-02-22,AUD,9M,3M BBSW,3.9931000000196235
2025-11-03,AUD,1Y,3M BBSW,3.560399999999987
2025-10-31,AUD,1Y,3M BBSW,3.529699999999995
2025-10-30,AUD,1Y,3M BBSW,3.531200000000005
2025-10-29,AUD,1Y,3M BBSW,3.547400000000015
2025-10-28,AUD,1Y,3M BBSW,3.4019
2025-10-27,AUD,1Y,3M BBSW,3.408800000000013
2025-10-24,AUD,1Y,3M BBSW,3.337392949935129
2025-10-23,AUD,1Y,3M BBSW,3.353900000000012
2025-10-22,AUD,1Y,3M BBSW,3.322700000000002
2025-10-21,AUD,1Y,3M BBSW,3.337600000000019
2025-10-20,AUD,1Y,3M BBSW,3.3249000000000075
2025-10-17,AUD,1Y,3M BBSW,3.306590877027004
2025-10-16,AUD,1Y,3M BBSW,3.303800000000011
2025-10-15,AUD,1Y,3M BBSW,3.449300000000003
2025-10-14,AUD,1Y,3M BBSW,3.450100000000013
2025-10-13,AUD,1Y,3M BBSW,3.446700000000016
2025-10-10,AUD,1Y,3M BBSW,3.491496265024469
2025-10-09,AUD,1Y,3M BBSW,3.4918000000000156
2025-10-08,AUD,1Y,3M BBSW,3.462100000000005
2025-10-07,AUD,1Y,3M BBSW,3.4582000000000135
2025-10-03,AUD,1Y,3M BBSW,3.430781959361774
2025-10-02,AUD,1Y,3M BBSW,3.447299999999979
2025-10-01,AUD,1Y,3M BBSW,3.4636192366144485
2025-09-30,AUD,1Y,3M BBSW,3.486000000009399
2025-09-29,AUD,1Y,3M BBSW,3.442820159711599
2025-09-26,AUD,1Y,3M BBSW,3.44840350898189
2025-09-25,AUD,1Y,3M BBSW,3.468086838652915
2025-09-24,AUD,1Y,3M BBSW,3.46509999999999
2025-09-23,AUD,1Y,3M BBSW,3.3521000000000365
2025-09-22,AUD,1Y,3M BBSW,3.3655241457167797
2025-09-19,AUD,1Y,3M BBSW,3.318635722637584
2025-09-18,AUD,1Y,3M BBSW,3.3318999999999854
2025-09-17,AUD,1Y,3M BBSW,3.343000000000008
2025-09-16,AUD,1Y,3M BBSW,3.346099999998294
2025-09-15,AUD,1Y,3M BBSW,3.348148775832602
2025-09-12,AUD,1Y,3M BBSW,3.343800972869649
2025-09-11,AUD,1Y,3M BBSW,3.3532000000769795
2025-09-10,AUD,1Y,3M BBSW,3.340100000007487
2025-09-09,AUD,1Y,3M BBSW,3.368599999999222
2025-09-08,AUD,1Y,3M BBSW,3.3458523456388405
2025-09-05,AUD,1Y,3M BBSW,3.335743061226955
2025-09-04,AUD,1Y,3M BBSW,3.364500000073503
2025-09-03,AUD,1Y,3M BBSW,3.3774000000110016
2025-09-02,AUD,1Y,3M BBSW,3.333499999998986
2025-09-01,AUD,1Y,3M BBSW,3.331326234351047
2025-08-29,AUD,1Y,3M BBSW,3.30276001218506
2025-08-28,AUD,1Y,3M BBSW,3.312470170010596
2025-08-27,AUD,1Y,3M BBSW,3.3057000000192605
2025-08-26,AUD,1Y,3M BBSW,3.307000000060028
2025-08-25,AUD,1Y,3M BBSW,3.302600000013451
2025-08-22,AUD,1Y,3M BBSW,3.293448212454909
2025-08-21,AUD,1Y,3M BBSW,3.30916009235828
2025-08-20,AUD,1Y,3M BBSW,3.2948000000266515
2025-08-19,AUD,1Y,3M BBSW,3.3166000000092026
2025-08-18,AUD,1Y,3M BBSW,3.30590000000983
2025-08-15,AUD,1Y,3M BBSW,3.3062056598900464
2025-08-14,AUD,1Y,3M BBSW,3.3063850062735196
2025-08-13,AUD,1Y,3M BBSW,3.284800000036916
2025-08-12,AUD,1Y,3M BBSW,3.313600000011791
2025-08-11,AUD,1Y,3M BBSW,3.3523000000113585
2025-08-08,AUD,1Y,3M BBSW,3.328855235658329
2025-08-07,AUD,1Y,3M BBSW,3.347557746957476
2025-08-06,AUD,1Y,3M BBSW,3.345500000031291
2025-08-05,AUD,1Y,3M BBSW,3.33800000001175
2025-08-01,AUD,1Y,3M BBSW,3.338460248768777
2025-07-31,AUD,1Y,3M BBSW,3.373372317602521
2025-07-30,AUD,1Y,3M BBSW,3.3579000000398587
2025-07-29,AUD,1Y,3M BBSW,3.3707000000114324
2025-07-28,AUD,1Y,3M BBSW,3.3887000000104592
2025-07-25,AUD,1Y,3M BBSW,3.3879077082153817
2025-07-24,AUD,1Y,3M BBSW,3.39677689791614
2025-07-23,AUD,1Y,3M BBSW,3.364800000032201
2025-07-22,AUD,1Y,3M BBSW,3.3442000000119125
2025-07-21,AUD,1Y,3M BBSW,3.33940000001123
2025-07-18,AUD,1Y,3M BBSW,3.312604874951096
2025-07-17,AUD,1Y,3M BBSW,3.318959624552346
2025-07-16,AUD,1Y,3M BBSW,3.4134000000293403
2025-07-15,AUD,1Y,3M BBSW,3.43650000000877
2025-07-14,AUD,1Y,3M BBSW,3.397700000009529
2025-07-11,AUD,1Y,3M BBSW,3.364913189980708
2025-07-10,AUD,1Y,3M BBSW,3.386553482975309
2025-07-09,AUD,1Y,3M BBSW,3.377800000039492
2025-07-08,AUD,1Y,3M BBSW,3.401200000002828
2025-07-07,AUD,1Y,3M BBSW,3.2576000000108305
2025-07-04,AUD,1Y,3M BBSW,3.230824211902217
2025-07-03,AUD,1Y,3M BBSW,3.2578944760672934
2025-07-02,AUD,1Y,3M BBSW,3.2246000000553137
2025-07-01,AUD,1Y,3M BBSW,3.223833811042085
2025-06-30,AUD,1Y,3M BBSW,3.2245019718502443
2025-06-27,AUD,1Y,3M BBSW,3.210537455376584
2025-06-26,AUD,1Y,3M BBSW,3.2169030861369743
2025-06-25,AUD,1Y,3M BBSW,3.2296353489717626
2025-06-24,AUD,1Y,3M BBSW,3.270300000013476
2025-06-23,AUD,1Y,3M BBSW,3.294300000012692
2025-06-20,AUD,1Y,3M BBSW,3.2935781207120063
2025-06-19,AUD,1Y,3M BBSW,3.324299999999012
2025-06-18,AUD,1Y,3M BBSW,3.348500000036466
2025-06-17,AUD,1Y,3M BBSW,3.3192000000135695
2025-06-16,AUD,1Y,3M BBSW,3.319400000013363
2025-06-13,AUD,1Y,3M BBSW,3.282837076801999
2025-06-12,AUD,1Y,3M BBSW,3.3010999999988937
2025-06-11,AUD,1Y,3M BBSW,3.346600000036378
2025-06-10,AUD,1Y,3M BBSW,3.364700000016827
2025-06-06,AUD,1Y,3M BBSW,3.3438454368663892
2025-06-05,AUD,1Y,3M BBSW,3.326099999985953
2025-06-04,AUD,1Y,3M BBSW,3.294700000038265
2025-06-03,AUD,1Y,3M BBSW,3.304700000012009
2025-06-02,AUD,1Y,3M BBSW,3.355300000010804
2025-05-30,AUD,1Y,3M BBSW,3.3519668201234016
2025-05-29,AUD,1Y,3M BBSW,3.3765439357035376
2025-05-28,AUD,1Y,3M BBSW,3.423971630218618
2025-05-27,AUD,1Y,3M BBSW,3.3630000000087765
2025-05-26,AUD,1Y,3M BBSW,3.3643999999981364
2025-05-23,AUD,1Y,3M BBSW,3.363565971995385
2025-05-22,AUD,1Y,3M BBSW,3.4055767460045265
2025-05-21,AUD,1Y,3M BBSW,3.428555263296547
2025-05-20,AUD,1Y,3M BBSW,3.395300000012124
2025-05-19,AUD,1Y,3M BBSW,3.5692999999491883
2025-05-16,AUD,1Y,3M BBSW,3.57710036485916
2025-05-15,AUD,1Y,3M BBSW,3.5590640742753226
2025-05-14,AUD,1Y,3M BBSW,3.562295313305445
2025-05-13,AUD,1Y,3M BBSW,3.544499999992516
2025-05-12,AUD,1Y,3M BBSW,3.535800000006982
2025-05-09,AUD,1Y,3M BBSW,3.4099115727957754
2025-05-08,AUD,1Y,3M BBSW,3.425376640155711
2025-05-07,AUD,1Y,3M BBSW,3.381264196325339
2025-05-06,AUD,1Y,3M BBSW,3.3998000000097126
2025-05-05,AUD,1Y,3M BBSW,3.41460000001023
2025-05-02,AUD,1Y,3M BBSW,3.4028799156650145
2025-05-01,AUD,1Y,3M BBSW,3.386084584794243
2025-04-30,AUD,1Y,3M BBSW,3.373800000069173
2025-04-29,AUD,1Y,3M BBSW,3.359900000029334
2025-04-28,AUD,1Y,3M BBSW,3.3451000000089075
2025-04-24,AUD,1Y,3M BBSW,3.380395455418034
2025-04-23,AUD,1Y,3M BBSW,3.415799999979516
2025-04-22,AUD,1Y,3M BBSW,3.399600000016043
2025-04-17,AUD,1Y,3M BBSW,3.392963246231795
2025-04-16,AUD,1Y,3M BBSW,3.372999999947447
2025-04-15,AUD,1Y,3M BBSW,3.3991000000187648
2025-04-14,AUD,1Y,3M BBSW,3.372100000020864
2025-04-11,AUD,1Y,3M BBSW,3.382069891501497
2025-04-10,AUD,1Y,3M BBSW,3.351669548693823
2025-04-09,AUD,1Y,3M BBSW,3.422600000018964
2025-04-08,AUD,1Y,3M BBSW,3.370400000020727
2025-04-07,AUD,1Y,3M BBSW,3.5110000000133494
2025-04-04,AUD,1Y,3M BBSW,3.486086113481633
2025-03-28,AUD,1Y,3M BBSW,3.776708124912296
2025-03-27,AUD,1Y,3M BBSW,3.8126286348698106
2025-03-26,AUD,1Y,3M BBSW,3.809127812697056
2025-03-25,AUD,1Y,3M BBSW,3.8156353940485865
2025-03-24,AUD,1Y,3M BBSW,3.7959000000089125
2025-03-21,AUD,1Y,3M BBSW,3.766067686781422
2025-03-20,AUD,1Y,3M BBSW,3.7914336982968666
2025-03-19,AUD,1Y,3M BBSW,3.829299999991357
2025-03-18,AUD,1Y,3M BBSW,3.825000000007551
2025-03-17,AUD,1Y,3M BBSW,3.8156000000078976
2025-03-14,AUD,1Y,3M BBSW,3.807766086310361
2025-03-13,AUD,1Y,3M BBSW,3.794933250956883
2025-03-12,AUD,1Y,3M BBSW,3.817799999991071
2025-03-11,AUD,1Y,3M BBSW,3.807200000008357
2025-03-10,AUD,1Y,3M BBSW,3.787200000008881
2025-03-07,AUD,1Y,3M BBSW,3.7970043840600853
2025-03-06,AUD,1Y,3M BBSW,3.833522441568399
2025-03-05,AUD,1Y,3M BBSW,3.857200000023489
2025-03-04,AUD,1Y,3M BBSW,3.838200000007714
2025-03-03,AUD,1Y,3M BBSW,3.813600000008414
2025-02-28,AUD,1Y,3M BBSW,3.850804862073802
2025-02-27,AUD,1Y,3M BBSW,3.852999999996366
2025-02-26,AUD,1Y,3M BBSW,3.8652000000009497
2025-02-25,AUD,1Y,3M BBSW,3.8736988758055464
2025-02-24,AUD,1Y,3M BBSW,3.88309824582283
2025-02-21,AUD,1Y,3M BBSW,3.9110743399761088
2025-02-20,AUD,1Y,3M BBSW,3.9539999999983517
2025-02-19,AUD,1Y,3M BBSW,3.9344000000010615
2025-02-18,AUD,1Y,3M BBSW,3.955394455526228
2025-02-17,AUD,1Y,3M BBSW,3.9097948344203126
2025-02-14,AUD,1Y,3M BBSW,3.9201780341988535
2025-02-13,AUD,1Y,3M BBSW,3.893299999996954
2025-02-12,AUD,1Y,3M BBSW,3.9493999999136635
2025-02-11,AUD,1Y,3M BBSW,3.9158965975415323
2025-02-10,AUD,1Y,3M BBSW,3.8809004098016886
2025-02-07,AUD,1Y,3M BBSW,3.864916618467867
2025-02-06,AUD,1Y,3M BBSW,3.852999999996559
2025-02-05,AUD,1Y,3M BBSW,3.8520000000282004
2025-02-04,AUD,1Y,3M BBSW,3.881198007523064
2025-02-03,AUD,1Y,3M BBSW,3.87900126911304
2025-01-31,AUD,1Y,3M BBSW,3.9013405317591574
2025-01-30,AUD,1Y,3M BBSW,3.892999999997852
2025-01-29,AUD,1Y,3M BBSW,3.905799999997142
2025-01-28,AUD,1Y,3M BBSW,3.961200000016343
2025-01-24,AUD,1Y,3M BBSW,3.9605131089802006
2025-01-23,AUD,1Y,3M BBSW,3.999199999987705
2025-01-22,AUD,1Y,3M BBSW,4.022399999986262
2025-01-21,AUD,1Y,3M BBSW,4.013292015665732
2025-01-20,AUD,1Y,3M BBSW,4.011880622171623
2025-01-17,AUD,1Y,3M BBSW,4.019893219198964
2025-01-16,AUD,1Y,3M BBSW,4.0311999999738
2025-01-15,AUD,1Y,3M BBSW,4.027199999983703
2025-01-14,AUD,1Y,3M BBSW,4.080799999991489
2025-01-13,AUD,1Y,3M BBSW,4.072369711912217
2025-01-10,AUD,1Y,3M BBSW,4.033122752100114
2025-01-09,AUD,1Y,3M BBSW,3.996999999968424
2025-01-08,AUD,1Y,3M BBSW,4.023699999982666
2025-01-07,AUD,1Y,3M BBSW,4.061199999983564
2025-01-06,AUD,1Y,3M BBSW,4.030677447855038
2025-01-03,AUD,1Y,3M BBSW,3.982389693162132
2025-01-02,AUD,1Y,3M BBSW,3.9967000000080444
2024-12-31,AUD,1Y,3M BBSW,4.002600000019632
2024-12-30,AUD,1Y,3M BBSW,4.014089210625087
2024-12-27,AUD,1Y,3M BBSW,3.986764235658767
2024-12-24,AUD,1Y,3M BBSW,4.033299999905378
2024-12-23,AUD,1Y,3M BBSW,4.046898321757546
2024-12-20,AUD,1Y,3M BBSW,4.063050753161972
2024-12-19,AUD,1Y,3M BBSW,4.084299999928877
2024-12-18,AUD,1Y,3M BBSW,4.076000000012289
2024-12-17,AUD,1Y,3M BBSW,4.06539999998265
2024-12-16,AUD,1Y,3M BBSW,4.084841094744651
2024-12-13,AUD,1Y,3M BBSW,4.085530567837046
2024-12-12,AUD,1Y,3M BBSW,4.109200000035111
2024-12-11,AUD,1Y,3M BBSW,4.012399999983188
2024-12-10,AUD,1Y,3M BBSW,4.029999999981568
2024-12-09,AUD,1Y,3M BBSW,4.112664399625693
2024-12-06,AUD,1Y,3M BBSW,4.068423364553979
2024-12-05,AUD,1Y,3M BBSW,4.117400000007556
2024-12-04,AUD,1Y,3M BBSW,4.091999999981247
2024-12-03,AUD,1Y,3M BBSW,4.195099999983118
2024-12-02,AUD,1Y,3M BBSW,4.190461365597485
2024-11-29,AUD,1Y,3M BBSW,4.204889883687396
2024-11-28,AUD,1Y,3M BBSW,4.209400000012281
2024-11-27,AUD,1Y,3M BBSW,4.203499999983991
2024-11-26,AUD,1Y,3M BBSW,4.218800000010862
2024-11-25,AUD,1Y,3M BBSW,4.223679990242947
2024-11-22,AUD,1Y,3M BBSW,4.231103591696145
2024-11-21,AUD,1Y,3M BBSW,4.27070000001054
2024-11-20,AUD,1Y,3M BBSW,4.258499999951396
2024-11-19,AUD,1Y,3M BBSW,4.244200000010526
2024-11-18,AUD,1Y,3M BBSW,4.229279641647805
2024-11-15,AUD,1Y,3M BBSW,4.294032272896392
2024-11-14,AUD,1Y,3M BBSW,4.304700000010089
2024-11-13,AUD,1Y,3M BBSW,4.317599999986502
2024-11-12,AUD,1Y,3M BBSW,4.313300000010289
2024-11-11,AUD,1Y,3M BBSW,4.278476153257833
2024-11-08,AUD,1Y,3M BBSW,4.232488582375329
2024-11-07,AUD,1Y,3M BBSW,4.258500000008858
2024-11-06,AUD,1Y,3M BBSW,4.265199999950858
2024-11-05,AUD,1Y,3M BBSW,4.27170000001002
2024-11-04,AUD,1Y,3M BBSW,4.232462512472562
2024-11-01,AUD,1Y,3M BBSW,4.226530561040328
2024-10-31,AUD,1Y,3M BBSW,4.272400000008279
2024-10-30,AUD,1Y,3M BBSW,4.266599999991449
2024-10-29,AUD,1Y,3M BBSW,4.209800000008284
2024-10-28,AUD,1Y,3M BBSW,4.201800000009466
2024-10-24,AUD,1Y,3M BBSW,4.185800000005191
2024-10-23,AUD,1Y,3M BBSW,4.225299999991286
2024-10-22,AUD,1Y,3M BBSW,4.21269999998882
2024-10-21,AUD,1Y,3M BBSW,4.181483720057601
2024-10-17,AUD,1Y,3M BBSW,4.174700000007988
2024-10-16,AUD,1Y,3M BBSW,4.086200000055569
2024-10-15,AUD,1Y,3M BBSW,4.116600000010001
2024-10-14,AUD,1Y,3M BBSW,4.135399999988805
2024-10-11,AUD,1Y,3M BBSW,4.123805567443796
2024-10-10,AUD,1Y,3M BBSW,4.134000000008078
2024-10-09,AUD,1Y,3M BBSW,4.145099999974474
2024-10-08,AUD,1Y,3M BBSW,4.117600000010159
2024-10-04,AUD,1Y,3M BBSW,4.062649206493172
2024-10-03,AUD,1Y,3M BBSW,4.008800000079926
2024-10-02,AUD,1Y,3M BBSW,3.998899999974463
2024-10-01,AUD,1Y,3M BBSW,3.992310627715587
2024-09-30,AUD,1Y,3M BBSW,3.992795587774779
2024-09-27,AUD,1Y,3M BBSW,3.942494472262266
2024-09-26,AUD,1Y,3M BBSW,3.9758771257124708
2024-09-25,AUD,1Y,3M BBSW,3.956376234950987
2024-09-24,AUD,1Y,3M BBSW,3.9316000000134586
2024-09-23,AUD,1Y,3M BBSW,4.007994559542132
2024-09-20,AUD,1Y,3M BBSW,3.9695516715483175
2024-09-19,AUD,1Y,3M BBSW,3.989000000009826
2024-09-18,AUD,1Y,3M BBSW,3.95820000000924
2024-09-17,AUD,1Y,3M BBSW,3.933200000009221
2024-09-16,AUD,1Y,3M BBSW,3.909900715037046
2024-09-13,AUD,1Y,3M BBSW,3.915835653776477
2024-09-12,AUD,1Y,3M BBSW,3.9633000000096166
2024-09-11,AUD,1Y,3M BBSW,3.998699999981038
2024-09-10,AUD,1Y,3M BBSW,3.988199999981161
2024-09-09,AUD,1Y,3M BBSW,4.023194950555554
2024-09-06,AUD,1Y,3M BBSW,3.993226381627991
2024-09-05,AUD,1Y,3M BBSW,4.042099999972176
2024-09-04,AUD,1Y,3M BBSW,4.013299999989976
2024-09-03,AUD,1Y,3M BBSW,4.049799999990182
2024-09-02,AUD,1Y,3M BBSW,4.095488495183586
2024-08-30,AUD,1Y,3M BBSW,4.08260349161647
2024-08-29,AUD,1Y,3M BBSW,4.063000000086382
2024-08-27,AUD,1Y,3M BBSW,3.991599999990531
2024-08-26,AUD,1Y,3M BBSW,3.982599999991209
2024-08-23,AUD,1Y,3M BBSW,3.9935539469397234
2024-08-22,AUD,1Y,3M BBSW,4.039491092083307
2024-08-21,AUD,1Y,3M BBSW,4.036100000028899
2024-08-20,AUD,1Y,3M BBSW,4.046799999969062
2024-08-19,AUD,1Y,3M BBSW,4.063799999991947
2024-08-16,AUD,1Y,3M BBSW,4.039006044086745
2024-08-15,AUD,1Y,3M BBSW,4.08183744727113
2024-08-14,AUD,1Y,3M BBSW,4.010900000027674
2024-08-13,AUD,1Y,3M BBSW,4.055699999969558
2024-08-12,AUD,1Y,3M BBSW,4.097199999990774
2024-08-09,AUD,1Y,3M BBSW,4.093707401071728
2024-08-08,AUD,1Y,3M BBSW,4.125180400461753
2024-08-07,AUD,1Y,3M BBSW,4.11360000003487
2024-08-06,AUD,1Y,3M BBSW,4.126100000000614
2024-08-02,AUD,1Y,3M BBSW,4.03571899102749
2024-08-01,AUD,1Y,3M BBSW,4.173374106791098
2024-07-31,AUD,1Y,3M BBSW,4.218199999990378
2024-07-30,AUD,1Y,3M BBSW,4.37629999995551
2024-07-29,AUD,1Y,3M BBSW,4.403899999982072
2024-07-26,AUD,1Y,3M BBSW,4.353957219267056
2024-07-24,AUD,1Y,3M BBSW,4.412099999957622
2024-07-23,AUD,1Y,3M BBSW,4.422299999991614
2024-07-22,AUD,1Y,3M BBSW,4.409799999982042
2024-07-19,AUD,1Y,3M BBSW,4.396198171417208
2024-07-18,AUD,1Y,3M BBSW,4.398637946248038
2024-07-17,AUD,1Y,3M BBSW,4.357000000036228
2024-07-16,AUD,1Y,3M BBSW,4.361799999961866
2024-07-15,AUD,1Y,3M BBSW,4.391399999982026
2024-07-12,AUD,1Y,3M BBSW,4.392185822712802
2024-07-11,AUD,1Y,3M BBSW,4.442834809202664
2024-07-10,AUD,1Y,3M BBSW,4.464700000037306
2024-07-09,AUD,1Y,3M BBSW,4.476099999965538
2024-07-08,AUD,1Y,3M BBSW,4.487499999990064
2024-07-05,AUD,1Y,3M BBSW,4.461751174533303
2024-07-04,AUD,1Y,3M BBSW,4.507825467554818
2024-07-03,AUD,1Y,3M BBSW,4.50210000003131
2024-07-02,AUD,1Y,3M BBSW,4.49419999996497
2024-07-01,AUD,1Y,3M BBSW,4.507062657672291
2024-06-28,AUD,1Y,3M BBSW,4.482774162546791
2024-06-27,AUD,1Y,3M BBSW,4.484199999988404
2024-06-26,AUD,1Y,3M BBSW,4.533160303225929
2024-06-24,AUD,1Y,3M BBSW,4.361500000034274
2024-06-21,AUD,1Y,3M BBSW,4.332218537206184
2024-06-20,AUD,1Y,3M BBSW,4.361599999914197
2024-06-19,AUD,1Y,3M BBSW,4.351799999964991
2024-06-18,AUD,1Y,3M BBSW,4.337999999990881
2024-06-17,AUD,1Y,3M BBSW,4.287899999990199
2024-06-14,AUD,1Y,3M BBSW,4.298973137925238
2024-06-13,AUD,1Y,3M BBSW,4.303899999988219
2024-06-12,AUD,1Y,3M BBSW,4.307499999957798
2024-06-11,AUD,1Y,3M BBSW,4.353199999989877
2024-06-07,AUD,1Y,3M BBSW,4.323761593328092
2024-06-06,AUD,1Y,3M BBSW,4.319699999903646
2024-06-05,AUD,1Y,3M BBSW,4.312199999966424
2024-06-04,AUD,1Y,3M BBSW,4.320099999990109
2024-06-03,AUD,1Y,3M BBSW,4.353099999977916
2024-05-31,AUD,1Y,3M BBSW,4.404236691295492
2024-05-30,AUD,1Y,3M BBSW,4.384030304217138
2024-05-29,AUD,1Y,3M BBSW,4.418100000023157
2024-05-28,AUD,1Y,3M BBSW,4.384300000001986
2024-05-27,AUD,1Y,3M BBSW,4.342199999992433
2024-05-24,AUD,1Y,3M BBSW,4.340947965324696
2024-05-23,AUD,1Y,3M BBSW,4.350817140174898
2024-05-22,AUD,1Y,3M BBSW,4.348655515504631
2024-05-21,AUD,1Y,3M BBSW,4.307799999973954
2024-05-20,AUD,1Y,3M BBSW,4.317499999991914
2024-05-17,AUD,1Y,3M BBSW,4.284765594338904
2024-05-16,AUD,1Y,3M BBSW,4.314825704495968
2024-05-15,AUD,1Y,3M BBSW,4.341912059504065
2024-05-14,AUD,1Y,3M BBSW,4.385499999973768
2024-05-13,AUD,1Y,3M BBSW,4.377599999991803
2024-05-10,AUD,1Y,3M BBSW,4.387696193208993
2024-05-09,AUD,1Y,3M BBSW,4.406806231795144
2024-05-08,AUD,1Y,3M BBSW,4.412247550000981
2024-05-07,AUD,1Y,3M BBSW,4.387199999964783
2024-05-06,AUD,1Y,3M BBSW,4.466700000021974
2024-05-03,AUD,1Y,3M BBSW,4.413739630198485
2024-05-02,AUD,1Y,3M BBSW,4.444699212049592
2024-05-01,AUD,1Y,3M BBSW,4.475537589704768
2024-04-30,AUD,1Y,3M BBSW,4.471199999985911
2024-04-29,AUD,1Y,3M BBSW,4.479300000030433
2024-04-26,AUD,1Y,3M BBSW,4.475143860732028
2024-04-24,AUD,1Y,3M BBSW,4.426999999990272
2024-04-23,AUD,1Y,3M BBSW,4.307200000014971
2024-04-22,AUD,1Y,3M BBSW,4.300699999983992
2024-04-19,AUD,1Y,3M BBSW,4.258681061322962
2024-04-18,AUD,1Y,3M BBSW,4.265457514639327
2024-04-17,AUD,1Y,3M BBSW,4.311399999968104
2024-04-16,AUD,1Y,3M BBSW,4.316499999992107
2024-04-15,AUD,1Y,3M BBSW,4.292099999992573
2024-04-12,AUD,1Y,3M BBSW,4.244343355523228
2024-04-11,AUD,1Y,3M BBSW,4.290461495640527
2024-04-10,AUD,1Y,3M BBSW,4.266299999977265
2024-04-09,AUD,1Y,3M BBSW,4.214099999992372
2024-04-08,AUD,1Y,3M BBSW,4.231399999992902
2024-04-04,AUD,1Y,3M BBSW,4.208875582601863
2024-04-03,AUD,1Y,3M BBSW,4.216700000066234
2024-04-02,AUD,1Y,3M BBSW,4.214300000027293
2024-03-28,AUD,1Y,3M BBSW,4.186544940944306
2024-03-27,AUD,1Y,3M BBSW,4.18359999990859
2024-03-26,AUD,1Y,3M BBSW,4.192288827914151
2024-03-25,AUD,1Y,3M BBSW,4.181979413874191
2024-03-22,AUD,1Y,3M BBSW,4.1634785838932
2024-03-21,AUD,1Y,3M BBSW,4.204539367884272
2024-03-20,AUD,1Y,3M BBSW,4.170000000023129
2024-03-19,AUD,1Y,3M BBSW,4.182099999976933
2024-03-18,AUD,1Y,3M BBSW,4.219700000026904
2024-03-15,AUD,1Y,3M BBSW,4.243238767602247
2024-03-14,AUD,1Y,3M BBSW,4.220674588760104
2024-03-13,AUD,1Y,3M BBSW,4.194100000022605
2024-03-12,AUD,1Y,3M BBSW,4.178100000001479
2024-03-11,AUD,1Y,3M BBSW,4.165199999993031
2024-03-08,AUD,1Y,3M BBSW,4.153934348181712
2024-03-07,AUD,1Y,3M BBSW,4.200840597578363
2024-03-06,AUD,1Y,3M BBSW,4.197600000019702
2024-03-05,AUD,1Y,3M BBSW,4.200600000001592
2024-03-04,AUD,1Y,3M BBSW,4.224000000026005
2024-03-01,AUD,1Y,3M BBSW,4.197048075835651
2024-02-29,AUD,1Y,3M BBSW,4.229466660145108
2024-02-28,AUD,1Y,3M BBSW,4.216200000062741
2024-02-27,AUD,1Y,3M BBSW,4.25399999991702
2024-02-26,AUD,1Y,3M BBSW,4.233790702165048
2024-02-23,AUD,1Y,3M BBSW,4.224701911424364
2024-02-22,AUD,1Y,3M BBSW,4.204281124266808
2024-02-21,AUD,1Y,3M BBSW,4.22539999991687
2024-02-20,AUD,1Y,3M BBSW,4.20120000002149
2024-02-19,AUD,1Y,3M BBSW,4.22387200424673
2024-02-16,AUD,1Y,3M BBSW,4.237366605188424
2024-02-15,AUD,1Y,3M BBSW,4.239659359120499
2024-02-14,AUD,1Y,3M BBSW,4.277499999989217
2024-02-13,AUD,1Y,3M BBSW,4.285799999989072
2024-02-12,AUD,1Y,3M BBSW,4.252167922328016
2024-02-09,AUD,1Y,3M BBSW,4.232780345008942
2024-02-08,AUD,1Y,3M BBSW,4.191049705225723
2024-02-07,AUD,1Y,3M BBSW,4.207999999918248
2024-02-06,AUD,1Y,3M BBSW,4.195900000019693
2024-02-05,AUD,1Y,3M BBSW,4.210543121721053
2024-02-02,AUD,1Y,3M BBSW,4.158786164990946
2024-02-01,AUD,1Y,3M BBSW,4.09097654846814
2024-01-31,AUD,1Y,3M BBSW,4.108600000024046
2024-01-30,AUD,1Y,3M BBSW,4.210999999986746
2024-01-29,AUD,1Y,3M BBSW,4.211800000022067
2024-01-25,AUD,1Y,3M BBSW,4.214680874148444
2024-01-24,AUD,1Y,3M BBSW,4.275900000022085
2024-01-23,AUD,1Y,3M BBSW,4.258700000022732
2024-01-22,AUD,1Y,3M BBSW,4.249700000019526
2024-01-19,AUD,1Y,3M BBSW,4.277256174441788
2024-01-18,AUD,1Y,3M BBSW,4.254715815282795
2024-01-17,AUD,1Y,3M BBSW,4.285200000008941
2024-01-16,AUD,1Y,3M BBSW,4.25119999998892
2024-01-15,AUD,1Y,3M BBSW,4.219300000021042
2024-01-12,AUD,1Y,3M BBSW,4.175340622362332
2024-01-11,AUD,1Y,3M BBSW,4.176525701619576
2024-01-10,AUD,1Y,3M BBSW,4.236199999916081
2024-01-09,AUD,1Y,3M BBSW,4.208899999914754
2024-01-08,AUD,1Y,3M BBSW,4.238599999912632
2024-01-05,AUD,1Y,3M BBSW,4.257093486487768
2024-01-04,AUD,1Y,3M BBSW,4.217311371209853
2024-01-03,AUD,1Y,3M BBSW,4.205099999919633
2024-01-02,AUD,1Y,3M BBSW,4.198799999910388
2023-12-29,AUD,1Y,3M BBSW,4.141086175695674
2023-12-28,AUD,1Y,3M BBSW,4.126671487196748
2023-12-27,AUD,1Y,3M BBSW,4.157499999980683
2023-12-22,AUD,1Y,3M BBSW,4.184493144393755
2023-12-21,AUD,1Y,3M BBSW,4.163273146269657
2023-12-20,AUD,1Y,3M BBSW,4.199400000008195
2023-12-19,AUD,1Y,3M BBSW,4.230799999919066
2023-12-18,AUD,1Y,3M BBSW,4.207999999904701
2023-12-15,AUD,1Y,3M BBSW,4.251424774473363
2023-12-14,AUD,1Y,3M BBSW,4.241073385888729
2023-12-13,AUD,1Y,3M BBSW,4.216499999976564
2023-12-12,AUD,1Y,3M BBSW,4.338599999998313
2023-12-11,AUD,1Y,3M BBSW,4.341100000019953
2023-12-07,AUD,1Y,3M BBSW,4.301326975332888
2023-12-06,AUD,1Y,3M BBSW,4.29830000005504
2023-12-05,AUD,1Y,3M BBSW,4.352599999992688
2023-12-04,AUD,1Y,3M BBSW,4.464399999989371
2023-12-01,AUD,1Y,3M BBSW,4.401276418212009
2023-11-30,AUD,1Y,3M BBSW,4.4614841562508
2023-11-29,AUD,1Y,3M BBSW,4.439900000059001
2023-11-28,AUD,1Y,3M BBSW,4.506600000027352
2023-11-27,AUD,1Y,3M BBSW,4.521699999991942
2023-11-24,AUD,1Y,3M BBSW,4.533014640132946
2023-11-23,AUD,1Y,3M BBSW,4.508582822944719
2023-11-22,AUD,1Y,3M BBSW,4.536700000023272
2023-11-21,AUD,1Y,3M BBSW,4.454199999990315
2023-11-20,AUD,1Y,3M BBSW,4.476799999991815
2023-11-17,AUD,1Y,3M BBSW,4.459641109326038
2023-11-16,AUD,1Y,3M BBSW,4.425618395111798
2023-11-15,AUD,1Y,3M BBSW,4.522399999970471
2023-11-14,AUD,1Y,3M BBSW,4.529000000009641
2023-11-13,AUD,1Y,3M BBSW,4.572599999988639
2023-11-10,AUD,1Y,3M BBSW,4.544364952755762
2023-11-09,AUD,1Y,3M BBSW,4.529871108625406
2023-11-08,AUD,1Y,3M BBSW,4.514199999986896
2023-11-07,AUD,1Y,3M BBSW,4.51989999998789
2023-11-06,AUD,1Y,3M BBSW,4.556599999988855
2023-11-03,AUD,1Y,3M BBSW,4.506345201465079
2023-11-02,AUD,1Y,3M BBSW,4.518433667327856
2023-11-01,AUD,1Y,3M BBSW,4.55049999999165
2023-10-31,AUD,1Y,3M BBSW,4.617800000026337
2023-10-30,AUD,1Y,3M BBSW,4.582900000009538
2023-10-26,AUD,1Y,3M BBSW,4.486710535278965
2023-10-25,AUD,1Y,3M BBSW,4.499160879129438
2023-10-24,AUD,1Y,3M BBSW,4.421900000089376
2023-10-23,AUD,1Y,3M BBSW,4.397900000028019
2023-10-20,AUD,1Y,3M BBSW,4.387318945975911
2023-10-19,AUD,1Y,3M BBSW,4.380263489467309
2023-10-18,AUD,1Y,3M BBSW,4.438499999977829
2023-10-17,AUD,1Y,3M BBSW,4.428999999989151
2023-10-16,AUD,1Y,3M BBSW,4.28720000000727
2023-10-12,AUD,1Y,3M BBSW,4.265070546198609
2023-10-11,AUD,1Y,3M BBSW,4.254799999974619
2023-10-10,AUD,1Y,3M BBSW,4.268900000094454
2023-10-09,AUD,1Y,3M BBSW,4.253100000094423
2023-10-05,AUD,1Y,3M BBSW,4.267886961914253
2023-10-04,AUD,1Y,3M BBSW,4.321099999974476
2023-10-03,AUD,1Y,3M BBSW,4.365900000026262
2023-09-29,AUD,1Y,3M BBSW,4.336409355772283
2023-09-28,AUD,1Y,3M BBSW,4.347935668311914
2023-09-27,AUD,1Y,3M BBSW,4.356300000015584
2023-09-26,AUD,1Y,3M BBSW,4.35704311482401
2023-09-25,AUD,1Y,3M BBSW,4.364167300060087
2023-09-22,AUD,1Y,3M BBSW,4.338879571303781
2023-09-21,AUD,1Y,3M BBSW,4.352611346411117
2023-09-20,AUD,1Y,3M BBSW,4.380799999990491
2023-09-19,AUD,1Y,3M BBSW,4.343499999913973
2023-09-18,AUD,1Y,3M BBSW,4.290400000018911
2023-09-15,AUD,1Y,3M BBSW,4.291890187570088
2023-09-14,AUD,1Y,3M BBSW,4.270163390236645
2023-09-13,AUD,1Y,3M BBSW,4.261100000022958
2023-09-12,AUD,1Y,3M BBSW,4.265100000021467
2023-09-11,AUD,1Y,3M BBSW,4.256300000022456
2023-09-08,AUD,1Y,3M BBSW,4.231854443393572
2023-09-07,AUD,1Y,3M BBSW,4.207573440810289
2023-09-06,AUD,1Y,3M BBSW,4.230199999916069
2023-09-05,AUD,1Y,3M BBSW,4.239700000027185
2023-09-04,AUD,1Y,3M BBSW,4.251800000080411
2023-09-01,AUD,1Y,3M BBSW,4.216819136222358
2023-08-31,AUD,1Y,3M BBSW,4.245515700792477
2023-08-30,AUD,1Y,3M BBSW,4.244700000008962
2023-08-28,AUD,1Y,3M BBSW,4.285399999991308
2023-08-25,AUD,1Y,3M BBSW,4.273133625781774
2023-08-24,AUD,1Y,3M BBSW,4.259253907427951
2023-08-23,AUD,1Y,3M BBSW,4.264800000026845
2023-08-22,AUD,1Y,3M BBSW,4.301699999974858
2023-08-21,AUD,1Y,3M BBSW,4.30620000002015
2023-08-18,AUD,1Y,3M BBSW,4.288345945666235
2023-08-17,AUD,1Y,3M BBSW,4.303117253661676
2023-08-16,AUD,1Y,3M BBSW,4.325200000032299
2023-08-15,AUD,1Y,3M BBSW,4.341399999966968
2023-08-14,AUD,1Y,3M BBSW,4.375399999991227
2023-08-11,AUD,1Y,3M BBSW,4.316890583308992
2023-08-10,AUD,1Y,3M BBSW,4.276957404435584
2023-08-09,AUD,1Y,3M BBSW,4.320600000034139
2023-08-08,AUD,1Y,3M BBSW,4.292799999959378
2023-08-04,AUD,1Y,3M BBSW,4.277591743203237
2023-08-03,AUD,1Y,3M BBSW,4.287873727644379
2023-08-02,AUD,1Y,3M BBSW,4.297599999992404
2023-08-01,AUD,1Y,3M BBSW,4.328399999948921
2023-07-31,AUD,1Y,3M BBSW,4.418999999981831
2023-07-28,AUD,1Y,3M BBSW,4.386028979427202
2023-07-27,AUD,1Y,3M BBSW,4.427971015206071
2023-07-25,AUD,1Y,3M BBSW,4.558358208797575
2023-07-24,AUD,1Y,3M BBSW,4.539999999989643
2023-07-21,AUD,1Y,3M BBSW,4.55022880897074
2023-07-20,AUD,1Y,3M BBSW,4.530205071568958
2023-07-19,AUD,1Y,3M BBSW,4.468499999992917
2023-07-18,AUD,1Y,3M BBSW,4.493599999960498
2023-07-17,AUD,1Y,3M BBSW,4.493299999982205
2023-07-14,AUD,1Y,3M BBSW,4.511888674910762
2023-07-13,AUD,1Y,3M BBSW,4.426678312876654
2023-07-12,AUD,1Y,3M BBSW,4.4997999999927
2023-07-11,AUD,1Y,3M BBSW,4.586799999964883
2023-07-10,AUD,1Y,3M BBSW,4.616099999981723
2023-07-07,AUD,1Y,3M BBSW,4.679183317659651
2023-07-06,AUD,1Y,3M BBSW,4.651927632071846
2023-07-05,AUD,1Y,3M BBSW,4.58350000002637
2023-07-04,AUD,1Y,3M BBSW,4.556899999967508
2023-07-03,AUD,1Y,3M BBSW,4.581100000008319
2023-06-30,AUD,1Y,3M BBSW,4.6331663004159
2023-06-29,AUD,1Y,3M BBSW,4.581945720626311
2023-06-28,AUD,1Y,3M BBSW,4.493299999985362
2023-06-27,AUD,1Y,3M BBSW,4.5518000000951
2023-06-26,AUD,1Y,3M BBSW,4.532857986214264
2023-06-22,AUD,1Y,3M BBSW,4.584388638594863
2023-06-21,AUD,1Y,3M BBSW,4.523399999989326
2023-06-20,AUD,1Y,3M BBSW,4.531999999992014
2023-06-19,AUD,1Y,3M BBSW,4.609600000021497
2023-06-15,AUD,1Y,3M BBSW,4.588561493759505
2023-06-14,AUD,1Y,3M BBSW,4.507899999918822
2023-06-13,AUD,1Y,3M BBSW,4.497399999998716
2023-06-09,AUD,1Y,3M BBSW,4.437939344280883
2023-06-08,AUD,1Y,3M BBSW,4.431689488820915
2023-06-07,AUD,1Y,3M BBSW,4.451600000033928
2023-06-06,AUD,1Y,3M BBSW,4.307700000008846
2023-06-05,AUD,1Y,3M BBSW,4.19210000002332
2023-06-01,AUD,1Y,3M BBSW,4.079647516024471
2023-05-31,AUD,1Y,3M BBSW,4.069000000007866
2023-05-30,AUD,1Y,3M BBSW,4.033300000036749
2023-05-29,AUD,1Y,3M BBSW,4.02239999999237
2023-05-26,AUD,1Y,3M BBSW,4.031305604647839
2023-05-25,AUD,1Y,3M BBSW,4.033259467115059
2023-05-24,AUD,1Y,3M BBSW,4.019886520823378
2023-05-23,AUD,1Y,3M BBSW,4.011900000007438
2023-05-22,AUD,1Y,3M BBSW,3.996500000019999
2023-05-19,AUD,1Y,3M BBSW,4.0014854648618
2023-05-18,AUD,1Y,3M BBSW,3.9993449463802686
2023-05-17,AUD,1Y,3M BBSW,3.954696314915561
2023-05-16,AUD,1Y,3M BBSW,3.9230000000082677
2023-05-15,AUD,1Y,3M BBSW,3.9088999999905205
2023-05-12,AUD,1Y,3M BBSW,3.8218849935738346
2023-05-11,AUD,1Y,3M BBSW,3.7895915091573285
2023-05-10,AUD,1Y,3M BBSW,3.818613294882995
2023-05-09,AUD,1Y,3M BBSW,3.831300000010639
2023-05-08,AUD,1Y,3M BBSW,3.83960000002232
2023-05-05,AUD,1Y,3M BBSW,3.8164427669859733
2023-05-04,AUD,1Y,3M BBSW,3.727033760035456
2023-05-03,AUD,1Y,3M BBSW,3.8141134873965856
2023-05-02,AUD,1Y,3M BBSW,3.8381000000528678
2023-05-01,AUD,1Y,3M BBSW,3.7176000000246985
2023-04-28,AUD,1Y,3M BBSW,3.642811022064787
2023-04-27,AUD,1Y,3M BBSW,3.686650936584665
2023-04-26,AUD,1Y,3M BBSW,3.646436229730284
2023-04-24,AUD,1Y,3M BBSW,3.749700000023546
2023-04-21,AUD,1Y,3M BBSW,3.7712477826412654
2023-04-20,AUD,1Y,3M BBSW,3.7444379797881155
2023-04-19,AUD,1Y,3M BBSW,3.778799999908231
2023-04-18,AUD,1Y,3M BBSW,3.752300000011513
2023-04-17,AUD,1Y,3M BBSW,3.673599999988081
2023-04-14,AUD,1Y,3M BBSW,3.6650149256222715
2023-04-13,AUD,1Y,3M BBSW,3.6358259917569855
2023-04-12,AUD,1Y,3M BBSW,3.598399999989818
2023-04-11,AUD,1Y,3M BBSW,3.563500000018628
2023-04-06,AUD,1Y,3M BBSW,3.48981611388377
2023-04-05,AUD,1Y,3M BBSW,3.524200000022971
2023-04-04,AUD,1Y,3M BBSW,3.550300000022459
2023-04-03,AUD,1Y,3M BBSW,3.6089999999897238
2023-03-31,AUD,1Y,3M BBSW,3.603404539868449
2023-03-30,AUD,1Y,3M BBSW,3.624617402331407
2023-03-29,AUD,1Y,3M BBSW,3.615046344801583
2023-03-28,AUD,1Y,3M BBSW,3.5909000000464495
2023-03-27,AUD,1Y,3M BBSW,3.555500000023536
2023-03-24,AUD,1Y,3M BBSW,3.5023973151533436
2023-03-23,AUD,1Y,3M BBSW,3.523206025910036
2023-03-22,AUD,1Y,3M BBSW,3.520000000028772
2023-03-21,AUD,1Y,3M BBSW,3.537099999973931
2023-03-20,AUD,1Y,3M BBSW,3.442599999984076
2023-03-17,AUD,1Y,3M BBSW,3.47393195722498
2023-03-16,AUD,1Y,3M BBSW,3.578460828905477
2023-03-15,AUD,1Y,3M BBSW,3.5232999999927106
2023-03-14,AUD,1Y,3M BBSW,3.721699999977088
2023-03-13,AUD,1Y,3M BBSW,3.617599999982931
2023-03-10,AUD,1Y,3M BBSW,3.8656829356615017
2023-03-09,AUD,1Y,3M BBSW,3.928922702267069
2023-03-08,AUD,1Y,3M BBSW,4.00519999999108
2023-03-07,AUD,1Y,3M BBSW,3.996600000007332
2023-03-06,AUD,1Y,3M BBSW,4.058099999990287
2023-03-03,AUD,1Y,3M BBSW,4.10456158674777
2023-03-02,AUD,1Y,3M BBSW,4.12066050602631
2023-03-01,AUD,1Y,3M BBSW,4.114699999963298
2023-02-28,AUD,1Y,3M BBSW,4.176583787143593
2023-02-27,AUD,1Y,3M BBSW,4.129864354553684
2023-02-24,AUD,1Y,3M BBSW,4.130937717180654
2023-02-23,AUD,1Y,3M BBSW,4.116399999963886
2023-02-22,AUD,1Y,3M BBSW,4.092900000010149
2023-02-21,AUD,1Y,3M BBSW,4.095183894214754
2023-02-20,AUD,1Y,3M BBSW,4.034358001752515
2023-02-17,AUD,1Y,3M BBSW,3.999132462164592
2023-02-16,AUD,1Y,3M BBSW,3.986800000033227
2023-02-15,AUD,1Y,3M BBSW,4.031499999985829
2023-02-14,AUD,1Y,3M BBSW,4.000688932959622
2023-02-13,AUD,1Y,3M BBSW,4.024856090940234
2023-02-10,AUD,1Y,3M BBSW,4.018429018097211
2023-02-09,AUD,1Y,3M BBSW,3.906299999991384
2023-02-08,AUD,1Y,3M BBSW,3.8479000000949575
2023-02-07,AUD,1Y,3M BBSW,3.819899689732941
2023-02-06,AUD,1Y,3M BBSW,3.6728317512991415
2023-02-03,AUD,1Y,3M BBSW,3.6583350184589287
2023-02-02,AUD,1Y,3M BBSW,3.673899999995055
2023-02-01,AUD,1Y,3M BBSW,3.721799999990246
2023-01-31,AUD,1Y,3M BBSW,3.7038932751299334
2023-01-30,AUD,1Y,3M BBSW,3.736605593896221
2023-01-27,AUD,1Y,3M BBSW,3.708665652325905
2023-01-25,AUD,1Y,3M BBSW,3.6654083718420964
2023-01-24,AUD,1Y,3M BBSW,3.564399999992446
2023-01-23,AUD,1Y,3M BBSW,3.557327185825956
2023-01-20,AUD,1Y,3M BBSW,3.5394666506686825
2023-01-19,AUD,1Y,3M BBSW,3.528800000007538
2023-01-18,AUD,1Y,3M BBSW,3.68859999998958
2023-01-17,AUD,1Y,3M BBSW,3.706499999989885
2023-01-16,AUD,1Y,3M BBSW,3.6867142287994694
2023-01-13,AUD,1Y,3M BBSW,3.678526889802891
2023-01-12,AUD,1Y,3M BBSW,3.7099999999975903
2023-01-11,AUD,1Y,3M BBSW,3.7720999999891514
2023-01-10,AUD,1Y,3M BBSW,3.7858010737714576
2023-01-09,AUD,1Y,3M BBSW,3.811802826809569
2023-01-06,AUD,1Y,3M BBSW,3.7744182444460943
2023-01-05,AUD,1Y,3M BBSW,3.808500000000266
2023-01-04,AUD,1Y,3M BBSW,3.8075999999902272
2023-01-03,AUD,1Y,3M BBSW,3.827600000015938
2022-12-30,AUD,1Y,3M BBSW,3.8508013303966444
2022-12-29,AUD,1Y,3M BBSW,3.839300000030649
2022-12-28,AUD,1Y,3M BBSW,3.823099999998604
2022-12-23,AUD,1Y,3M BBSW,3.684603540744259
2022-12-22,AUD,1Y,3M BBSW,3.695099999990271
2022-12-21,AUD,1Y,3M BBSW,3.642200000001768
2022-12-20,AUD,1Y,3M BBSW,3.6889999999981575
2022-12-19,AUD,1Y,3M BBSW,3.660008455144955
2022-12-16,AUD,1Y,3M BBSW,3.645416642226669
2022-12-15,AUD,1Y,3M BBSW,3.637100000254189
2022-12-14,AUD,1Y,3M BBSW,3.56170000003577
2022-12-13,AUD,1Y,3M BBSW,3.5593999999998105
2022-12-12,AUD,1Y,3M BBSW,3.543328162733028
2022-12-09,AUD,1Y,3M BBSW,3.523379219103296
2022-12-08,AUD,1Y,3M BBSW,3.5575999999699857
2022-12-07,AUD,1Y,3M BBSW,3.5343999999976865
2022-12-06,AUD,1Y,3M BBSW,3.531599999993937
2022-12-05,AUD,1Y,3M BBSW,3.457818038304156
2022-12-02,AUD,1Y,3M BBSW,3.435953954819658
2022-12-01,AUD,1Y,3M BBSW,3.5502999999798055
2022-11-30,AUD,1Y,3M BBSW,3.579396636939293
2022-11-29,AUD,1Y,3M BBSW,3.646404459839848
2022-11-28,AUD,1Y,3M BBSW,3.6469087112592344
2022-11-25,AUD,1Y,3M BBSW,3.668683686300709
2022-11-24,AUD,1Y,3M BBSW,3.674700000031445
2022-11-23,AUD,1Y,3M BBSW,3.6529999999870966
2022-11-22,AUD,1Y,3M BBSW,3.585699999993483
2022-11-21,AUD,1Y,3M BBSW,3.5820119485628363
2022-11-18,AUD,1Y,3M BBSW,3.577578729326958
2022-11-17,AUD,1Y,3M BBSW,3.5917000000074446
2022-11-16,AUD,1Y,3M BBSW,3.631799999990964
2022-11-15,AUD,1Y,3M BBSW,3.659200000017443
2022-11-14,AUD,1Y,3M BBSW,3.654408267808642
2022-11-11,AUD,1Y,3M BBSW,3.588121636798832
2022-11-10,AUD,1Y,3M BBSW,3.671300000033747
2022-11-09,AUD,1Y,3M BBSW,3.791199999977621
2022-11-08,AUD,1Y,3M BBSW,3.8320000000586765
2022-11-07,AUD,1Y,3M BBSW,3.7700986770782956
2022-11-04,AUD,1Y,3M BBSW,3.765456337828625
2022-11-03,AUD,1Y,3M BBSW,3.87400000004656
2022-11-02,AUD,1Y,3M BBSW,3.7941999999934124
2022-11-01,AUD,1Y,3M BBSW,3.7662000000133
2022-10-31,AUD,1Y,3M BBSW,3.795004046348717
2022-10-28,AUD,1Y,3M BBSW,3.7935255222478435
2022-10-27,AUD,1Y,3M BBSW,3.841699999998009
2022-10-26,AUD,1Y,3M BBSW,3.896694747571244
2022-10-25,AUD,1Y,3M BBSW,3.896396420784492
2022-10-24,AUD,1Y,3M BBSW,3.900700000009087
2022-10-21,AUD,1Y,3M BBSW,3.934046508438825
2022-10-20,AUD,1Y,3M BBSW,3.8669999999807287
2022-10-19,AUD,1Y,3M BBSW,3.739199999968072
2022-10-18,AUD,1Y,3M BBSW,3.7049999999773076
2022-10-17,AUD,1Y,3M BBSW,3.687499999972325
2022-10-14,AUD,1Y,3M BBSW,3.707228663620253
2022-10-13,AUD,1Y,3M BBSW,3.589500000002763
2022-10-12,AUD,1Y,3M BBSW,3.595199999997244
2022-10-11,AUD,1Y,3M BBSW,3.6339999999816226
2022-10-10,AUD,1Y,3M BBSW,3.605911325286579
2022-10-07,AUD,1Y,3M BBSW,3.580124669736843
2022-10-06,AUD,1Y,3M BBSW,3.533499999999506
2022-10-05,AUD,1Y,3M BBSW,3.397999999997016
2022-10-04,AUD,1Y,3M BBSW,3.342499999999007
2022-09-30,AUD,1Y,3M BBSW,3.865131394658768
2022-09-29,AUD,1Y,3M BBSW,3.829499999715738
2022-09-28,AUD,1Y,3M BBSW,3.912500000004508
2022-09-27,AUD,1Y,3M BBSW,3.945890652448948
2022-09-26,AUD,1Y,3M BBSW,3.91568559092623
2022-09-23,AUD,1Y,3M BBSW,3.839774614295405
2022-09-21,AUD,1Y,3M BBSW,3.646199999981345
2022-09-20,AUD,1Y,3M BBSW,3.593799999982819
2022-09-19,AUD,1Y,3M BBSW,3.637609169816406
2022-09-16,AUD,1Y,3M BBSW,3.60671389141433
2022-09-15,AUD,1Y,3M BBSW,3.5569999999961857
2022-09-14,AUD,1Y,3M BBSW,3.5454999999937167
2022-09-13,AUD,1Y,3M BBSW,3.38600000000095
2022-09-12,AUD,1Y,3M BBSW,3.3688407390561426
2022-09-09,AUD,1Y,3M BBSW,3.320240951055367
2022-09-08,AUD,1Y,3M BBSW,3.338799999998944
2022-09-07,AUD,1Y,3M BBSW,3.435300000001297
2022-09-06,AUD,1Y,3M BBSW,3.391499999998487
2022-09-05,AUD,1Y,3M BBSW,3.4544178608636984
2022-09-02,AUD,1Y,3M BBSW,3.4113586772108286
2022-09-01,AUD,1Y,3M BBSW,3.459200000018724
2022-08-31,AUD,1Y,3M BBSW,3.408000000016305
2022-08-30,AUD,1Y,3M BBSW,3.456200000003625
2022-08-29,AUD,1Y,3M BBSW,3.5238000000647545
2022-08-26,AUD,1Y,3M BBSW,3.37033206367203
2022-08-25,AUD,1Y,3M BBSW,3.416846104642051
2022-08-24,AUD,1Y,3M BBSW,3.391000000001844
2022-08-23,AUD,1Y,3M BBSW,3.4545000000143515
2022-08-22,AUD,1Y,3M BBSW,3.3444999999973914
2022-08-19,AUD,1Y,3M BBSW,3.2700812851472425
2022-08-18,AUD,1Y,3M BBSW,3.253360888803981
2022-08-17,AUD,1Y,3M BBSW,3.211499999982191
2022-08-16,AUD,1Y,3M BBSW,3.2196999999926654
2022-08-15,AUD,1Y,3M BBSW,3.324799999983177
2022-08-12,AUD,1Y,3M BBSW,3.3245829506618114
2022-08-11,AUD,1Y,3M BBSW,3.3183554654567056
2022-08-10,AUD,1Y,3M BBSW,3.278999999985114
2022-08-09,AUD,1Y,3M BBSW,3.254299999985021
2022-08-08,AUD,1Y,3M BBSW,3.241799999998847
2022-08-05,AUD,1Y,3M BBSW,3.1918721843661264
2022-08-04,AUD,1Y,3M BBSW,3.091074875777831
2022-08-03,AUD,1Y,3M BBSW,3.041999999985465
2022-08-02,AUD,1Y,3M BBSW,3.070500000009282
2022-07-29,AUD,1Y,3M BBSW,3.007103331590808
2022-07-28,AUD,1Y,3M BBSW,3.095072957923799
2022-07-27,AUD,1Y,3M BBSW,3.2001999999919586
2022-07-26,AUD,1Y,3M BBSW,3.3497244606015784
2022-07-25,AUD,1Y,3M BBSW,3.302122848794021
2022-07-22,AUD,1Y,3M BBSW,3.2684458006324397
2022-07-21,AUD,1Y,3M BBSW,3.4246442757049778
2022-07-20,AUD,1Y,3M BBSW,3.430499999987401
2022-07-19,AUD,1Y,3M BBSW,3.3647000000035536
2022-07-18,AUD,1Y,3M BBSW,3.266000000006782
2022-07-15,AUD,1Y,3M BBSW,3.253818124068654
2022-07-14,AUD,1Y,3M BBSW,3.324578415786357
2022-07-13,AUD,1Y,3M BBSW,3.087499999998652
2022-07-12,AUD,1Y,3M BBSW,3.107000000002359
2022-07-11,AUD,1Y,3M BBSW,3.197800000001728
2022-07-08,AUD,1Y,3M BBSW,3.149034830761213
2022-07-07,AUD,1Y,3M BBSW,3.101898967053087
2022-07-06,AUD,1Y,3M BBSW,3.05719999999149
2022-07-05,AUD,1Y,3M BBSW,3.152800000001533
2022-07-04,AUD,1Y,3M BBSW,3.032500000001381
2022-07-01,AUD,1Y,3M BBSW,3.021692603702195
2022-06-30,AUD,1Y,3M BBSW,3.156794733808847
2022-06-29,AUD,1Y,3M BBSW,3.186700000084445
2022-06-28,AUD,1Y,3M BBSW,3.17019999999988
2022-06-27,AUD,1Y,3M BBSW,3.120733636329347
2022-06-24,AUD,1Y,3M BBSW,3.10101473692455
2022-06-23,AUD,1Y,3M BBSW,3.1866999999956986
2022-06-22,AUD,1Y,3M BBSW,3.225123999323623
2022-06-21,AUD,1Y,3M BBSW,3.398299999993179
2022-06-20,AUD,1Y,3M BBSW,3.507999999999704
2022-06-17,AUD,1Y,3M BBSW,3.5345533610531588
2022-06-16,AUD,1Y,3M BBSW,3.5347999999926225
2022-06-15,AUD,1Y,3M BBSW,3.505200000009031
2022-06-14,AUD,1Y,3M BBSW,3.371199999956477
2022-06-10,AUD,1Y,3M BBSW,3.0296449493699
2022-06-09,AUD,1Y,3M BBSW,2.897200000008918
2022-06-08,AUD,1Y,3M BBSW,2.897199999998412
2022-06-07,AUD,1Y,3M BBSW,2.704000000010811
2022-06-06,AUD,1Y,3M BBSW,2.610500000008956
2022-06-03,AUD,1Y,3M BBSW,2.616123408394334
2022-06-02,AUD,1Y,3M BBSW,2.626199999999202
2022-06-01,AUD,1Y,3M BBSW,2.537499999999009
2022-05-31,AUD,1Y,3M BBSW,2.487499999999307
2022-05-30,AUD,1Y,3M BBSW,2.411499999999423
2022-05-27,AUD,1Y,3M BBSW,2.40135608739736
2022-05-26,AUD,1Y,3M BBSW,2.355377155745992
2022-05-25,AUD,1Y,3M BBSW,2.325911177004922
2022-05-24,AUD,1Y,3M BBSW,2.365199999999349
2022-05-23,AUD,1Y,3M BBSW,2.333499999999471
2022-05-20,AUD,1Y,3M BBSW,2.300207289688164
2022-05-19,AUD,1Y,3M BBSW,2.415369664935577
2022-05-18,AUD,1Y,3M BBSW,2.47009864611138
2022-05-17,AUD,1Y,3M BBSW,2.441999999997362
2022-05-16,AUD,1Y,3M BBSW,2.360499999996151
2022-05-13,AUD,1Y,3M BBSW,2.357593678203719
2022-05-12,AUD,1Y,3M BBSW,2.434067642909577
2022-05-11,AUD,1Y,3M BBSW,2.424900174873502
2022-05-10,AUD,1Y,3M BBSW,2.43099999999538
2022-05-09,AUD,1Y,3M BBSW,2.503799999996646
2022-05-06,AUD,1Y,3M BBSW,2.51125287004834
2022-05-05,AUD,1Y,3M BBSW,2.44686578989194
2022-05-04,AUD,1Y,3M BBSW,2.509690933973487
2022-05-03,AUD,1Y,3M BBSW,2.154199999994809
2022-05-02,AUD,1Y,3M BBSW,2.118199999994848
2022-04-29,AUD,1Y,3M BBSW,2.123360532217594
2022-04-28,AUD,1Y,3M BBSW,2.074422366027572
2022-04-27,AUD,1Y,3M BBSW,2.000199999996551
2022-04-26,AUD,1Y,3M BBSW,1.868766759661308
2022-04-22,AUD,1Y,3M BBSW,1.8743316984382599
2022-04-21,AUD,1Y,3M BBSW,1.6317460736880447
2022-04-20,AUD,1Y,3M BBSW,1.603999999998058
2022-04-19,AUD,1Y,3M BBSW,1.518799999944858
2022-04-14,AUD,1Y,3M BBSW,1.496514023039462
2022-04-13,AUD,1Y,3M BBSW,1.474500000503128
2022-04-12,AUD,1Y,3M BBSW,1.497799999998386
2022-04-11,AUD,1Y,3M BBSW,1.515999999998249
2022-04-08,AUD,1Y,3M BBSW,1.486811091047065
2022-04-07,AUD,1Y,3M BBSW,1.448988789379589
2022-04-06,AUD,1Y,3M BBSW,1.523500000037695
2022-04-05,AUD,1Y,3M BBSW,1.20779999999986
2022-04-04,AUD,1Y,3M BBSW,1.249499999999848
2022-04-01,AUD,1Y,3M BBSW,1.251911365815616
2022-03-31,AUD,1Y,3M BBSW,1.200016352922509
2022-03-30,AUD,1Y,3M BBSW,1.234899999882628
2022-03-29,AUD,1Y,3M BBSW,1.285799999999752
2022-03-28,AUD,1Y,3M BBSW,1.242500000000012
2022-03-25,AUD,1Y,3M BBSW,1.182984178347269
2022-03-24,AUD,1Y,3M BBSW,1.104928005831393
2022-03-23,AUD,1Y,3M BBSW,1.131199999948563
2022-03-22,AUD,1Y,3M BBSW,1.049791753699177
2022-03-21,AUD,1Y,3M BBSW,0.9500000002440414
2022-03-18,AUD,1Y,3M BBSW,0.937359384012745
2022-03-17,AUD,1Y,3M BBSW,0.8877704625224189
2022-03-16,AUD,1Y,3M BBSW,0.8662000001756608
2022-03-15,AUD,1Y,3M BBSW,0.9097000000305534
2022-03-14,AUD,1Y,3M BBSW,0.8925000001912354
2022-03-11,AUD,1Y,3M BBSW,0.8806640666086281
2022-03-10,AUD,1Y,3M BBSW,0.8757718486706135
2022-03-09,AUD,1Y,3M BBSW,0.8890000003384191
2022-03-08,AUD,1Y,3M BBSW,0.8165000001584658
2022-03-07,AUD,1Y,3M BBSW,0.741800000121429
2022-03-04,AUD,1Y,3M BBSW,0.7081176105134548
2022-03-03,AUD,1Y,3M BBSW,0.6407834380346179
2022-03-02,AUD,1Y,3M BBSW,0.5840000000893506
2022-03-01,AUD,1Y,3M BBSW,0.5995000000916236
2022-02-28,AUD,1Y,3M BBSW,0.6049910865219006
2022-02-25,AUD,1Y,3M BBSW,0.6504488134526559
2022-02-24,AUD,1Y,3M BBSW,0.6375000001453375
2022-02-23,AUD,1Y,3M BBSW,0.6811999998254454
2022-02-22,AUD,1Y,3M BBSW,0.6842958721098455
2022-02-21,AUD,1Y,3M BBSW,0.668989538199874
2022-02-18,AUD,1Y,3M BBSW,0.6628801997100305
2022-02-17,AUD,1Y,3M BBSW,0.6581999998718325
2022-02-16,AUD,1Y,3M BBSW,0.7047999998436743
2022-02-15,AUD,1Y,3M BBSW,0.7118010641169417
2022-02-14,AUD,1Y,3M BBSW,0.6879940423723693
2022-02-11,AUD,1Y,3M BBSW,0.6743181839542179
2022-02-10,AUD,1Y,3M BBSW,0.6117999998836304
2022-02-09,AUD,1Y,3M BBSW,0.6171999998571702
2022-02-08,AUD,1Y,3M BBSW,0.6309964988658552
2022-02-07,AUD,1Y,3M BBSW,0.6021915526060604
2022-02-04,AUD,1Y,3M BBSW,0.5985305420914231
2022-02-03,AUD,1Y,3M BBSW,0.4989999999256148
2022-02-02,AUD,1Y,3M BBSW,0.510499999953216
2022-02-01,AUD,1Y,3M BBSW,0.5228959830388763
2022-01-31,AUD,1Y,3M BBSW,0.5722065746529545
2022-01-28,AUD,1Y,3M BBSW,0.5833131567495622
2022-01-27,AUD,1Y,3M BBSW,0.6329999998800646
2022-01-25,AUD,1Y,3M BBSW,0.576297146244396
2022-01-24,AUD,1Y,3M BBSW,0.5419932084984848
2022-01-21,AUD,1Y,3M BBSW,0.5293074892147066
2022-01-20,AUD,1Y,3M BBSW,0.5534999999220049
2022-01-19,AUD,1Y,3M BBSW,0.5389999998942102
2022-01-18,AUD,1Y,3M BBSW,0.51379768362537
2022-01-17,AUD,1Y,3M BBSW,0.4922943648716028
2022-01-14,AUD,1Y,3M BBSW,0.4925043964650447
2022-01-13,AUD,1Y,3M BBSW,0.45049999998281015
2022-01-12,AUD,1Y,3M BBSW,0.42949999995770505
2022-01-11,AUD,1Y,3M BBSW,0.4574999999319207
2022-01-10,AUD,1Y,3M BBSW,0.4544969725077237
2022-01-07,AUD,1Y,3M BBSW,0.4462603157307541
2022-01-06,AUD,1Y,3M BBSW,0.4424999999925134
2022-01-05,AUD,1Y,3M BBSW,0.418999999989712
2022-01-04,AUD,1Y,3M BBSW,0.41349999994361974
2021-12-31,AUD,1Y,3M BBSW,0.3928741931301636
2021-12-30,AUD,1Y,3M BBSW,0.3698000000578593
2021-12-29,AUD,1Y,3M BBSW,0.3537999999847982
2021-12-24,AUD,1Y,3M BBSW,0.3607508822726851
2021-12-23,AUD,1Y,3M BBSW,0.3649999999793627
2021-12-22,AUD,1Y,3M BBSW,0.3619982982264982
2021-12-21,AUD,1Y,3M BBSW,0.4061999999760635
2021-12-20,AUD,1Y,3M BBSW,0.4209984486366981
2021-12-17,AUD,1Y,3M BBSW,0.4435702853937601
2021-12-16,AUD,1Y,3M BBSW,0.4079999998437267
2021-12-15,AUD,1Y,3M BBSW,0.3489999998699488
2021-12-14,AUD,1Y,3M BBSW,0.3234999999620347
2021-12-13,AUD,1Y,3M BBSW,0.3371983029345625
2021-12-10,AUD,1Y,3M BBSW,0.3505794138212361
2021-12-09,AUD,1Y,3M BBSW,0.345999999972963
2021-12-08,AUD,1Y,3M BBSW,0.3544999999784158
2021-12-07,AUD,1Y,3M BBSW,0.3039999999853764
2021-12-06,AUD,1Y,3M BBSW,0.2939991298266414
2021-12-03,AUD,1Y,3M BBSW,0.296376188631001
2021-12-02,AUD,1Y,3M BBSW,0.3048000000053424
2021-12-01,AUD,1Y,3M BBSW,0.3035000000048589
2021-11-30,AUD,1Y,3M BBSW,0.2829994162051218
2021-11-29,AUD,1Y,3M BBSW,0.2969974880277309
2021-11-26,AUD,1Y,3M BBSW,0.2735015108794054
2021-11-25,AUD,1Y,3M BBSW,0.319999999983931
2021-11-24,AUD,1Y,3M BBSW,0.3045000000044144
2021-11-23,AUD,1Y,3M BBSW,0.333499999984655
2021-11-22,AUD,1Y,3M BBSW,0.3037992549594647
2021-11-19,AUD,1Y,3M BBSW,0.2869279564118521
2021-11-18,AUD,1Y,3M BBSW,0.2782000000196079
2021-11-17,AUD,1Y,3M BBSW,0.2958000000091925
2021-11-16,AUD,1Y,3M BBSW,0.3331999999729874
2021-11-15,AUD,1Y,3M BBSW,0.3220007363845281
2021-11-12,AUD,1Y,3M BBSW,0.3157700008907496
2021-11-11,AUD,1Y,3M BBSW,0.3170000000334461
2021-11-10,AUD,1Y,3M BBSW,0.2742000000174049
2021-11-09,AUD,1Y,3M BBSW,0.2714999999801203
2021-11-08,AUD,1Y,3M BBSW,0.2794993786981621
2021-11-05,AUD,1Y,3M BBSW,0.286927998226098
2021-11-04,AUD,1Y,3M BBSW,0.3155000000120128
2021-11-03,AUD,1Y,3M BBSW,0.2827999999795664
2021-11-02,AUD,1Y,3M BBSW,0.3607999999185624
2021-11-01,AUD,1Y,3M BBSW,0.4051964978177936
2021-10-29,AUD,1Y,3M BBSW,0.4256714536291204
2021-10-28,AUD,1Y,3M BBSW,0.5033000000778797
2021-10-27,AUD,1Y,3M BBSW,0.3148000000090106
2021-10-26,AUD,1Y,3M BBSW,0.2194995202265754
2021-10-25,AUD,1Y,3M BBSW,0.2176996344363559
2021-10-22,AUD,1Y,3M BBSW,0.2337195278530456
2021-10-21,AUD,1Y,3M BBSW,0.21880000000361327
2021-10-20,AUD,1Y,3M BBSW,0.20100000000497106
2021-10-19,AUD,1Y,3M BBSW,0.19649999999742576
2021-10-18,AUD,1Y,3M BBSW,0.20949966028830086
2021-10-15,AUD,1Y,3M BBSW,0.1410749708662714
2021-10-14,AUD,1Y,3M BBSW,0.1298000000015196
2021-10-13,AUD,1Y,3M BBSW,0.1288000000021417
2021-10-12,AUD,1Y,3M BBSW,0.1355000000032115
2021-10-11,AUD,1Y,3M BBSW,0.130200000003711
2021-10-08,AUD,1Y,3M BBSW,0.11855048171314009
2021-10-07,AUD,1Y,3M BBSW,8.62000000006819
2021-10-06,AUD,1Y,3M BBSW,7.17000000000207
2021-10-05,AUD,1Y,3M BBSW,7.17000000000429
2021-10-01,AUD,1Y,3M BBSW,7.40911320283154
2021-09-30,AUD,1Y,3M BBSW,7.3200000000044705
2021-09-29,AUD,1Y,3M BBSW,6.580000000012159
2021-09-28,AUD,1Y,3M BBSW,6.97999497537564
2021-09-27,AUD,1Y,3M BBSW,6.39998956763133
2021-09-24,AUD,1Y,3M BBSW,6.31540844376603
2021-09-23,AUD,1Y,3M BBSW,5.6500000000224695
2021-09-22,AUD,1Y,3M BBSW,5.06612450554656
2021-09-21,AUD,1Y,3M BBSW,4.95000000000512
2021-09-20,AUD,1Y,3M BBSW,4.94999802319047
2021-09-17,AUD,1Y,3M BBSW,4.9031415609831
2021-09-16,AUD,1Y,3M BBSW,4.50000000000432
2021-09-15,AUD,1Y,3M BBSW,4.20000000000655
2021-09-14,AUD,1Y,3M BBSW,4.65000000000232
2021-09-13,AUD,1Y,3M BBSW,4.89999423762366
2021-09-10,AUD,1Y,3M BBSW,4.72412191061279
2021-09-09,AUD,1Y,3M BBSW,4.90000000000066
2021-09-08,AUD,1Y,3M BBSW,4.77000000000213
2021-09-07,AUD,1Y,3M BBSW,4.90000000000514
2021-09-06,AUD,1Y,3M BBSW,4.87999807870679
2021-09-03,AUD,1Y,3M BBSW,4.87330495110002
2021-09-02,AUD,1Y,3M BBSW,4.80000000000424
2021-09-01,AUD,1Y,3M BBSW,4.73000000000237
2021-08-31,AUD,1Y,3M BBSW,4.480000000004019
2021-08-30,AUD,1Y,3M BBSW,4.92000000000297
2021-08-27,AUD,1Y,3M BBSW,4.82357075350301
2021-08-26,AUD,1Y,3M BBSW,4.79999638787254
2021-08-25,AUD,1Y,3M BBSW,4.50000000000182
2021-08-24,AUD,1Y,3M BBSW,4.48000000000767
2021-08-23,AUD,1Y,3M BBSW,4.22000000000852
2021-08-20,AUD,1Y,3M BBSW,3.5306542729661703
2021-08-19,AUD,1Y,3M BBSW,4.01999746647341
2021-08-18,AUD,1Y,3M BBSW,4.12000000000446
2021-08-17,AUD,1Y,3M BBSW,4.420000000004
2021-08-16,AUD,1Y,3M BBSW,4.62000000000101
2021-08-13,AUD,1Y,3M BBSW,5.37057295247073
2021-08-12,AUD,1Y,3M BBSW,5.149995841867079
2021-08-11,AUD,1Y,3M BBSW,5.800000000016589
2021-08-10,AUD,1Y,3M BBSW,5.65000000002067
2021-08-09,AUD,1Y,3M BBSW,5.600000000021101
2021-08-06,AUD,1Y,3M BBSW,5.24128136386213
2021-08-05,AUD,1Y,3M BBSW,5.299995596101461
2021-08-04,AUD,1Y,3M BBSW,4.949999999996481
2021-08-03,AUD,1Y,3M BBSW,4.87000000000216
2021-07-30,AUD,1Y,3M BBSW,5.384751106911881
2021-07-29,AUD,1Y,3M BBSW,5.77999478308607
2021-07-28,AUD,1Y,3M BBSW,5.97000000002033
2021-07-27,AUD,1Y,3M BBSW,6.48000000009349
2021-07-26,AUD,1Y,3M BBSW,6.429996682607291
2021-07-23,AUD,1Y,3M BBSW,6.365110095910111
2021-07-22,AUD,1Y,3M BBSW,6.719992896109001
2021-07-21,AUD,1Y,3M BBSW,6.580000000080299
2021-07-20,AUD,1Y,3M BBSW,6.58000000984388
2021-07-19,AUD,1Y,3M BBSW,7.50000000010412
2021-07-16,AUD,1Y,3M BBSW,7.7574751498104
2021-07-15,AUD,1Y,3M BBSW,7.019997992632129
2021-07-14,AUD,1Y,3M BBSW,6.7500000000106
2021-07-13,AUD,1Y,3M BBSW,6.430000000012289
2021-07-12,AUD,1Y,3M BBSW,6.100000000065149
2021-07-09,AUD,1Y,3M BBSW,6.73309936510668
2021-07-08,AUD,1Y,3M BBSW,7.349991393453539
2021-07-07,AUD,1Y,3M BBSW,7.7500000000015
2021-07-06,AUD,1Y,3M BBSW,7.60000000000593
2021-07-05,AUD,1Y,3M BBSW,7.15000000000722
2021-07-02,AUD,1Y,3M BBSW,7.01156531109074
2021-07-01,AUD,1Y,3M BBSW,7.47998672813915
2021-06-30,AUD,1Y,3M BBSW,7.999995489198939
2021-06-29,AUD,1Y,3M BBSW,8.3500000005527
2021-06-28,AUD,1Y,3M BBSW,8.56999431729562
2021-06-25,AUD,1Y,3M BBSW,8.57301082127226
2021-06-24,AUD,1Y,3M BBSW,7.40000000009729
2021-06-23,AUD,1Y,3M BBSW,6.98000000000965
2021-06-22,AUD,1Y,3M BBSW,6.720000000012299
2021-06-21,AUD,1Y,3M BBSW,7.52000000009741
2021-06-18,AUD,1Y,3M BBSW,6.58392268841963
2021-06-17,AUD,1Y,3M BBSW,5.630000000113459
2021-06-16,AUD,1Y,3M BBSW,4.85000000843068
2021-06-15,AUD,1Y,3M BBSW,4.87000000046158
2021-06-11,AUD,1Y,3M BBSW,4.90964913027809
2021-06-10,AUD,1Y,3M BBSW,4.970000000090831
2021-06-09,AUD,1Y,3M BBSW,4.72000000871834
2021-06-08,AUD,1Y,3M BBSW,4.7000000021791
2021-06-07,AUD,1Y,3M BBSW,4.9500000001008795
2021-06-04,AUD,1Y,3M BBSW,4.92302392896104
2021-06-03,AUD,1Y,3M BBSW,5.00000000300256
2021-06-02,AUD,1Y,3M BBSW,5.4700000075249005
2021-06-01,AUD,1Y,3M BBSW,6.0800000001343095
2021-05-31,AUD,1Y,3M BBSW,6.320000000443569
2021-05-28,AUD,1Y,3M BBSW,6.4347457321887305
2021-05-27,AUD,1Y,3M BBSW,6.24998978099526
2021-05-26,AUD,1Y,3M BBSW,6.4199907415919295
2021-05-25,AUD,1Y,3M BBSW,6.22000000014579
2021-05-24,AUD,1Y,3M BBSW,6.20000000015063
2021-05-21,AUD,1Y,3M BBSW,6.1164865746182
2021-05-20,AUD,1Y,3M BBSW,6.66998915956361
2021-05-19,AUD,1Y,3M BBSW,6.649990669708861
2021-05-18,AUD,1Y,3M BBSW,6.5800000001491705
2021-05-17,AUD,1Y,3M BBSW,6.770000004489921
2021-05-14,AUD,1Y,3M BBSW,6.81964653189374
2021-05-13,AUD,1Y,3M BBSW,6.749988660164
2021-05-12,AUD,1Y,3M BBSW,6.719991207537319
2021-05-11,AUD,1Y,3M BBSW,6.72000000015143
2021-05-10,AUD,1Y,3M BBSW,6.950000000161791
2021-05-07,AUD,1Y,3M BBSW,6.8325626335504595
2021-05-06,AUD,1Y,3M BBSW,6.76998832938213
2021-05-05,AUD,1Y,3M BBSW,7.14998950336994
2021-05-04,AUD,1Y,3M BBSW,7.20000000014441
2021-05-03,AUD,1Y,3M BBSW,7.15000000016376
2021-04-30,AUD,1Y,3M BBSW,7.09944274449352
2021-04-29,AUD,1Y,3M BBSW,7.049989759720369
2021-04-28,AUD,1Y,3M BBSW,7.05000000012341
2021-04-27,AUD,1Y,3M BBSW,7.800000000764309
2021-04-26,AUD,1Y,3M BBSW,7.7199936098442805
2021-04-23,AUD,1Y,3M BBSW,7.65707340784845
2021-04-22,AUD,1Y,3M BBSW,7.749988373596279
2021-04-21,AUD,1Y,3M BBSW,8.17000000017751
2021-04-20,AUD,1Y,3M BBSW,8.280000000178871
2021-04-19,AUD,1Y,3M BBSW,7.920000004608781
2021-04-16,AUD,1Y,3M BBSW,8.05381339241677
2021-04-15,AUD,1Y,3M BBSW,7.67440570929024
2021-04-14,AUD,1Y,3M BBSW,7.55000000019236
2021-04-13,AUD,1Y,3M BBSW,7.38000000017089
2021-04-12,AUD,1Y,3M BBSW,7.20000000016634
2021-04-09,AUD,1Y,3M BBSW,7.53869249285874
2021-04-08,AUD,1Y,3M BBSW,7.59998780591186
2021-04-07,AUD,1Y,3M BBSW,7.7199999982337495
2021-04-06,AUD,1Y,3M BBSW,7.330000000176461
2021-04-01,AUD,1Y,3M BBSW,7.97998066103426
2021-03-31,AUD,1Y,3M BBSW,7.850000003213959
2021-03-30,AUD,1Y,3M BBSW,7.68000000169688
2021-03-29,AUD,1Y,3M BBSW,6.450000000891121
2021-03-26,AUD,1Y,3M BBSW,5.88772955918526
2021-03-25,AUD,1Y,3M BBSW,5.8999812159830505
2021-03-24,AUD,1Y,3M BBSW,5.55000000012614
2021-03-23,AUD,1Y,3M BBSW,5.82000000014668
2021-03-22,AUD,1Y,3M BBSW,6.45000000796498
2021-03-19,AUD,1Y,3M BBSW,6.4148479662052695
2021-03-18,AUD,1Y,3M BBSW,6.9199832587920795
2021-03-17,AUD,1Y,3M BBSW,6.55000000014623
2021-03-16,AUD,1Y,3M BBSW,6.95000000014791
2021-03-15,AUD,1Y,3M BBSW,7.720000000577159
2021-03-12,AUD,1Y,3M BBSW,7.65803034372111
2021-03-11,AUD,1Y,3M BBSW,6.679984247745691
2021-03-10,AUD,1Y,3M BBSW,6.580000000402229
2021-03-09,AUD,1Y,3M BBSW,7.200000000168109
2021-03-08,AUD,1Y,3M BBSW,7.650000000174869
2021-03-05,AUD,1Y,3M BBSW,8.17520039353616
2021-03-04,AUD,1Y,3M BBSW,8.49997216962272
2021-03-03,AUD,1Y,3M BBSW,5.93000000010453
2021-03-02,AUD,1Y,3M BBSW,6.1500000001223
2021-03-01,AUD,1Y,3M BBSW,7.1500000001581
2021-02-26,AUD,1Y,3M BBSW,8.70233593626267
2021-02-25,AUD,1Y,3M BBSW,5.5000000001180105
2021-02-24,AUD,1Y,3M BBSW,3.5500000000654097
2021-02-23,AUD,1Y,3M BBSW,3.09999901679958
2021-02-22,AUD,1Y,3M BBSW,4.26999536607471
2021-02-19,AUD,1Y,3M BBSW,3.9782067045218
2021-02-18,AUD,1Y,3M BBSW,3.05000000401386
2021-02-17,AUD,1Y,3M BBSW,3.02000000003434
2021-02-16,AUD,1Y,3M BBSW,2.81999925842178
2021-02-15,AUD,1Y,3M BBSW,2.54999979197489
2021-02-12,AUD,1Y,3M BBSW,2.53610544312457
2021-02-11,AUD,1Y,3M BBSW,2.34999997966656
2021-02-10,AUD,1Y,3M BBSW,2.34999997775563
2021-02-09,AUD,1Y,3M BBSW,2.21999952872333
2021-02-08,AUD,1Y,3M BBSW,2.21999877421025
2021-02-05,AUD,1Y,3M BBSW,2.20790326527893
2021-02-04,AUD,1Y,3M BBSW,2.19999998336599
2021-02-03,AUD,1Y,3M BBSW,2.17999998120534
2021-02-02,AUD,1Y,3M BBSW,2.3199992052047502
2021-02-01,AUD,1Y,3M BBSW,2.4499981733414398
2021-01-29,AUD,1Y,3M BBSW,2.28746769023999
2021-01-28,AUD,1Y,3M BBSW,2.28000000094312
2021-01-27,AUD,1Y,3M BBSW,2.42999998598638
2021-01-25,AUD,1Y,3M BBSW,2.37999912194249
2021-01-22,AUD,1Y,3M BBSW,2.3670317338125804
2021-01-21,AUD,1Y,3M BBSW,2.19999997977747
2021-01-20,AUD,1Y,3M BBSW,2.16999998330059
2021-01-19,AUD,1Y,3M BBSW,2.32000000035877
2021-01-18,AUD,1Y,3M BBSW,2.27999920009006
2021-01-15,AUD,1Y,3M BBSW,2.2904229803574703
2021-01-14,AUD,1Y,3M BBSW,2.25000000013041
2021-01-13,AUD,1Y,3M BBSW,2.24999998476908
2021-01-12,AUD,1Y,3M BBSW,2.27999998019198
2021-01-11,AUD,1Y,3M BBSW,2.34999915256019
2021-01-08,AUD,1Y,3M BBSW,2.66539738746417
2021-01-07,AUD,1Y,3M BBSW,2.6799999884991004
2021-01-06,AUD,1Y,3M BBSW,2.34999998642737
2021-01-05,AUD,1Y,3M BBSW,2.27999950798599
2021-01-04,AUD,1Y,3M BBSW,2.06999846605143
2020-12-31,AUD,1Y,3M BBSW,2.50000000629968
2020-12-30,AUD,1Y,3M BBSW,2.50000000010998
2020-12-29,AUD,1Y,3M BBSW,2.27999998261219
2020-12-24,AUD,1Y,3M BBSW,2.00000000000328
2020-12-23,AUD,1Y,3M BBSW,1.9199999890130701
2020-12-22,AUD,1Y,3M BBSW,1.9799999864829598
2020-12-21,AUD,1Y,3M BBSW,3.04999917533899
2020-12-18,AUD,1Y,3M BBSW,3.0632155040077502
2020-12-17,AUD,1Y,3M BBSW,3.29999998091128
2020-12-16,AUD,1Y,3M BBSW,3.39999997799961
2020-12-15,AUD,1Y,3M BBSW,3.39999998993017
2020-12-14,AUD,1Y,3M BBSW,3.5199981584137903
2020-12-11,AUD,1Y,3M BBSW,3.50081788745671
2020-12-10,AUD,1Y,3M BBSW,3.51999998661371
2020-12-09,AUD,1Y,3M BBSW,3.57999998333042
2020-12-08,AUD,1Y,3M BBSW,3.3199999845963704
2020-12-07,AUD,1Y,3M BBSW,3.31999903250633
2020-12-04,AUD,1Y,3M BBSW,3.2820167268956704
2020-12-03,AUD,1Y,3M BBSW,3.2799999872596497
2020-12-02,AUD,1Y,3M BBSW,3.29999998616197
2020-12-01,AUD,1Y,3M BBSW,3.29999998396134
2020-11-30,AUD,1Y,3M BBSW,3.09999984091442
2020-11-27,AUD,1Y,3M BBSW,2.5361027142442207
2020-11-26,AUD,1Y,3M BBSW,2.5200000000003304
2020-11-25,AUD,1Y,3M BBSW,3.2199999916833804
2020-11-24,AUD,1Y,3M BBSW,3.2199999858959596
2020-11-23,AUD,1Y,3M BBSW,2.31999956123097
2020-11-20,AUD,1Y,3M BBSW,2.3073570866298803
2020-11-19,AUD,1Y,3M BBSW,2.3000000000023597
2020-11-18,AUD,1Y,3M BBSW,2.5299999896941703
2020-11-17,AUD,1Y,3M BBSW,2.4499999829589303
2020-11-16,AUD,1Y,3M BBSW,2.44999953017199
2020-11-13,AUD,1Y,3M BBSW,2.60572231573483
2020-11-12,AUD,1Y,3M BBSW,2.5999999891044
2020-11-11,AUD,1Y,3M BBSW,3.37999998726246
2020-11-10,AUD,1Y,3M BBSW,2.26999999269204
2020-11-09,AUD,1Y,3M BBSW,1.34999985307349
2020-11-06,AUD,1Y,3M BBSW,1.3426430975285002
2020-11-05,AUD,1Y,3M BBSW,1.34999999370968
2020-11-04,AUD,1Y,3M BBSW,1.44999999441276
2020-11-03,AUD,1Y,3M BBSW,1.8199999968357
2020-11-02,AUD,1Y,3M BBSW,3.54999777321618
2020-10-30,AUD,1Y,3M BBSW,3.45947748598932
2020-10-29,AUD,1Y,3M BBSW,3.47999999364152
2020-10-28,AUD,1Y,3M BBSW,3.47999999409844
2020-10-27,AUD,1Y,3M BBSW,3.19999998638808
2020-10-26,AUD,1Y,3M BBSW,3.1999991926442197
2020-10-23,AUD,1Y,3M BBSW,3.4013631105626803
2020-10-22,AUD,1Y,3M BBSW,3.3199999879916002
2020-10-21,AUD,1Y,3M BBSW,3.57999999320648
2020-10-20,AUD,1Y,3M BBSW,4.31999999020975
2020-10-19,AUD,1Y,3M BBSW,6.49999999955137
2020-10-16,AUD,1Y,3M BBSW,6.36512530715279
2020-10-15,AUD,1Y,3M BBSW,6.89999999724723
2020-10-14,AUD,1Y,3M BBSW,7.34999999945449
2020-10-13,AUD,1Y,3M BBSW,6.9500000094965095
2020-10-12,AUD,1Y,3M BBSW,7.62000000272929
2020-10-09,AUD,1Y,3M BBSW,6.812673319330111
2020-10-08,AUD,1Y,3M BBSW,6.51999998112978
2020-10-07,AUD,1Y,3M BBSW,6.320000008094951
2020-10-06,AUD,1Y,3M BBSW,7.320000006206249
2020-10-02,AUD,1Y,3M BBSW,7.48844639504597
2020-10-01,AUD,1Y,3M BBSW,8.39998394704687
2020-09-30,AUD,1Y,3M BBSW,7.880000000151199
2020-09-29,AUD,1Y,3M BBSW,7.55000000002007
2020-09-28,AUD,1Y,3M BBSW,7.31999257366618
2020-09-25,AUD,1Y,3M BBSW,7.24032356221343
2020-09-24,AUD,1Y,3M BBSW,6.85000000001604
2020-09-23,AUD,1Y,3M BBSW,6.799999983646759
2020-09-22,AUD,1Y,3M BBSW,9.34999999775081
2020-09-21,AUD,1Y,3M BBSW,9.04999421397583
2020-09-18,AUD,1Y,3M BBSW,9.26922972858651
2020-09-17,AUD,1Y,3M BBSW,9.32000000002548
2020-09-16,AUD,1Y,3M BBSW,9.0500000000214
2020-09-15,AUD,1Y,3M BBSW,9.38000000148337
2020-09-14,AUD,1Y,3M BBSW,9.81998532182587
2020-09-11,AUD,1Y,3M BBSW,0.1049253061313499
2020-09-10,AUD,1Y,3M BBSW,0.103000000001029
2020-09-09,AUD,1Y,3M BBSW,0.10550000000026369
2020-09-08,AUD,1Y,3M BBSW,0.105500000084021
2020-09-07,AUD,1Y,3M BBSW,9.94999300063668
2020-09-04,AUD,1Y,3M BBSW,0.10393075768121769
2020-09-03,AUD,1Y,3M BBSW,9.880000000136201
2020-09-02,AUD,1Y,3M BBSW,0.1090000000653793
2020-09-01,AUD,1Y,3M BBSW,0.1240000000004955
2020-08-31,AUD,1Y,3M BBSW,0.1138001865870257
2020-08-28,AUD,1Y,3M BBSW,0.1059198732693056
2020-08-27,AUD,1Y,3M BBSW,0.1112000860113857
2020-08-26,AUD,1Y,3M BBSW,0.111499999834113
2020-08-25,AUD,1Y,3M BBSW,0.11249999999747219
2020-08-24,AUD,1Y,3M BBSW,0.1197999998450136
2020-08-21,AUD,1Y,3M BBSW,0.1168596775765026
2020-08-20,AUD,1Y,3M BBSW,0.1219998001018136
2020-08-19,AUD,1Y,3M BBSW,0.1265000001222604
2020-08-18,AUD,1Y,3M BBSW,0.1261999999228998
2020-08-17,AUD,1Y,3M BBSW,0.1258000000507318
2020-08-14,AUD,1Y,3M BBSW,0.1316764470934893
2020-08-13,AUD,1Y,3M BBSW,0.1281997807228586
2020-08-12,AUD,1Y,3M BBSW,0.1279999998300161
2020-08-11,AUD,1Y,3M BBSW,0.1234999999246568
2020-08-10,AUD,1Y,3M BBSW,0.1258000000006025
2020-08-07,AUD,1Y,3M BBSW,0.1253133522348563
2020-08-06,AUD,1Y,3M BBSW,0.1271997846839061
2020-08-05,AUD,1Y,3M BBSW,0.1267999998491167
2020-08-04,AUD,1Y,3M BBSW,0.1267999999924853
2020-07-31,AUD,1Y,3M BBSW,0.1350702269194363
2020-07-30,AUD,1Y,3M BBSW,0.1335001244140349
2020-07-29,AUD,1Y,3M BBSW,0.133500000037498
2020-07-28,AUD,1Y,3M BBSW,0.1400000000035987
2020-07-27,AUD,1Y,3M BBSW,0.1390000000004276
2020-07-24,AUD,1Y,3M BBSW,0.1377449701591621
2020-07-23,AUD,1Y,3M BBSW,0.1381997424932196
2020-07-22,AUD,1Y,3M BBSW,0.1365000000003391
2020-07-21,AUD,1Y,3M BBSW,0.1318000000455007
2020-07-20,AUD,1Y,3M BBSW,0.1320000000104362
2020-07-17,AUD,1Y,3M BBSW,0.1314793286723559
2020-07-16,AUD,1Y,3M BBSW,0.1309997683737837
2020-07-15,AUD,1Y,3M BBSW,0.1416999999992632
2020-07-14,AUD,1Y,3M BBSW,0.1385000000184852
2020-07-13,AUD,1Y,3M BBSW,0.1282000000594203
2020-07-10,AUD,1Y,3M BBSW,0.1237218641913666
2020-07-09,AUD,1Y,3M BBSW,0.1287997767539735
2020-07-08,AUD,1Y,3M BBSW,0.1289999999326194
2020-07-07,AUD,1Y,3M BBSW,0.1345000000004575
2020-07-06,AUD,1Y,3M BBSW,0.1368000000005302
2020-07-03,AUD,1Y,3M BBSW,0.1380430648171299
2020-07-02,AUD,1Y,3M BBSW,0.1384991377675899
2020-07-01,AUD,1Y,3M BBSW,0.1439995821654435
2020-06-30,AUD,1Y,3M BBSW,0.1442999761420049
2020-06-29,AUD,1Y,3M BBSW,0.1462000000004553
2020-06-26,AUD,1Y,3M BBSW,0.1474915385165261
2020-06-25,AUD,1Y,3M BBSW,0.1489994131169802
2020-06-24,AUD,1Y,3M BBSW,0.1502000000723469
2020-06-23,AUD,1Y,3M BBSW,0.1500000000009826
2020-06-22,AUD,1Y,3M BBSW,0.1470000000006365
2020-06-19,AUD,1Y,3M BBSW,0.1463976856192601
2020-06-18,AUD,1Y,3M BBSW,0.146700000000512
2020-06-17,AUD,1Y,3M BBSW,0.1451999999399166
2020-06-16,AUD,1Y,3M BBSW,0.1561999998815417
2020-06-15,AUD,1Y,3M BBSW,0.167800000093625
2020-06-12,AUD,1Y,3M BBSW,0.1698044746688151
2020-06-11,AUD,1Y,3M BBSW,0.1678000000784996
2020-06-10,AUD,1Y,3M BBSW,0.1743000001265999
2020-06-09,AUD,1Y,3M BBSW,0.1800000000021145
2020-06-05,AUD,1Y,3M BBSW,0.1765324993543937
2020-06-04,AUD,1Y,3M BBSW,0.1644999999990966
2020-06-03,AUD,1Y,3M BBSW,0.1668000001973316
2020-06-02,AUD,1Y,3M BBSW,0.1647000000815208
2020-06-01,AUD,1Y,3M BBSW,0.1685000000034592
2020-05-29,AUD,1Y,3M BBSW,0.1735496408520546
2020-05-28,AUD,1Y,3M BBSW,0.1665000652523247
2020-05-27,AUD,1Y,3M BBSW,0.1620002132448273
2020-05-26,AUD,1Y,3M BBSW,0.1618000000009781
2020-05-25,AUD,1Y,3M BBSW,0.1739999999179262
2020-05-22,AUD,1Y,3M BBSW,0.1730517999100799
2020-05-21,AUD,1Y,3M BBSW,0.1381995934092706
2020-05-20,AUD,1Y,3M BBSW,0.1377997134124984
2020-05-19,AUD,1Y,3M BBSW,0.1392000000005496
2020-05-18,AUD,1Y,3M BBSW,0.1277000000657075
2020-05-15,AUD,1Y,3M BBSW,0.1239877058384686
2020-05-14,AUD,1Y,3M BBSW,0.11549998740363498
2020-05-13,AUD,1Y,3M BBSW,0.1189997854472057
2020-05-12,AUD,1Y,3M BBSW,0.1271999998089339
2020-05-11,AUD,1Y,3M BBSW,0.1308000000016826
2020-05-08,AUD,1Y,3M BBSW,0.1394359870698119
2020-05-07,AUD,1Y,3M BBSW,0.1579994676245436
2020-05-06,AUD,1Y,3M BBSW,0.1649996089585444
2020-05-05,AUD,1Y,3M BBSW,0.1628000000183971
2020-05-04,AUD,1Y,3M BBSW,0.164200000000856
2020-05-01,AUD,1Y,3M BBSW,0.166388136589763
2020-04-30,AUD,1Y,3M BBSW,0.1717002383303741
2020-04-29,AUD,1Y,3M BBSW,0.1902000000030105
2020-04-28,AUD,1Y,3M BBSW,0.1856999998546462
2020-04-27,AUD,1Y,3M BBSW,0.1900000000006264
2020-04-24,AUD,1Y,3M BBSW,0.1867765785421436
2020-04-23,AUD,1Y,3M BBSW,0.1969994041688044
2020-04-22,AUD,1Y,3M BBSW,0.20400000007284003
2020-04-21,AUD,1Y,3M BBSW,0.1991000000700203
2020-04-20,AUD,1Y,3M BBSW,0.1995000000010779
2020-04-17,AUD,1Y,3M BBSW,0.2001035562817693
2020-04-16,AUD,1Y,3M BBSW,0.2121993251843063
2020-04-15,AUD,1Y,3M BBSW,0.2287999998507386
2020-04-14,AUD,1Y,3M BBSW,0.24379999999939267
2020-04-09,AUD,1Y,3M BBSW,0.2749988834941947
2020-04-08,AUD,1Y,3M BBSW,0.2787999999094188
2020-04-07,AUD,1Y,3M BBSW,0.2729999999982212
2020-04-06,AUD,1Y,3M BBSW,0.2771999999991933
2020-04-03,AUD,1Y,3M BBSW,0.2785111858720556
2020-04-02,AUD,1Y,3M BBSW,0.2846824858570778
2020-04-01,AUD,1Y,3M BBSW,0.3079981012955149
2020-03-31,AUD,1Y,3M BBSW,0.3374999999988248
2020-03-30,AUD,1Y,3M BBSW,0.3451999999993502
2020-03-27,AUD,1Y,3M BBSW,0.3603238711006848
2020-03-26,AUD,1Y,3M BBSW,0.3811951919628506
2020-03-25,AUD,1Y,3M BBSW,0.4271950886865744
2020-03-24,AUD,1Y,3M BBSW,0.4222999999924721
2020-03-23,AUD,1Y,3M BBSW,0.4099999999958484
2020-03-20,AUD,1Y,3M BBSW,0.4282522092105331
2020-03-19,AUD,1Y,3M BBSW,0.4671940119043674
2020-03-18,AUD,1Y,3M BBSW,0.4987999999905352
2020-03-17,AUD,1Y,3M BBSW,0.4789999999762657
2020-03-16,AUD,1Y,3M BBSW,0.47869999998906554
2020-03-13,AUD,1Y,3M BBSW,0.5755441361374517
2020-03-12,AUD,1Y,3M BBSW,0.4989933207174786
2020-03-11,AUD,1Y,3M BBSW,0.4969999999830696
2020-03-10,AUD,1Y,3M BBSW,0.5074999999259742
2020-03-09,AUD,1Y,3M BBSW,0.526199999992051
2020-03-06,AUD,1Y,3M BBSW,0.49428834672045885
2020-03-05,AUD,1Y,3M BBSW,0.4489946349523065
2020-03-04,AUD,1Y,3M BBSW,0.4244999999959673
2020-03-03,AUD,1Y,3M BBSW,0.47649999999056436
2020-03-02,AUD,1Y,3M BBSW,0.468799999991687
2020-02-28,AUD,1Y,3M BBSW,0.5064591560226893
2020-02-27,AUD,1Y,3M BBSW,0.6430528847826738
2020-02-26,AUD,1Y,3M BBSW,0.6660999999804417
2020-02-25,AUD,1Y,3M BBSW,0.694999999978017
2020-02-24,AUD,1Y,3M BBSW,0.6934967842949012
2020-02-21,AUD,1Y,3M BBSW,0.7005844536214806
2020-02-20,AUD,1Y,3M BBSW,0.7270378358300658
2020-02-19,AUD,1Y,3M BBSW,0.7629999999714792
2020-02-18,AUD,1Y,3M BBSW,0.7617999999900368
2020-02-17,AUD,1Y,3M BBSW,0.7809958955477879
2020-02-14,AUD,1Y,3M BBSW,0.778583195427843
2020-02-13,AUD,1Y,3M BBSW,0.7862163239770882
2020-02-12,AUD,1Y,3M BBSW,0.7839999999726275
2020-02-11,AUD,1Y,3M BBSW,0.7687999999647908
2020-02-10,AUD,1Y,3M BBSW,0.7562961734605571
2020-02-07,AUD,1Y,3M BBSW,0.7731859075380435
2020-02-06,AUD,1Y,3M BBSW,0.7899958654195488
2020-02-05,AUD,1Y,3M BBSW,0.7422999999885511
2020-02-04,AUD,1Y,3M BBSW,0.6449999999883698
2020-02-03,AUD,1Y,3M BBSW,0.6542941583971663
2020-01-31,AUD,1Y,3M BBSW,0.6776971203476457
2020-01-30,AUD,1Y,3M BBSW,0.6984033550855511
2020-01-29,AUD,1Y,3M BBSW,0.7311999999706547
2020-01-28,AUD,1Y,3M BBSW,0.686999999982179
2020-01-24,AUD,1Y,3M BBSW,0.7313002943878402
2020-01-23,AUD,1Y,3M BBSW,0.7464325312202695
2020-01-22,AUD,1Y,3M BBSW,0.7049999999840014
2020-01-21,AUD,1Y,3M BBSW,0.7224999999439492
2020-01-20,AUD,1Y,3M BBSW,0.7346999999560146
2020-01-17,AUD,1Y,3M BBSW,0.7339927990290904
2020-01-16,AUD,1Y,3M BBSW,0.7417580992693191
2020-01-15,AUD,1Y,3M BBSW,0.7608000000007831
2020-01-14,AUD,1Y,3M BBSW,0.7687999998249355
2020-01-13,AUD,1Y,3M BBSW,0.7810959141569249
2020-01-10,AUD,1Y,3M BBSW,0.7623994592607642
2020-01-09,AUD,1Y,3M BBSW,0.7472283185537401
2020-01-08,AUD,1Y,3M BBSW,0.7348999999650184
2020-01-07,AUD,1Y,3M BBSW,0.7639999999642513
2020-01-06,AUD,1Y,3M BBSW,0.7671999999582753
2020-01-03,AUD,1Y,3M BBSW,0.7773700912343643
2020-01-02,AUD,1Y,3M BBSW,0.8403229546245765
2019-12-31,AUD,1Y,3M BBSW,0.838799999760953
2019-12-30,AUD,1Y,3M BBSW,0.8324999999391763
2019-12-27,AUD,1Y,3M BBSW,0.8336446933445967
2019-12-24,AUD,1Y,3M BBSW,0.8281999999370376
2019-12-23,AUD,1Y,3M BBSW,0.8224999999493933
2019-12-20,AUD,1Y,3M BBSW,0.8100799331891336
2019-12-19,AUD,1Y,3M BBSW,0.7521936158972078
2019-12-18,AUD,1Y,3M BBSW,0.7187999999665049
2019-12-17,AUD,1Y,3M BBSW,0.7380000000168301
2019-12-16,AUD,1Y,3M BBSW,0.7486999999664876
2019-12-13,AUD,1Y,3M BBSW,0.746654385092109
2019-12-12,AUD,1Y,3M BBSW,0.717085168977178
2019-12-11,AUD,1Y,3M BBSW,0.7451999999722076
2019-12-10,AUD,1Y,3M BBSW,0.7401999999689164
2019-12-09,AUD,1Y,3M BBSW,0.7608000000005101
2019-12-06,AUD,1Y,3M BBSW,0.7542298476382575
2019-12-05,AUD,1Y,3M BBSW,0.7531883442596375
2019-12-04,AUD,1Y,3M BBSW,0.7734999999814786
2019-12-03,AUD,1Y,3M BBSW,0.7819999999187591
2019-12-02,AUD,1Y,3M BBSW,0.7497999999757601
2019-11-29,AUD,1Y,3M BBSW,0.7419747084218806
2019-11-28,AUD,1Y,3M BBSW,0.7300215521278772
2019-11-27,AUD,1Y,3M BBSW,0.7629999999736501
2019-11-26,AUD,1Y,3M BBSW,0.7806999999753407
2019-11-25,AUD,1Y,3M BBSW,0.7849999999709132
2019-11-22,AUD,1Y,3M BBSW,0.7840475186589736
2019-11-21,AUD,1Y,3M BBSW,0.7725904716768657
2019-11-20,AUD,1Y,3M BBSW,0.7754999999651967
2019-11-19,AUD,1Y,3M BBSW,0.7861999999764436
2019-11-18,AUD,1Y,3M BBSW,0.8179999999683842
2019-11-15,AUD,1Y,3M BBSW,0.8191957409251525
2019-11-14,AUD,1Y,3M BBSW,0.8249893653612071
2019-11-13,AUD,1Y,3M BBSW,0.8596999999348907
2019-11-12,AUD,1Y,3M BBSW,0.8694999998942046
2019-11-11,AUD,1Y,3M BBSW,0.870999999952295
2019-11-08,AUD,1Y,3M BBSW,0.873599965987151
2019-11-07,AUD,1Y,3M BBSW,0.8814989059089229
2019-11-06,AUD,1Y,3M BBSW,0.8996999999380646
2019-11-05,AUD,1Y,3M BBSW,0.9014999998904532
2019-11-04,AUD,1Y,3M BBSW,0.8859999999554631
2019-11-01,AUD,1Y,3M BBSW,0.8942378344367268
2019-10-31,AUD,1Y,3M BBSW,0.8688663501881362
2019-10-30,AUD,1Y,3M BBSW,0.8459999997847082
2019-10-29,AUD,1Y,3M BBSW,0.8442999999265473
2019-10-28,AUD,1Y,3M BBSW,0.8107999999653608
2019-10-25,AUD,1Y,3M BBSW,0.7853315249596808
2019-10-24,AUD,1Y,3M BBSW,0.8049147970571116
2019-10-23,AUD,1Y,3M BBSW,0.8191999999745424
2019-10-22,AUD,1Y,3M BBSW,0.8344999999664722
2019-10-21,AUD,1Y,3M BBSW,0.8319999999979393
2019-10-18,AUD,1Y,3M BBSW,0.8297120243700791
2019-10-17,AUD,1Y,3M BBSW,0.7822378983020274
2019-10-16,AUD,1Y,3M BBSW,0.7641999998858964
2019-10-15,AUD,1Y,3M BBSW,0.744799999877107
2019-10-14,AUD,1Y,3M BBSW,0.7524999999843508
2019-10-11,AUD,1Y,3M BBSW,0.7710710456136243
2019-10-10,AUD,1Y,3M BBSW,0.6949993289251524
2019-10-09,AUD,1Y,3M BBSW,0.7081999999905331
2019-10-08,AUD,1Y,3M BBSW,0.7047999999883557
2019-10-04,AUD,1Y,3M BBSW,0.7220437427856774
2019-10-03,AUD,1Y,3M BBSW,0.728345945954527
2019-10-02,AUD,1Y,3M BBSW,0.7526999999841549
2019-10-01,AUD,1Y,3M BBSW,0.8289954341357246
2019-09-30,AUD,1Y,3M BBSW,0.8342000001233231
2019-09-27,AUD,1Y,3M BBSW,0.8365125351896701
2019-09-26,AUD,1Y,3M BBSW,0.8392238428197671
2019-09-25,AUD,1Y,3M BBSW,0.8504912578046447
2019-09-24,AUD,1Y,3M BBSW,0.8517999999670418
2019-09-23,AUD,1Y,3M BBSW,0.8477999999665371
2019-09-20,AUD,1Y,3M BBSW,0.8441915332588729
2019-09-19,AUD,1Y,3M BBSW,0.8732436482391696
2019-09-18,AUD,1Y,3M BBSW,0.9351999999740063
2019-09-17,AUD,1Y,3M BBSW,0.970299999986791
2019-09-16,AUD,1Y,3M BBSW,0.985200000047404
2019-09-13,AUD,1Y,3M BBSW,0.9477079363516864
2019-09-12,AUD,1Y,3M BBSW,0.9411749326649024
2019-09-11,AUD,1Y,3M BBSW,0.9387999999673854
2019-09-10,AUD,1Y,3M BBSW,0.9257999999785813
2019-09-09,AUD,1Y,3M BBSW,0.9094999999827392
2019-09-06,AUD,1Y,3M BBSW,0.9025269737516994
2019-09-05,AUD,1Y,3M BBSW,0.8682704808004639
2019-09-04,AUD,1Y,3M BBSW,0.8411999999995354
2019-09-03,AUD,1Y,3M BBSW,0.8124999999818403
2019-09-02,AUD,1Y,3M BBSW,0.8107999999886719
2019-08-30,AUD,1Y,3M BBSW,0.8179852746563246
2019-08-29,AUD,1Y,3M BBSW,0.7986527425719245
2019-08-28,AUD,1Y,3M BBSW,0.8099999999882895
2019-08-27,AUD,1Y,3M BBSW,0.8019999999767661
2019-08-26,AUD,1Y,3M BBSW,0.8119999999893577
2019-08-23,AUD,1Y,3M BBSW,0.8154566331720403
2019-08-22,AUD,1Y,3M BBSW,0.8372297212485329
2019-08-21,AUD,1Y,3M BBSW,0.8249999999975375
2019-08-20,AUD,1Y,3M BBSW,0.8176999999941308
2019-08-19,AUD,1Y,3M BBSW,0.811199999989566
2019-08-16,AUD,1Y,3M BBSW,0.7998000108697931
2019-08-15,AUD,1Y,3M BBSW,0.7956424629403575
2019-08-14,AUD,1Y,3M BBSW,0.7999999999285992
2019-08-13,AUD,1Y,3M BBSW,0.787999999991534
2019-08-12,AUD,1Y,3M BBSW,0.8059999999888972
2019-08-09,AUD,1Y,3M BBSW,0.8175506374540009
2019-08-08,AUD,1Y,3M BBSW,0.8167415236719853
2019-08-07,AUD,1Y,3M BBSW,0.8095000000078761
2019-08-06,AUD,1Y,3M BBSW,0.8339999999944434
2019-08-02,AUD,1Y,3M BBSW,0.8670519184760652
2019-08-01,AUD,1Y,3M BBSW,0.9350507146727716
2019-07-31,AUD,1Y,3M BBSW,0.9117999999996956
2019-07-30,AUD,1Y,3M BBSW,0.9114999998692176
2019-07-29,AUD,1Y,3M BBSW,0.9158000000407316
2019-07-26,AUD,1Y,3M BBSW,0.9274455871899244
2019-07-25,AUD,1Y,3M BBSW,0.9552681306907744
2019-07-24,AUD,1Y,3M BBSW,0.9875000000624424
2019-07-23,AUD,1Y,3M BBSW,1.028999999962603
2019-07-22,AUD,1Y,3M BBSW,1.027199999963407
2019-07-19,AUD,1Y,3M BBSW,1.035951492277073
2019-07-18,AUD,1Y,3M BBSW,1.020616238344565
2019-07-17,AUD,1Y,3M BBSW,1.025999999957219
2019-07-16,AUD,1Y,3M BBSW,1.030999999980426
2019-07-15,AUD,1Y,3M BBSW,1.047000000055995
2019-07-12,AUD,1Y,3M BBSW,1.040331991362587
2019-07-11,AUD,1Y,3M BBSW,1.024189898412248
2019-07-10,AUD,1Y,3M BBSW,1.047172838679808
2019-07-09,AUD,1Y,3M BBSW,1.049999999995374
2019-07-08,AUD,1Y,3M BBSW,1.050299999957675
2019-07-05,AUD,1Y,3M BBSW,1.026171775463662
2019-07-04,AUD,1Y,3M BBSW,1.019223865752985
2019-07-03,AUD,1Y,3M BBSW,1.013500000032436
2019-07-02,AUD,1Y,3M BBSW,1.032199999972717
2019-07-01,AUD,1Y,3M BBSW,1.053192581435968
2019-06-28,AUD,1Y,3M BBSW,1.054285604882782
2019-06-27,AUD,1Y,3M BBSW,1.049288706184377
2019-06-26,AUD,1Y,3M BBSW,1.026592966110094
2019-06-25,AUD,1Y,3M BBSW,1.013186437851562
2019-06-24,AUD,1Y,3M BBSW,1.020799999989901
2019-06-21,AUD,1Y,3M BBSW,1.019981558724884
2019-06-20,AUD,1Y,3M BBSW,1.059433151024683
2019-06-19,AUD,1Y,3M BBSW,1.090199999977202
2019-06-18,AUD,1Y,3M BBSW,1.115999999923481
2019-06-17,AUD,1Y,3M BBSW,1.137799999980083
2019-06-14,AUD,1Y,3M BBSW,1.115192239244561
2019-06-13,AUD,1Y,3M BBSW,1.134625987794486
2019-06-12,AUD,1Y,3M BBSW,1.202599999845748
2019-06-11,AUD,1Y,3M BBSW,1.196499999916181
2019-06-07,AUD,1Y,3M BBSW,1.175050712946719
2019-06-06,AUD,1Y,3M BBSW,1.186319276018576
2019-06-05,AUD,1Y,3M BBSW,1.235499999872571
2019-06-04,AUD,1Y,3M BBSW,1.241799999890598
2019-06-03,AUD,1Y,3M BBSW,1.243200000015623
2019-05-31,AUD,1Y,3M BBSW,1.254555884100838
2019-05-30,AUD,1Y,3M BBSW,1.269273172310125
2019-05-29,AUD,1Y,3M BBSW,1.246510108795571
2019-05-28,AUD,1Y,3M BBSW,1.272299999842582
2019-05-27,AUD,1Y,3M BBSW,1.267999999862903
2019-05-24,AUD,1Y,3M BBSW,1.267022172254003
2019-05-23,AUD,1Y,3M BBSW,1.289653044591893
2019-05-22,AUD,1Y,3M BBSW,1.32187784494808
2019-05-21,AUD,1Y,3M BBSW,1.348499999928891
2019-05-20,AUD,1Y,3M BBSW,1.370199999797778
2019-05-17,AUD,1Y,3M BBSW,1.332342009879818
2019-05-16,AUD,1Y,3M BBSW,1.361062871573211
2019-05-15,AUD,1Y,3M BBSW,1.408815018150713
2019-05-14,AUD,1Y,3M BBSW,1.40900000003701
2019-05-13,AUD,1Y,3M BBSW,1.432799999797771
2019-05-10,AUD,1Y,3M BBSW,1.445729057996528
2019-05-09,AUD,1Y,3M BBSW,1.450573762867835
2019-05-08,AUD,1Y,3M BBSW,1.465172988928142
2019-05-07,AUD,1Y,3M BBSW,1.37519999980739
2019-05-06,AUD,1Y,3M BBSW,1.390199999764755
2019-05-03,AUD,1Y,3M BBSW,1.405926338886222
2019-05-02,AUD,1Y,3M BBSW,1.400845506260316
2019-05-01,AUD,1Y,3M BBSW,1.412174853553849
2019-04-30,AUD,1Y,3M BBSW,1.41420000004399
2019-04-29,AUD,1Y,3M BBSW,1.419200000096875
2019-04-26,AUD,1Y,3M BBSW,1.40732190571189
2019-04-24,AUD,1Y,3M BBSW,1.400099999745283
2019-04-23,AUD,1Y,3M BBSW,1.555200000055767
2019-04-18,AUD,1Y,3M BBSW,1.5692425235038152
2019-04-17,AUD,1Y,3M BBSW,1.5701999997267382
2019-04-16,AUD,1Y,3M BBSW,1.5690000000664297
2019-04-15,AUD,1Y,3M BBSW,1.5920000000783598
2019-04-12,AUD,1Y,3M BBSW,1.593990039178452
2019-04-11,AUD,1Y,3M BBSW,1.56600652602592
2019-04-10,AUD,1Y,3M BBSW,1.531360287478674
2019-04-09,AUD,1Y,3M BBSW,1.5642000000580347
2019-04-08,AUD,1Y,3M BBSW,1.576000000000104
2019-04-05,AUD,1Y,3M BBSW,1.586124648983806
2019-04-04,AUD,1Y,3M BBSW,1.587145196387342
2019-04-03,AUD,1Y,3M BBSW,1.5788000000001812
2019-04-02,AUD,1Y,3M BBSW,1.5796000000002042
2019-04-01,AUD,1Y,3M BBSW,1.601483450546696
2019-03-29,AUD,1Y,3M BBSW,1.578696508479493
2019-03-28,AUD,1Y,3M BBSW,1.570701338585608
2019-03-27,AUD,1Y,3M BBSW,1.6019999997848482
2019-03-26,AUD,1Y,3M BBSW,1.611983225865112
2019-03-25,AUD,1Y,3M BBSW,1.6161670698014128
2019-03-22,AUD,1Y,3M BBSW,1.605769472287535
2019-03-21,AUD,1Y,3M BBSW,1.651159742526849
2019-03-20,AUD,1Y,3M BBSW,1.638300000000756
2019-03-19,AUD,1Y,3M BBSW,1.6855000000001463
2019-03-18,AUD,1Y,3M BBSW,1.6944999999999977
2019-03-15,AUD,1Y,3M BBSW,1.7103359512549619
2019-03-14,AUD,1Y,3M BBSW,1.7011815182116201
2019-03-13,AUD,1Y,3M BBSW,1.7295000000000087
2019-03-12,AUD,1Y,3M BBSW,1.7612000000457082
2019-03-11,AUD,1Y,3M BBSW,1.752000000001609
2019-03-08,AUD,1Y,3M BBSW,1.765104731928246
2019-03-07,AUD,1Y,3M BBSW,1.7797543278030081
2019-03-06,AUD,1Y,3M BBSW,1.8037000000009171
2019-03-05,AUD,1Y,3M BBSW,1.81880000000076
2019-03-04,AUD,1Y,3M BBSW,1.82300000005887
2019-03-01,AUD,1Y,3M BBSW,1.815583840010786
2019-02-28,AUD,1Y,3M BBSW,1.808000000001459
2019-02-27,AUD,1Y,3M BBSW,1.805000000000748
2019-02-26,AUD,1Y,3M BBSW,1.8211776000310023
2019-02-25,AUD,1Y,3M BBSW,1.825732384399838
2019-02-22,AUD,1Y,3M BBSW,1.805175313422314
2019-02-21,AUD,1Y,3M BBSW,1.807200000000098
2019-02-20,AUD,1Y,3M BBSW,1.840000000000696
2019-02-19,AUD,1Y,3M BBSW,1.8564767210686717
2019-02-18,AUD,1Y,3M BBSW,1.873128821598586
2019-02-15,AUD,1Y,3M BBSW,1.8840733954442537
2019-02-14,AUD,1Y,3M BBSW,1.880500000000801
2019-02-13,AUD,1Y,3M BBSW,1.876200000000536
2019-02-12,AUD,1Y,3M BBSW,1.869776408509637
2019-02-11,AUD,1Y,3M BBSW,1.858930001327418
2019-02-08,AUD,1Y,3M BBSW,1.8295430976545557
2019-02-07,AUD,1Y,3M BBSW,1.873000000000256
2019-02-06,AUD,1Y,3M BBSW,1.879800000216913
2019-02-05,AUD,1Y,3M BBSW,1.9264491526428271
2019-02-04,AUD,1Y,3M BBSW,1.918699714040116
2019-02-01,AUD,1Y,3M BBSW,1.9175687638874328
2019-01-31,AUD,1Y,3M BBSW,1.941200000004149
2019-01-30,AUD,1Y,3M BBSW,1.9530000000023182
2019-01-29,AUD,1Y,3M BBSW,1.936200000059616
2019-01-25,AUD,1Y,3M BBSW,1.923479736084404
2019-01-24,AUD,1Y,3M BBSW,1.957000000000721
2019-01-23,AUD,1Y,3M BBSW,1.96950000000042
2019-01-22,AUD,1Y,3M BBSW,1.9769735708449963
2019-01-21,AUD,1Y,3M BBSW,1.9779208086239741
2019-01-18,AUD,1Y,3M BBSW,1.960835113282029
2019-01-17,AUD,1Y,3M BBSW,1.958200000000694
2019-01-16,AUD,1Y,3M BBSW,1.9603000000000763
2019-01-15,AUD,1Y,3M BBSW,1.955200000001798
2019-01-14,AUD,1Y,3M BBSW,1.9489482640687923
2019-01-11,AUD,1Y,3M BBSW,1.9372619031308083
2019-01-10,AUD,1Y,3M BBSW,1.9395000000007192
2019-01-09,AUD,1Y,3M BBSW,1.9452000000007992
2019-01-08,AUD,1Y,3M BBSW,1.93980000000075
2019-01-07,AUD,1Y,3M BBSW,1.9329237351588213
2019-01-04,AUD,1Y,3M BBSW,1.9314938040162912
2019-01-03,AUD,1Y,3M BBSW,1.914700000000068
2019-01-02,AUD,1Y,3M BBSW,1.9304000000007138
2018-12-31,AUD,1Y,3M BBSW,1.958106791271348
2018-12-28,AUD,1Y,3M BBSW,1.9600871285157968
2018-12-27,AUD,1Y,3M BBSW,1.973700000000948
2018-12-24,AUD,1Y,3M BBSW,1.9739739071597853
2018-12-21,AUD,1Y,3M BBSW,1.961479335400273
2018-12-20,AUD,1Y,3M BBSW,1.964500000001989
2018-12-19,AUD,1Y,3M BBSW,1.956500000000988
2018-12-18,AUD,1Y,3M BBSW,1.9662000000012323
2018-12-17,AUD,1Y,3M BBSW,1.9699738450977
2018-12-14,AUD,1Y,3M BBSW,1.9691576027685551
2018-12-13,AUD,1Y,3M BBSW,1.974200000000985
2018-12-12,AUD,1Y,3M BBSW,1.950800000001558
2018-12-11,AUD,1Y,3M BBSW,1.938000000001098
2018-12-10,AUD,1Y,3M BBSW,1.9299491474327297
2018-12-07,AUD,1Y,3M BBSW,1.914833508347161
2018-12-06,AUD,1Y,3M BBSW,1.925800000002114
2018-12-05,AUD,1Y,3M BBSW,1.939800000001298
2018-12-04,AUD,1Y,3M BBSW,1.950500000001309
2018-12-03,AUD,1Y,3M BBSW,1.9579739682316082
2018-11-30,AUD,1Y,3M BBSW,1.956119694038122
2018-11-29,AUD,1Y,3M BBSW,1.959774057390342
2018-11-28,AUD,1Y,3M BBSW,1.958200000001069
2018-11-27,AUD,1Y,3M BBSW,1.966800000001225
2018-11-26,AUD,1Y,3M BBSW,1.962473656989534
2018-11-23,AUD,1Y,3M BBSW,1.9577974920001149
2018-11-22,AUD,1Y,3M BBSW,1.9692000000011727
2018-11-21,AUD,1Y,3M BBSW,1.9788000000292307
2018-11-20,AUD,1Y,3M BBSW,1.9772000000015202
2018-11-19,AUD,1Y,3M BBSW,1.978473212067226
2018-11-16,AUD,1Y,3M BBSW,1.972218665421781
2018-11-15,AUD,1Y,3M BBSW,1.982199999999728
2018-11-14,AUD,1Y,3M BBSW,1.973500000006731
2018-11-13,AUD,1Y,3M BBSW,1.98100000000116
2018-11-12,AUD,1Y,3M BBSW,1.982773079793428
2018-11-09,AUD,1Y,3M BBSW,1.9690361946830377
2018-11-08,AUD,1Y,3M BBSW,1.982000000001009
2018-11-07,AUD,1Y,3M BBSW,1.983500000002222
2018-11-06,AUD,1Y,3M BBSW,1.9758000000008082
2018-11-05,AUD,1Y,3M BBSW,1.969146176412869
2018-11-02,AUD,1Y,3M BBSW,1.9617755542718849
2018-11-01,AUD,1Y,3M BBSW,1.9492000000011893
2018-10-31,AUD,1Y,3M BBSW,1.927000000006938
2018-10-30,AUD,1Y,3M BBSW,1.934500000002052
2018-10-29,AUD,1Y,3M BBSW,1.935500000001107
2018-10-26,AUD,1Y,3M BBSW,1.935196798805466
2018-10-25,AUD,1Y,3M BBSW,1.951774235414478
2018-10-24,AUD,1Y,3M BBSW,1.9558000000007272
2018-10-23,AUD,1Y,3M BBSW,1.962200000001823
2018-10-22,AUD,1Y,3M BBSW,1.974773609613896
2018-10-19,AUD,1Y,3M BBSW,1.970126254060354
2018-10-18,AUD,1Y,3M BBSW,1.964200000001001
2018-10-17,AUD,1Y,3M BBSW,1.9475000000012983
2018-10-16,AUD,1Y,3M BBSW,1.956000000001411
2018-10-15,AUD,1Y,3M BBSW,1.952000000002636
2018-10-12,AUD,1Y,3M BBSW,1.943575842850617
2018-10-11,AUD,1Y,3M BBSW,1.947800000015365
2018-10-10,AUD,1Y,3M BBSW,1.940800000001218
2018-10-09,AUD,1Y,3M BBSW,1.9350000000008902
2018-10-08,AUD,1Y,3M BBSW,1.929200000001135
2018-10-05,AUD,1Y,3M BBSW,1.9014339304738872
2018-10-04,AUD,1Y,3M BBSW,1.9342000000962078
2018-10-03,AUD,1Y,3M BBSW,1.9238000000017477
2018-10-02,AUD,1Y,3M BBSW,1.937800000001204
2018-09-28,AUD,1Y,3M BBSW,1.93557261995846
2018-09-27,AUD,1Y,3M BBSW,1.96380000000132
2018-09-26,AUD,1Y,3M BBSW,1.977673070860741
2018-09-25,AUD,1Y,3M BBSW,1.9871461941522637
2018-09-24,AUD,1Y,3M BBSW,1.97997316243099
2018-09-21,AUD,1Y,3M BBSW,1.966108169111804
2018-09-20,AUD,1Y,3M BBSW,1.971000000000866
2018-09-19,AUD,1Y,3M BBSW,1.970800000001358
2018-09-18,AUD,1Y,3M BBSW,1.954700000001357
2018-09-17,AUD,1Y,3M BBSW,1.943474165400965
2018-09-14,AUD,1Y,3M BBSW,1.949403154571177
2018-09-13,AUD,1Y,3M BBSW,1.94600000000122
2018-09-12,AUD,1Y,3M BBSW,1.934800000070036
2018-09-11,AUD,1Y,3M BBSW,1.933800000001129
2018-09-10,AUD,1Y,3M BBSW,1.941747893548645
2018-09-07,AUD,1Y,3M BBSW,1.9220457117954017
2018-09-06,AUD,1Y,3M BBSW,1.9516000000014453
2018-09-05,AUD,1Y,3M BBSW,1.970200000001161
2018-09-04,AUD,1Y,3M BBSW,1.958800000001048
2018-09-03,AUD,1Y,3M BBSW,1.9539739477004838
2018-08-31,AUD,1Y,3M BBSW,1.9581257614685539
2018-08-30,AUD,1Y,3M BBSW,1.962500000001131
2018-08-29,AUD,1Y,3M BBSW,1.9825000000649118
2018-08-28,AUD,1Y,3M BBSW,1.97920000000141
2018-08-27,AUD,1Y,3M BBSW,1.968800000001158
2018-08-24,AUD,1Y,3M BBSW,1.966424373738742
2018-08-23,AUD,1Y,3M BBSW,1.965449579138288
2018-08-22,AUD,1Y,3M BBSW,1.9855000000009888
2018-08-21,AUD,1Y,3M BBSW,1.988000000000982
2018-08-20,AUD,1Y,3M BBSW,1.9660000000009823
2018-08-17,AUD,1Y,3M BBSW,1.963440705848774
2018-08-16,AUD,1Y,3M BBSW,1.9731491712831812
2018-08-15,AUD,1Y,3M BBSW,1.972500000014573
2018-08-14,AUD,1Y,3M BBSW,1.9870000000022088
2018-08-13,AUD,1Y,3M BBSW,1.997800000000916
2018-08-10,AUD,1Y,3M BBSW,1.99705644001302
2018-08-09,AUD,1Y,3M BBSW,2.01144715514377
2018-08-08,AUD,1Y,3M BBSW,2.019500000000918
2018-08-07,AUD,1Y,3M BBSW,2.023500000001136
2018-08-03,AUD,1Y,3M BBSW,2.016467660356253
2018-08-02,AUD,1Y,3M BBSW,2.034145912300275
2018-08-01,AUD,1Y,3M BBSW,2.018500000001242
2018-07-31,AUD,1Y,3M BBSW,2.017000000003223
2018-07-30,AUD,1Y,3M BBSW,2.000800000001067
2018-07-27,AUD,1Y,3M BBSW,1.99170552555529
2018-07-26,AUD,1Y,3M BBSW,1.996721806037913
2018-07-25,AUD,1Y,3M BBSW,2.005972246184028
2018-07-24,AUD,1Y,3M BBSW,2.019200000000964
2018-07-23,AUD,1Y,3M BBSW,2.029400000001202
2018-07-20,AUD,1Y,3M BBSW,2.023528224194164
2018-07-19,AUD,1Y,3M BBSW,2.035332834721073
2018-07-18,AUD,1Y,3M BBSW,2.029500000005
2018-07-17,AUD,1Y,3M BBSW,2.039000000002011
2018-07-16,AUD,1Y,3M BBSW,2.047200000000952
2018-07-13,AUD,1Y,3M BBSW,2.033302860515461
2018-07-12,AUD,1Y,3M BBSW,2.026445739980252
2018-07-11,AUD,1Y,3M BBSW,2.039000000001385
2018-07-10,AUD,1Y,3M BBSW,2.073300000001585
2018-07-09,AUD,1Y,3M BBSW,2.043000000001488
2018-07-06,AUD,1Y,3M BBSW,2.011125533509589
2018-07-05,AUD,1Y,3M BBSW,2.006746778489815
2018-07-04,AUD,1Y,3M BBSW,2.016500000000991
2018-07-03,AUD,1Y,3M BBSW,2.010300000001382
2018-07-02,AUD,1Y,3M BBSW,2.027000000001862
2018-06-29,AUD,1Y,3M BBSW,2.040319452832777
2018-06-28,AUD,1Y,3M BBSW,2.028200000237576
2018-06-27,AUD,1Y,3M BBSW,2.031199999998958
2018-06-26,AUD,1Y,3M BBSW,2.041972158511943
2018-06-25,AUD,1Y,3M BBSW,2.049944512863688
2018-06-22,AUD,1Y,3M BBSW,2.031042588239217
2018-06-21,AUD,1Y,3M BBSW,2.062000000001647
2018-06-20,AUD,1Y,3M BBSW,2.050000000001107
2018-06-19,AUD,1Y,3M BBSW,2.013000000002378
2018-06-18,AUD,1Y,3M BBSW,2.000500000034165
2018-06-15,AUD,1Y,3M BBSW,2.006249705127847
2018-06-14,AUD,1Y,3M BBSW,2.02030000000232
2018-06-13,AUD,1Y,3M BBSW,2.018700000002338
2018-06-12,AUD,1Y,3M BBSW,2.013800000015
2018-06-08,AUD,1Y,3M BBSW,1.9886687618207939
2018-06-07,AUD,1Y,3M BBSW,2.019200000001675
2018-06-06,AUD,1Y,3M BBSW,2.012200000094434
2018-06-05,AUD,1Y,3M BBSW,2.003000000001626
2018-06-04,AUD,1Y,3M BBSW,1.996000000001217
2025-11-04,AUD,15M,3M BBSW,3.5649
2025-11-03,AUD,15M,3M BBSW,3.557800000000001
2025-10-31,AUD,15M,3M BBSW,3.52369999999999
2025-10-30,AUD,15M,3M BBSW,3.525600000000019
2025-10-29,AUD,15M,3M BBSW,3.543300000000004
2025-10-28,AUD,15M,3M BBSW,3.3956000000000075
2025-10-27,AUD,15M,3M BBSW,3.398300000000018
2025-10-24,AUD,15M,3M BBSW,3.3284948609782585
2025-10-23,AUD,15M,3M BBSW,3.343700000000021
2025-10-22,AUD,15M,3M BBSW,3.306100000000018
2025-10-21,AUD,15M,3M BBSW,3.326500000000027
2025-10-20,AUD,15M,3M BBSW,3.3083000000000125
2025-10-17,AUD,15M,3M BBSW,3.3080926569573013
2025-10-16,AUD,15M,3M BBSW,3.288700000000004
2025-10-15,AUD,15M,3M BBSW,3.4381000000000146
2025-10-14,AUD,15M,3M BBSW,3.435500000000006
2025-10-13,AUD,15M,3M BBSW,3.436900000000012
2025-10-10,AUD,15M,3M BBSW,3.4832970014569904
2025-10-09,AUD,15M,3M BBSW,3.485200000000024
2025-10-08,AUD,15M,3M BBSW,3.4516
2025-10-07,AUD,15M,3M BBSW,3.4482000000000164
2025-10-03,AUD,15M,3M BBSW,3.4383311028011896
2025-10-02,AUD,15M,3M BBSW,3.4219760305733504
2025-10-01,AUD,15M,3M BBSW,3.4296997685135224
2025-09-30,AUD,15M,3M BBSW,3.4796999999879086
2025-09-29,AUD,15M,3M BBSW,3.4352359663419514
2025-09-26,AUD,15M,3M BBSW,3.433970481475225
2025-09-25,AUD,15M,3M BBSW,3.428972853699977
2025-09-24,AUD,15M,3M BBSW,3.447799999999986
2025-09-23,AUD,15M,3M BBSW,3.333000000000033
2025-09-22,AUD,15M,3M BBSW,3.348739340973555
2025-09-19,AUD,15M,3M BBSW,3.3047235014726626
2025-09-18,AUD,15M,3M BBSW,3.3119999999999856
2025-09-17,AUD,15M,3M BBSW,3.323899999999999
2025-09-16,AUD,15M,3M BBSW,3.3243000000003584
2025-09-15,AUD,15M,3M BBSW,3.325818770775304
2025-09-12,AUD,15M,3M BBSW,3.326330403085434
2025-09-11,AUD,15M,3M BBSW,3.3282000000447463
2025-09-10,AUD,15M,3M BBSW,3.3106999999218094
2025-09-09,AUD,15M,3M BBSW,3.3436000000001744
2025-09-08,AUD,15M,3M BBSW,3.317282353856685
2025-09-05,AUD,15M,3M BBSW,3.298551027660621
2025-09-04,AUD,15M,3M BBSW,3.3369000000436593
2025-09-03,AUD,15M,3M BBSW,3.3528000000087625
2025-09-02,AUD,15M,3M BBSW,3.307300000000212
2025-09-01,AUD,15M,3M BBSW,3.302441235019629
2025-08-29,AUD,15M,3M BBSW,3.281043334067039
2025-08-28,AUD,15M,3M BBSW,3.2664857386496
2025-08-27,AUD,15M,3M BBSW,3.2757000000127245
2025-08-26,AUD,15M,3M BBSW,3.27220000002438
2025-08-25,AUD,15M,3M BBSW,3.270800000006509
2025-08-22,AUD,15M,3M BBSW,3.2737623276795755
2025-08-21,AUD,15M,3M BBSW,3.2648266644278294
2025-08-20,AUD,15M,3M BBSW,3.2610000000172263
2025-08-19,AUD,15M,3M BBSW,3.287300000005751
2025-08-18,AUD,15M,3M BBSW,3.273400000006163
2025-08-15,AUD,15M,3M BBSW,3.2793717885863294
2025-08-14,AUD,15M,3M BBSW,3.278546183351834
2025-08-13,AUD,15M,3M BBSW,3.2450000000226695
2025-08-12,AUD,15M,3M BBSW,3.276600000007342
2025-08-11,AUD,15M,3M BBSW,3.316900000007054
2025-08-08,AUD,15M,3M BBSW,3.307486582413657
2025-08-07,AUD,15M,3M BBSW,3.298082707332791
2025-08-06,AUD,15M,3M BBSW,3.308300000020201
2025-08-05,AUD,15M,3M BBSW,3.3003000000073035
2025-08-01,AUD,15M,3M BBSW,3.345035255623293
2025-07-31,AUD,15M,3M BBSW,3.348366966414171
2025-07-30,AUD,15M,3M BBSW,3.322800000025975
2025-07-29,AUD,15M,3M BBSW,3.336100000007275
2025-07-28,AUD,15M,3M BBSW,3.35610000000669
2025-07-25,AUD,15M,3M BBSW,3.3619832727596903
2025-07-24,AUD,15M,3M BBSW,3.3447216362611805
2025-07-23,AUD,15M,3M BBSW,3.32410000002116
2025-07-22,AUD,15M,3M BBSW,3.309100000007581
2025-07-21,AUD,15M,3M BBSW,3.300300000007191
2025-07-18,AUD,15M,3M BBSW,3.285726567267243
2025-07-17,AUD,15M,3M BBSW,3.266716081419664
2025-07-16,AUD,15M,3M BBSW,3.3779000000193236
2025-07-15,AUD,15M,3M BBSW,3.399600000037311
2025-07-14,AUD,15M,3M BBSW,3.360899999931631
2025-07-11,AUD,15M,3M BBSW,3.332814986086488
2025-07-10,AUD,15M,3M BBSW,3.331735817988694
2025-07-09,AUD,15M,3M BBSW,3.335200000025936
2025-07-08,AUD,15M,3M BBSW,3.357699999996121
2025-07-07,AUD,15M,3M BBSW,3.222800000006934
2025-07-04,AUD,15M,3M BBSW,3.198033697043217
2025-07-03,AUD,15M,3M BBSW,3.2023820440925026
2025-07-02,AUD,15M,3M BBSW,3.188000000036404
2025-07-01,AUD,15M,3M BBSW,3.1819476238577544
2025-06-30,AUD,15M,3M BBSW,3.180101563595081
2025-06-27,AUD,15M,3M BBSW,3.169851667868752
2025-06-26,AUD,15M,3M BBSW,3.1558408778790894
2025-06-25,AUD,15M,3M BBSW,3.178991154402678
2025-06-24,AUD,15M,3M BBSW,3.220000000008369
2025-06-23,AUD,15M,3M BBSW,3.247000000007885
2025-06-20,AUD,15M,3M BBSW,3.2559507866446435
2025-06-19,AUD,15M,3M BBSW,3.2617469357335476
2025-06-18,AUD,15M,3M BBSW,3.302900000023359
2025-06-17,AUD,15M,3M BBSW,3.26880000000839
2025-06-16,AUD,15M,3M BBSW,3.271000000008336
2025-06-13,AUD,15M,3M BBSW,3.2513614365758463
2025-06-12,AUD,15M,3M BBSW,3.2362537789866224
2025-06-11,AUD,15M,3M BBSW,3.294000000023514
2025-06-10,AUD,15M,3M BBSW,3.315900000007717
2025-06-06,AUD,15M,3M BBSW,3.303981879904394
2025-06-05,AUD,15M,3M BBSW,3.262244424816378
2025-06-04,AUD,15M,3M BBSW,3.237500000024765
2025-06-03,AUD,15M,3M BBSW,3.247500000005003
2025-06-02,AUD,15M,3M BBSW,3.301000000009352
2025-05-30,AUD,15M,3M BBSW,3.289200042439881
2025-05-29,AUD,15M,3M BBSW,3.3090591448790474
2025-05-28,AUD,15M,3M BBSW,3.376556646511598
2025-05-27,AUD,15M,3M BBSW,3.313900000005953
2025-05-26,AUD,15M,3M BBSW,3.315700000036645
2025-05-23,AUD,15M,3M BBSW,3.3405124685531336
2025-05-22,AUD,15M,3M BBSW,3.3454172999896574
2025-05-21,AUD,15M,3M BBSW,3.3872853269847196
2025-05-20,AUD,15M,3M BBSW,3.345900000008096
2025-05-19,AUD,15M,3M BBSW,3.5300999999885363
2025-05-16,AUD,15M,3M BBSW,3.5348682181360975
2025-05-15,AUD,15M,3M BBSW,3.5232935124198317
2025-05-14,AUD,15M,3M BBSW,3.5288757330808265
2025-05-13,AUD,15M,3M BBSW,3.5056000000217606
2025-05-12,AUD,15M,3M BBSW,3.490400000009021
2025-05-09,AUD,15M,3M BBSW,3.362763210048741
2025-05-08,AUD,15M,3M BBSW,3.3588586941151055
2025-05-07,AUD,15M,3M BBSW,3.318993116722261
2025-05-06,AUD,15M,3M BBSW,3.339499999933419
2025-05-05,AUD,15M,3M BBSW,3.349499999927553
2025-05-02,AUD,15M,3M BBSW,3.32523065218094
2025-05-01,AUD,15M,3M BBSW,3.293842697729009
2025-04-30,AUD,15M,3M BBSW,3.302500000047395
2025-04-29,AUD,15M,3M BBSW,3.283600000019117
2025-04-28,AUD,15M,3M BBSW,3.2714000000099426
2025-04-24,AUD,15M,3M BBSW,3.303039413332762
2025-04-23,AUD,15M,3M BBSW,3.353299999986676
2025-04-22,AUD,15M,3M BBSW,3.325700000010273
2025-04-17,AUD,15M,3M BBSW,3.3192925060245937
2025-04-16,AUD,15M,3M BBSW,3.305699999965788
2025-04-15,AUD,15M,3M BBSW,3.331600000011905
2025-04-14,AUD,15M,3M BBSW,3.3036000000132457
2025-04-11,AUD,15M,3M BBSW,3.3166991594514252
2025-04-10,AUD,15M,3M BBSW,3.2736976331293883
2025-04-09,AUD,15M,3M BBSW,3.350600000012104
2025-04-08,AUD,15M,3M BBSW,3.293900000013214
2025-04-07,AUD,15M,3M BBSW,3.4474000000056426
2025-04-04,AUD,15M,3M BBSW,3.4232087031629015
2025-03-28,AUD,15M,3M BBSW,3.735330494736427
2025-03-27,AUD,15M,3M BBSW,3.74381687882379
2025-03-26,AUD,15M,3M BBSW,3.759684458532073
2025-03-25,AUD,15M,3M BBSW,3.7655113167413905
2025-03-24,AUD,15M,3M BBSW,3.742000000005912
2025-03-21,AUD,15M,3M BBSW,3.7202667265712854
2025-03-20,AUD,15M,3M BBSW,3.725198949127781
2025-03-19,AUD,15M,3M BBSW,3.777099999994478
2025-03-18,AUD,15M,3M BBSW,3.7735000000050425
2025-03-17,AUD,15M,3M BBSW,3.762200000005257
2025-03-14,AUD,15M,3M BBSW,3.742965080674374
2025-03-13,AUD,15M,3M BBSW,3.72659267781713
2025-03-12,AUD,15M,3M BBSW,3.7683999999942817
2025-03-11,AUD,15M,3M BBSW,3.753300000005556
2025-03-10,AUD,15M,3M BBSW,3.7330000000059287
2025-03-07,AUD,15M,3M BBSW,3.76041486707203
2025-03-06,AUD,15M,3M BBSW,3.7649360617971186
2025-03-05,AUD,15M,3M BBSW,3.815900000016585
2025-03-04,AUD,15M,3M BBSW,3.790600000005126
2025-03-03,AUD,15M,3M BBSW,3.761400000005584
2025-02-28,AUD,15M,3M BBSW,3.793871996988641
2025-02-27,AUD,15M,3M BBSW,3.806900000000742
2025-02-26,AUD,15M,3M BBSW,3.822199999999809
2025-02-25,AUD,15M,3M BBSW,3.8343220280421484
2025-02-24,AUD,15M,3M BBSW,3.83566950323107
2025-02-21,AUD,15M,3M BBSW,3.902744513032964
2025-02-20,AUD,15M,3M BBSW,3.9252000000003484
2025-02-19,AUD,15M,3M BBSW,3.9050999999256644
2025-02-18,AUD,15M,3M BBSW,3.9248184403686515
2025-02-17,AUD,15M,3M BBSW,3.863108608685629
2025-02-14,AUD,15M,3M BBSW,3.8692895989478835
2025-02-13,AUD,15M,3M BBSW,3.853700000000641
2025-02-12,AUD,15M,3M BBSW,3.913599999969576
2025-02-11,AUD,15M,3M BBSW,3.875920168109888
2025-02-10,AUD,15M,3M BBSW,3.8211019015344494
2025-02-07,AUD,15M,3M BBSW,3.83285401300905
2025-02-06,AUD,15M,3M BBSW,3.801000000000707
2025-02-05,AUD,15M,3M BBSW,3.798900000034348
2025-02-04,AUD,15M,3M BBSW,3.832441437129658
2025-02-03,AUD,15M,3M BBSW,3.8221199547695517
2025-01-31,AUD,15M,3M BBSW,3.839802464923868
2025-01-30,AUD,15M,3M BBSW,3.840400000000377
2025-01-29,AUD,15M,3M BBSW,3.852900000000566
2025-01-28,AUD,15M,3M BBSW,3.907800000007819
2025-01-24,AUD,15M,3M BBSW,3.942565026984485
2025-01-23,AUD,15M,3M BBSW,3.951499999992472
2025-01-22,AUD,15M,3M BBSW,3.975100000005305
2025-01-21,AUD,15M,3M BBSW,3.963216486639223
2025-01-20,AUD,15M,3M BBSW,3.962949945790659
2025-01-17,AUD,15M,3M BBSW,3.9916393710033646
2025-01-16,AUD,15M,3M BBSW,3.983000000013606
2025-01-15,AUD,15M,3M BBSW,3.977999999990778
2025-01-14,AUD,15M,3M BBSW,4.041500000004586
2025-01-13,AUD,15M,3M BBSW,4.030395180580645
2025-01-10,AUD,15M,3M BBSW,3.971146940817953
2025-01-09,AUD,15M,3M BBSW,3.9376999999808344
2025-01-08,AUD,15M,3M BBSW,3.971799999990215
2025-01-07,AUD,15M,3M BBSW,4.011000000008147
2025-01-06,AUD,15M,3M BBSW,3.964866582409273
2025-01-03,AUD,15M,3M BBSW,3.899900267158269
2025-01-02,AUD,15M,3M BBSW,3.9299000000044564
2024-12-31,AUD,15M,3M BBSW,3.935300000018903
2024-12-30,AUD,15M,3M BBSW,3.945145965365384
2024-12-27,AUD,15M,3M BBSW,3.9428858980653936
2024-12-24,AUD,15M,3M BBSW,3.963999999927923
2024-12-23,AUD,15M,3M BBSW,3.986598732806478
2024-12-20,AUD,15M,3M BBSW,4.034367521276908
2024-12-19,AUD,15M,3M BBSW,4.027299999945702
2024-12-18,AUD,15M,3M BBSW,4.00799999998973
2024-12-17,AUD,15M,3M BBSW,3.99159999998988
2024-12-16,AUD,15M,3M BBSW,4.009271961691842
2024-12-13,AUD,15M,3M BBSW,4.032773533161875
2024-12-12,AUD,15M,3M BBSW,4.032499999944563
2024-12-11,AUD,15M,3M BBSW,3.927299999990209
2024-12-10,AUD,15M,3M BBSW,3.9456999999892584
2024-12-09,AUD,15M,3M BBSW,4.035916614459234
2024-12-06,AUD,15M,3M BBSW,4.016875484011504
2024-12-05,AUD,15M,3M BBSW,4.045899999983702
2024-12-04,AUD,15M,3M BBSW,4.017299999989083
2024-12-03,AUD,15M,3M BBSW,4.128599999990187
2024-12-02,AUD,15M,3M BBSW,4.123306804817243
2024-11-29,AUD,15M,3M BBSW,4.135089717283236
2024-11-28,AUD,15M,3M BBSW,4.153808905176864
2024-11-27,AUD,15M,3M BBSW,4.141799999990512
2024-11-26,AUD,15M,3M BBSW,4.159200000006551
2024-11-25,AUD,15M,3M BBSW,4.163705034368406
2024-11-22,AUD,15M,3M BBSW,4.193510005182023
2024-11-21,AUD,15M,3M BBSW,4.200690927183381
2024-11-20,AUD,15M,3M BBSW,4.204499999963939
2024-11-19,AUD,15M,3M BBSW,4.188299999983966
2024-11-18,AUD,15M,3M BBSW,4.171004716672869
2024-11-15,AUD,15M,3M BBSW,4.255555785220638
2024-11-14,AUD,15M,3M BBSW,4.265625816986963
2024-11-13,AUD,15M,3M BBSW,4.275899999991919
2024-11-12,AUD,15M,3M BBSW,4.268400000006222
2024-11-11,AUD,15M,3M BBSW,4.227701755259288
2024-11-08,AUD,15M,3M BBSW,4.192905196860792
2024-11-07,AUD,15M,3M BBSW,4.184856765250527
2024-11-06,AUD,15M,3M BBSW,4.218899999963517
2024-11-05,AUD,15M,3M BBSW,4.22120000000607
2024-11-04,AUD,15M,3M BBSW,4.17551192600349
2024-11-01,AUD,15M,3M BBSW,4.180660621433348
2024-10-31,AUD,15M,3M BBSW,4.229365901315588
2024-10-30,AUD,15M,3M BBSW,4.211499999994721
2024-10-29,AUD,15M,3M BBSW,4.147500000005126
2024-10-28,AUD,15M,3M BBSW,4.138100000005715
2024-10-24,AUD,15M,3M BBSW,4.092166576954057
2024-10-23,AUD,15M,3M BBSW,4.163099999989849
2024-10-22,AUD,15M,3M BBSW,4.1476999999934
2024-10-21,AUD,15M,3M BBSW,4.108508297902897
2024-10-17,AUD,15M,3M BBSW,4.080989371288231
2024-10-16,AUD,15M,3M BBSW,4.002600000034993
2024-10-15,AUD,15M,3M BBSW,4.032600000006066
2024-10-14,AUD,15M,3M BBSW,4.053100000005958
2024-10-11,AUD,15M,3M BBSW,4.053306793876025
2024-10-10,AUD,15M,3M BBSW,4.031693959001713
2024-10-09,AUD,15M,3M BBSW,4.061999999983914
2024-10-08,AUD,15M,3M BBSW,4.029600000006142
2024-10-04,AUD,15M,3M BBSW,3.99845966394613
2024-10-03,AUD,15M,3M BBSW,3.889587350580507
2024-10-02,AUD,15M,3M BBSW,3.888500000007664
2024-10-01,AUD,15M,3M BBSW,3.86822609013576
2024-09-30,AUD,15M,3M BBSW,3.879118441666597
2024-09-27,AUD,15M,3M BBSW,3.833643921705772
2024-09-26,AUD,15M,3M BBSW,3.830560349272133
2024-09-25,AUD,15M,3M BBSW,3.8014407713158804
2024-09-24,AUD,15M,3M BBSW,3.8043000000083405
2024-09-23,AUD,15M,3M BBSW,3.891317692065898
2024-09-20,AUD,15M,3M BBSW,3.850373589409334
2024-09-19,AUD,15M,3M BBSW,3.872900000005642
2024-09-18,AUD,15M,3M BBSW,3.8397000000054664
2024-09-17,AUD,15M,3M BBSW,3.8090000000054607
2024-09-16,AUD,15M,3M BBSW,3.780522828655481
2024-09-13,AUD,15M,3M BBSW,3.791326824135624
2024-09-12,AUD,15M,3M BBSW,3.8428000000055236
2024-09-11,AUD,15M,3M BBSW,3.8791999999890145
2024-09-10,AUD,15M,3M BBSW,3.869999999989085
2024-09-09,AUD,15M,3M BBSW,3.910339755394996
2024-09-06,AUD,15M,3M BBSW,3.882236291948814
2024-09-05,AUD,15M,3M BBSW,3.9346999999827705
2024-09-04,AUD,15M,3M BBSW,3.900900000006173
2024-09-03,AUD,15M,3M BBSW,3.945399999994371
2024-09-02,AUD,15M,3M BBSW,3.9973124805611855
2024-08-30,AUD,15M,3M BBSW,3.984932870405649
2024-08-29,AUD,15M,3M BBSW,3.966519197086354
2024-08-27,AUD,15M,3M BBSW,3.883099999994161
2024-08-26,AUD,15M,3M BBSW,3.873599999994791
2024-08-23,AUD,15M,3M BBSW,3.904650205609841
2024-08-22,AUD,15M,3M BBSW,3.922586976280769
2024-08-21,AUD,15M,3M BBSW,3.9315000000184264
2024-08-20,AUD,15M,3M BBSW,3.9410999999805325
2024-08-19,AUD,15M,3M BBSW,3.965499999995248
2024-08-16,AUD,15M,3M BBSW,3.954634796924757
2024-08-15,AUD,15M,3M BBSW,3.9978032004577986
2024-08-14,AUD,15M,3M BBSW,3.910100000017358
2024-08-13,AUD,15M,3M BBSW,3.961799999980821
2024-08-12,AUD,15M,3M BBSW,4.010099999994492
2024-08-09,AUD,15M,3M BBSW,4.019783198811265
2024-08-08,AUD,15M,3M BBSW,4.02375550978024
2024-08-07,AUD,15M,3M BBSW,4.024100000022132
2024-08-06,AUD,15M,3M BBSW,4.03470000000431
2024-08-02,AUD,15M,3M BBSW,3.959043671291608
2024-08-01,AUD,15M,3M BBSW,4.066670147043627
2024-07-31,AUD,15M,3M BBSW,4.133399999994417
2024-07-30,AUD,15M,3M BBSW,4.312399999971343
2024-07-29,AUD,15M,3M BBSW,4.345799999989071
2024-07-26,AUD,15M,3M BBSW,4.306077131814689
2024-07-24,AUD,15M,3M BBSW,4.357899999974009
2024-07-23,AUD,15M,3M BBSW,4.370499999990626
2024-07-22,AUD,15M,3M BBSW,4.357399999989061
2024-07-19,AUD,15M,3M BBSW,4.356254313319999
2024-07-18,AUD,15M,3M BBSW,4.323774617654117
2024-07-17,AUD,15M,3M BBSW,4.301200000023368
2024-07-16,AUD,15M,3M BBSW,4.306899999995053
2024-07-15,AUD,15M,3M BBSW,4.345299999989034
2024-07-12,AUD,15M,3M BBSW,4.364066876650536
2024-07-11,AUD,15M,3M BBSW,4.384813162045803
2024-07-10,AUD,15M,3M BBSW,4.429400000024065
2024-07-09,AUD,15M,3M BBSW,4.442199999977824
2024-07-08,AUD,15M,3M BBSW,4.454799999993996
2024-07-05,AUD,15M,3M BBSW,4.435128474977076
2024-07-04,AUD,15M,3M BBSW,4.452299324224061
2024-07-03,AUD,15M,3M BBSW,4.473300000020217
2024-07-02,AUD,15M,3M BBSW,4.466299999993333
2024-07-01,AUD,15M,3M BBSW,4.481190329560174
2024-06-28,AUD,15M,3M BBSW,4.472019425866689
2024-06-27,AUD,15M,3M BBSW,4.434218480515227
2024-06-26,AUD,15M,3M BBSW,4.511688329869947
2024-06-24,AUD,15M,3M BBSW,4.319300000021607
2024-06-21,AUD,15M,3M BBSW,4.300786289425256
2024-06-20,AUD,15M,3M BBSW,4.30336418172812
2024-06-19,AUD,15M,3M BBSW,4.308699999977953
2024-06-18,AUD,15M,3M BBSW,4.289399999994624
2024-06-17,AUD,15M,3M BBSW,4.236399999994204
2024-06-14,AUD,15M,3M BBSW,4.225260965319904
2024-06-13,AUD,15M,3M BBSW,4.23783705966536
2024-06-12,AUD,15M,3M BBSW,4.271499999973434
2024-06-11,AUD,15M,3M BBSW,4.318399999994017
2024-06-07,AUD,15M,3M BBSW,4.316543098933158
2024-06-06,AUD,15M,3M BBSW,4.260742763919959
2024-06-05,AUD,15M,3M BBSW,4.27249999997885
2024-06-04,AUD,15M,3M BBSW,4.280999999994189
2024-06-03,AUD,15M,3M BBSW,4.320999999994104
2024-05-31,AUD,15M,3M BBSW,4.385594814774219
2024-05-30,AUD,15M,3M BBSW,4.367155634427611
2024-05-29,AUD,15M,3M BBSW,4.398400000015323
2024-05-28,AUD,15M,3M BBSW,4.357700000004021
2024-05-27,AUD,15M,3M BBSW,4.309699999995122
2024-05-24,AUD,15M,3M BBSW,4.326537231543812
2024-05-23,AUD,15M,3M BBSW,4.300972370747975
2024-05-22,AUD,15M,3M BBSW,4.31530519781045
2024-05-21,AUD,15M,3M BBSW,4.2658999999824
2024-05-20,AUD,15M,3M BBSW,4.277599999994769
2024-05-17,AUD,15M,3M BBSW,4.257607355561673
2024-05-16,AUD,15M,3M BBSW,4.254372813072806
2024-05-15,AUD,15M,3M BBSW,4.302130038224418
2024-05-14,AUD,15M,3M BBSW,4.35169999998226
2024-05-13,AUD,15M,3M BBSW,4.343299999994708
2024-05-10,AUD,15M,3M BBSW,4.37243386495566
2024-05-09,AUD,15M,3M BBSW,4.35563493888761
2024-05-08,AUD,15M,3M BBSW,4.380198750987536
2024-05-07,AUD,15M,3M BBSW,4.344899999976184
2024-05-06,AUD,15M,3M BBSW,4.43629999993665
2024-05-03,AUD,15M,3M BBSW,4.38926256302812
2024-05-02,AUD,15M,3M BBSW,4.390983954812907
2024-05-01,AUD,15M,3M BBSW,4.456790135760505
2024-04-30,AUD,15M,3M BBSW,4.452199999991741
2024-04-29,AUD,15M,3M BBSW,4.459200000019734
2024-04-26,AUD,15M,3M BBSW,4.46310873689996
2024-04-24,AUD,15M,3M BBSW,4.40569999999406
2024-04-23,AUD,15M,3M BBSW,4.267800000013453
2024-04-22,AUD,15M,3M BBSW,4.261399999990152
2024-04-19,AUD,15M,3M BBSW,4.237923538191268
2024-04-18,AUD,15M,3M BBSW,4.277028245121975
2024-04-17,AUD,15M,3M BBSW,4.279999999979337
2024-04-16,AUD,15M,3M BBSW,4.285399999995182
2024-04-15,AUD,15M,3M BBSW,4.252000000078403
2024-04-12,AUD,15M,3M BBSW,4.204166594758166
2024-04-11,AUD,15M,3M BBSW,4.252509805081898
2024-04-10,AUD,15M,3M BBSW,4.220699999985321
2024-04-09,AUD,15M,3M BBSW,4.154599999995338
2024-04-08,AUD,15M,3M BBSW,4.178000000075
2024-04-04,AUD,15M,3M BBSW,4.146722142345725
2024-04-03,AUD,15M,3M BBSW,4.159400000042917
2024-04-02,AUD,15M,3M BBSW,4.155100000017681
2024-03-28,AUD,15M,3M BBSW,4.098459716440255
2024-03-27,AUD,15M,3M BBSW,4.11449999992847
2024-03-26,AUD,15M,3M BBSW,4.127412145734258
2024-03-25,AUD,15M,3M BBSW,4.114125818012689
2024-03-22,AUD,15M,3M BBSW,4.110312300276561
2024-03-21,AUD,15M,3M BBSW,4.123351326703975
2024-03-20,AUD,15M,3M BBSW,4.102299999933388
2024-03-19,AUD,15M,3M BBSW,4.117900000078034
2024-03-18,AUD,15M,3M BBSW,4.165900000017803
2024-03-15,AUD,15M,3M BBSW,4.195372794133277
2024-03-14,AUD,15M,3M BBSW,4.174416675521328
2024-03-13,AUD,15M,3M BBSW,4.133400000014952
2024-03-12,AUD,15M,3M BBSW,4.109299999969306
2024-03-11,AUD,15M,3M BBSW,4.095100000073853
2024-03-08,AUD,15M,3M BBSW,4.09028073027296
2024-03-07,AUD,15M,3M BBSW,4.109100661254323
2024-03-06,AUD,15M,3M BBSW,4.132400000013003
2024-03-05,AUD,15M,3M BBSW,4.135900000004139
2024-03-04,AUD,15M,3M BBSW,4.168200000017219
2024-03-01,AUD,15M,3M BBSW,4.152775434192643
2024-02-29,AUD,15M,3M BBSW,4.172200000014108
2024-02-28,AUD,15M,3M BBSW,4.16030000002015
2024-02-27,AUD,15M,3M BBSW,4.20499999993591
2024-02-26,AUD,15M,3M BBSW,4.18439319140009
2024-02-23,AUD,15M,3M BBSW,4.188324516373796
2024-02-22,AUD,15M,3M BBSW,4.178025678971399
2024-02-21,AUD,15M,3M BBSW,4.176899999935786
2024-02-20,AUD,15M,3M BBSW,4.150900000016911
2024-02-19,AUD,15M,3M BBSW,4.175176797292076
2024-02-16,AUD,15M,3M BBSW,4.203621860026107
2024-02-15,AUD,15M,3M BBSW,4.176527848422465
2024-02-14,AUD,15M,3M BBSW,4.235099999993926
2024-02-13,AUD,15M,3M BBSW,4.248599999993854
2024-02-12,AUD,15M,3M BBSW,4.201173670888999
2024-02-09,AUD,15M,3M BBSW,4.190725217568693
2024-02-08,AUD,15M,3M BBSW,4.151330373778041
2024-02-07,AUD,15M,3M BBSW,4.144699999936853
2024-02-06,AUD,15M,3M BBSW,4.129500000015489
2024-02-05,AUD,15M,3M BBSW,4.148646283627263
2024-02-02,AUD,15M,3M BBSW,4.102239836873549
2024-02-01,AUD,15M,3M BBSW,4.037142181719751
2024-01-31,AUD,15M,3M BBSW,4.033751730814116
2024-01-30,AUD,15M,3M BBSW,4.152099999992013
2024-01-29,AUD,15M,3M BBSW,4.1538000000178
2024-01-25,AUD,15M,3M BBSW,4.164506615153156
2024-01-24,AUD,15M,3M BBSW,4.226500000018103
2024-01-23,AUD,15M,3M BBSW,4.206900000012785
2024-01-22,AUD,15M,3M BBSW,4.198900000015726
2024-01-19,AUD,15M,3M BBSW,4.217442540316061
2024-01-18,AUD,15M,3M BBSW,4.195076522453045
2024-01-17,AUD,15M,3M BBSW,4.238699999936367
2024-01-16,AUD,15M,3M BBSW,4.192399999993609
2024-01-15,AUD,15M,3M BBSW,4.155600000019564
2024-01-12,AUD,15M,3M BBSW,4.098715850080757
2024-01-11,AUD,15M,3M BBSW,4.1325310642143
2024-01-10,AUD,15M,3M BBSW,4.179400000005211
2024-01-09,AUD,15M,3M BBSW,4.148299999934062
2024-01-08,AUD,15M,3M BBSW,4.183799999937382
2024-01-05,AUD,15M,3M BBSW,4.200180454093118
2024-01-04,AUD,15M,3M BBSW,4.18442469532679
2024-01-03,AUD,15M,3M BBSW,4.138099999937843
2024-01-02,AUD,15M,3M BBSW,4.133999999993892
2023-12-29,AUD,15M,3M BBSW,4.059036926311128
2023-12-28,AUD,15M,3M BBSW,4.074165395773605
2023-12-27,AUD,15M,3M BBSW,4.083399999974869
2023-12-22,AUD,15M,3M BBSW,4.110667262294339
2023-12-21,AUD,15M,3M BBSW,4.119354867776231
2023-12-20,AUD,15M,3M BBSW,4.134100000004942
2023-12-19,AUD,15M,3M BBSW,4.173099999937118
2023-12-18,AUD,15M,3M BBSW,4.147499999933356
2023-12-15,AUD,15M,3M BBSW,4.181769142179761
2023-12-14,AUD,15M,3M BBSW,4.174643419508577
2023-12-13,AUD,15M,3M BBSW,4.160599999985442
2023-12-12,AUD,15M,3M BBSW,4.307000000015009
2023-12-11,AUD,15M,3M BBSW,4.309400000016443
2023-12-07,AUD,15M,3M BBSW,4.2889156641692
2023-12-06,AUD,15M,3M BBSW,4.256400000034198
2023-12-05,AUD,15M,3M BBSW,4.315500000074584
2023-12-04,AUD,15M,3M BBSW,4.438599999993717
2023-12-01,AUD,15M,3M BBSW,4.361367437929683
2023-11-30,AUD,15M,3M BBSW,4.42919124607341
2023-11-29,AUD,15M,3M BBSW,4.417306720523348
2023-11-28,AUD,15M,3M BBSW,4.490600000017248
2023-11-27,AUD,15M,3M BBSW,4.511599999995259
2023-11-24,AUD,15M,3M BBSW,4.537713873484791
2023-11-23,AUD,15M,3M BBSW,4.513249995559847
2023-11-22,AUD,15M,3M BBSW,4.507759429796872
2023-11-21,AUD,15M,3M BBSW,4.439099999994544
2023-11-20,AUD,15M,3M BBSW,4.465599999995195
2023-11-17,AUD,15M,3M BBSW,4.45592859308241
2023-11-16,AUD,15M,3M BBSW,4.424443692288765
2023-11-15,AUD,15M,3M BBSW,4.527410967659398
2023-11-14,AUD,15M,3M BBSW,4.522600000005826
2023-11-13,AUD,15M,3M BBSW,4.578399999993328
2023-11-10,AUD,15M,3M BBSW,4.55402642747939
2023-11-09,AUD,15M,3M BBSW,4.542485264736632
2023-11-08,AUD,15M,3M BBSW,4.484555291339007
2023-11-07,AUD,15M,3M BBSW,4.509499999993253
2023-11-06,AUD,15M,3M BBSW,4.564799999993443
2023-11-03,AUD,15M,3M BBSW,4.521712208847029
2023-11-02,AUD,15M,3M BBSW,4.540887993574794
2023-11-01,AUD,15M,3M BBSW,4.541622049265111
2023-10-31,AUD,15M,3M BBSW,4.645199999971972
2023-10-30,AUD,15M,3M BBSW,4.604400000005897
2023-10-26,AUD,15M,3M BBSW,4.50484053158785
2023-10-25,AUD,15M,3M BBSW,4.480704651723438
2023-10-24,AUD,15M,3M BBSW,4.433299999927363
2023-10-23,AUD,15M,3M BBSW,4.409800000017693
2023-10-20,AUD,15M,3M BBSW,4.411786482334588
2023-10-19,AUD,15M,3M BBSW,4.407079282136863
2023-10-18,AUD,15M,3M BBSW,4.438553780815117
2023-10-17,AUD,15M,3M BBSW,4.45009999999349
2023-10-16,AUD,15M,3M BBSW,4.288599999995308
2023-10-12,AUD,15M,3M BBSW,4.280256980032497
2023-10-11,AUD,15M,3M BBSW,4.233106834297757
2023-10-10,AUD,15M,3M BBSW,4.268200000070972
2023-10-09,AUD,15M,3M BBSW,4.250600000070962
2023-10-05,AUD,15M,3M BBSW,4.303304955161462
2023-10-04,AUD,15M,3M BBSW,4.315167217203852
2023-10-03,AUD,15M,3M BBSW,4.382600000016584
2023-09-29,AUD,15M,3M BBSW,4.349001252664346
2023-09-28,AUD,15M,3M BBSW,4.365409885389791
2023-09-27,AUD,15M,3M BBSW,4.368500000009651
2023-09-26,AUD,15M,3M BBSW,4.359121425807504
2023-09-25,AUD,15M,3M BBSW,4.356833106012982
2023-09-22,AUD,15M,3M BBSW,4.350176293437825
2023-09-21,AUD,15M,3M BBSW,4.370189678003552
2023-09-20,AUD,15M,3M BBSW,4.396199999994447
2023-09-19,AUD,15M,3M BBSW,4.350699999933441
2023-09-18,AUD,15M,3M BBSW,4.293200000015612
2023-09-15,AUD,15M,3M BBSW,4.280292284952675
2023-09-14,AUD,15M,3M BBSW,4.256829204129348
2023-09-13,AUD,15M,3M BBSW,4.256600000018937
2023-09-12,AUD,15M,3M BBSW,4.261400000017699
2023-09-11,AUD,15M,3M BBSW,4.251300000018512
2023-09-08,AUD,15M,3M BBSW,4.225957205992479
2023-09-07,AUD,15M,3M BBSW,4.203701147398277
2023-09-06,AUD,15M,3M BBSW,4.221900000073228
2023-09-05,AUD,15M,3M BBSW,4.228100000016822
2023-09-04,AUD,15M,3M BBSW,4.242700000014748
2023-09-01,AUD,15M,3M BBSW,4.202608495832359
2023-08-31,AUD,15M,3M BBSW,4.227024489010664
2023-08-30,AUD,15M,3M BBSW,4.241365853725008
2023-08-28,AUD,15M,3M BBSW,4.286699999994635
2023-08-25,AUD,15M,3M BBSW,4.285313817997196
2023-08-24,AUD,15M,3M BBSW,4.271277684416485
2023-08-23,AUD,15M,3M BBSW,4.239579592284303
2023-08-22,AUD,15M,3M BBSW,4.303899999984139
2023-08-21,AUD,15M,3M BBSW,4.310799999994925
2023-08-18,AUD,15M,3M BBSW,4.299858778671671
2023-08-17,AUD,15M,3M BBSW,4.322161125706861
2023-08-16,AUD,15M,3M BBSW,4.31068453329565
2023-08-15,AUD,15M,3M BBSW,4.343199999979173
2023-08-14,AUD,15M,3M BBSW,4.381899999994845
2023-08-11,AUD,15M,3M BBSW,4.32747591569956
2023-08-10,AUD,15M,3M BBSW,4.280656852602154
2023-08-09,AUD,15M,3M BBSW,4.291163748714549
2023-08-08,AUD,15M,3M BBSW,4.277099999974404
2023-08-04,AUD,15M,3M BBSW,4.28665548042811
2023-08-03,AUD,15M,3M BBSW,4.301311079225558
2023-08-02,AUD,15M,3M BBSW,4.263677386328061
2023-08-01,AUD,15M,3M BBSW,4.312999999967801
2023-07-31,AUD,15M,3M BBSW,4.41089999998923
2023-07-28,AUD,15M,3M BBSW,4.391479900135387
2023-07-27,AUD,15M,3M BBSW,4.443665593731648
2023-07-25,AUD,15M,3M BBSW,4.563085920467049
2023-07-24,AUD,15M,3M BBSW,4.538599999988396
2023-07-21,AUD,15M,3M BBSW,4.562714408279162
2023-07-20,AUD,15M,3M BBSW,4.549311957564664
2023-07-19,AUD,15M,3M BBSW,4.447911067434439
2023-07-18,AUD,15M,3M BBSW,4.496299999974503
2023-07-17,AUD,15M,3M BBSW,4.49589999998913
2023-07-14,AUD,15M,3M BBSW,4.525365887991558
2023-07-13,AUD,15M,3M BBSW,4.437580732204936
2023-07-12,AUD,15M,3M BBSW,4.484360019401242
2023-07-11,AUD,15M,3M BBSW,4.606899999977339
2023-07-10,AUD,15M,3M BBSW,4.642099999988853
2023-07-07,AUD,15M,3M BBSW,4.716952595899262
2023-07-06,AUD,15M,3M BBSW,4.69335765205108
2023-07-05,AUD,15M,3M BBSW,4.572347751689224
2023-07-04,AUD,15M,3M BBSW,4.567199999994465
2023-07-03,AUD,15M,3M BBSW,4.587899999994424
2023-06-30,AUD,15M,3M BBSW,4.61300394084101
2023-06-29,AUD,15M,3M BBSW,4.558103009008652
2023-06-28,AUD,15M,3M BBSW,4.45677190881354
2023-06-27,AUD,15M,3M BBSW,4.543000000071463
2023-06-26,AUD,15M,3M BBSW,4.518786224013879
2023-06-22,AUD,15M,3M BBSW,4.594074900103748
2023-06-21,AUD,15M,3M BBSW,4.492424629758514
2023-06-20,AUD,15M,3M BBSW,4.512899999995302
2023-06-19,AUD,15M,3M BBSW,4.602800000018135
2023-06-15,AUD,15M,3M BBSW,4.580236812582031
2023-06-14,AUD,15M,3M BBSW,4.50382491167659
2023-06-13,AUD,15M,3M BBSW,4.484899999994421
2023-06-09,AUD,15M,3M BBSW,4.442433311881926
2023-06-08,AUD,15M,3M BBSW,4.436815201601318
2023-06-07,AUD,15M,3M BBSW,4.417338310876554
2023-06-06,AUD,15M,3M BBSW,4.283300000005343
2023-06-05,AUD,15M,3M BBSW,4.165500000014717
2023-06-01,AUD,15M,3M BBSW,4.051460457964064
2023-05-31,AUD,15M,3M BBSW,4.041849601491657
2023-05-30,AUD,15M,3M BBSW,4.00180000002682
2023-05-29,AUD,15M,3M BBSW,3.997099999995041
2023-05-26,AUD,15M,3M BBSW,4.022427355502336
2023-05-25,AUD,15M,3M BBSW,4.030533139868871
2023-05-24,AUD,15M,3M BBSW,3.979994668747299
2023-05-23,AUD,15M,3M BBSW,3.991600000004778
2023-05-22,AUD,15M,3M BBSW,3.970200000017742
2023-05-19,AUD,15M,3M BBSW,3.985230619331374
2023-05-18,AUD,15M,3M BBSW,3.985139707644921
2023-05-17,AUD,15M,3M BBSW,3.8973467524178984
2023-05-16,AUD,15M,3M BBSW,3.8727000000053065
2023-05-15,AUD,15M,3M BBSW,3.856099999993955
2023-05-12,AUD,15M,3M BBSW,3.775263542381198
2023-05-11,AUD,15M,3M BBSW,3.74200644593067
2023-05-10,AUD,15M,3M BBSW,3.7488815148389603
2023-05-09,AUD,15M,3M BBSW,3.788300000006876
2023-05-08,AUD,15M,3M BBSW,3.7957000000147816
2023-05-05,AUD,15M,3M BBSW,3.762044229642235
2023-05-04,AUD,15M,3M BBSW,3.668708007933431
2023-05-03,AUD,15M,3M BBSW,3.736525357495019
2023-05-02,AUD,15M,3M BBSW,3.808500000035005
2023-05-01,AUD,15M,3M BBSW,3.6937000000155344
2023-04-28,AUD,15M,3M BBSW,3.6085607591556554
2023-04-27,AUD,15M,3M BBSW,3.6698440385318545
2023-04-26,AUD,15M,3M BBSW,3.617189523210406
2023-04-24,AUD,15M,3M BBSW,3.732200000014954
2023-04-21,AUD,15M,3M BBSW,3.759117172665991
2023-04-20,AUD,15M,3M BBSW,3.7346598560216946
2023-04-19,AUD,15M,3M BBSW,3.77099999992887
2023-04-18,AUD,15M,3M BBSW,3.7429000000068555
2023-04-17,AUD,15M,3M BBSW,3.65619999999489
2023-04-14,AUD,15M,3M BBSW,3.648463756493174
2023-04-13,AUD,15M,3M BBSW,3.6130926629985303
2023-04-12,AUD,15M,3M BBSW,3.5621999999916434
2023-04-11,AUD,15M,3M BBSW,3.524400000015731
2023-04-06,AUD,15M,3M BBSW,3.4495092279045005
2023-04-05,AUD,15M,3M BBSW,3.4833000000145575
2023-04-04,AUD,15M,3M BBSW,3.508399999984539
2023-04-03,AUD,15M,3M BBSW,3.572700000005588
2023-03-31,AUD,15M,3M BBSW,3.556764042057163
2023-03-30,AUD,15M,3M BBSW,3.593791462101893
2023-03-29,AUD,15M,3M BBSW,3.583053527310351
2023-03-28,AUD,15M,3M BBSW,3.56690000003005
2023-03-27,AUD,15M,3M BBSW,3.528400000015233
2023-03-24,AUD,15M,3M BBSW,3.474049309665561
2023-03-23,AUD,15M,3M BBSW,3.4981741420745496
2023-03-22,AUD,15M,3M BBSW,3.477273632068034
2023-03-21,AUD,15M,3M BBSW,3.519099999983128
2023-03-20,AUD,15M,3M BBSW,3.413699999990237
2023-03-17,AUD,15M,3M BBSW,3.4675784459998695
2023-03-16,AUD,15M,3M BBSW,3.5823016090325095
2023-03-15,AUD,15M,3M BBSW,3.521569071872154
2023-03-14,AUD,15M,3M BBSW,3.723699999985187
2023-03-13,AUD,15M,3M BBSW,3.618799999989523
2023-03-10,AUD,15M,3M BBSW,3.8668960384532975
2023-03-09,AUD,15M,3M BBSW,3.946193547524645
2023-03-08,AUD,15M,3M BBSW,4.000435129724924
2023-03-07,AUD,15M,3M BBSW,4.016899999922847
2023-03-06,AUD,15M,3M BBSW,4.089999999993998
2023-03-03,AUD,15M,3M BBSW,4.156481407839295
2023-03-02,AUD,15M,3M BBSW,4.17957729373371
2023-03-01,AUD,15M,3M BBSW,4.133237679295489
2023-02-28,AUD,15M,3M BBSW,4.22440943563038
2023-02-27,AUD,15M,3M BBSW,4.17653906012672
2023-02-24,AUD,15M,3M BBSW,4.173511489289449
2023-02-23,AUD,15M,3M BBSW,4.16459999996861
2023-02-22,AUD,15M,3M BBSW,4.136200000005672
2023-02-21,AUD,15M,3M BBSW,4.141508516077136
2023-02-20,AUD,15M,3M BBSW,4.07752740466904
2023-02-17,AUD,15M,3M BBSW,4.060617821756978
2023-02-16,AUD,15M,3M BBSW,4.021200000000523
2023-02-15,AUD,15M,3M BBSW,4.069800000001184
2023-02-14,AUD,15M,3M BBSW,4.031911964165714
2023-02-13,AUD,15M,3M BBSW,4.058424574887935
2023-02-10,AUD,15M,3M BBSW,4.071718333275261
2023-02-09,AUD,15M,3M BBSW,3.924800000013656
2023-02-08,AUD,15M,3M BBSW,3.865700000006482
2023-02-07,AUD,15M,3M BBSW,3.8396399662085994
2023-02-06,AUD,15M,3M BBSW,3.686306468292422
2023-02-03,AUD,15M,3M BBSW,3.688753490201734
2023-02-02,AUD,15M,3M BBSW,3.687600000009132
2023-02-01,AUD,15M,3M BBSW,3.7409000000192627
2023-01-31,AUD,15M,3M BBSW,3.719581841874792
2023-01-30,AUD,15M,3M BBSW,3.755805638165251
2023-01-27,AUD,15M,3M BBSW,3.739752973532843
2023-01-25,AUD,15M,3M BBSW,3.67682104927221
2023-01-24,AUD,15M,3M BBSW,3.581899999995988
2023-01-23,AUD,15M,3M BBSW,3.578461249457511
2023-01-20,AUD,15M,3M BBSW,3.563013883423458
2023-01-19,AUD,15M,3M BBSW,3.540700000001345
2023-01-18,AUD,15M,3M BBSW,3.719800000004901
2023-01-17,AUD,15M,3M BBSW,3.739900000004498
2023-01-16,AUD,15M,3M BBSW,3.721550120459967
2023-01-13,AUD,15M,3M BBSW,3.7174487655124
2023-01-12,AUD,15M,3M BBSW,3.745899999944929
2023-01-11,AUD,15M,3M BBSW,3.820200000004402
2023-01-10,AUD,15M,3M BBSW,3.838120030061285
2023-01-09,AUD,15M,3M BBSW,3.871458403034277
2023-01-06,AUD,15M,3M BBSW,3.834644112973123
2023-01-05,AUD,15M,3M BBSW,3.8791999999933964
2023-01-04,AUD,15M,3M BBSW,3.879700000001725
2023-01-03,AUD,15M,3M BBSW,3.912299999999993
2022-12-30,AUD,15M,3M BBSW,3.944930618211416
2022-12-29,AUD,15M,3M BBSW,3.936257136373981
2022-12-28,AUD,15M,3M BBSW,3.9121999999948627
2022-12-23,AUD,15M,3M BBSW,3.7779586654026134
2022-12-22,AUD,15M,3M BBSW,3.756200000015185
2022-12-21,AUD,15M,3M BBSW,3.697499999995095
2022-12-20,AUD,15M,3M BBSW,3.753699999990216
2022-12-19,AUD,15M,3M BBSW,3.717324693386788
2022-12-16,AUD,15M,3M BBSW,3.7079349585997243
2022-12-15,AUD,15M,3M BBSW,3.6945000000087402
2022-12-14,AUD,15M,3M BBSW,3.612999999938676
2022-12-13,AUD,15M,3M BBSW,3.6147000000018954
2022-12-12,AUD,15M,3M BBSW,3.5982592595806917
2022-12-09,AUD,15M,3M BBSW,3.582485227265511
2022-12-08,AUD,15M,3M BBSW,3.6172000000235673
2022-12-07,AUD,15M,3M BBSW,3.598200000016777
2022-12-06,AUD,15M,3M BBSW,3.597300000002299
2022-12-05,AUD,15M,3M BBSW,3.521932219984525
2022-12-02,AUD,15M,3M BBSW,3.500743403705595
2022-12-01,AUD,15M,3M BBSW,3.623100000014485
2022-11-30,AUD,15M,3M BBSW,3.656392744077429
2022-11-29,AUD,15M,3M BBSW,3.7311218040793586
2022-11-28,AUD,15M,3M BBSW,3.730425057472663
2022-11-25,AUD,15M,3M BBSW,3.767982621137791
2022-11-24,AUD,15M,3M BBSW,3.746122518336464
2022-11-23,AUD,15M,3M BBSW,3.7452000000062173
2022-11-22,AUD,15M,3M BBSW,3.667200000002349
2022-11-21,AUD,15M,3M BBSW,3.6627277475872426
2022-11-18,AUD,15M,3M BBSW,3.6723008769904917
2022-11-17,AUD,15M,3M BBSW,3.664267836274661
2022-11-16,AUD,15M,3M BBSW,3.720000000004135
2022-11-15,AUD,15M,3M BBSW,3.7499999999810614
2022-11-14,AUD,15M,3M BBSW,3.749924451644687
2022-11-11,AUD,15M,3M BBSW,3.6817798368742336
2022-11-10,AUD,15M,3M BBSW,3.743931836306274
2022-11-09,AUD,15M,3M BBSW,3.90000000001189
2022-11-08,AUD,15M,3M BBSW,3.9299999999509403
2022-11-07,AUD,15M,3M BBSW,3.8698341188036114
2022-11-04,AUD,15M,3M BBSW,3.871345437287157
2022-11-03,AUD,15M,3M BBSW,3.972972588068366
2022-11-02,AUD,15M,3M BBSW,3.900000000000499
2022-11-01,AUD,15M,3M BBSW,3.859999999986897
2022-10-31,AUD,15M,3M BBSW,3.880167468555893
2022-10-28,AUD,15M,3M BBSW,3.891318628131118
2022-10-27,AUD,15M,3M BBSW,3.923179957719531
2022-10-26,AUD,15M,3M BBSW,3.994232580668253
2022-10-25,AUD,15M,3M BBSW,4.029913981202235
2022-10-24,AUD,15M,3M BBSW,4.039999999985023
2022-10-21,AUD,15M,3M BBSW,4.090841716478253
2022-10-20,AUD,15M,3M BBSW,3.982934459891684
2022-10-19,AUD,15M,3M BBSW,3.8600000000200625
2022-10-18,AUD,15M,3M BBSW,3.830000000013059
2022-10-17,AUD,15M,3M BBSW,3.8200000000169694
2022-10-14,AUD,15M,3M BBSW,3.8119708687545417
2022-10-13,AUD,15M,3M BBSW,3.7041061260822334
2022-10-12,AUD,15M,3M BBSW,3.720000000032089
2022-10-11,AUD,15M,3M BBSW,3.760000000010095
2022-10-10,AUD,15M,3M BBSW,3.719926578381594
2022-10-07,AUD,15M,3M BBSW,3.701450085993984
2022-10-06,AUD,15M,3M BBSW,3.6144790470024097
2022-10-05,AUD,15M,3M BBSW,3.480000000001584
2022-10-04,AUD,15M,3M BBSW,3.4199999999761905
2022-09-30,AUD,15M,3M BBSW,3.948572908513073
2022-09-29,AUD,15M,3M BBSW,3.929999999963374
2022-09-28,AUD,15M,3M BBSW,4.029999999989527
2022-09-27,AUD,15M,3M BBSW,4.069908655984557
2022-09-26,AUD,15M,3M BBSW,4.031081198007236
2022-09-23,AUD,15M,3M BBSW,3.945916487167289
2022-09-21,AUD,15M,3M BBSW,3.730000000009971
2022-09-20,AUD,15M,3M BBSW,3.670000000010883
2022-09-19,AUD,15M,3M BBSW,3.719925295901352
2022-09-16,AUD,15M,3M BBSW,3.693948859740575
2022-09-15,AUD,15M,3M BBSW,3.639999999962977
2022-09-14,AUD,15M,3M BBSW,3.630000000000487
2022-09-13,AUD,15M,3M BBSW,3.459999999996872
2022-09-12,AUD,15M,3M BBSW,3.439869261918106
2022-09-09,AUD,15M,3M BBSW,3.3952356703231814
2022-09-08,AUD,15M,3M BBSW,3.420000000060397
2022-09-07,AUD,15M,3M BBSW,3.5399999999953238
2022-09-06,AUD,15M,3M BBSW,3.490000000076944
2022-09-05,AUD,15M,3M BBSW,3.5599319310906186
2022-09-02,AUD,15M,3M BBSW,3.5246777160165865
2022-09-01,AUD,15M,3M BBSW,3.5699999999786924
2022-08-31,AUD,15M,3M BBSW,3.5199956554048275
2022-08-30,AUD,15M,3M BBSW,3.5799999999924363
2022-08-29,AUD,15M,3M BBSW,3.659999999989183
2022-08-26,AUD,15M,3M BBSW,3.502122854337506
2022-08-25,AUD,15M,3M BBSW,3.534691895772989
2022-08-24,AUD,15M,3M BBSW,3.5200000000246248
2022-08-23,AUD,15M,3M BBSW,3.5900000000032724
2022-08-22,AUD,15M,3M BBSW,3.469999999944711
2022-08-19,AUD,15M,3M BBSW,3.392376625620926
2022-08-18,AUD,15M,3M BBSW,3.33554187526573
2022-08-17,AUD,15M,3M BBSW,3.300000000061033
2022-08-16,AUD,15M,3M BBSW,3.300000000005412
2022-08-15,AUD,15M,3M BBSW,3.420000000013684
2022-08-12,AUD,15M,3M BBSW,3.4422614701169834
2022-08-11,AUD,15M,3M BBSW,3.395284288471428
2022-08-10,AUD,15M,3M BBSW,3.360000000012565
2022-08-09,AUD,15M,3M BBSW,3.330000000013141
2022-08-08,AUD,15M,3M BBSW,3.3100000000041216
2022-08-05,AUD,15M,3M BBSW,3.282567100052324
2022-08-04,AUD,15M,3M BBSW,3.1463512728512324
2022-08-03,AUD,15M,3M BBSW,3.110000000016667
2022-08-02,AUD,15M,3M BBSW,3.099999999988131
2022-07-29,AUD,15M,3M BBSW,3.073180487298831
2022-07-28,AUD,15M,3M BBSW,3.156308151381933
2022-07-27,AUD,15M,3M BBSW,3.280000000005824
2022-07-26,AUD,15M,3M BBSW,3.429937946471266
2022-07-25,AUD,15M,3M BBSW,3.379936650999824
2022-07-22,AUD,15M,3M BBSW,3.3523536931268776
2022-07-21,AUD,15M,3M BBSW,3.5048128955330027
2022-07-20,AUD,15M,3M BBSW,3.530000000007707
2022-07-19,AUD,15M,3M BBSW,3.459999999993596
2022-07-18,AUD,15M,3M BBSW,3.349999999990151
2022-07-15,AUD,15M,3M BBSW,3.3475227410442217
2022-07-14,AUD,15M,3M BBSW,3.419629071408651
2022-07-13,AUD,15M,3M BBSW,3.199999999986457
2022-07-12,AUD,15M,3M BBSW,3.219999999994326
2022-07-11,AUD,15M,3M BBSW,3.3299999999942544
2022-07-08,AUD,15M,3M BBSW,3.2924288285739465
2022-07-07,AUD,15M,3M BBSW,3.205873300616978
2022-07-06,AUD,15M,3M BBSW,3.18000000000666
2022-07-05,AUD,15M,3M BBSW,3.2899999999944396
2022-07-04,AUD,15M,3M BBSW,3.169999999994618
2022-07-01,AUD,15M,3M BBSW,3.1559183834086806
2022-06-30,AUD,15M,3M BBSW,3.337165847498675
2022-06-29,AUD,15M,3M BBSW,3.3699999999799437
2022-06-28,AUD,15M,3M BBSW,3.35999999999495
2022-06-27,AUD,15M,3M BBSW,3.3099435264835853
2022-06-24,AUD,15M,3M BBSW,3.302410827979154
2022-06-23,AUD,15M,3M BBSW,3.37550163661168
2022-06-22,AUD,15M,3M BBSW,3.449931611643516
2022-06-21,AUD,15M,3M BBSW,3.619999999998772
2022-06-20,AUD,15M,3M BBSW,3.709999999992735
2022-06-17,AUD,15M,3M BBSW,3.761445404919085
2022-06-16,AUD,15M,3M BBSW,3.733992604435305
2022-06-15,AUD,15M,3M BBSW,3.739999999976755
2022-06-14,AUD,15M,3M BBSW,3.600000000036659
2022-06-10,AUD,15M,3M BBSW,3.262540996164293
2022-06-09,AUD,15M,3M BBSW,3.086722053086045
2022-06-08,AUD,15M,3M BBSW,3.120000000051064
2022-06-07,AUD,15M,3M BBSW,2.949999999937223
2022-06-06,AUD,15M,3M BBSW,2.850000000007527
2022-06-03,AUD,15M,3M BBSW,2.863542896633785
2022-06-02,AUD,15M,3M BBSW,2.857697898523306
2022-06-01,AUD,15M,3M BBSW,2.780000000007764
2022-05-31,AUD,15M,3M BBSW,2.710000000000103
2022-05-30,AUD,15M,3M BBSW,2.61999999997251
2022-05-27,AUD,15M,3M BBSW,2.624140416458297
2022-05-26,AUD,15M,3M BBSW,2.558857600573765
2022-05-25,AUD,15M,3M BBSW,2.54992193839866
2022-05-24,AUD,15M,3M BBSW,2.600000000019032
2022-05-23,AUD,15M,3M BBSW,2.570000000030697
2022-05-20,AUD,15M,3M BBSW,2.544318172212104
2022-05-19,AUD,15M,3M BBSW,2.648471525890451
2022-05-18,AUD,15M,3M BBSW,2.719910509619134
2022-05-17,AUD,15M,3M BBSW,2.690000000002137
2022-05-16,AUD,15M,3M BBSW,2.599999999984222
2022-05-13,AUD,15M,3M BBSW,2.61415874785736
2022-05-12,AUD,15M,3M BBSW,2.668385253230718
2022-05-11,AUD,15M,3M BBSW,2.689911206711848
2022-05-10,AUD,15M,3M BBSW,2.700000000005565
2022-05-09,AUD,15M,3M BBSW,2.770000000003668
2022-05-06,AUD,15M,3M BBSW,2.787761181872131
2022-05-05,AUD,15M,3M BBSW,2.692482958680265
2022-05-04,AUD,15M,3M BBSW,2.809902061225453
2022-05-03,AUD,15M,3M BBSW,2.460000000010042
2022-05-02,AUD,15M,3M BBSW,2.410000000010851
2022-04-29,AUD,15M,3M BBSW,2.399578837370203
2022-04-28,AUD,15M,3M BBSW,2.349929357688466
2022-04-27,AUD,15M,3M BBSW,2.290000000007612
2022-04-26,AUD,15M,3M BBSW,2.169969001414258
2022-04-22,AUD,15M,3M BBSW,2.180406208445172
2022-04-21,AUD,15M,3M BBSW,1.9399485235058518
2022-04-20,AUD,15M,3M BBSW,1.9100000000054362
2022-04-19,AUD,15M,3M BBSW,1.8099999999661789
2022-04-14,AUD,15M,3M BBSW,1.8000135405207351
2022-04-13,AUD,15M,3M BBSW,1.790000000002637
2022-04-12,AUD,15M,3M BBSW,1.8200000000051593
2022-04-11,AUD,15M,3M BBSW,1.850000000006104
2022-04-08,AUD,15M,3M BBSW,1.821955309040039
2022-04-07,AUD,15M,3M BBSW,1.7998267898952778
2022-04-06,AUD,15M,3M BBSW,1.8500000000043137
2022-04-05,AUD,15M,3M BBSW,1.519999999935353
2022-04-04,AUD,15M,3M BBSW,1.559999999930032
2022-04-01,AUD,15M,3M BBSW,1.5730530674398238
2022-03-31,AUD,15M,3M BBSW,1.499997455891719
2022-03-30,AUD,15M,3M BBSW,1.549999999998739
2022-03-29,AUD,15M,3M BBSW,1.60999999995695
2022-03-28,AUD,15M,3M BBSW,1.540000000006185
2022-03-25,AUD,15M,3M BBSW,1.436779573671317
2022-03-24,AUD,15M,3M BBSW,1.383928024011332
2022-03-23,AUD,15M,3M BBSW,1.420000000022401
2022-03-22,AUD,15M,3M BBSW,1.319991699954707
2022-03-21,AUD,15M,3M BBSW,1.199999999988408
2022-03-18,AUD,15M,3M BBSW,1.187365601606634
2022-03-17,AUD,15M,3M BBSW,1.125084154367596
2022-03-16,AUD,15M,3M BBSW,1.099999999993011
2022-03-15,AUD,15M,3M BBSW,1.159999999993156
2022-03-14,AUD,15M,3M BBSW,1.139999999987581
2022-03-11,AUD,15M,3M BBSW,1.11509835317152
2022-03-10,AUD,15M,3M BBSW,1.102786507344732
2022-03-09,AUD,15M,3M BBSW,1.12999999999055
2022-03-08,AUD,15M,3M BBSW,1.049999999994634
2022-03-07,AUD,15M,3M BBSW,0.9599999999965091
2022-03-04,AUD,15M,3M BBSW,0.9279467845090724
2022-03-03,AUD,15M,3M BBSW,0.8562581016661148
2022-03-02,AUD,15M,3M BBSW,0.7999999999975256
2022-03-01,AUD,15M,3M BBSW,0.8299999999976808
2022-02-28,AUD,15M,3M BBSW,0.8381554336360459
2022-02-25,AUD,15M,3M BBSW,0.8899822799810435
2022-02-24,AUD,15M,3M BBSW,0.8599999999997405
2025-11-03,AUD,18M,3M BBSW,3.55690000000001
2025-10-31,AUD,18M,3M BBSW,3.521400248513013
2025-10-30,AUD,18M,3M BBSW,3.523500000000012
2025-10-29,AUD,18M,3M BBSW,3.541800000000013
2025-10-28,AUD,18M,3M BBSW,3.393200000000006
2025-10-27,AUD,18M,3M BBSW,3.3940000000000055
2025-10-24,AUD,18M,3M BBSW,3.324897024776193
2025-10-23,AUD,18M,3M BBSW,3.3395000000000135
2025-10-22,AUD,18M,3M BBSW,3.2990000000000226
2025-10-21,AUD,18M,3M BBSW,3.321900000000012
2025-10-20,AUD,18M,3M BBSW,3.301000000000011
2025-10-17,AUD,18M,3M BBSW,3.309494943855165
2025-10-16,AUD,18M,3M BBSW,3.281200000000007
2025-10-15,AUD,18M,3M BBSW,3.432200000000011
2025-10-14,AUD,18M,3M BBSW,3.4290000000000114
2025-10-13,AUD,18M,3M BBSW,3.4329000000000156
2025-10-10,AUD,18M,3M BBSW,3.4798981878636512
2025-10-09,AUD,18M,3M BBSW,3.483700000000012
2025-10-08,AUD,18M,3M BBSW,3.447200000000016
2025-10-07,AUD,18M,3M BBSW,3.4441000000000144
2025-10-03,AUD,18M,3M BBSW,3.427901186407701
2025-10-02,AUD,18M,3M BBSW,3.432196716728147
2025-10-01,AUD,18M,3M BBSW,3.4466885102991554
2025-09-30,AUD,18M,3M BBSW,3.4772999999693086
2025-09-29,AUD,18M,3M BBSW,3.4261031941099014
2025-09-26,AUD,18M,3M BBSW,3.4269998530825325
2025-09-25,AUD,18M,3M BBSW,3.4544745919832214
2025-09-24,AUD,18M,3M BBSW,3.4399999999999933
2025-09-23,AUD,18M,3M BBSW,3.324700000000021
2025-09-22,AUD,18M,3M BBSW,3.34154924581565
2025-09-19,AUD,18M,3M BBSW,3.3114070765771926
2025-09-18,AUD,18M,3M BBSW,3.3033999999999795
2025-09-17,AUD,18M,3M BBSW,3.315600000000006
2025-09-16,AUD,18M,3M BBSW,3.31469999999993
2025-09-15,AUD,18M,3M BBSW,3.315199269953959
2025-09-12,AUD,18M,3M BBSW,3.330305651670774
2025-09-11,AUD,18M,3M BBSW,3.3150000000306075
2025-09-10,AUD,18M,3M BBSW,3.296499999934125
2025-09-09,AUD,18M,3M BBSW,3.330899999999966
2025-09-08,AUD,18M,3M BBSW,3.3023018053576636
2025-09-05,AUD,18M,3M BBSW,3.2925136305124783
2025-09-04,AUD,18M,3M BBSW,3.324400000029694
2025-09-03,AUD,18M,3M BBSW,3.341799999944854
2025-09-02,AUD,18M,3M BBSW,3.294999999999974
2025-09-01,AUD,18M,3M BBSW,3.288050944267487
2025-08-29,AUD,18M,3M BBSW,3.2817948029406923
2025-08-28,AUD,18M,3M BBSW,3.273944947791935
2025-08-27,AUD,18M,3M BBSW,3.2654306709583447
2025-08-26,AUD,18M,3M BBSW,3.2550000000117136
2025-08-25,AUD,18M,3M BBSW,3.254000000006575
2025-08-22,AUD,18M,3M BBSW,3.264815083954573
2025-08-21,AUD,18M,3M BBSW,3.257198502020563
2025-08-20,AUD,18M,3M BBSW,3.2303618798521385
2025-08-19,AUD,18M,3M BBSW,3.2709999999865245
2025-08-18,AUD,18M,3M BBSW,3.255399999978609
2025-08-15,AUD,18M,3M BBSW,3.24523909550145
2025-08-14,AUD,18M,3M BBSW,3.246306554211352
2025-08-13,AUD,18M,3M BBSW,3.21053009834664
2025-08-12,AUD,18M,3M BBSW,3.254700000005041
2025-08-11,AUD,18M,3M BBSW,3.296500000004855
2025-08-08,AUD,18M,3M BBSW,3.294511909062355
2025-08-07,AUD,18M,3M BBSW,3.28474764319238
2025-08-06,AUD,18M,3M BBSW,3.27380887433038
2025-08-05,AUD,18M,3M BBSW,3.2776000000050183
2025-08-01,AUD,18M,3M BBSW,3.341848900012766
2025-07-31,AUD,18M,3M BBSW,3.334500524353438
2025-07-30,AUD,18M,3M BBSW,3.308106042655506
2025-07-29,AUD,18M,3M BBSW,3.3153000000050086
2025-07-28,AUD,18M,3M BBSW,3.337600000004594
2025-07-25,AUD,18M,3M BBSW,3.349153220700173
2025-07-24,AUD,18M,3M BBSW,3.333805633314758
2025-07-23,AUD,18M,3M BBSW,3.289254641954622
2025-07-22,AUD,18M,3M BBSW,3.2879000000052088
2025-07-21,AUD,18M,3M BBSW,3.277800000004945
2025-07-18,AUD,18M,3M BBSW,3.271824390531239
2025-07-17,AUD,18M,3M BBSW,3.253604809442724
2025-07-16,AUD,18M,3M BBSW,3.345658178141641
2025-07-15,AUD,18M,3M BBSW,3.3820000000198145
2025-07-14,AUD,18M,3M BBSW,3.341000000003454
2025-07-11,AUD,18M,3M BBSW,3.317313475865068
2025-07-10,AUD,18M,3M BBSW,3.3169865414261155
2025-07-09,AUD,18M,3M BBSW,3.298222236151274
2025-07-08,AUD,18M,3M BBSW,3.33189999999812
2025-07-07,AUD,18M,3M BBSW,3.203800000004766
2025-07-04,AUD,18M,3M BBSW,3.191807797804622
2025-07-03,AUD,18M,3M BBSW,3.1987845442867298
2025-07-02,AUD,18M,3M BBSW,3.1543267586084096
2025-07-01,AUD,18M,3M BBSW,3.141912112160133
2025-06-30,AUD,18M,3M BBSW,3.154201300385796
2025-06-27,AUD,18M,3M BBSW,3.1384561187799447
2025-06-26,AUD,18M,3M BBSW,3.1259940979891496
2025-06-25,AUD,18M,3M BBSW,3.129114793154898
2025-06-24,AUD,18M,3M BBSW,3.190100000005675
2025-06-23,AUD,18M,3M BBSW,3.21980000000533
2025-06-20,AUD,18M,3M BBSW,3.2288998920981054
2025-06-19,AUD,18M,3M BBSW,3.235828966792711
2025-06-18,AUD,18M,3M BBSW,3.2768000000156206
2025-06-17,AUD,18M,3M BBSW,3.241500000005684
2025-06-16,AUD,18M,3M BBSW,3.244100000005637
2025-06-13,AUD,18M,3M BBSW,3.2285009660638653
2025-06-12,AUD,18M,3M BBSW,3.207529159558041
2025-06-11,AUD,18M,3M BBSW,3.263200000015702
2025-06-10,AUD,18M,3M BBSW,3.288700000005379
2025-06-06,AUD,18M,3M BBSW,3.275760099052436
2025-06-05,AUD,18M,3M BBSW,3.2376222033350595
2025-06-04,AUD,18M,3M BBSW,3.2036000000165146
2025-06-03,AUD,18M,3M BBSW,3.214000000004165
2025-06-02,AUD,18M,3M BBSW,3.268600000006222
2025-05-30,AUD,18M,3M BBSW,3.2661907317837873
2025-05-29,AUD,18M,3M BBSW,3.2852344385505052
2025-05-28,AUD,18M,3M BBSW,3.337930512905106
2025-05-27,AUD,18M,3M BBSW,3.2847000000072004
2025-05-26,AUD,18M,3M BBSW,3.2878000000184757
2025-05-23,AUD,18M,3M BBSW,3.325208420870538
2025-05-22,AUD,18M,3M BBSW,3.328116578970454
2025-05-21,AUD,18M,3M BBSW,3.354431874614382
2025-05-20,AUD,18M,3M BBSW,3.316800000005572
2025-05-19,AUD,18M,3M BBSW,3.505799999987966
2025-05-16,AUD,18M,3M BBSW,3.5125746503456434
2025-05-15,AUD,18M,3M BBSW,3.500765912247882
2025-05-14,AUD,18M,3M BBSW,3.514646925428254
2025-05-13,AUD,18M,3M BBSW,3.4821000000100826
2025-05-12,AUD,18M,3M BBSW,3.4612000000058605
2025-05-09,AUD,18M,3M BBSW,3.332709461412151
2025-05-08,AUD,18M,3M BBSW,3.332908810195546
2025-05-07,AUD,18M,3M BBSW,3.2657442899993145
2025-05-06,AUD,18M,3M BBSW,3.301200000003754
2025-05-05,AUD,18M,3M BBSW,3.3083000000039173
2025-05-02,AUD,18M,3M BBSW,3.2908271325350276
2025-05-01,AUD,18M,3M BBSW,3.26090162859645
2025-04-30,AUD,18M,3M BBSW,3.2546000000326694
2025-04-29,AUD,18M,3M BBSW,3.232600000013382
2025-04-28,AUD,18M,3M BBSW,3.225300000006985
2025-04-24,AUD,18M,3M BBSW,3.243753888243085
2025-04-23,AUD,18M,3M BBSW,3.314799999990715
2025-04-22,AUD,18M,3M BBSW,3.278600000007222
2025-04-17,AUD,18M,3M BBSW,3.262232238813771
2025-04-16,AUD,18M,3M BBSW,3.262799999976138
2025-04-15,AUD,18M,3M BBSW,3.2889000000084
2025-04-14,AUD,18M,3M BBSW,3.2623000000093416
2025-04-11,AUD,18M,3M BBSW,3.285100028424775
2025-04-10,AUD,18M,3M BBSW,3.212807794279108
2025-04-09,AUD,18M,3M BBSW,3.308200000008528
2025-04-08,AUD,18M,3M BBSW,3.2462000000093227
2025-04-07,AUD,18M,3M BBSW,3.4088000000048484
2025-04-04,AUD,18M,3M BBSW,3.378375009478595
2025-03-28,AUD,18M,3M BBSW,3.7073765002313195
2025-03-27,AUD,18M,3M BBSW,3.7184163555717338
2025-03-26,AUD,18M,3M BBSW,3.714492153009922
2025-03-25,AUD,18M,3M BBSW,3.731860769975903
2025-03-24,AUD,18M,3M BBSW,3.706300000004052
2025-03-21,AUD,18M,3M BBSW,3.6922805031652595
2025-03-20,AUD,18M,3M BBSW,3.701948738644124
2025-03-19,AUD,18M,3M BBSW,3.72891968883574
2025-03-18,AUD,18M,3M BBSW,3.739700000003444
2025-03-17,AUD,18M,3M BBSW,3.727900000003602
2025-03-14,AUD,18M,3M BBSW,3.719132738107928
2025-03-13,AUD,18M,3M BBSW,3.702447779212724
2025-03-12,AUD,18M,3M BBSW,3.7238376994039655
2025-03-11,AUD,18M,3M BBSW,3.718200000003808
2025-03-10,AUD,18M,3M BBSW,3.697300000004046
2025-03-07,AUD,18M,3M BBSW,3.747443202655994
2025-03-06,AUD,18M,3M BBSW,3.753586690946055
2025-03-05,AUD,18M,3M BBSW,3.7760577605806875
2025-03-04,AUD,18M,3M BBSW,3.758300000006815
2025-03-03,AUD,18M,3M BBSW,3.725500000003811
2025-02-28,AUD,18M,3M BBSW,3.7617596289250455
2025-02-27,AUD,18M,3M BBSW,3.775799999999859
2025-02-26,AUD,18M,3M BBSW,3.793200000000067
2025-02-25,AUD,18M,3M BBSW,3.8072335867249856
2025-02-24,AUD,18M,3M BBSW,3.8195374355158016
2025-02-21,AUD,18M,3M BBSW,3.883670733456261
2025-02-20,AUD,18M,3M BBSW,3.908000000064443
2025-02-19,AUD,18M,3M BBSW,3.887699999942898
2025-02-18,AUD,18M,3M BBSW,3.9064300979717554
2025-02-17,AUD,18M,3M BBSW,3.847934044725808
2025-02-14,AUD,18M,3M BBSW,3.8424743308035825
2025-02-13,AUD,18M,3M BBSW,3.827599999999852
2025-02-12,AUD,18M,3M BBSW,3.892599999973782
2025-02-11,AUD,18M,3M BBSW,3.8502318598248255
2025-02-10,AUD,18M,3M BBSW,3.796041790033814
2025-02-07,AUD,18M,3M BBSW,3.7994791171051334
2025-02-06,AUD,18M,3M BBSW,3.76579999999984
2025-02-05,AUD,18M,3M BBSW,3.762100000018499
2025-02-04,AUD,18M,3M BBSW,3.8027667406180474
2025-02-03,AUD,18M,3M BBSW,3.791188850482278
2025-01-31,AUD,18M,3M BBSW,3.80506076477115
2025-01-30,AUD,18M,3M BBSW,3.805299999999841
2025-01-29,AUD,18M,3M BBSW,3.817499999999854
2025-01-28,AUD,18M,3M BBSW,3.872400000005912
2025-01-24,AUD,18M,3M BBSW,3.909204941286891
2025-01-23,AUD,18M,3M BBSW,3.919199999994732
2025-01-22,AUD,18M,3M BBSW,3.943399999984545
2025-01-21,AUD,18M,3M BBSW,3.9288302371852364
2025-01-20,AUD,18M,3M BBSW,3.9290917327896904
2025-01-17,AUD,18M,3M BBSW,3.958866613784309
2025-01-16,AUD,18M,3M BBSW,3.9501999999887834
2025-01-15,AUD,18M,3M BBSW,3.945100000005036
2025-01-14,AUD,18M,3M BBSW,4.01539999999676
2025-01-13,AUD,18M,3M BBSW,4.002616938196564
2025-01-10,AUD,18M,3M BBSW,3.923373400785758
2025-01-09,AUD,18M,3M BBSW,3.896499999986508
2025-01-08,AUD,18M,3M BBSW,3.936399999993344
2025-01-07,AUD,18M,3M BBSW,3.976399999993702
2025-01-06,AUD,18M,3M BBSW,3.932782343396147
2025-01-03,AUD,18M,3M BBSW,3.884821922055666
2025-01-02,AUD,18M,3M BBSW,3.8835999999374122
2024-12-31,AUD,18M,3M BBSW,3.88744140111474
2024-12-30,AUD,18M,3M BBSW,3.897947307125476
2024-12-27,AUD,18M,3M BBSW,3.8836686875628414
2024-12-24,AUD,18M,3M BBSW,3.9174999999413056
2024-12-23,AUD,18M,3M BBSW,3.9440763492263056
2024-12-20,AUD,18M,3M BBSW,3.981016262492764
2024-12-19,AUD,18M,3M BBSW,3.988199999944539
2024-12-18,AUD,18M,3M BBSW,3.958600000005361
2024-12-17,AUD,18M,3M BBSW,3.9360999999929644
2024-12-16,AUD,18M,3M BBSW,3.952778711512107
2024-12-13,AUD,18M,3M BBSW,3.9608887677975475
2024-12-12,AUD,18M,3M BBSW,3.972800000026537
2024-12-11,AUD,18M,3M BBSW,3.862599999993193
2024-12-10,AUD,18M,3M BBSW,3.8798999999925394
2024-12-09,AUD,18M,3M BBSW,3.9744309522997923
2024-12-06,AUD,18M,3M BBSW,3.936448286695208
2024-12-05,AUD,18M,3M BBSW,3.988499999938744
2024-12-04,AUD,18M,3M BBSW,3.957599999992409
2024-12-03,AUD,18M,3M BBSW,4.07309999999317
2024-12-02,AUD,18M,3M BBSW,4.066826286899612
2024-11-29,AUD,18M,3M BBSW,4.069569333853075
2024-11-28,AUD,18M,3M BBSW,4.08996770813327
2024-11-27,AUD,18M,3M BBSW,4.089200000005393
2024-11-26,AUD,18M,3M BBSW,4.108400000004095
2024-11-25,AUD,18M,3M BBSW,4.112421118995158
2024-11-22,AUD,18M,3M BBSW,4.157263793218322
2024-11-21,AUD,18M,3M BBSW,4.173157062333263
2024-11-20,AUD,18M,3M BBSW,4.15759999997002
2024-11-19,AUD,18M,3M BBSW,4.140400000003964
2024-11-18,AUD,18M,3M BBSW,4.12122082341297
2024-11-15,AUD,18M,3M BBSW,4.205167520214586
2024-11-14,AUD,18M,3M BBSW,4.218279043833951
2024-11-13,AUD,18M,3M BBSW,4.238399999995044
2024-11-12,AUD,18M,3M BBSW,4.227300000003881
2024-11-11,AUD,18M,3M BBSW,4.183118239697024
2024-11-08,AUD,18M,3M BBSW,4.154758913064502
2024-11-07,AUD,18M,3M BBSW,4.154858786642382
2024-11-06,AUD,18M,3M BBSW,4.177999999971265
2024-11-05,AUD,18M,3M BBSW,4.176000000003786
2024-11-04,AUD,18M,3M BBSW,4.125743714073954
2024-11-01,AUD,18M,3M BBSW,4.137901197572032
2024-10-31,AUD,18M,3M BBSW,4.175922563268086
2024-10-30,AUD,18M,3M BBSW,4.162399999996581
2024-10-29,AUD,18M,3M BBSW,4.092900000003327
2024-10-28,AUD,18M,3M BBSW,4.082300000003644
2024-10-24,AUD,18M,3M BBSW,4.059798856635831
2024-10-23,AUD,18M,3M BBSW,4.108899999993923
2024-10-22,AUD,18M,3M BBSW,4.090599999995828
2024-10-21,AUD,18M,3M BBSW,4.044924215977659
2024-10-17,AUD,18M,3M BBSW,4.031569337726216
2024-10-16,AUD,18M,3M BBSW,3.932000000023053
2024-10-15,AUD,18M,3M BBSW,3.961000000003873
2024-10-14,AUD,18M,3M BBSW,3.9827000000038115
2024-10-11,AUD,18M,3M BBSW,3.9759077708275443
2024-10-10,AUD,18M,3M BBSW,3.976873904690041
2024-10-09,AUD,18M,3M BBSW,3.990899999986528
2024-10-08,AUD,18M,3M BBSW,3.9547000000039216
2024-10-04,AUD,18M,3M BBSW,3.9109168467892195
2024-10-03,AUD,18M,3M BBSW,3.795643608992801
2024-10-02,AUD,18M,3M BBSW,3.798999999986509
2024-10-01,AUD,18M,3M BBSW,3.782505327733686
2024-09-30,AUD,18M,3M BBSW,3.786833221428475
2024-09-27,AUD,18M,3M BBSW,3.756776804722096
2024-09-26,AUD,18M,3M BBSW,3.757533477614371
2024-09-25,AUD,18M,3M BBSW,3.7347139415774775
2024-09-24,AUD,18M,3M BBSW,3.70180000000548
2024-09-23,AUD,18M,3M BBSW,3.796132653726529
2024-09-20,AUD,18M,3M BBSW,3.7686774419016884
2024-09-19,AUD,18M,3M BBSW,3.778000000003511
2024-09-18,AUD,18M,3M BBSW,3.7445000000035837
2024-09-17,AUD,18M,3M BBSW,3.709600000003584
2024-09-16,AUD,18M,3M BBSW,3.676637063565133
2024-09-13,AUD,18M,3M BBSW,3.703786948593418
2024-09-12,AUD,18M,3M BBSW,3.7449000000034345
2024-09-11,AUD,18M,3M BBSW,3.780799999992902
2024-09-10,AUD,18M,3M BBSW,3.772699999992972
2024-09-09,AUD,18M,3M BBSW,3.8167688078403326
2024-09-06,AUD,18M,3M BBSW,3.807670419561161
2024-09-05,AUD,18M,3M BBSW,3.8484999999883613
2024-09-04,AUD,18M,3M BBSW,3.812999999996319
2024-09-03,AUD,18M,3M BBSW,3.8616999999964112
2024-09-02,AUD,18M,3M BBSW,3.9170280535299575
2024-08-30,AUD,18M,3M BBSW,3.893466077640731
2024-08-29,AUD,18M,3M BBSW,3.8833326257499174
2024-08-27,AUD,18M,3M BBSW,3.7951999999960484
2024-08-26,AUD,18M,3M BBSW,3.7857999999965775
2024-08-23,AUD,18M,3M BBSW,3.828543626124772
2024-08-22,AUD,18M,3M BBSW,3.8494934251990993
2024-08-21,AUD,18M,3M BBSW,3.832051494752374
2024-08-20,AUD,18M,3M BBSW,3.856299999986665
2024-08-19,AUD,18M,3M BBSW,3.8832000000636
2024-08-16,AUD,18M,3M BBSW,3.8828322965904745
2024-08-15,AUD,18M,3M BBSW,3.927934964761104
2024-08-14,AUD,18M,3M BBSW,3.831696035094096
2024-08-13,AUD,18M,3M BBSW,3.884899999986872
2024-08-12,AUD,18M,3M BBSW,3.93429999999638
2024-08-09,AUD,18M,3M BBSW,3.953216006643122
2024-08-08,AUD,18M,3M BBSW,3.962681077866443
2024-08-07,AUD,18M,3M BBSW,3.934797819424851
2024-08-06,AUD,18M,3M BBSW,3.96020000000571
2024-08-02,AUD,18M,3M BBSW,3.883165123502968
2024-08-01,AUD,18M,3M BBSW,3.9975157308638885
2024-07-31,AUD,18M,3M BBSW,4.065227964225413
2024-07-30,AUD,18M,3M BBSW,4.252699999980377
2024-07-29,AUD,18M,3M BBSW,4.289399999992827
2024-07-26,AUD,18M,3M BBSW,4.248019661513604
2024-07-24,AUD,18M,3M BBSW,4.280813549092718
2024-07-23,AUD,18M,3M BBSW,4.319699999994069
2024-07-22,AUD,18M,3M BBSW,4.304099999992815
2024-07-19,AUD,18M,3M BBSW,4.311393145350164
2024-07-18,AUD,18M,3M BBSW,4.278057635185181
2024-07-17,AUD,18M,3M BBSW,4.231278833404032
2024-07-16,AUD,18M,3M BBSW,4.25409999998316
2024-07-15,AUD,18M,3M BBSW,4.296999999992813
2024-07-12,AUD,18M,3M BBSW,4.328196481009653
2024-07-11,AUD,18M,3M BBSW,4.352845418897496
2024-07-10,AUD,18M,3M BBSW,4.373592312065355
2024-07-09,AUD,18M,3M BBSW,4.403199999984817
2024-07-08,AUD,18M,3M BBSW,4.415400000051616
2024-07-05,AUD,18M,3M BBSW,4.416776455159459
2024-07-04,AUD,18M,3M BBSW,4.439297584680256
2024-07-03,AUD,18M,3M BBSW,4.423621720270621
2024-07-02,AUD,18M,3M BBSW,4.433199999984549
2024-07-01,AUD,18M,3M BBSW,4.439442522640038
2024-06-28,AUD,18M,3M BBSW,4.440073681599563
2024-06-27,AUD,18M,3M BBSW,4.399311130483055
2024-06-26,AUD,18M,3M BBSW,4.457773660558455
2024-06-24,AUD,18M,3M BBSW,4.275500000014509
2024-06-21,AUD,18M,3M BBSW,4.257588200127217
2024-06-20,AUD,18M,3M BBSW,4.265083728790129
2024-06-19,AUD,18M,3M BBSW,4.263999999985206
2024-06-18,AUD,18M,3M BBSW,4.240999999996607
2024-06-17,AUD,18M,3M BBSW,4.186999999996295
2024-06-14,AUD,18M,3M BBSW,4.176976923883245
2024-06-13,AUD,18M,3M BBSW,4.192439806286762
2024-06-12,AUD,18M,3M BBSW,4.231399999982148
2024-06-11,AUD,18M,3M BBSW,4.280200000004064
2024-06-07,AUD,18M,3M BBSW,4.281952896246208
2024-06-06,AUD,18M,3M BBSW,4.222035799268538
2024-06-05,AUD,18M,3M BBSW,4.230699999985816
2024-06-04,AUD,18M,3M BBSW,4.239799999996309
2024-06-03,AUD,18M,3M BBSW,4.285299999996214
2024-05-31,AUD,18M,3M BBSW,4.351529472967635
2024-05-30,AUD,18M,3M BBSW,4.342167805958481
2024-05-29,AUD,18M,3M BBSW,4.378561682829947
2024-05-28,AUD,18M,3M BBSW,4.324300000005329
2024-05-27,AUD,18M,3M BBSW,4.272600000064935
2024-05-24,AUD,18M,3M BBSW,4.301389307081804
2024-05-23,AUD,18M,3M BBSW,4.275605840364477
2024-05-22,AUD,18M,3M BBSW,4.262515161630569
2024-05-21,AUD,18M,3M BBSW,4.223599999987961
2024-05-20,AUD,18M,3M BBSW,4.235299999996578
2024-05-17,AUD,18M,3M BBSW,4.224815255614178
2024-05-16,AUD,18M,3M BBSW,4.220911410050896
2024-05-15,AUD,18M,3M BBSW,4.266267358016735
2024-05-14,AUD,18M,3M BBSW,4.31419999998787
2024-05-13,AUD,18M,3M BBSW,4.30309999999653
2024-05-10,AUD,18M,3M BBSW,4.345881816627068
2024-05-09,AUD,18M,3M BBSW,4.328204471851646
2024-05-08,AUD,18M,3M BBSW,4.326688732955812
2024-05-07,AUD,18M,3M BBSW,4.299299999983701
2024-05-06,AUD,18M,3M BBSW,4.398600000066068
2024-05-03,AUD,18M,3M BBSW,4.373031535701567
2024-05-02,AUD,18M,3M BBSW,4.379024341458464
2024-05-01,AUD,18M,3M BBSW,4.414979770175524
2024-04-30,AUD,18M,3M BBSW,4.425599999995267
2024-04-29,AUD,18M,3M BBSW,4.430500000013805
2024-04-26,AUD,18M,3M BBSW,4.446793999700555
2024-04-24,AUD,18M,3M BBSW,4.378699999995983
2024-04-23,AUD,18M,3M BBSW,4.228300000011997
2024-04-22,AUD,18M,3M BBSW,4.221699999993367
2024-04-19,AUD,18M,3M BBSW,4.211182648892672
2024-04-18,AUD,18M,3M BBSW,4.227595319357319
2024-04-17,AUD,18M,3M BBSW,4.247499999985544
2024-04-16,AUD,18M,3M BBSW,4.252300000065927
2024-04-15,AUD,18M,3M BBSW,4.212700000062884
2024-04-12,AUD,18M,3M BBSW,4.170442491112307
2024-04-11,AUD,18M,3M BBSW,4.19900893946209
2024-04-10,AUD,18M,3M BBSW,4.177699999989729
2024-04-09,AUD,18M,3M BBSW,4.097899999949027
2024-04-08,AUD,18M,3M BBSW,4.128600000060118
2024-04-04,AUD,18M,3M BBSW,4.067928073683003
2024-04-03,AUD,18M,3M BBSW,4.105700000030091
2024-04-02,AUD,18M,3M BBSW,4.097500000012393
2024-03-28,AUD,18M,3M BBSW,4.042983588246758
2024-03-27,AUD,18M,3M BBSW,4.035453299058206
2024-03-26,AUD,18M,3M BBSW,4.067227582376056
2024-03-25,AUD,18M,3M BBSW,4.051456522096888
2024-03-22,AUD,18M,3M BBSW,4.058323966374425
2024-03-21,AUD,18M,3M BBSW,4.076018595888168
2024-03-20,AUD,18M,3M BBSW,4.028178747886911
2024-03-19,AUD,18M,3M BBSW,4.061799999989656
2024-03-18,AUD,18M,3M BBSW,4.114600000012215
2024-03-15,AUD,18M,3M BBSW,4.130648872978212
2024-03-14,AUD,18M,3M BBSW,4.111580192640996
2024-03-13,AUD,18M,3M BBSW,4.063059352048993
2024-03-12,AUD,18M,3M BBSW,4.049200000005375
2024-03-11,AUD,18M,3M BBSW,4.029900000058914
2024-03-08,AUD,18M,3M BBSW,4.045840267744561
2024-03-07,AUD,18M,3M BBSW,4.067566666251775
2024-03-06,AUD,18M,3M BBSW,4.058574234334206
2024-03-05,AUD,18M,3M BBSW,4.079000000005484
2024-03-04,AUD,18M,3M BBSW,4.114900000015107
2024-03-01,AUD,18M,3M BBSW,4.106981737831813
2024-02-29,AUD,18M,3M BBSW,4.119600000010124
2024-02-28,AUD,18M,3M BBSW,4.108000000027458
2024-02-27,AUD,18M,3M BBSW,4.157799999947187
2024-02-26,AUD,18M,3M BBSW,4.135972172505429
2024-02-23,AUD,18M,3M BBSW,4.126759684152015
2024-02-22,AUD,18M,3M BBSW,4.130155941186528
2024-02-21,AUD,18M,3M BBSW,4.128099999947059
2024-02-20,AUD,18M,3M BBSW,4.101700000012053
2024-02-19,AUD,18M,3M BBSW,4.127358944336741
2024-02-16,AUD,18M,3M BBSW,4.143499801661715
2024-02-15,AUD,18M,3M BBSW,4.127905633409378
2024-02-14,AUD,18M,3M BBSW,4.188899999995593
2024-02-13,AUD,18M,3M BBSW,4.208199999995537
2024-02-12,AUD,18M,3M BBSW,4.149156384746101
2024-02-09,AUD,18M,3M BBSW,4.123470905080195
2024-02-08,AUD,18M,3M BBSW,4.091860239103144
2024-02-07,AUD,18M,3M BBSW,4.082699999947923
2024-02-06,AUD,18M,3M BBSW,4.065000000011041
2024-02-05,AUD,18M,3M BBSW,4.088984223247907
2024-02-02,AUD,18M,3M BBSW,4.016287668163678
2024-02-01,AUD,18M,3M BBSW,3.967670373825036
2024-01-31,AUD,18M,3M BBSW,3.961700000013412
2024-01-30,AUD,18M,3M BBSW,4.093199999994501
2024-01-29,AUD,18M,3M BBSW,4.097300000012049
2024-01-25,AUD,18M,3M BBSW,4.134798295815955
2024-01-24,AUD,18M,3M BBSW,4.176900000012193
2024-01-23,AUD,18M,3M BBSW,4.157000000008669
2024-01-22,AUD,18M,3M BBSW,4.147900000010628
2024-01-19,AUD,18M,3M BBSW,4.184630281580613
2024-01-18,AUD,18M,3M BBSW,4.185456081644623
2024-01-17,AUD,18M,3M BBSW,4.193199999947702
2024-01-16,AUD,18M,3M BBSW,4.138399999995617
2024-01-15,AUD,18M,3M BBSW,4.09490000001733
2024-01-12,AUD,18M,3M BBSW,4.036546876141113
2024-01-11,AUD,18M,3M BBSW,4.070160624967746
2024-01-10,AUD,18M,3M BBSW,4.126299999946662
2024-01-09,AUD,18M,3M BBSW,4.090300000003573
2024-01-08,AUD,18M,3M BBSW,4.130399999948548
2024-01-05,AUD,18M,3M BBSW,4.15383837109335
2024-01-04,AUD,18M,3M BBSW,4.131155008588831
2024-01-03,AUD,18M,3M BBSW,4.076499999948911
2024-01-02,AUD,18M,3M BBSW,4.071899999995794
2023-12-29,AUD,18M,3M BBSW,4.001367572357716
2023-12-28,AUD,18M,3M BBSW,3.990905549238708
2023-12-27,AUD,18M,3M BBSW,4.013899999991375
2023-12-22,AUD,18M,3M BBSW,4.05903868768316
2023-12-21,AUD,18M,3M BBSW,4.042718334968448
2023-12-20,AUD,18M,3M BBSW,4.075500000003502
2023-12-19,AUD,18M,3M BBSW,4.118099999948313
2023-12-18,AUD,18M,3M BBSW,4.093099999945211
2023-12-15,AUD,18M,3M BBSW,4.136012165840477
2023-12-14,AUD,18M,3M BBSW,4.129377753912141
2023-12-13,AUD,18M,3M BBSW,4.109699999989552
2023-12-12,AUD,18M,3M BBSW,4.271000000010379
2023-12-11,AUD,18M,3M BBSW,4.275500000011349
2023-12-07,AUD,18M,3M BBSW,4.228431511544589
2023-12-06,AUD,18M,3M BBSW,4.213000000024539
2023-12-05,AUD,18M,3M BBSW,4.272000000060167
2023-12-04,AUD,18M,3M BBSW,4.403799999995583
2023-12-01,AUD,18M,3M BBSW,4.333994926247449
2023-11-30,AUD,18M,3M BBSW,4.397449259364119
2023-11-29,AUD,18M,3M BBSW,4.37880000002459
2023-11-28,AUD,18M,3M BBSW,4.462500000014067
2023-11-27,AUD,18M,3M BBSW,4.488800000062635
2023-11-24,AUD,18M,3M BBSW,4.501744288767545
2023-11-23,AUD,18M,3M BBSW,4.501131663942299
2023-11-22,AUD,18M,3M BBSW,4.505228538539956
2023-11-21,AUD,18M,3M BBSW,4.41469999999669
2023-11-20,AUD,18M,3M BBSW,4.446600000063881
2023-11-17,AUD,18M,3M BBSW,4.416630579914133
2023-11-16,AUD,18M,3M BBSW,4.410543294374841
2023-11-15,AUD,18M,3M BBSW,4.503690349212024
2023-11-14,AUD,18M,3M BBSW,4.505000000003628
2023-11-13,AUD,18M,3M BBSW,4.571999999995953
2023-11-10,AUD,18M,3M BBSW,4.523527445156653
2023-11-09,AUD,18M,3M BBSW,4.538225430812515
2023-11-08,AUD,18M,3M BBSW,4.481130522621362
2023-11-07,AUD,18M,3M BBSW,4.488599999995869
2023-11-06,AUD,18M,3M BBSW,4.557399999996044
2023-11-03,AUD,18M,3M BBSW,4.494715589798502
2023-11-02,AUD,18M,3M BBSW,4.544222583290171
2023-11-01,AUD,18M,3M BBSW,4.557820659848503
2023-10-31,AUD,18M,3M BBSW,4.663395702450904
2023-10-30,AUD,18M,3M BBSW,4.610099999996749
2023-10-26,AUD,18M,3M BBSW,4.508201978081959
2023-10-25,AUD,18M,3M BBSW,4.482093657947502
2023-10-24,AUD,18M,3M BBSW,4.431799999939905
2023-10-23,AUD,18M,3M BBSW,4.408900000011639
2023-10-20,AUD,18M,3M BBSW,4.396288685473945
2023-10-19,AUD,18M,3M BBSW,4.393447626800202
2023-10-18,AUD,18M,3M BBSW,4.429197910803863
2023-10-17,AUD,18M,3M BBSW,4.455299999995864
2023-10-16,AUD,18M,3M BBSW,4.278000000062558
2023-10-12,AUD,18M,3M BBSW,4.262212109060923
2023-10-11,AUD,18M,3M BBSW,4.234446088904965
2023-10-10,AUD,18M,3M BBSW,4.254100000059529
2023-10-09,AUD,18M,3M BBSW,4.235200000059524
2023-10-05,AUD,18M,3M BBSW,4.292320096908004
2023-10-04,AUD,18M,3M BBSW,4.332035948629798
2023-10-03,AUD,18M,3M BBSW,4.383000000013834
2023-09-29,AUD,18M,3M BBSW,4.335785069885592
2023-09-28,AUD,18M,3M BBSW,4.378658744534422
2023-09-27,AUD,18M,3M BBSW,4.363300000006501
2023-09-26,AUD,18M,3M BBSW,4.361459888904188
2023-09-25,AUD,18M,3M BBSW,4.367602985302248
2023-09-22,AUD,18M,3M BBSW,4.334336482362172
2023-09-21,AUD,18M,3M BBSW,4.381558594416462
2023-09-20,AUD,18M,3M BBSW,4.391399999996389
2023-09-19,AUD,18M,3M BBSW,4.337799999945458
2023-09-18,AUD,18M,3M BBSW,4.276900000009989
2023-09-15,AUD,18M,3M BBSW,4.25079729142519
2023-09-14,AUD,18M,3M BBSW,4.227987578776944
2023-09-13,AUD,18M,3M BBSW,4.236500000012122
2023-09-12,AUD,18M,3M BBSW,4.243900000011338
2023-09-11,AUD,18M,3M BBSW,4.233500000011843
2023-09-08,AUD,18M,3M BBSW,4.198844267710005
2023-09-07,AUD,18M,3M BBSW,4.199891506202584
2023-09-06,AUD,18M,3M BBSW,4.200200000058399
2023-09-05,AUD,18M,3M BBSW,4.205100000014374
2023-09-04,AUD,18M,3M BBSW,4.219900000012634
2023-09-01,AUD,18M,3M BBSW,4.168535831484813
2023-08-31,AUD,18M,3M BBSW,4.191057908875541
2023-08-30,AUD,18M,3M BBSW,4.219484653991048
2023-08-28,AUD,18M,3M BBSW,4.27009999999637
2023-08-25,AUD,18M,3M BBSW,4.268375421225013
2023-08-24,AUD,18M,3M BBSW,4.260990193566555
2023-08-23,AUD,18M,3M BBSW,4.22616211975676
2023-08-22,AUD,18M,3M BBSW,4.274072269878987
2023-08-21,AUD,18M,3M BBSW,4.297999999996694
2023-08-18,AUD,18M,3M BBSW,4.283111248261599
2023-08-17,AUD,18M,3M BBSW,4.319777519775728
2023-08-16,AUD,18M,3M BBSW,4.308413519590232
2023-08-15,AUD,18M,3M BBSW,4.334922084461502
2023-08-14,AUD,18M,3M BBSW,4.36679999999664
2023-08-11,AUD,18M,3M BBSW,4.308725024767993
2023-08-10,AUD,18M,3M BBSW,4.261991138419985
2023-08-09,AUD,18M,3M BBSW,4.271780991085907
2023-08-08,AUD,18M,3M BBSW,4.229621385851138
2023-08-04,AUD,18M,3M BBSW,4.256027262499528
2023-08-03,AUD,18M,3M BBSW,4.281105234590735
2023-08-02,AUD,18M,3M BBSW,4.241335653563433
2023-08-01,AUD,18M,3M BBSW,4.266493978132631
2023-07-31,AUD,18M,3M BBSW,4.383899999992931
2023-07-28,AUD,18M,3M BBSW,4.367107825567137
2023-07-27,AUD,18M,3M BBSW,4.426746429411739
2023-07-25,AUD,18M,3M BBSW,4.521638949737896
2023-07-24,AUD,18M,3M BBSW,4.51509999999269
2023-07-21,AUD,18M,3M BBSW,4.539854894799896
2023-07-20,AUD,18M,3M BBSW,4.538539913084867
2023-07-19,AUD,18M,3M BBSW,4.435087483389013
2023-07-18,AUD,18M,3M BBSW,4.46043141575254
2023-07-17,AUD,18M,3M BBSW,4.473999999992884
2023-07-14,AUD,18M,3M BBSW,4.503116466380723
2023-07-13,AUD,18M,3M BBSW,4.421376817343954
2023-07-12,AUD,18M,3M BBSW,4.476712333359078
2023-07-11,AUD,18M,3M BBSW,4.584808707757587
2023-07-10,AUD,18M,3M BBSW,4.637799999992695
2023-07-07,AUD,18M,3M BBSW,4.728565804847135
2023-07-06,AUD,18M,3M BBSW,4.717477369690746
2023-07-05,AUD,18M,3M BBSW,4.583328493054446
2023-07-04,AUD,18M,3M BBSW,4.536571506296727
2023-07-03,AUD,18M,3M BBSW,4.568199999996372
2023-06-30,AUD,18M,3M BBSW,4.591787871139832
2023-06-29,AUD,18M,3M BBSW,4.533775409915855
2023-06-28,AUD,18M,3M BBSW,4.421366717129834
2023-06-27,AUD,18M,3M BBSW,4.510800000060224
2023-06-26,AUD,18M,3M BBSW,4.476177325375541
2023-06-22,AUD,18M,3M BBSW,4.569135118588213
2023-06-21,AUD,18M,3M BBSW,4.465810440923117
2023-06-20,AUD,18M,3M BBSW,4.478500000062517
2023-06-19,AUD,18M,3M BBSW,4.576200000011547
2023-06-15,AUD,18M,3M BBSW,4.541031984474055
2023-06-14,AUD,18M,3M BBSW,4.470874031900811
2023-06-13,AUD,18M,3M BBSW,4.45289999999637
2023-06-09,AUD,18M,3M BBSW,4.405182797940165
2023-06-08,AUD,18M,3M BBSW,4.397565742063915
2023-06-07,AUD,18M,3M BBSW,4.383999330994834
2023-06-06,AUD,18M,3M BBSW,4.243200000003465
2023-06-05,AUD,18M,3M BBSW,4.124500000012586
2023-06-01,AUD,18M,3M BBSW,4.00208033160757
2023-05-31,AUD,18M,3M BBSW,3.996448946702501
2023-05-30,AUD,18M,3M BBSW,3.9686410604898326
2023-05-29,AUD,18M,3M BBSW,3.9624999999966515
2023-05-26,AUD,18M,3M BBSW,3.991872630164004
2023-05-25,AUD,18M,3M BBSW,4.010261489540328
2023-05-24,AUD,18M,3M BBSW,3.955508050591701
2023-05-23,AUD,18M,3M BBSW,3.946398869428819
2023-05-22,AUD,18M,3M BBSW,3.934400000012708
2023-05-19,AUD,18M,3M BBSW,3.945776433072312
2023-05-18,AUD,18M,3M BBSW,3.954975495543031
2023-05-17,AUD,18M,3M BBSW,3.85639501973749
2023-05-16,AUD,18M,3M BBSW,3.8002988962670208
2023-05-15,AUD,18M,3M BBSW,3.7998999999959806
2023-05-12,AUD,18M,3M BBSW,3.715904713292273
2023-05-11,AUD,18M,3M BBSW,3.687937959447327
2023-05-10,AUD,18M,3M BBSW,3.701185848506457
2023-05-09,AUD,18M,3M BBSW,3.728050523573239
2023-05-08,AUD,18M,3M BBSW,3.747800000013001
2023-05-05,AUD,18M,3M BBSW,3.716782673731388
2023-05-04,AUD,18M,3M BBSW,3.6223987829429825
2023-05-03,AUD,18M,3M BBSW,3.697336258982848
2023-05-02,AUD,18M,3M BBSW,3.755857923034081
2023-05-01,AUD,18M,3M BBSW,3.6626000000101735
2023-04-28,AUD,18M,3M BBSW,3.5754117425477823
2023-04-27,AUD,18M,3M BBSW,3.65084461542078
2023-04-26,AUD,18M,3M BBSW,3.570004622492334
2023-04-24,AUD,18M,3M BBSW,3.704500000013483
2023-04-21,AUD,18M,3M BBSW,3.741080495377605
2023-04-20,AUD,18M,3M BBSW,3.717614026331727
2023-04-19,AUD,18M,3M BBSW,3.736403667784832
2023-04-18,AUD,18M,3M BBSW,3.7240000000045974
2023-04-17,AUD,18M,3M BBSW,3.6318999999965103
2023-04-14,AUD,18M,3M BBSW,3.6295457187532394
2023-04-13,AUD,18M,3M BBSW,3.587767850342434
2023-04-12,AUD,18M,3M BBSW,3.509986235398605
2023-04-11,AUD,18M,3M BBSW,3.483400000010574
2023-04-06,AUD,18M,3M BBSW,3.407938068757714
2023-04-05,AUD,18M,3M BBSW,3.4240777255756876
2023-04-04,AUD,18M,3M BBSW,3.467200000012822
2023-04-03,AUD,18M,3M BBSW,3.5364999999957596
2023-03-31,AUD,18M,3M BBSW,3.511725277731236
2023-03-30,AUD,18M,3M BBSW,3.551834321562264
2023-03-29,AUD,18M,3M BBSW,3.54051096917685
2023-03-28,AUD,18M,3M BBSW,3.532333319950276
2023-03-27,AUD,18M,3M BBSW,3.502800000013378
2023-03-24,AUD,18M,3M BBSW,3.4414874073600132
2023-03-23,AUD,18M,3M BBSW,3.473918193107286
2023-03-22,AUD,18M,3M BBSW,3.462233864093838
2023-03-21,AUD,18M,3M BBSW,3.49167551237958
2023-03-20,AUD,18M,3M BBSW,3.398599999993575
2023-03-17,AUD,18M,3M BBSW,3.455691278084305
2023-03-16,AUD,18M,3M BBSW,3.585394810947838
2023-03-15,AUD,18M,3M BBSW,3.525315589864913
2023-03-14,AUD,18M,3M BBSW,3.729504309106958
2023-03-13,AUD,18M,3M BBSW,3.6200999999931054
2023-03-10,AUD,18M,3M BBSW,3.858144920772745
2023-03-09,AUD,18M,3M BBSW,3.9546246360128894
2023-03-08,AUD,18M,3M BBSW,4.016267455368467
2023-03-07,AUD,18M,3M BBSW,4.000122739968813
2023-03-06,AUD,18M,3M BBSW,4.091999999996017
2023-03-03,AUD,18M,3M BBSW,4.166850233681665
2023-03-02,AUD,18M,3M BBSW,4.203418862048205
2023-03-01,AUD,18M,3M BBSW,4.146306476891882
2023-02-28,AUD,18M,3M BBSW,4.233624148239
2023-02-27,AUD,18M,3M BBSW,4.182980845370174
2023-02-24,AUD,18M,3M BBSW,4.168806312346514
2023-02-23,AUD,18M,3M BBSW,4.177799999973109
2023-02-22,AUD,18M,3M BBSW,4.145600000003911
2023-02-21,AUD,18M,3M BBSW,4.150923577363137
2023-02-20,AUD,18M,3M BBSW,4.086371960017765
2023-02-17,AUD,18M,3M BBSW,4.052015459936706
2023-02-16,AUD,18M,3M BBSW,4.023900000005896
2023-02-15,AUD,18M,3M BBSW,4.071699999999717
2023-02-14,AUD,18M,3M BBSW,4.029926969011198
2023-02-13,AUD,18M,3M BBSW,4.057570832595753
2023-02-10,AUD,18M,3M BBSW,4.053708538699991
2023-02-09,AUD,18M,3M BBSW,3.915899999980043
2023-02-08,AUD,18M,3M BBSW,3.8548999999882443
2023-02-07,AUD,18M,3M BBSW,3.8312668836007
2023-02-06,AUD,18M,3M BBSW,3.674755971693011
2023-02-03,AUD,18M,3M BBSW,3.6568817005417564
2023-02-02,AUD,18M,3M BBSW,3.678199999985612
2023-02-01,AUD,18M,3M BBSW,3.736099999990776
2023-01-31,AUD,18M,3M BBSW,3.711830441014987
2023-01-30,AUD,18M,3M BBSW,3.7496063146047454
2023-01-27,AUD,18M,3M BBSW,3.7403901396347106
2023-01-25,AUD,18M,3M BBSW,3.678686756386456
2023-01-24,AUD,18M,3M BBSW,3.575699999992215
2023-01-23,AUD,18M,3M BBSW,3.576685193671198
2023-01-20,AUD,18M,3M BBSW,3.5616377693269614
2023-01-19,AUD,18M,3M BBSW,3.52869999998802
2023-01-18,AUD,18M,3M BBSW,3.72139999998812
2023-01-17,AUD,18M,3M BBSW,3.744199999987792
2023-01-16,AUD,18M,3M BBSW,3.727875762842318
2023-01-13,AUD,18M,3M BBSW,3.727236979704269
2023-01-12,AUD,18M,3M BBSW,3.754099999982429
2023-01-11,AUD,18M,3M BBSW,3.8366000000373734
2023-01-10,AUD,18M,3M BBSW,3.8568342880276414
2023-01-09,AUD,18M,3M BBSW,3.8961994526754835
2023-01-06,AUD,18M,3M BBSW,3.8607519453437456
2023-01-05,AUD,18M,3M BBSW,3.914899999967659
2023-01-04,AUD,18M,3M BBSW,3.917399999981361
2023-01-03,AUD,18M,3M BBSW,3.959999999976227
2022-12-30,AUD,18M,3M BBSW,3.99250104464877
2022-12-29,AUD,18M,3M BBSW,3.988567755047424
2022-12-28,AUD,18M,3M BBSW,3.963299999968167
2022-12-23,AUD,18M,3M BBSW,3.829025433843366
2022-12-22,AUD,18M,3M BBSW,3.779340222624259
2022-12-21,AUD,18M,3M BBSW,3.728199999981326
2022-12-20,AUD,18M,3M BBSW,3.792799999985226
2022-12-19,AUD,18M,3M BBSW,3.747936959674842
2022-12-16,AUD,18M,3M BBSW,3.746632100229339
2022-12-15,AUD,18M,3M BBSW,3.725713621560831
2022-12-14,AUD,18M,3M BBSW,3.6367999999963865
2022-12-13,AUD,18M,3M BBSW,3.643199999988253
2022-12-12,AUD,18M,3M BBSW,3.6246820126825634
2022-12-09,AUD,18M,3M BBSW,3.611257139483005
2022-12-08,AUD,18M,3M BBSW,3.627403429959065
2022-12-07,AUD,18M,3M BBSW,3.6312999999813544
2022-12-06,AUD,18M,3M BBSW,3.6317999999865807
2022-12-05,AUD,18M,3M BBSW,3.557443207733092
2022-12-02,AUD,18M,3M BBSW,3.5439250208378765
2022-12-01,AUD,18M,3M BBSW,3.65188533025425
2022-11-30,AUD,18M,3M BBSW,3.701997657098817
2022-11-29,AUD,18M,3M BBSW,3.779334579315368
2022-11-28,AUD,18M,3M BBSW,3.775336332088418
2022-11-25,AUD,18M,3M BBSW,3.812355118080519
2022-11-24,AUD,18M,3M BBSW,3.810963681453422
2022-11-23,AUD,18M,3M BBSW,3.7925999999832505
2022-11-22,AUD,18M,3M BBSW,3.714299999986436
2022-11-21,AUD,18M,3M BBSW,3.7086385925664085
2022-11-18,AUD,18M,3M BBSW,3.713716117274178
2022-11-17,AUD,18M,3M BBSW,3.7136728373329526
2022-11-16,AUD,18M,3M BBSW,3.769999999986577
2022-11-15,AUD,18M,3M BBSW,3.818499999971249
2022-11-14,AUD,18M,3M BBSW,3.812735513422158
2022-11-11,AUD,18M,3M BBSW,3.7351383461233607
2022-11-10,AUD,18M,3M BBSW,3.812063030780849
2022-11-09,AUD,18M,3M BBSW,3.9574999999834
2022-11-08,AUD,18M,3M BBSW,4.025699999951533
2022-11-07,AUD,18M,3M BBSW,3.933858414383314
2022-11-04,AUD,18M,3M BBSW,3.936401083235166
2022-11-03,AUD,18M,3M BBSW,4.059842221722704
2022-11-02,AUD,18M,3M BBSW,3.9664999999801926
2022-11-01,AUD,18M,3M BBSW,3.927799999973627
2022-10-31,AUD,18M,3M BBSW,3.9280739729607634
2022-10-28,AUD,18M,3M BBSW,3.9444265063845885
2022-10-27,AUD,18M,3M BBSW,3.975712618441495
2022-10-26,AUD,18M,3M BBSW,4.096675403896485
2022-10-25,AUD,18M,3M BBSW,4.101443492157755
2022-10-24,AUD,18M,3M BBSW,4.135699999953657
2022-10-21,AUD,18M,3M BBSW,4.167180573215773
2022-10-20,AUD,18M,3M BBSW,4.051945363179975
2022-10-19,AUD,18M,3M BBSW,3.9201999999872146
2022-10-18,AUD,18M,3M BBSW,3.89879999998252
2022-10-17,AUD,18M,3M BBSW,3.891999999983875
2022-10-14,AUD,18M,3M BBSW,3.874361534923386
2022-10-13,AUD,18M,3M BBSW,3.786383802090364
2022-10-12,AUD,18M,3M BBSW,3.802999999977599
2022-10-11,AUD,18M,3M BBSW,3.830999999980944
2022-10-10,AUD,18M,3M BBSW,3.7734375862541447
2022-10-07,AUD,18M,3M BBSW,3.774196352924649
2022-10-06,AUD,18M,3M BBSW,3.676970060764035
2022-10-05,AUD,18M,3M BBSW,3.535999999994241
2022-10-04,AUD,18M,3M BBSW,3.473199999991135
2022-09-30,AUD,18M,3M BBSW,4.010239027032261
2022-09-29,AUD,18M,3M BBSW,3.996317817772066
2022-09-28,AUD,18M,3M BBSW,4.106999999982943
2022-09-27,AUD,18M,3M BBSW,4.142423887907749
2022-09-26,AUD,18M,3M BBSW,4.107495311379088
2022-09-23,AUD,18M,3M BBSW,4.020414724329624
2022-09-21,AUD,18M,3M BBSW,3.7651999999834445
2022-09-20,AUD,18M,3M BBSW,3.7047999999918453
2022-09-19,AUD,18M,3M BBSW,3.762436709001772
2022-09-16,AUD,18M,3M BBSW,3.74736001656668
2022-09-15,AUD,18M,3M BBSW,3.686199999993541
2022-09-14,AUD,18M,3M BBSW,3.673999999981721
2022-09-13,AUD,18M,3M BBSW,3.508999999957733
2022-09-12,AUD,18M,3M BBSW,3.4963887247716716
2022-09-09,AUD,18M,3M BBSW,3.444159090689451
2022-09-08,AUD,18M,3M BBSW,3.474499999990606
2022-09-07,AUD,18M,3M BBSW,3.610000000040197
2022-09-06,AUD,18M,3M BBSW,3.556999999986563
2022-09-05,AUD,18M,3M BBSW,3.6284418905371063
2022-09-02,AUD,18M,3M BBSW,3.582755461977274
2022-09-01,AUD,18M,3M BBSW,3.655999999948164
2022-08-31,AUD,18M,3M BBSW,3.6014921525295787
2022-08-30,AUD,18M,3M BBSW,3.66449613304587
2022-08-29,AUD,18M,3M BBSW,3.7544999999698425
2022-08-26,AUD,18M,3M BBSW,3.592632480637602
2022-08-25,AUD,18M,3M BBSW,3.622119433183709
2022-08-24,AUD,18M,3M BBSW,3.578472802909676
2022-08-23,AUD,18M,3M BBSW,3.670999999978074
2022-08-22,AUD,18M,3M BBSW,3.54549999997766
2022-08-19,AUD,18M,3M BBSW,3.4798556560394505
2022-08-18,AUD,18M,3M BBSW,3.389054983708537
2022-08-17,AUD,18M,3M BBSW,3.330928862638637
2022-08-16,AUD,18M,3M BBSW,3.337999999990751
2022-08-15,AUD,18M,3M BBSW,3.458799999991211
2022-08-12,AUD,18M,3M BBSW,3.476656982434904
2022-08-11,AUD,18M,3M BBSW,3.4444517382762623
2022-08-10,AUD,18M,3M BBSW,3.388427333944334
2022-08-09,AUD,18M,3M BBSW,3.352299999992889
2022-08-08,AUD,18M,3M BBSW,3.345999999989502
2022-08-05,AUD,18M,3M BBSW,3.340130465587328
2022-08-04,AUD,18M,3M BBSW,3.1913223748667696
2022-08-03,AUD,18M,3M BBSW,3.119065792248641
2022-08-02,AUD,18M,3M BBSW,3.130999999991191
2022-07-29,AUD,18M,3M BBSW,3.086089527034455
2022-07-28,AUD,18M,3M BBSW,3.198907799716508
2022-07-27,AUD,18M,3M BBSW,3.3111967126687745
2022-07-26,AUD,18M,3M BBSW,3.446733983737011
2022-07-25,AUD,18M,3M BBSW,3.4312462275159374
2022-07-22,AUD,18M,3M BBSW,3.399075496717141
2022-07-21,AUD,18M,3M BBSW,3.566422041629587
2022-07-20,AUD,18M,3M BBSW,3.576076989350195
2022-07-19,AUD,18M,3M BBSW,3.525699999984428
2022-07-18,AUD,18M,3M BBSW,3.410499999983478
2022-07-15,AUD,18M,3M BBSW,3.399870141571738
2022-07-14,AUD,18M,3M BBSW,3.4571624861742296
2022-07-13,AUD,18M,3M BBSW,3.2721388090000496
2022-07-12,AUD,18M,3M BBSW,3.296299999984955
2022-07-11,AUD,18M,3M BBSW,3.4189999999802794
2022-07-08,AUD,18M,3M BBSW,3.38032120477596
2022-07-07,AUD,18M,3M BBSW,3.307208135222073
2022-07-06,AUD,18M,3M BBSW,3.24114727846118
2022-07-05,AUD,18M,3M BBSW,3.380199999980445
2022-07-04,AUD,18M,3M BBSW,3.259799999980914
2022-07-01,AUD,18M,3M BBSW,3.217535946604768
2022-06-30,AUD,18M,3M BBSW,3.4687406598432418
2022-06-29,AUD,18M,3M BBSW,3.503799999995986
2022-06-28,AUD,18M,3M BBSW,3.4891999999745895
2022-06-27,AUD,18M,3M BBSW,3.4474507174973508
2022-06-24,AUD,18M,3M BBSW,3.4132650237226185
2022-06-23,AUD,18M,3M BBSW,3.5083784793540373
2022-06-22,AUD,18M,3M BBSW,3.589952266731937
2022-06-21,AUD,18M,3M BBSW,3.7672999999654513
2022-06-20,AUD,18M,3M BBSW,3.847999999962352
2022-06-17,AUD,18M,3M BBSW,3.896573569537841
2022-06-16,AUD,18M,3M BBSW,3.865906657312378
2022-06-15,AUD,18M,3M BBSW,3.895300000002824
2022-06-14,AUD,18M,3M BBSW,3.720999999992272
2022-06-10,AUD,18M,3M BBSW,3.4019854947412718
2022-06-09,AUD,18M,3M BBSW,3.241619146818035
2022-06-08,AUD,18M,3M BBSW,3.277799999983491
2022-06-07,AUD,18M,3M BBSW,3.125799999987206
2022-06-06,AUD,18M,3M BBSW,3.024499999988448
2022-06-03,AUD,18M,3M BBSW,3.042056550101395
2022-06-02,AUD,18M,3M BBSW,3.029576825941204
2022-06-01,AUD,18M,3M BBSW,2.953499999989664
2022-05-31,AUD,18M,3M BBSW,2.871496468166932
2022-05-30,AUD,18M,3M BBSW,2.770799999994567
2022-05-27,AUD,18M,3M BBSW,2.775077462739833
2022-05-26,AUD,18M,3M BBSW,2.712974191131921
2022-05-25,AUD,18M,3M BBSW,2.699289092406716
2022-05-24,AUD,18M,3M BBSW,2.774799999991223
2022-05-23,AUD,18M,3M BBSW,2.750299999991777
2022-05-20,AUD,18M,3M BBSW,2.709783154102689
2022-05-19,AUD,18M,3M BBSW,2.828555969223259
2022-05-18,AUD,18M,3M BBSW,2.874965429732524
2022-05-17,AUD,18M,3M BBSW,2.860999999989834
2022-05-16,AUD,18M,3M BBSW,2.762699999994701
2022-05-13,AUD,18M,3M BBSW,2.785470552872883
2022-05-12,AUD,18M,3M BBSW,2.852710197677059
2022-05-11,AUD,18M,3M BBSW,2.849755811606664
2022-05-10,AUD,18M,3M BBSW,2.880999999990815
2022-05-09,AUD,18M,3M BBSW,2.961299999991023
2022-05-06,AUD,18M,3M BBSW,2.991479819601785
2022-05-05,AUD,18M,3M BBSW,2.882306013797
2022-05-04,AUD,18M,3M BBSW,2.993050153813253
2022-05-03,AUD,18M,3M BBSW,2.660999999996317
2022-05-02,AUD,18M,3M BBSW,2.602300000022671
2022-04-29,AUD,18M,3M BBSW,2.613394084107175
2022-04-28,AUD,18M,3M BBSW,2.530675990117746
2022-04-27,AUD,18M,3M BBSW,2.490200000019366
2022-04-26,AUD,18M,3M BBSW,2.395771415107975
2022-04-22,AUD,18M,3M BBSW,2.410357856218187
2022-04-21,AUD,18M,3M BBSW,2.141469706190369
2022-04-20,AUD,18M,3M BBSW,2.11920000000881
2022-04-19,AUD,18M,3M BBSW,2.023799999985963
2022-04-14,AUD,18M,3M BBSW,1.9984256767094242
2022-04-13,AUD,18M,3M BBSW,2.012699999992648
2022-04-12,AUD,18M,3M BBSW,2.05099999997717
2022-04-11,AUD,18M,3M BBSW,2.087999999979639
2022-04-08,AUD,18M,3M BBSW,2.075571024544409
2022-04-07,AUD,18M,3M BBSW,2.015305784539585
2022-04-06,AUD,18M,3M BBSW,2.082999999973535
2022-04-05,AUD,18M,3M BBSW,1.744799999984103
2022-04-04,AUD,18M,3M BBSW,1.790799999982719
2022-04-01,AUD,18M,3M BBSW,1.8083343896756012
2022-03-31,AUD,18M,3M BBSW,1.7409282925420142
2022-03-30,AUD,18M,3M BBSW,1.7894106635662863
2022-03-29,AUD,18M,3M BBSW,1.852500000013065
2022-03-28,AUD,18M,3M BBSW,1.775000000000253
2022-03-25,AUD,18M,3M BBSW,1.728067705333004
2022-03-24,AUD,18M,3M BBSW,1.590035185843292
2022-03-23,AUD,18M,3M BBSW,1.6329329846352392
2022-03-22,AUD,18M,3M BBSW,1.543991897211664
2022-03-21,AUD,18M,3M BBSW,1.41079999999759
2022-03-18,AUD,18M,3M BBSW,1.4007272886999
2022-03-17,AUD,18M,3M BBSW,1.328549581956532
2022-03-16,AUD,18M,3M BBSW,1.305796271947562
2022-03-15,AUD,18M,3M BBSW,1.376000000001729
2022-03-14,AUD,18M,3M BBSW,1.341499999998352
2022-03-11,AUD,18M,3M BBSW,1.314913989487592
2022-03-10,AUD,18M,3M BBSW,1.304581039215575
2022-03-09,AUD,18M,3M BBSW,1.312073555573271
2022-03-08,AUD,18M,3M BBSW,1.241999999999622
2022-03-07,AUD,18M,3M BBSW,1.151999999940534
2022-03-04,AUD,18M,3M BBSW,1.082455303436584
2022-03-03,AUD,18M,3M BBSW,1.034896211886371
2022-03-02,AUD,18M,3M BBSW,0.9829510206620035
2022-03-01,AUD,18M,3M BBSW,1.030999999951537
2022-02-28,AUD,18M,3M BBSW,1.033479726010379
2022-02-25,AUD,18M,3M BBSW,1.107781622749821
2022-02-24,AUD,18M,3M BBSW,1.06349999999462
2025-11-04,AUD,21M,3M BBSW,3.5696
2025-11-03,AUD,21M,3M BBSW,3.561300000000013
2025-10-31,AUD,21M,3M BBSW,3.5235999999838024
2025-10-30,AUD,21M,3M BBSW,3.526799999995087
2025-10-29,AUD,21M,3M BBSW,3.546100000000004
2025-10-28,AUD,21M,3M BBSW,3.395300000010599
2025-10-27,AUD,21M,3M BBSW,3.395800000007913
2025-10-24,AUD,21M,3M BBSW,3.324897058462902
2025-10-23,AUD,21M,3M BBSW,3.340900000005044
2025-10-22,AUD,21M,3M BBSW,3.3007000000074926
2025-10-21,AUD,21M,3M BBSW,3.322400000000849
2025-10-20,AUD,21M,3M BBSW,3.301100000000138
2025-10-17,AUD,21M,3M BBSW,3.293695666169625
2025-10-16,AUD,21M,3M BBSW,3.278700000000008
2025-10-15,AUD,21M,3M BBSW,3.4294000000000135
2025-10-14,AUD,21M,3M BBSW,3.428900000000005
2025-10-13,AUD,21M,3M BBSW,3.433300000000576
2025-10-10,AUD,21M,3M BBSW,3.48379843714003
2025-10-09,AUD,21M,3M BBSW,3.48709999999648
2025-10-08,AUD,21M,3M BBSW,3.4496000000137106
2025-10-07,AUD,21M,3M BBSW,3.446400000012659
2025-10-03,AUD,21M,3M BBSW,3.432465888497037
2025-10-02,AUD,21M,3M BBSW,3.433011055570139
2025-10-01,AUD,21M,3M BBSW,3.447917489912405
2025-09-30,AUD,21M,3M BBSW,3.4789999999778107
2025-09-29,AUD,21M,3M BBSW,3.434808210588135
2025-09-26,AUD,21M,3M BBSW,3.444925804513953
2025-09-25,AUD,21M,3M BBSW,3.4575395437284024
2025-09-24,AUD,21M,3M BBSW,3.441700000007475
2025-09-23,AUD,21M,3M BBSW,3.325700000003027
2025-09-22,AUD,21M,3M BBSW,3.342356374762385
2025-09-19,AUD,21M,3M BBSW,3.3019348561490065
2025-09-18,AUD,21M,3M BBSW,3.3038000000006806
2025-09-17,AUD,21M,3M BBSW,3.315700000000149
2025-09-16,AUD,21M,3M BBSW,3.31510000000003
2025-09-15,AUD,21M,3M BBSW,3.31358526031544
2025-09-12,AUD,21M,3M BBSW,3.3131337135738264
2025-09-11,AUD,21M,3M BBSW,3.3109000000232385
2025-09-10,AUD,21M,3M BBSW,3.2946999999434583
2025-09-09,AUD,21M,3M BBSW,3.328000000000011
2025-09-08,AUD,21M,3M BBSW,3.297815739925943
2025-09-05,AUD,21M,3M BBSW,3.2897749765222124
2025-09-04,AUD,21M,3M BBSW,3.324900000022572
2025-09-03,AUD,21M,3M BBSW,3.343000000002658
2025-09-02,AUD,21M,3M BBSW,3.293600000000005
2025-09-01,AUD,21M,3M BBSW,3.2852578847969984
2025-08-29,AUD,21M,3M BBSW,3.2533724240882957
2025-08-28,AUD,21M,3M BBSW,3.254137473663684
2025-08-27,AUD,21M,3M BBSW,3.254039081073281
2025-08-26,AUD,21M,3M BBSW,3.2532000000089405
2025-08-25,AUD,21M,3M BBSW,3.249100000005461
2025-08-22,AUD,21M,3M BBSW,3.249909534420614
2025-08-21,AUD,21M,3M BBSW,3.2581003983083114
2025-08-20,AUD,21M,3M BBSW,3.23372317831158
2025-08-19,AUD,21M,3M BBSW,3.263899999977445
2025-08-18,AUD,21M,3M BBSW,3.2478999999710783
2025-08-15,AUD,21M,3M BBSW,3.231384797341661
2025-08-14,AUD,21M,3M BBSW,3.2397513342712214
2025-08-13,AUD,21M,3M BBSW,3.211624546500906
2025-08-12,AUD,21M,3M BBSW,3.2431000000034524
2025-08-11,AUD,21M,3M BBSW,3.287500000003306
2025-08-08,AUD,21M,3M BBSW,3.270046363662619
2025-08-07,AUD,21M,3M BBSW,3.276699370657051
2025-08-06,AUD,21M,3M BBSW,3.2706224499237475
2025-08-05,AUD,21M,3M BBSW,3.265100000003455
2025-08-01,AUD,21M,3M BBSW,3.308779454575416
2025-07-31,AUD,21M,3M BBSW,3.312679808889257
2025-07-30,AUD,21M,3M BBSW,3.290839908118712
2025-07-29,AUD,21M,3M BBSW,3.3018000000034875
2025-07-28,AUD,21M,3M BBSW,3.328400000003204
2025-07-25,AUD,21M,3M BBSW,3.337221218491089
2025-07-24,AUD,21M,3M BBSW,3.32539229119269
2025-07-23,AUD,21M,3M BBSW,3.291219896171474
2025-07-22,AUD,21M,3M BBSW,3.274000000003659
2025-07-21,AUD,21M,3M BBSW,3.2664000000034514
2025-07-18,AUD,21M,3M BBSW,3.257800545796453
2025-07-17,AUD,21M,3M BBSW,3.2396006999109455
2025-07-16,AUD,21M,3M BBSW,3.347717152073812
2025-07-15,AUD,21M,3M BBSW,3.3806000000149385
2025-07-14,AUD,21M,3M BBSW,3.33360000000251
2025-07-11,AUD,21M,3M BBSW,3.306218430531253
2025-07-10,AUD,21M,3M BBSW,3.301308912088393
2025-07-09,AUD,21M,3M BBSW,3.295920328684079
2025-07-08,AUD,21M,3M BBSW,3.318199999998064
2025-07-07,AUD,21M,3M BBSW,3.196200000003339
2025-07-04,AUD,21M,3M BBSW,3.178620253995586
2025-07-03,AUD,21M,3M BBSW,3.188069963457278
2025-07-02,AUD,21M,3M BBSW,3.158525806279924
2025-07-01,AUD,21M,3M BBSW,3.1490525939768284
2025-06-30,AUD,21M,3M BBSW,3.141101839472905
2025-06-27,AUD,21M,3M BBSW,3.129083586165428
2025-06-26,AUD,21M,3M BBSW,3.112732008471757
2025-06-25,AUD,21M,3M BBSW,3.143104159120766
2025-06-24,AUD,21M,3M BBSW,3.175600000004049
2025-06-23,AUD,21M,3M BBSW,3.208300000003809
2025-06-20,AUD,21M,3M BBSW,3.2115509313800974
2025-06-19,AUD,21M,3M BBSW,3.2339458956696645
2025-06-18,AUD,21M,3M BBSW,3.266100000011192
2025-06-17,AUD,21M,3M BBSW,3.233400000004058
2025-06-16,AUD,21M,3M BBSW,3.233800000004029
2025-06-13,AUD,21M,3M BBSW,3.211651131637631
2025-06-12,AUD,21M,3M BBSW,3.199750235275737
2025-06-11,AUD,21M,3M BBSW,3.248700000011241
2025-06-10,AUD,21M,3M BBSW,3.278200000003706
2025-06-06,AUD,21M,3M BBSW,3.276702478896074
2025-06-05,AUD,21M,3M BBSW,3.2401445677287115
2025-06-04,AUD,21M,3M BBSW,3.1871000000118355
2025-06-03,AUD,21M,3M BBSW,3.198500000003077
2025-06-02,AUD,21M,3M BBSW,3.253500000004196
2025-05-30,AUD,21M,3M BBSW,3.2536268703461784
2025-05-29,AUD,21M,3M BBSW,3.284911491788571
2025-05-28,AUD,21M,3M BBSW,3.350156567614663
2025-05-27,AUD,21M,3M BBSW,3.2749889047743697
2025-05-26,AUD,21M,3M BBSW,3.276100000014734
2025-05-23,AUD,21M,3M BBSW,3.303152152510877
2025-05-22,AUD,21M,3M BBSW,3.323850416754009
2025-05-21,AUD,21M,3M BBSW,3.356523860397714
2025-05-20,AUD,21M,3M BBSW,3.2924711545144145
2025-05-19,AUD,21M,3M BBSW,3.493699999992028
2025-05-16,AUD,21M,3M BBSW,3.5128193165031374
2025-05-15,AUD,21M,3M BBSW,3.474386811303735
2025-05-14,AUD,21M,3M BBSW,3.4936901083907226
2025-05-13,AUD,21M,3M BBSW,3.4599765037784254
2025-05-12,AUD,21M,3M BBSW,3.4441000000039224
2025-05-09,AUD,21M,3M BBSW,3.3097522718942325
2025-05-08,AUD,21M,3M BBSW,3.311954430563
2025-05-07,AUD,21M,3M BBSW,3.239411791798087
2025-05-06,AUD,21M,3M BBSW,3.2660471140123675
2025-05-05,AUD,21M,3M BBSW,3.283700000002997
2025-05-02,AUD,21M,3M BBSW,3.275580637149626
2025-05-01,AUD,21M,3M BBSW,3.229831006418234
2025-04-30,AUD,21M,3M BBSW,3.222220934291099
2025-04-29,AUD,21M,3M BBSW,3.19660000000975
2025-04-28,AUD,21M,3M BBSW,3.1961000000027764
2025-04-24,AUD,21M,3M BBSW,3.225685562064188
2025-04-23,AUD,21M,3M BBSW,3.28128548499981
2025-04-22,AUD,21M,3M BBSW,3.248700000005253
2025-04-17,AUD,21M,3M BBSW,3.241997822031521
2025-04-16,AUD,21M,3M BBSW,3.22076368256108
2025-04-15,AUD,21M,3M BBSW,3.2585000000060904
2025-04-14,AUD,21M,3M BBSW,3.2366000000067867
2025-04-11,AUD,21M,3M BBSW,3.269387018009994
2025-04-10,AUD,21M,3M BBSW,3.1867864143389086
2025-04-09,AUD,21M,3M BBSW,3.274503777768066
2025-04-08,AUD,21M,3M BBSW,3.2138000000067732
2025-04-07,AUD,21M,3M BBSW,3.385400000003618
2025-04-04,AUD,21M,3M BBSW,3.365541556450031
2025-03-28,AUD,21M,3M BBSW,3.677444926015257
2025-03-27,AUD,21M,3M BBSW,3.691910720116139
2025-03-26,AUD,21M,3M BBSW,3.6910074846864123
2025-03-25,AUD,21M,3M BBSW,3.686470451840693
2025-03-24,AUD,21M,3M BBSW,3.682300000002894
2025-03-21,AUD,21M,3M BBSW,3.6751415650545667
2025-03-20,AUD,21M,3M BBSW,3.681344266042066
2025-03-19,AUD,21M,3M BBSW,3.7076228634330666
2025-03-18,AUD,21M,3M BBSW,3.71850000000245
2025-03-17,AUD,21M,3M BBSW,3.7077000000025744
2025-03-14,AUD,21M,3M BBSW,3.696761934356779
2025-03-13,AUD,21M,3M BBSW,3.683041493170331
2025-03-12,AUD,21M,3M BBSW,3.707124218638616
2025-03-11,AUD,21M,3M BBSW,3.697000000002715
2025-03-10,AUD,21M,3M BBSW,3.6736000000028786
2025-03-07,AUD,21M,3M BBSW,3.719229321738808
2025-03-06,AUD,21M,3M BBSW,3.736199182918501
2025-03-05,AUD,21M,3M BBSW,3.7612622959550834
2025-03-04,AUD,21M,3M BBSW,3.7355000000044076
2025-03-03,AUD,21M,3M BBSW,3.7001000000050253
2025-02-28,AUD,21M,3M BBSW,3.726482516813398
2025-02-27,AUD,21M,3M BBSW,3.756000000000062
2025-02-26,AUD,21M,3M BBSW,3.772800000000012
2025-02-25,AUD,21M,3M BBSW,3.786043511490685
2025-02-24,AUD,21M,3M BBSW,3.8057760938937957
2025-02-21,AUD,21M,3M BBSW,3.8571375842178837
2025-02-20,AUD,21M,3M BBSW,3.899300000046852
2025-02-19,AUD,21M,3M BBSW,3.87819999995913
2025-02-18,AUD,21M,3M BBSW,3.8972401119125215
2025-02-17,AUD,21M,3M BBSW,3.835073136002946
2025-02-14,AUD,21M,3M BBSW,3.832356315334705
2025-02-13,AUD,21M,3M BBSW,3.8082000000000082
2025-02-12,AUD,21M,3M BBSW,3.8823999999817254
2025-02-11,AUD,21M,3M BBSW,3.832441881780758
2025-02-10,AUD,21M,3M BBSW,3.776380082627615
2025-02-07,AUD,21M,3M BBSW,3.770398365993806
2025-02-06,AUD,21M,3M BBSW,3.739400000000038
2025-02-05,AUD,21M,3M BBSW,3.733900000014673
2025-02-04,AUD,21M,3M BBSW,3.778086533334051
2025-02-03,AUD,21M,3M BBSW,3.7735707063066815
2025-01-31,AUD,21M,3M BBSW,3.784924069766134
2025-01-30,AUD,21M,3M BBSW,3.780599999999982
2025-01-29,AUD,21M,3M BBSW,3.7935000000000123
2025-01-28,AUD,21M,3M BBSW,3.850400000004381
2025-01-24,AUD,21M,3M BBSW,3.876221715873301
2025-01-23,AUD,21M,3M BBSW,3.895899999996079
2025-01-22,AUD,21M,3M BBSW,3.921499999980633
2025-01-21,AUD,21M,3M BBSW,3.905039924095149
2025-01-20,AUD,21M,3M BBSW,3.9041213038049105
2025-01-17,AUD,21M,3M BBSW,3.92802167096122
2025-01-16,AUD,21M,3M BBSW,3.9268999999916945
2025-01-15,AUD,21M,3M BBSW,3.924199999995199
2025-01-14,AUD,21M,3M BBSW,3.9969000000554344
2025-01-13,AUD,21M,3M BBSW,3.985245524027494
2025-01-10,AUD,21M,3M BBSW,3.9201500159577454
2025-01-09,AUD,21M,3M BBSW,3.8672999999561983
2025-01-08,AUD,21M,3M BBSW,3.91159999999521
2025-01-07,AUD,21M,3M BBSW,3.950499999995454
2025-01-06,AUD,21M,3M BBSW,3.904517730325416
2025-01-03,AUD,21M,3M BBSW,3.84091379579898
2025-01-02,AUD,21M,3M BBSW,3.8559999999480765
2024-12-31,AUD,21M,3M BBSW,3.856850016147802
2024-12-30,AUD,21M,3M BBSW,3.872754977151218
2024-12-27,AUD,21M,3M BBSW,3.862691142265345
2024-12-24,AUD,21M,3M BBSW,3.891599999950711
2024-12-23,AUD,21M,3M BBSW,3.9128663451892325
2024-12-20,AUD,21M,3M BBSW,3.948848578539728
2024-12-19,AUD,21M,3M BBSW,3.948691214557318
2024-12-18,AUD,21M,3M BBSW,3.922099999994974
2024-12-17,AUD,21M,3M BBSW,3.8928999999950626
2024-12-16,AUD,21M,3M BBSW,3.911124645774658
2024-12-13,AUD,21M,3M BBSW,3.9227936332536144
2024-12-12,AUD,21M,3M BBSW,3.912294126317347
2024-12-11,AUD,21M,3M BBSW,3.8112000000036854
2024-12-10,AUD,21M,3M BBSW,3.8248999999947375
2024-12-09,AUD,21M,3M BBSW,3.921661206257897
2024-12-06,AUD,21M,3M BBSW,3.8998777219422665
2024-12-05,AUD,21M,3M BBSW,3.928746510767357
2024-12-04,AUD,21M,3M BBSW,3.9088999999946554
2024-12-03,AUD,21M,3M BBSW,4.027799999995208
2024-12-02,AUD,21M,3M BBSW,4.018779879490054
2024-11-29,AUD,21M,3M BBSW,4.011345985473303
2024-11-28,AUD,21M,3M BBSW,4.042757552911779
2024-11-27,AUD,21M,3M BBSW,4.042999999995571
2024-11-26,AUD,21M,3M BBSW,4.066200000003155
2024-11-25,AUD,21M,3M BBSW,4.069832866095155
2024-11-22,AUD,21M,3M BBSW,4.102939083303092
2024-11-21,AUD,21M,3M BBSW,4.135778164022936
2024-11-20,AUD,21M,3M BBSW,4.118099999976079
2024-11-19,AUD,21M,3M BBSW,4.100000000003066
2024-11-18,AUD,21M,3M BBSW,4.07893260708655
2024-11-15,AUD,21M,3M BBSW,4.154542340611902
2024-11-14,AUD,21M,3M BBSW,4.185067453736925
2024-11-13,AUD,21M,3M BBSW,4.205699999976338
2024-11-12,AUD,21M,3M BBSW,4.19230000000299
2024-11-11,AUD,21M,3M BBSW,4.14703028534382
2024-11-08,AUD,21M,3M BBSW,4.100043019990441
2024-11-07,AUD,21M,3M BBSW,4.118079624296116
2024-11-06,AUD,21M,3M BBSW,4.138199999975784
2024-11-05,AUD,21M,3M BBSW,4.135900000002923
2024-11-04,AUD,21M,3M BBSW,4.082167013535013
2024-11-01,AUD,21M,3M BBSW,4.080341369015652
2024-10-31,AUD,21M,3M BBSW,4.131960976699936
2024-10-30,AUD,21M,3M BBSW,4.119599999997472
2024-10-29,AUD,21M,3M BBSW,4.04619999999742
2024-10-28,AUD,21M,3M BBSW,4.035600000003798
2024-10-24,AUD,21M,3M BBSW,4.011428794003055
2024-10-23,AUD,21M,3M BBSW,4.065999999995716
2024-10-22,AUD,21M,3M BBSW,4.04289999999693
2024-10-21,AUD,21M,3M BBSW,3.9923355687426976
2024-10-17,AUD,21M,3M BBSW,3.975989003152549
2024-10-16,AUD,21M,3M BBSW,3.872700000017177
2024-10-15,AUD,21M,3M BBSW,3.9011000000028413
2024-10-14,AUD,21M,3M BBSW,3.9242000000027923
2024-10-11,AUD,21M,3M BBSW,3.919833551563249
2024-10-10,AUD,21M,3M BBSW,3.917893006544657
2024-10-09,AUD,21M,3M BBSW,3.931399999989877
2024-10-08,AUD,21M,3M BBSW,3.892300000002886
2024-10-04,AUD,21M,3M BBSW,3.857558401386354
2024-10-03,AUD,21M,3M BBSW,3.752913699132701
2024-10-02,AUD,21M,3M BBSW,3.7261999999902136
2024-10-01,AUD,21M,3M BBSW,3.706559835009898
2024-09-30,AUD,21M,3M BBSW,3.710243766780605
2024-09-27,AUD,21M,3M BBSW,3.65962816941685
2024-09-26,AUD,21M,3M BBSW,3.677844605336114
2024-09-25,AUD,21M,3M BBSW,3.650419993125277
2024-09-24,AUD,21M,3M BBSW,3.617400000003078
2024-09-23,AUD,21M,3M BBSW,3.717443317843489
2024-09-20,AUD,21M,3M BBSW,3.687645656856416
2024-09-19,AUD,21M,3M BBSW,3.698600000002547
2024-09-18,AUD,21M,3M BBSW,3.667100000002701
2024-09-17,AUD,21M,3M BBSW,3.6293000000026927
2024-09-16,AUD,21M,3M BBSW,3.592047162751242
2024-09-13,AUD,21M,3M BBSW,3.612774749612618
2024-09-12,AUD,21M,3M BBSW,3.662700000002491
2024-09-11,AUD,21M,3M BBSW,3.697899999994715
2024-09-10,AUD,21M,3M BBSW,3.690199999994764
2024-09-09,AUD,21M,3M BBSW,3.737789574048514
2024-09-06,AUD,21M,3M BBSW,3.714886787261959
2024-09-05,AUD,21M,3M BBSW,3.7751999999911545
2024-09-04,AUD,21M,3M BBSW,3.734999999997192
2024-09-03,AUD,21M,3M BBSW,3.79089999995349
2024-09-02,AUD,21M,3M BBSW,3.8480392402223473
2024-08-30,AUD,21M,3M BBSW,3.817725103824401
2024-08-29,AUD,21M,3M BBSW,3.800597920493108
2024-08-27,AUD,21M,3M BBSW,3.722999999997338
2024-08-26,AUD,21M,3M BBSW,3.713000000056985
2024-08-23,AUD,21M,3M BBSW,3.7482590741548574
2024-08-22,AUD,21M,3M BBSW,3.788738141501268
2024-08-21,AUD,21M,3M BBSW,3.7744066677504176
2024-08-20,AUD,21M,3M BBSW,3.7869999999909103
2024-08-19,AUD,21M,3M BBSW,3.8188000000545634
2024-08-16,AUD,21M,3M BBSW,3.805680016817456
2024-08-15,AUD,21M,3M BBSW,3.854001613722465
2024-08-14,AUD,21M,3M BBSW,3.757659129581639
2024-08-13,AUD,21M,3M BBSW,3.8213999999910415
2024-08-12,AUD,21M,3M BBSW,3.8737000000438644
2024-08-09,AUD,21M,3M BBSW,3.8790504732297735
2024-08-08,AUD,21M,3M BBSW,3.910918494274547
2024-08-07,AUD,21M,3M BBSW,3.885199431326705
2024-08-06,AUD,21M,3M BBSW,3.899500000006674
2024-08-02,AUD,21M,3M BBSW,3.802631929797293
2024-08-01,AUD,21M,3M BBSW,3.9375151491038105
2024-07-31,AUD,21M,3M BBSW,3.9983588475913856
2024-07-30,AUD,21M,3M BBSW,4.199199999986321
2024-07-29,AUD,21M,3M BBSW,4.237799999995199
2024-07-26,AUD,21M,3M BBSW,4.19514437897649
2024-07-24,AUD,21M,3M BBSW,4.253412029090123
2024-07-23,AUD,21M,3M BBSW,4.272799999996195
2024-07-22,AUD,21M,3M BBSW,4.257699999995182
2024-07-19,AUD,21M,3M BBSW,4.255119092348682
2024-07-18,AUD,21M,3M BBSW,4.22057407116964
2024-07-17,AUD,21M,3M BBSW,4.194678494743052
2024-07-16,AUD,21M,3M BBSW,4.204499999988283
2024-07-15,AUD,21M,3M BBSW,4.253399999995178
2024-07-12,AUD,21M,3M BBSW,4.278473700740395
2024-07-11,AUD,21M,3M BBSW,4.305691738139386
2024-07-10,AUD,21M,3M BBSW,4.348167066027685
2024-07-09,AUD,21M,3M BBSW,4.363499999996994
2024-07-08,AUD,21M,3M BBSW,4.37679999999739
2024-07-05,AUD,21M,3M BBSW,4.365703679259637
2024-07-04,AUD,21M,3M BBSW,4.392497944562834
2024-07-03,AUD,21M,3M BBSW,4.375847457967439
2024-07-02,AUD,21M,3M BBSW,4.397699999989251
2024-07-01,AUD,21M,3M BBSW,4.411752957072121
2024-06-28,AUD,21M,3M BBSW,4.399561115497505
2024-06-27,AUD,21M,3M BBSW,4.376623415553285
2024-06-26,AUD,21M,3M BBSW,4.448808479278934
2024-06-24,AUD,21M,3M BBSW,4.235600000010355
2024-06-21,AUD,21M,3M BBSW,4.209811433837735
2024-06-20,AUD,21M,3M BBSW,4.239841474463272
2024-06-19,AUD,21M,3M BBSW,4.220699999989466
2024-06-18,AUD,21M,3M BBSW,4.196199999997658
2024-06-17,AUD,21M,3M BBSW,4.141199999997439
2024-06-14,AUD,21M,3M BBSW,4.142599802413917
2024-06-13,AUD,21M,3M BBSW,4.161952968689572
2024-06-12,AUD,21M,3M BBSW,4.191299999987292
2024-06-11,AUD,21M,3M BBSW,4.243500000002852
2024-06-07,AUD,21M,3M BBSW,4.240438214813786
2024-06-06,AUD,21M,3M BBSW,4.19764655645038
2024-06-05,AUD,21M,3M BBSW,4.190199999989887
2024-06-04,AUD,21M,3M BBSW,4.200799999952539
2024-06-03,AUD,21M,3M BBSW,4.249899999997448
2024-05-31,AUD,21M,3M BBSW,4.313824313646184
2024-05-30,AUD,21M,3M BBSW,4.305487351001329
2024-05-29,AUD,21M,3M BBSW,4.34980931053343
2024-05-28,AUD,21M,3M BBSW,4.296292835137754
2024-05-27,AUD,21M,3M BBSW,4.235800000053948
2024-05-24,AUD,21M,3M BBSW,4.266653696134884
2024-05-23,AUD,21M,3M BBSW,4.247884505827517
2024-05-22,AUD,21M,3M BBSW,4.234130890738232
2024-05-21,AUD,21M,3M BBSW,4.171079722382957
2024-05-20,AUD,21M,3M BBSW,4.196400000057072
2024-05-17,AUD,21M,3M BBSW,4.185076500036129
2024-05-16,AUD,21M,3M BBSW,4.186298262345186
2024-05-15,AUD,21M,3M BBSW,4.228446328209226
2024-05-14,AUD,21M,3M BBSW,4.282703167831831
2024-05-13,AUD,21M,3M BBSW,4.264699999997558
2024-05-10,AUD,21M,3M BBSW,4.309247633881445
2024-05-09,AUD,21M,3M BBSW,4.296974542921624
2024-05-08,AUD,21M,3M BBSW,4.296431787509215
2024-05-07,AUD,21M,3M BBSW,4.243068453544403
2024-05-06,AUD,21M,3M BBSW,4.361200000054871
2024-05-03,AUD,21M,3M BBSW,4.337694291184836
2024-05-02,AUD,21M,3M BBSW,4.353291984701137
2024-05-01,AUD,21M,3M BBSW,4.394175612288163
2024-04-30,AUD,21M,3M BBSW,4.395999999996354
2024-04-29,AUD,21M,3M BBSW,4.400800000010008
2024-04-26,AUD,21M,3M BBSW,4.418138802310399
2024-04-24,AUD,21M,3M BBSW,4.33084444072382
2024-04-23,AUD,21M,3M BBSW,4.191099999996478
2024-04-22,AUD,21M,3M BBSW,4.18299999999535
2024-04-19,AUD,21M,3M BBSW,4.183698766585541
2024-04-18,AUD,21M,3M BBSW,4.203399636001619
2024-04-17,AUD,21M,3M BBSW,4.203964995290694
2024-04-16,AUD,21M,3M BBSW,4.222700000054738
2024-04-15,AUD,21M,3M BBSW,4.17590000005467
2024-04-12,AUD,21M,3M BBSW,4.13697848862002
2024-04-11,AUD,21M,3M BBSW,4.171418860696738
2024-04-10,AUD,21M,3M BBSW,4.126090712530804
2024-04-09,AUD,21M,3M BBSW,4.048799999957076
2024-04-08,AUD,21M,3M BBSW,4.082600000052223
2024-04-04,AUD,21M,3M BBSW,4.032483974401751
2024-04-03,AUD,21M,3M BBSW,4.045524669517597
2024-04-02,AUD,21M,3M BBSW,4.048000000011168
2024-03-28,AUD,21M,3M BBSW,3.9858286850578155
2024-03-27,AUD,21M,3M BBSW,3.979905637769404
2024-03-26,AUD,21M,3M BBSW,3.995444995291697
2024-03-25,AUD,21M,3M BBSW,3.973549483377007
2024-03-22,AUD,21M,3M BBSW,4.003385728138017
2024-03-21,AUD,21M,3M BBSW,4.023963979149079
2024-03-20,AUD,21M,3M BBSW,3.978110699004108
2024-03-19,AUD,21M,3M BBSW,4.0125999999927
2024-03-18,AUD,21M,3M BBSW,4.069300000010722
2024-03-15,AUD,21M,3M BBSW,4.086194995353666
2024-03-14,AUD,21M,3M BBSW,4.06799857509091
2024-03-13,AUD,21M,3M BBSW,4.015399610263707
2024-03-12,AUD,21M,3M BBSW,3.995400000005969
2024-03-11,AUD,21M,3M BBSW,3.974900000050996
2024-03-08,AUD,21M,3M BBSW,3.991003616355214
2024-03-07,AUD,21M,3M BBSW,4.01552005456615
2024-03-06,AUD,21M,3M BBSW,4.007024626028071
2024-03-05,AUD,21M,3M BBSW,4.026900000006106
2024-03-04,AUD,21M,3M BBSW,4.06800000001034
2024-03-01,AUD,21M,3M BBSW,4.057349033807759
2024-02-29,AUD,21M,3M BBSW,4.078496754498899
2024-02-28,AUD,21M,3M BBSW,4.059800000019876
2024-02-27,AUD,21M,3M BBSW,4.114499999955298
2024-02-26,AUD,21M,3M BBSW,4.091463197045213
2024-02-23,AUD,21M,3M BBSW,4.092170720380612
2024-02-22,AUD,21M,3M BBSW,4.074399192719227
2024-02-21,AUD,21M,3M BBSW,4.084599999955167
2024-02-20,AUD,21M,3M BBSW,4.056999999996577
2024-02-19,AUD,21M,3M BBSW,4.083751818439386
2024-02-16,AUD,21M,3M BBSW,4.11034085499558
2024-02-15,AUD,21M,3M BBSW,4.089400403903484
2024-02-14,AUD,21M,3M BBSW,4.146899999996849
2024-02-13,AUD,21M,3M BBSW,4.16909999999681
2024-02-12,AUD,21M,3M BBSW,4.101649829504172
2024-02-09,AUD,21M,3M BBSW,4.083585241710553
2024-02-08,AUD,21M,3M BBSW,4.027139611347589
2024-02-07,AUD,21M,3M BBSW,4.029299999955901
2024-02-06,AUD,21M,3M BBSW,4.007300000007737
2024-02-05,AUD,21M,3M BBSW,4.03591908873214
2024-02-02,AUD,21M,3M BBSW,3.974807958230269
2024-02-01,AUD,21M,3M BBSW,3.8962317649968297
2024-01-31,AUD,21M,3M BBSW,3.903000000009334
2024-01-30,AUD,21M,3M BBSW,4.039999999995977
2024-01-29,AUD,21M,3M BBSW,4.047200000008671
2024-01-25,AUD,21M,3M BBSW,4.071406220093125
2024-01-24,AUD,21M,3M BBSW,4.131300000008772
2024-01-23,AUD,21M,3M BBSW,4.109300000006244
2024-01-22,AUD,21M,3M BBSW,4.100700000007659
2024-01-19,AUD,21M,3M BBSW,4.151384103940249
2024-01-18,AUD,21M,3M BBSW,4.131278056447601
2024-01-17,AUD,21M,3M BBSW,4.150899999955601
2024-01-16,AUD,21M,3M BBSW,4.086599999996787
2024-01-15,AUD,21M,3M BBSW,4.041100000015475
2024-01-12,AUD,21M,3M BBSW,3.987329061423624
2024-01-11,AUD,21M,3M BBSW,4.002112821442533
2024-01-10,AUD,21M,3M BBSW,4.078199999954727
2024-01-09,AUD,21M,3M BBSW,4.036599999954003
2024-01-08,AUD,21M,3M BBSW,4.081099999952532
2024-01-05,AUD,21M,3M BBSW,4.110308288868538
2024-01-04,AUD,21M,3M BBSW,4.063755161040937
2024-01-03,AUD,21M,3M BBSW,4.021699999956634
2024-01-02,AUD,21M,3M BBSW,4.015099999996973
2023-12-29,AUD,21M,3M BBSW,3.949057590939409
2023-12-28,AUD,21M,3M BBSW,3.938277595974419
2023-12-27,AUD,21M,3M BBSW,3.940529673370527
2023-12-22,AUD,21M,3M BBSW,4.009775428892317
2023-12-21,AUD,21M,3M BBSW,3.9952821837420984
2023-12-20,AUD,21M,3M BBSW,4.011224065045746
2023-12-19,AUD,21M,3M BBSW,4.070799999991474
2023-12-18,AUD,21M,3M BBSW,4.044499999953571
2023-12-15,AUD,21M,3M BBSW,4.075581674973088
2023-12-14,AUD,21M,3M BBSW,4.070491819681651
2023-12-13,AUD,21M,3M BBSW,4.049612970280695
2023-12-12,AUD,21M,3M BBSW,4.236800000007265
2023-12-11,AUD,21M,3M BBSW,4.241000000007919
2023-12-07,AUD,21M,3M BBSW,4.20646489252821
2023-12-06,AUD,21M,3M BBSW,4.158595577905431
2023-12-05,AUD,21M,3M BBSW,4.230500000052305
2023-12-04,AUD,21M,3M BBSW,4.365899999996857
2023-12-01,AUD,21M,3M BBSW,4.302701583714836
2023-11-30,AUD,21M,3M BBSW,4.371250916176045
2023-11-29,AUD,21M,3M BBSW,4.338600000018694
2023-11-28,AUD,21M,3M BBSW,4.429400000010732
2023-11-27,AUD,21M,3M BBSW,4.459400000055239
2023-11-24,AUD,21M,3M BBSW,4.48303631803885
2023-11-23,AUD,21M,3M BBSW,4.459072269765663
2023-11-22,AUD,21M,3M BBSW,4.477353327457638
2023-11-21,AUD,21M,3M BBSW,4.383299999997504
2023-11-20,AUD,21M,3M BBSW,4.422700000056354
2023-11-17,AUD,21M,3M BBSW,4.397646896814853
2023-11-16,AUD,21M,3M BBSW,4.36944341722518
2023-11-15,AUD,21M,3M BBSW,4.481277382763079
2023-11-14,AUD,21M,3M BBSW,4.480800000002794
2023-11-13,AUD,21M,3M BBSW,4.558499999996914
2023-11-10,AUD,21M,3M BBSW,4.510015493560112
2023-11-09,AUD,21M,3M BBSW,4.503339102654221
2023-11-08,AUD,21M,3M BBSW,4.452455061082601
2023-11-07,AUD,21M,3M BBSW,4.460799999996892
2023-11-06,AUD,21M,3M BBSW,4.542199999996973
2023-11-03,AUD,21M,3M BBSW,4.478077454472285
2023-11-02,AUD,21M,3M BBSW,4.510596661577611
2023-11-01,AUD,21M,3M BBSW,4.548145937318783
2023-10-31,AUD,21M,3M BBSW,4.659900000017779
2023-10-30,AUD,21M,3M BBSW,4.608600000002825
2023-10-26,AUD,21M,3M BBSW,4.50583920119737
2023-10-25,AUD,21M,3M BBSW,4.497164470877649
2023-10-24,AUD,21M,3M BBSW,4.425100000007729
2023-10-23,AUD,21M,3M BBSW,4.402500000008668
2023-10-20,AUD,21M,3M BBSW,4.39967111848232
2023-10-19,AUD,21M,3M BBSW,4.399935049340804
2023-10-18,AUD,21M,3M BBSW,4.455551935139517
2023-10-17,AUD,21M,3M BBSW,4.451699999996982
2023-10-16,AUD,21M,3M BBSW,4.263800000054707
2023-10-12,AUD,21M,3M BBSW,4.246383905933776
2023-10-11,AUD,21M,3M BBSW,4.213567982248634
2023-10-10,AUD,21M,3M BBSW,4.234900000002916
2023-10-09,AUD,21M,3M BBSW,4.215900000049226
2023-10-05,AUD,21M,3M BBSW,4.283794831866576
2023-10-04,AUD,21M,3M BBSW,4.324858794963991
2023-10-03,AUD,21M,3M BBSW,4.375000000010004
2023-09-29,AUD,21M,3M BBSW,4.328611662218644
2023-09-28,AUD,21M,3M BBSW,4.350332736755439
2023-09-27,AUD,21M,3M BBSW,4.348900000004944
2023-09-26,AUD,21M,3M BBSW,4.344866549816826
2023-09-25,AUD,21M,3M BBSW,4.350119945350395
2023-09-22,AUD,21M,3M BBSW,4.32301747294103
2023-09-21,AUD,21M,3M BBSW,4.350232783187567
2023-09-20,AUD,21M,3M BBSW,4.374599999997286
2023-09-19,AUD,21M,3M BBSW,4.313799999953591
2023-09-18,AUD,21M,3M BBSW,4.25050000000739
2023-09-15,AUD,21M,3M BBSW,4.226320480206608
2023-09-14,AUD,21M,3M BBSW,4.203423731454087
2023-09-13,AUD,21M,3M BBSW,4.209600000008972
2023-09-12,AUD,21M,3M BBSW,4.218400000008388
2023-09-11,AUD,21M,3M BBSW,4.208800000008779
2023-09-08,AUD,21M,3M BBSW,4.173467095997957
2023-09-07,AUD,21M,3M BBSW,4.152438662074943
2023-09-06,AUD,21M,3M BBSW,4.171600000051311
2023-09-05,AUD,21M,3M BBSW,4.174100000049643
2023-09-04,AUD,21M,3M BBSW,4.191000000009353
2023-09-01,AUD,21M,3M BBSW,4.141922016249751
2023-08-31,AUD,21M,3M BBSW,4.156838657632131
2023-08-30,AUD,21M,3M BBSW,4.171565421809807
2023-08-28,AUD,21M,3M BBSW,4.243299999997558
2023-08-25,AUD,21M,3M BBSW,4.23520688794987
2023-08-24,AUD,21M,3M BBSW,4.220649578292609
2023-08-23,AUD,21M,3M BBSW,4.202804340055107
2023-08-22,AUD,21M,3M BBSW,4.265570250691013
2023-08-21,AUD,21M,3M BBSW,4.276700000057523
2023-08-18,AUD,21M,3M BBSW,4.251713822502775
2023-08-17,AUD,21M,3M BBSW,4.285549545429694
2023-08-16,AUD,21M,3M BBSW,4.29379331956328
2023-08-15,AUD,21M,3M BBSW,4.301783327459464
2023-08-14,AUD,21M,3M BBSW,4.340000000056473
2023-08-11,AUD,21M,3M BBSW,4.274292741846242
2023-08-10,AUD,21M,3M BBSW,4.21307123360579
2023-08-09,AUD,21M,3M BBSW,4.240902305367004
2023-08-08,AUD,21M,3M BBSW,4.203777368131403
2023-08-04,AUD,21M,3M BBSW,4.213396909598581
2023-08-03,AUD,21M,3M BBSW,4.232540436726241
2023-08-02,AUD,21M,3M BBSW,4.208305964182554
2023-08-01,AUD,21M,3M BBSW,4.24237474707247
2023-07-31,AUD,21M,3M BBSW,4.355574924657396
2023-07-28,AUD,21M,3M BBSW,4.333843574975318
2023-07-27,AUD,21M,3M BBSW,4.397944175504401
2023-07-25,AUD,21M,3M BBSW,4.493439661083961
2023-07-24,AUD,21M,3M BBSW,4.479499999995282
2023-07-21,AUD,21M,3M BBSW,4.496305197260897
2023-07-20,AUD,21M,3M BBSW,4.489371871464387
2023-07-19,AUD,21M,3M BBSW,4.384298972271512
2023-07-18,AUD,21M,3M BBSW,4.413677091268663
2023-07-17,AUD,21M,3M BBSW,4.436199999995237
2023-07-14,AUD,21M,3M BBSW,4.465842056461645
2023-07-13,AUD,21M,3M BBSW,4.376049292884875
2023-07-12,AUD,21M,3M BBSW,4.438364608309222
2023-07-11,AUD,21M,3M BBSW,4.575849550260528
2023-07-10,AUD,21M,3M BBSW,4.614199999995107
2023-07-07,AUD,21M,3M BBSW,4.706837281028124
2023-07-06,AUD,21M,3M BBSW,4.6908210560347
2023-07-05,AUD,21M,3M BBSW,4.547357638495384
2023-07-04,AUD,21M,3M BBSW,4.518755111003419
2023-07-03,AUD,21M,3M BBSW,4.531399999997573
2023-06-30,AUD,21M,3M BBSW,4.546529527965212
2023-06-29,AUD,21M,3M BBSW,4.48773298007352
2023-06-28,AUD,21M,3M BBSW,4.386424928653944
2023-06-27,AUD,21M,3M BBSW,4.465000000049257
2023-06-26,AUD,21M,3M BBSW,4.438450264329139
2023-06-22,AUD,21M,3M BBSW,4.525895642858258
2023-06-21,AUD,21M,3M BBSW,4.441614482542541
2023-06-20,AUD,21M,3M BBSW,4.436200000054151
2023-06-19,AUD,21M,3M BBSW,4.539800000007915
2023-06-15,AUD,21M,3M BBSW,4.486264442551096
2023-06-14,AUD,21M,3M BBSW,4.424557933897069
2023-06-13,AUD,21M,3M BBSW,4.411799999948997
2023-06-09,AUD,21M,3M BBSW,4.353495376032178
2023-06-08,AUD,21M,3M BBSW,4.343579395679073
2023-06-07,AUD,21M,3M BBSW,4.354527660928944
2023-06-06,AUD,21M,3M BBSW,4.195900000002409
2023-06-05,AUD,21M,3M BBSW,4.080300000002475
2023-06-01,AUD,21M,3M BBSW,3.9452732498517302
2023-05-31,AUD,21M,3M BBSW,3.943542588987499
2023-05-30,AUD,21M,3M BBSW,3.929604410926394
2023-05-29,AUD,21M,3M BBSW,3.9289017106425286
2023-05-26,AUD,21M,3M BBSW,3.9565085262643294
2023-05-25,AUD,21M,3M BBSW,3.97632568953104
2023-05-24,AUD,21M,3M BBSW,3.9230100943532387
2023-05-23,AUD,21M,3M BBSW,3.917862148197647
2023-05-22,AUD,21M,3M BBSW,3.88204984663303
2023-05-19,AUD,21M,3M BBSW,3.900412587160208
2023-05-18,AUD,21M,3M BBSW,3.910338718897103
2023-05-17,AUD,21M,3M BBSW,3.8095302058212583
2023-05-16,AUD,21M,3M BBSW,3.746624553329858
2023-05-15,AUD,21M,3M BBSW,3.748337347384682
2023-05-12,AUD,21M,3M BBSW,3.656737202568941
2023-05-11,AUD,21M,3M BBSW,3.625993731821317
2023-05-10,AUD,21M,3M BBSW,3.651954449753663
2023-05-09,AUD,21M,3M BBSW,3.6877131128541762
2023-05-08,AUD,21M,3M BBSW,3.687518705519736
2023-05-05,AUD,21M,3M BBSW,3.662420246810041
2023-05-04,AUD,21M,3M BBSW,3.562960485103966
2023-05-03,AUD,21M,3M BBSW,3.64700692929384
2023-05-02,AUD,21M,3M BBSW,3.719765057381328
2023-05-01,AUD,21M,3M BBSW,3.616631822056788
2023-04-28,AUD,21M,3M BBSW,3.533554960248027
2023-04-27,AUD,21M,3M BBSW,3.619553014045974
2023-04-26,AUD,21M,3M BBSW,3.535514930891328
2023-04-24,AUD,21M,3M BBSW,3.67220000000945
2023-04-21,AUD,21M,3M BBSW,3.709227445400893
2023-04-20,AUD,21M,3M BBSW,3.692034823509561
2023-04-19,AUD,21M,3M BBSW,3.7148625665028945
2023-04-18,AUD,21M,3M BBSW,3.688305480699636
2023-04-17,AUD,21M,3M BBSW,3.6039999999975323
2023-04-14,AUD,21M,3M BBSW,3.597953711041014
2023-04-13,AUD,21M,3M BBSW,3.55586453890234
2023-04-12,AUD,21M,3M BBSW,3.476027588156198
2023-04-11,AUD,21M,3M BBSW,3.4309605738494597
2023-04-06,AUD,21M,3M BBSW,3.376761735886207
2023-04-05,AUD,21M,3M BBSW,3.396607646690121
2023-04-04,AUD,21M,3M BBSW,3.418696646303206
2023-04-03,AUD,21M,3M BBSW,3.503399999996975
2023-03-31,AUD,21M,3M BBSW,3.483670225211787
2023-03-30,AUD,21M,3M BBSW,3.526986063383485
2023-03-29,AUD,21M,3M BBSW,3.5159041591901445
2023-03-28,AUD,21M,3M BBSW,3.51422692638866
2023-03-27,AUD,21M,3M BBSW,3.47910000000916
2023-03-24,AUD,21M,3M BBSW,3.4133214183731218
2023-03-23,AUD,21M,3M BBSW,3.444388416132159
2023-03-22,AUD,21M,3M BBSW,3.442132460584521
2023-03-21,AUD,21M,3M BBSW,3.480428688704206
2023-03-20,AUD,21M,3M BBSW,3.3895999999955717
2023-03-17,AUD,21M,3M BBSW,3.444310197400101
2023-03-16,AUD,21M,3M BBSW,3.579651370113475
2023-03-15,AUD,21M,3M BBSW,3.515239799696331
2023-03-14,AUD,21M,3M BBSW,3.725902370052166
2023-03-13,AUD,21M,3M BBSW,3.617099999995262
2023-03-10,AUD,21M,3M BBSW,3.83028928174109
2023-03-09,AUD,21M,3M BBSW,3.93320660955273
2023-03-08,AUD,21M,3M BBSW,4.000601844389949
2023-03-07,AUD,21M,3M BBSW,3.987314267887845
2023-03-06,AUD,21M,3M BBSW,4.079499999997257
2023-03-03,AUD,21M,3M BBSW,4.159302407447826
2023-03-02,AUD,21M,3M BBSW,4.200499083117766
2023-03-01,AUD,21M,3M BBSW,4.130361992739489
2023-02-28,AUD,21M,3M BBSW,4.220336227706489
2023-02-27,AUD,21M,3M BBSW,4.164915313298458
2023-02-24,AUD,21M,3M BBSW,4.16552064981919
2023-02-23,AUD,21M,3M BBSW,4.154905658834516
2023-02-22,AUD,21M,3M BBSW,4.133500000002742
2023-02-21,AUD,21M,3M BBSW,4.137935445331515
2023-02-20,AUD,21M,3M BBSW,4.073605975780828
2023-02-17,AUD,21M,3M BBSW,4.044810282581929
2023-02-16,AUD,21M,3M BBSW,3.993974545495254
2023-02-15,AUD,21M,3M BBSW,4.051100000000017
2023-02-14,AUD,21M,3M BBSW,4.007238524216198
2023-02-13,AUD,21M,3M BBSW,4.036805850060443
2023-02-10,AUD,21M,3M BBSW,4.039020443049301
2023-02-09,AUD,21M,3M BBSW,3.879107354145575
2023-02-08,AUD,21M,3M BBSW,3.8278999999975665
2023-02-07,AUD,21M,3M BBSW,3.806787138791607
2023-02-06,AUD,21M,3M BBSW,3.648893357099736
2023-02-03,AUD,21M,3M BBSW,3.645398558018792
2023-02-02,AUD,21M,3M BBSW,3.6445007330979844
2023-02-01,AUD,21M,3M BBSW,3.717299999997522
2023-01-31,AUD,21M,3M BBSW,3.6901115167567973
2023-01-30,AUD,21M,3M BBSW,3.7281554862364326
2023-01-27,AUD,21M,3M BBSW,3.72980313243855
2023-01-25,AUD,21M,3M BBSW,3.657703820207482
2023-01-24,AUD,21M,3M BBSW,3.555399999997771
2023-01-23,AUD,21M,3M BBSW,3.559601998630873
2023-01-20,AUD,21M,3M BBSW,3.54990028455869
2023-01-19,AUD,21M,3M BBSW,3.49294963284409
2023-01-18,AUD,21M,3M BBSW,3.7055999999958544
2023-01-17,AUD,21M,3M BBSW,3.7315999999954315
2023-01-16,AUD,21M,3M BBSW,3.7169936589125365
2023-01-13,AUD,21M,3M BBSW,3.724410014559913
2023-01-12,AUD,21M,3M BBSW,3.7336408521593754
2023-01-11,AUD,21M,3M BBSW,3.833999999994254
2023-01-10,AUD,21M,3M BBSW,3.855143712149937
2023-01-09,AUD,21M,3M BBSW,3.900127553661401
2023-01-06,AUD,21M,3M BBSW,3.865400720131122
2023-01-05,AUD,21M,3M BBSW,3.909492905152955
2023-01-04,AUD,21M,3M BBSW,3.93139999999022
2023-01-03,AUD,21M,3M BBSW,3.9806999999862342
2022-12-30,AUD,21M,3M BBSW,4.001487727509466
2022-12-29,AUD,21M,3M BBSW,4.000570755393904
2022-12-28,AUD,21M,3M BBSW,3.974958228078281
2022-12-23,AUD,21M,3M BBSW,3.8560562447123004
2022-12-22,AUD,21M,3M BBSW,3.8023175379613665
2022-12-21,AUD,21M,3M BBSW,3.7268834961658204
2022-12-20,AUD,21M,3M BBSW,3.809599999991135
2022-12-19,AUD,21M,3M BBSW,3.757146327371166
2022-12-16,AUD,21M,3M BBSW,3.762704345941458
2022-12-15,AUD,21M,3M BBSW,3.7346596171093616
2022-12-14,AUD,21M,3M BBSW,3.6465633874179426
2022-12-13,AUD,21M,3M BBSW,3.6538999999943043
2022-12-12,AUD,21M,3M BBSW,3.633298688990444
2022-12-09,AUD,21M,3M BBSW,3.631280349956203
2022-12-08,AUD,21M,3M BBSW,3.65149706204793
2022-12-07,AUD,21M,3M BBSW,3.631665578744193
2022-12-06,AUD,21M,3M BBSW,3.645599999990814
2022-12-05,AUD,21M,3M BBSW,3.571551447396183
2022-12-02,AUD,21M,3M BBSW,3.5642433399804845
2022-12-01,AUD,21M,3M BBSW,3.676810178371362
2022-11-30,AUD,21M,3M BBSW,3.721198798717604
2022-11-29,AUD,21M,3M BBSW,3.802044343705999
2022-11-28,AUD,21M,3M BBSW,3.7966449232136346
2022-11-25,AUD,21M,3M BBSW,3.847235721368489
2022-11-24,AUD,21M,3M BBSW,3.82416434779886
2022-11-23,AUD,21M,3M BBSW,3.817299999991514
2022-11-22,AUD,21M,3M BBSW,3.741499999991866
2022-11-21,AUD,21M,3M BBSW,3.732646838976227
2022-11-18,AUD,21M,3M BBSW,3.746306509890894
2022-11-17,AUD,21M,3M BBSW,3.718582786689675
2022-11-16,AUD,21M,3M BBSW,3.79999999999257
2022-11-15,AUD,21M,3M BBSW,3.83999999997778
2022-11-14,AUD,21M,3M BBSW,3.839944127349009
2022-11-11,AUD,21M,3M BBSW,3.773859881504878
2022-11-10,AUD,21M,3M BBSW,3.828252169944325
2022-11-09,AUD,21M,3M BBSW,3.999999999992586
2022-11-08,AUD,21M,3M BBSW,4.04999999995784
2022-11-07,AUD,21M,3M BBSW,3.969877059590769
2022-11-04,AUD,21M,3M BBSW,3.967512550565328
2022-11-03,AUD,21M,3M BBSW,4.09126667910752
2022-11-02,AUD,21M,3M BBSW,4.009999999987338
2022-11-01,AUD,21M,3M BBSW,3.9599999999994235
2022-10-31,AUD,21M,3M BBSW,3.960123473672182
2022-10-28,AUD,21M,3M BBSW,3.973598304529352
2022-10-27,AUD,21M,3M BBSW,4.007585814083144
2022-10-26,AUD,21M,3M BBSW,4.119729244108561
2022-10-25,AUD,21M,3M BBSW,4.159865455196327
2022-10-24,AUD,21M,3M BBSW,4.179999999968394
2022-10-21,AUD,21M,3M BBSW,4.23315053430049
2022-10-20,AUD,21M,3M BBSW,4.107280267657738
2022-10-19,AUD,21M,3M BBSW,3.9699999999969404
2022-10-18,AUD,21M,3M BBSW,3.9499999999920052
2022-10-17,AUD,21M,3M BBSW,3.949999999993302
2022-10-14,AUD,21M,3M BBSW,3.943999189353647
2022-10-13,AUD,21M,3M BBSW,3.838104209049821
2022-10-12,AUD,21M,3M BBSW,3.8499999999850565
2022-10-11,AUD,21M,3M BBSW,3.879999999990154
2022-10-10,AUD,21M,3M BBSW,3.829945403899703
2022-10-07,AUD,21M,3M BBSW,3.8136402839768926
2022-10-06,AUD,21M,3M BBSW,3.7284399552320173
2022-10-05,AUD,21M,3M BBSW,3.579999999995867
2022-10-04,AUD,21M,3M BBSW,3.5100000000083704
2022-09-30,AUD,21M,3M BBSW,4.032493037658153
2022-09-29,AUD,21M,3M BBSW,4.026170502245487
2022-09-28,AUD,21M,3M BBSW,4.139999999973585
2022-09-27,AUD,21M,3M BBSW,4.179934130079216
2022-09-26,AUD,21M,3M BBSW,4.139737514815177
2022-09-23,AUD,21M,3M BBSW,4.073281853140168
2022-09-21,AUD,21M,3M BBSW,3.779999999993374
2022-09-20,AUD,21M,3M BBSW,3.730000000054641
2022-09-19,AUD,21M,3M BBSW,3.77994530474265
2022-09-16,AUD,21M,3M BBSW,3.773918297550712
2022-09-15,AUD,21M,3M BBSW,3.716312871667915
2022-09-14,AUD,21M,3M BBSW,3.6999999999897697
2022-09-13,AUD,21M,3M BBSW,3.5299999999917975
2022-09-12,AUD,21M,3M BBSW,3.509903945662904
2022-09-09,AUD,21M,3M BBSW,3.4691381696635903
2022-09-08,AUD,21M,3M BBSW,3.50399772462524
2022-09-07,AUD,21M,3M BBSW,3.639999999987467
2022-09-06,AUD,21M,3M BBSW,3.5899999999645207
2022-09-05,AUD,21M,3M BBSW,3.6499497243111754
2022-09-02,AUD,21M,3M BBSW,3.624162264905845
2022-09-01,AUD,21M,3M BBSW,3.6688453589632375
2022-08-31,AUD,21M,3M BBSW,3.629999999975844
2022-08-30,AUD,21M,3M BBSW,3.699999999984671
2022-08-29,AUD,21M,3M BBSW,3.789999999979954
2022-08-26,AUD,21M,3M BBSW,3.6042054445656424
2022-08-25,AUD,21M,3M BBSW,3.648644317642693
2022-08-24,AUD,21M,3M BBSW,3.629894540920739
2022-08-23,AUD,21M,3M BBSW,3.7099999999876605
2022-08-22,AUD,21M,3M BBSW,3.569999999986838
2022-08-19,AUD,21M,3M BBSW,3.4943868587030398
2022-08-18,AUD,21M,3M BBSW,3.409384116398616
2022-08-17,AUD,21M,3M BBSW,3.359912397511877
2022-08-16,AUD,21M,3M BBSW,3.349999999996075
2022-08-15,AUD,21M,3M BBSW,3.480000000048231
2022-08-12,AUD,21M,3M BBSW,3.494383695217592
2022-08-11,AUD,21M,3M BBSW,3.439289814447583
2022-08-10,AUD,21M,3M BBSW,3.399913185216151
2022-08-09,AUD,21M,3M BBSW,3.360000000019851
2022-08-08,AUD,21M,3M BBSW,3.3499999999939334
2022-08-05,AUD,21M,3M BBSW,3.334601434859513
2022-08-04,AUD,21M,3M BBSW,3.190061265354945
2022-08-03,AUD,21M,3M BBSW,3.129926224034358
2022-08-02,AUD,21M,3M BBSW,3.11999999999434
2022-07-29,AUD,21M,3M BBSW,3.079821659058778
2022-07-28,AUD,21M,3M BBSW,3.194931514181693
2022-07-27,AUD,21M,3M BBSW,3.309836536480387
2022-07-26,AUD,21M,3M BBSW,3.459819970968642
2022-07-25,AUD,21M,3M BBSW,3.4247428946945475
2022-07-22,AUD,21M,3M BBSW,3.409636863097597
2022-07-21,AUD,21M,3M BBSW,3.58430312032522
2022-07-20,AUD,21M,3M BBSW,3.588996178810559
2022-07-19,AUD,21M,3M BBSW,3.5499999999893515
2022-07-18,AUD,21M,3M BBSW,3.419999999988373
2022-07-15,AUD,21M,3M BBSW,3.4003221030993838
2022-07-14,AUD,21M,3M BBSW,3.47477138752584
2022-07-13,AUD,21M,3M BBSW,3.2998686956036445
2022-07-12,AUD,21M,3M BBSW,3.3199999999896734
2022-07-11,AUD,21M,3M BBSW,3.4499999999866358
2022-07-08,AUD,21M,3M BBSW,3.409587983490588
2022-07-07,AUD,21M,3M BBSW,3.324551111151619
2022-07-06,AUD,21M,3M BBSW,3.259989982594116
2022-07-05,AUD,21M,3M BBSW,3.40999999997934
2022-07-04,AUD,21M,3M BBSW,3.27999999998725
2022-07-01,AUD,21M,3M BBSW,3.254544622237881
2022-06-30,AUD,21M,3M BBSW,3.520812147458464
2022-06-29,AUD,21M,3M BBSW,3.565419586417596
2022-06-28,AUD,21M,3M BBSW,3.549999999981927
2022-06-27,AUD,21M,3M BBSW,3.509956766449254
2022-06-24,AUD,21M,3M BBSW,3.4841196688433906
2022-06-23,AUD,21M,3M BBSW,3.588759939241646
2022-06-22,AUD,21M,3M BBSW,3.6799675169486656
2022-06-21,AUD,21M,3M BBSW,3.8499999999765415
2022-06-20,AUD,21M,3M BBSW,3.919999999973869
2022-06-17,AUD,21M,3M BBSW,3.98345516935444
2022-06-16,AUD,21M,3M BBSW,3.947768357093863
2022-06-15,AUD,21M,3M BBSW,3.969999999954831
2022-06-14,AUD,21M,3M BBSW,3.829999999957054
2022-06-10,AUD,21M,3M BBSW,3.474268756492332
2022-06-09,AUD,21M,3M BBSW,3.309726000957884
2022-06-08,AUD,21M,3M BBSW,3.359999999987574
2022-06-07,AUD,21M,3M BBSW,3.2299999999895848
2022-06-06,AUD,21M,3M BBSW,3.119999999990332
2022-06-03,AUD,21M,3M BBSW,3.124919683654627
2022-06-02,AUD,21M,3M BBSW,3.13027847420704
2022-06-01,AUD,21M,3M BBSW,3.039999999992037
2022-05-31,AUD,21M,3M BBSW,2.959992398673871
2022-05-30,AUD,21M,3M BBSW,2.849996387863639
2022-05-27,AUD,21M,3M BBSW,2.859804883887282
2022-05-26,AUD,21M,3M BBSW,2.809803678796903
2022-05-25,AUD,21M,3M BBSW,2.805592490001384
2022-05-24,AUD,21M,3M BBSW,2.861291346232252
2022-05-23,AUD,21M,3M BBSW,2.839999999992582
2022-05-20,AUD,21M,3M BBSW,2.809808245423515
2022-05-19,AUD,21M,3M BBSW,2.929785040462852
2022-05-18,AUD,21M,3M BBSW,2.975324560639518
2022-05-17,AUD,21M,3M BBSW,2.951025329773314
2022-05-16,AUD,21M,3M BBSW,2.869999999995981
2022-05-13,AUD,21M,3M BBSW,2.889796601520623
2022-05-12,AUD,21M,3M BBSW,2.96977879245291
2022-05-11,AUD,21M,3M BBSW,2.975322325376706
2022-05-10,AUD,21M,3M BBSW,2.990910034645675
2022-05-09,AUD,21M,3M BBSW,3.079999999992345
2022-05-06,AUD,21M,3M BBSW,3.099717381338107
2022-05-05,AUD,21M,3M BBSW,3.00972901275216
2022-05-04,AUD,21M,3M BBSW,3.125085617891934
2022-05-03,AUD,21M,3M BBSW,2.811449556658726
2022-05-02,AUD,21M,3M BBSW,2.769999999968288
2022-04-29,AUD,21M,3M BBSW,2.759843262270547
2022-04-28,AUD,21M,3M BBSW,2.685771455685414
2022-04-27,AUD,21M,3M BBSW,2.661882760924831
2022-04-26,AUD,21M,3M BBSW,2.578176898475828
2022-04-22,AUD,21M,3M BBSW,2.629748188677548
2022-04-21,AUD,21M,3M BBSW,2.356289302061406
2022-04-20,AUD,21M,3M BBSW,2.33287170452847
2022-04-19,AUD,21M,3M BBSW,2.239999999988123
2022-04-14,AUD,21M,3M BBSW,2.226632558415993
2022-04-13,AUD,21M,3M BBSW,2.233172385233183
2022-04-12,AUD,21M,3M BBSW,2.299999999958516
2022-04-11,AUD,21M,3M BBSW,2.339999999983525
2022-04-08,AUD,21M,3M BBSW,2.319768406764156
2022-04-07,AUD,21M,3M BBSW,2.276298513501065
2022-04-06,AUD,21M,3M BBSW,2.342846228222886
2022-04-05,AUD,21M,3M BBSW,2.019999999982188
2022-04-04,AUD,21M,3M BBSW,2.059999999979606
2022-04-01,AUD,21M,3M BBSW,2.076599975034823
2022-03-31,AUD,21M,3M BBSW,1.9961564156322262
2022-03-30,AUD,21M,3M BBSW,2.063186437062398
2022-03-29,AUD,21M,3M BBSW,2.110000000020669
2022-03-28,AUD,21M,3M BBSW,2.029999999985771
2022-03-25,AUD,21M,3M BBSW,1.91400541570815
2022-03-24,AUD,21M,3M BBSW,1.8314440193988761
2022-03-23,AUD,21M,3M BBSW,1.868494410066948
2022-03-22,AUD,21M,3M BBSW,1.789991917665004
2022-03-21,AUD,21M,3M BBSW,1.620000000000494
2022-03-18,AUD,21M,3M BBSW,1.609926434025093
2022-03-17,AUD,21M,3M BBSW,1.547545099625759
2022-03-16,AUD,21M,3M BBSW,1.505336635965826
2022-03-15,AUD,21M,3M BBSW,1.5700000000059
2022-03-14,AUD,21M,3M BBSW,1.54000000000017
2022-03-11,AUD,21M,3M BBSW,1.529911760950212
2022-03-10,AUD,21M,3M BBSW,1.497611985412537
2022-03-09,AUD,21M,3M BBSW,1.505336610274848
2022-03-08,AUD,21M,3M BBSW,1.430000000001067
2022-03-07,AUD,21M,3M BBSW,1.33999999999177
2022-03-04,AUD,21M,3M BBSW,1.309950251494236
2022-03-03,AUD,21M,3M BBSW,1.228057931178071
2022-03-02,AUD,21M,3M BBSW,1.166380046440863
2022-03-01,AUD,21M,3M BBSW,1.229999999999623
2022-02-28,AUD,21M,3M BBSW,1.249976938491378
2022-02-25,AUD,21M,3M BBSW,1.305944743321845
2022-02-24,AUD,21M,3M BBSW,1.280000000000588
2025-11-03,AUD,2Y,3M BBSW,3.570000000000015
2025-10-31,AUD,2Y,3M BBSW,3.528499999975724
2025-10-30,AUD,2Y,3M BBSW,3.5336000000000154
2025-10-29,AUD,2Y,3M BBSW,3.554700000000003
2025-10-28,AUD,2Y,3M BBSW,3.3998000000000124
2025-10-27,AUD,2Y,3M BBSW,3.3998000000000155
2025-10-24,AUD,2Y,3M BBSW,3.324897523122021
2025-10-23,AUD,2Y,3M BBSW,3.3441999999952063
2025-10-22,AUD,2Y,3M BBSW,3.3045000000000075
2025-10-21,AUD,2Y,3M BBSW,3.3237000000032992
2025-10-20,AUD,2Y,3M BBSW,3.301400000000274
2025-10-17,AUD,2Y,3M BBSW,3.277796208974251
2025-10-16,AUD,2Y,3M BBSW,3.2778000000000094
2025-10-15,AUD,2Y,3M BBSW,3.4283000000000134
2025-10-14,AUD,2Y,3M BBSW,3.4289000000000196
2025-10-13,AUD,2Y,3M BBSW,3.434400000002344
2025-10-10,AUD,2Y,3M BBSW,3.4914986227908935
2025-10-09,AUD,2Y,3M BBSW,3.494000000000012
2025-10-08,AUD,2Y,3M BBSW,3.4546000000000068
2025-10-07,AUD,2Y,3M BBSW,3.4514000000000165
2025-10-03,AUD,2Y,3M BBSW,3.439595134940384
2025-10-02,AUD,2Y,3M BBSW,3.4213767991836708
2025-10-01,AUD,2Y,3M BBSW,3.450639084878731
2025-09-30,AUD,2Y,3M BBSW,3.482799999979716
2025-09-29,AUD,2Y,3M BBSW,3.440419304121916
2025-09-26,AUD,2Y,3M BBSW,3.458937690381872
2025-09-25,AUD,2Y,3M BBSW,3.4550943963623073
2025-09-24,AUD,2Y,3M BBSW,3.445499999999889
2025-09-23,AUD,2Y,3M BBSW,3.3282000000118646
2025-09-22,AUD,2Y,3M BBSW,3.3444616908987346
2025-09-19,AUD,2Y,3M BBSW,3.3091764174836986
2025-09-18,AUD,2Y,3M BBSW,3.296025339605298
2025-09-17,AUD,2Y,3M BBSW,3.3159000000001595
2025-09-16,AUD,2Y,3M BBSW,3.316100000000005
2025-09-15,AUD,2Y,3M BBSW,3.313074808042819
2025-09-12,AUD,2Y,3M BBSW,3.3231199382225274
2025-09-11,AUD,2Y,3M BBSW,3.300512818780895
2025-09-10,AUD,2Y,3M BBSW,3.29409999995038
2025-09-09,AUD,2Y,3M BBSW,3.32690000004691
2025-09-08,AUD,2Y,3M BBSW,3.296126098616063
2025-09-05,AUD,2Y,3M BBSW,3.306782134964201
2025-09-04,AUD,2Y,3M BBSW,3.317369694130571
2025-09-03,AUD,2Y,3M BBSW,3.345800000001906
2025-09-02,AUD,2Y,3M BBSW,3.2931000000000052
2025-09-01,AUD,2Y,3M BBSW,3.284263055047881
2025-08-29,AUD,2Y,3M BBSW,3.256336488749176
2025-08-28,AUD,2Y,3M BBSW,3.2420955050127676
2025-08-27,AUD,2Y,3M BBSW,3.2517342677389127
2025-08-26,AUD,2Y,3M BBSW,3.252600000007121
2025-08-25,AUD,2Y,3M BBSW,3.2472000000042716
2025-08-22,AUD,2Y,3M BBSW,3.253481832605053
2025-08-21,AUD,2Y,3M BBSW,3.2475744418968477
2025-08-20,AUD,2Y,3M BBSW,3.230332665284307
2025-08-19,AUD,2Y,3M BBSW,3.260999999976914
2025-08-18,AUD,2Y,3M BBSW,3.2447999999714066
2025-08-15,AUD,2Y,3M BBSW,3.225679901626471
2025-08-14,AUD,2Y,3M BBSW,3.238530240266672
2025-08-13,AUD,2Y,3M BBSW,3.207233888426049
2025-08-12,AUD,2Y,3M BBSW,3.238000000002804
2025-08-11,AUD,2Y,3M BBSW,3.283700000002701
2025-08-08,AUD,2Y,3M BBSW,3.268760355568509
2025-08-07,AUD,2Y,3M BBSW,3.2616357261216944
2025-08-06,AUD,2Y,3M BBSW,3.2638320953436715
2025-08-05,AUD,2Y,3M BBSW,3.259600000002812
2025-08-01,AUD,2Y,3M BBSW,3.289310040126673
2025-07-31,AUD,2Y,3M BBSW,3.3125534969764012
2025-07-30,AUD,2Y,3M BBSW,3.2857350171397974
2025-07-29,AUD,2Y,3M BBSW,3.2956000000027226
2025-07-28,AUD,2Y,3M BBSW,3.3245000000025
2025-07-25,AUD,2Y,3M BBSW,3.3350872280434976
2025-07-24,AUD,2Y,3M BBSW,3.3250538966689733
2025-07-23,AUD,2Y,3M BBSW,3.287129691637013
2025-07-22,AUD,2Y,3M BBSW,3.267600000002845
2025-07-21,AUD,2Y,3M BBSW,3.2613999999728223
2025-07-18,AUD,2Y,3M BBSW,3.254646739426369
2025-07-17,AUD,2Y,3M BBSW,3.236633260729059
2025-07-16,AUD,2Y,3M BBSW,3.3435272783451606
2025-07-15,AUD,2Y,3M BBSW,3.3800000000114236
2025-07-14,AUD,2Y,3M BBSW,3.3306000000020224
2025-07-11,AUD,2Y,3M BBSW,3.304472334877989
2025-07-10,AUD,2Y,3M BBSW,3.297566216159966
2025-07-09,AUD,2Y,3M BBSW,3.289630118788582
2025-07-08,AUD,2Y,3M BBSW,3.3120999999983614
2025-07-07,AUD,2Y,3M BBSW,3.193000000002607
2025-07-04,AUD,2Y,3M BBSW,3.1757633469462214
2025-07-03,AUD,2Y,3M BBSW,3.1867023571601405
2025-07-02,AUD,2Y,3M BBSW,3.155834863700319
2025-07-01,AUD,2Y,3M BBSW,3.145070645170008
2025-06-30,AUD,2Y,3M BBSW,3.1355007784042805
2025-06-27,AUD,2Y,3M BBSW,3.1369236317337448
2025-06-26,AUD,2Y,3M BBSW,3.118795267237999
2025-06-25,AUD,2Y,3M BBSW,3.139940718458472
2025-06-24,AUD,2Y,3M BBSW,3.169400000003207
2025-06-23,AUD,2Y,3M BBSW,3.203500000003027
2025-06-20,AUD,2Y,3M BBSW,3.2113761193831336
2025-06-19,AUD,2Y,3M BBSW,3.219584194814737
2025-06-18,AUD,2Y,3M BBSW,3.26170000000888
2025-06-17,AUD,2Y,3M BBSW,3.2303000000032256
2025-06-16,AUD,2Y,3M BBSW,3.229700000003191
2025-06-13,AUD,2Y,3M BBSW,3.207207889867368
2025-06-12,AUD,2Y,3M BBSW,3.178257049565943
2025-06-11,AUD,2Y,3M BBSW,3.242600000008935
2025-06-10,AUD,2Y,3M BBSW,3.273900000002903
2025-06-06,AUD,2Y,3M BBSW,3.2925163184912254
2025-06-05,AUD,2Y,3M BBSW,3.227961576100333
2025-06-04,AUD,2Y,3M BBSW,3.180000000009405
2025-06-03,AUD,2Y,3M BBSW,3.192000000002521
2025-06-02,AUD,2Y,3M BBSW,3.2471000000032753
2025-05-30,AUD,2Y,3M BBSW,3.2287074918122984
2025-05-29,AUD,2Y,3M BBSW,3.259051206490297
2025-05-28,AUD,2Y,3M BBSW,3.336033044080835
2025-05-27,AUD,2Y,3M BBSW,3.26363409636354
2025-05-26,AUD,2Y,3M BBSW,3.2712000000102854
2025-05-23,AUD,2Y,3M BBSW,3.287205230124404
2025-05-22,AUD,2Y,3M BBSW,3.310764393502318
2025-05-21,AUD,2Y,3M BBSW,3.3598156990433328
2025-05-20,AUD,2Y,3M BBSW,3.2961304330896306
2025-05-19,AUD,2Y,3M BBSW,3.488399999994159
2025-05-16,AUD,2Y,3M BBSW,3.508692360893918
2025-05-15,AUD,2Y,3M BBSW,3.4724345227978044
2025-05-14,AUD,2Y,3M BBSW,3.494650370290357
2025-05-13,AUD,2Y,3M BBSW,3.465422963187264
2025-05-12,AUD,2Y,3M BBSW,3.4362000000025894
2025-05-09,AUD,2Y,3M BBSW,3.294794728966524
2025-05-08,AUD,2Y,3M BBSW,3.2900193192612845
2025-05-07,AUD,2Y,3M BBSW,3.228035065881903
2025-05-06,AUD,2Y,3M BBSW,3.2641326153194066
2025-05-05,AUD,2Y,3M BBSW,3.272400000002314
2025-05-02,AUD,2Y,3M BBSW,3.265170470947757
2025-05-01,AUD,2Y,3M BBSW,3.203221251669048
2025-04-30,AUD,2Y,3M BBSW,3.198932235346857
2025-04-29,AUD,2Y,3M BBSW,3.1794000000070985
2025-04-28,AUD,2Y,3M BBSW,3.182600000002315
2025-04-24,AUD,2Y,3M BBSW,3.211137986363029
2025-04-23,AUD,2Y,3M BBSW,3.2805309734104915
2025-04-22,AUD,2Y,3M BBSW,3.234800000003821
2025-04-17,AUD,2Y,3M BBSW,3.226031035057243
2025-04-16,AUD,2Y,3M BBSW,3.215034424899256
2025-04-15,AUD,2Y,3M BBSW,3.244000000004442
2025-04-14,AUD,2Y,3M BBSW,3.2248000000049326
2025-04-11,AUD,2Y,3M BBSW,3.255586329224559
2025-04-10,AUD,2Y,3M BBSW,3.1677882214378754
2025-04-09,AUD,2Y,3M BBSW,3.2739312069566875
2025-04-08,AUD,2Y,3M BBSW,3.1986000000049244
2025-04-07,AUD,2Y,3M BBSW,3.3748000000027845
2025-04-04,AUD,2Y,3M BBSW,3.344943631774095
2025-03-28,AUD,2Y,3M BBSW,3.6599216239638124
2025-03-27,AUD,2Y,3M BBSW,3.6782505482674135
2025-03-26,AUD,2Y,3M BBSW,3.679114636101339
2025-03-25,AUD,2Y,3M BBSW,3.697845016771997
2025-03-24,AUD,2Y,3M BBSW,3.6709000000037655
2025-03-21,AUD,2Y,3M BBSW,3.662822433957593
2025-03-20,AUD,2Y,3M BBSW,3.667008091626768
2025-03-19,AUD,2Y,3M BBSW,3.707823483936018
2025-03-18,AUD,2Y,3M BBSW,3.7086000000018133
2025-03-17,AUD,2Y,3M BBSW,3.698500000001923
2025-03-14,AUD,2Y,3M BBSW,3.681219875207462
2025-03-13,AUD,2Y,3M BBSW,3.6695013117628785
2025-03-12,AUD,2Y,3M BBSW,3.709822207851945
2025-03-11,AUD,2Y,3M BBSW,3.687200000002025
2025-03-10,AUD,2Y,3M BBSW,3.6625000000021393
2025-03-07,AUD,2Y,3M BBSW,3.699376486100937
2025-03-06,AUD,2Y,3M BBSW,3.7234060380914458
2025-03-05,AUD,2Y,3M BBSW,3.7650164749835096
2025-03-04,AUD,2Y,3M BBSW,3.72460000000307
2025-03-03,AUD,2Y,3M BBSW,3.686300000003488
2025-02-28,AUD,2Y,3M BBSW,3.7348660168494305
2025-02-27,AUD,2Y,3M BBSW,3.7501751476573775
2025-02-26,AUD,2Y,3M BBSW,3.762000000000022
2025-02-25,AUD,2Y,3M BBSW,3.775150390523753
2025-02-24,AUD,2Y,3M BBSW,3.79960346821317
2025-02-21,AUD,2Y,3M BBSW,3.8564951377633614
2025-02-20,AUD,2Y,3M BBSW,3.8851087025079165
2025-02-19,AUD,2Y,3M BBSW,3.873999999969055
2025-02-18,AUD,2Y,3M BBSW,3.893247523259836
2025-02-17,AUD,2Y,3M BBSW,3.829300889793799
2025-02-14,AUD,2Y,3M BBSW,3.813849790257588
2025-02-13,AUD,2Y,3M BBSW,3.788752570310801
2025-02-12,AUD,2Y,3M BBSW,3.8779999999860695
2025-02-11,AUD,2Y,3M BBSW,3.823948973808448
2025-02-10,AUD,2Y,3M BBSW,3.767206952971925
2025-02-07,AUD,2Y,3M BBSW,3.7690167809950292
2025-02-06,AUD,2Y,3M BBSW,3.716036845931778
2025-02-05,AUD,2Y,3M BBSW,3.716200000010911
2025-02-04,AUD,2Y,3M BBSW,3.7674003508554503
2025-02-03,AUD,2Y,3M BBSW,3.761711976489859
2025-01-31,AUD,2Y,3M BBSW,3.774506634253559
2025-01-30,AUD,2Y,3M BBSW,3.7736059746210184
2025-01-29,AUD,2Y,3M BBSW,3.7803999999999864
2025-01-28,AUD,2Y,3M BBSW,3.837800000003343
2025-01-24,AUD,2Y,3M BBSW,3.870826465634642
2025-01-23,AUD,2Y,3M BBSW,3.8742323141655275
2025-01-22,AUD,2Y,3M BBSW,3.910399999977011
2025-01-21,AUD,2Y,3M BBSW,3.891847378246623
2025-01-20,AUD,2Y,3M BBSW,3.888843719023918
2025-01-17,AUD,2Y,3M BBSW,3.926098653780129
2025-01-16,AUD,2Y,3M BBSW,3.905253020817078
2025-01-15,AUD,2Y,3M BBSW,3.913299999996674
2025-01-14,AUD,2Y,3M BBSW,3.987999999952796
2025-01-13,AUD,2Y,3M BBSW,3.977263922282915
2025-01-10,AUD,2Y,3M BBSW,3.938383417232568
2025-01-09,AUD,2Y,3M BBSW,3.842012911832819
2025-01-08,AUD,2Y,3M BBSW,3.899599999996463
2025-01-07,AUD,2Y,3M BBSW,3.9378999999966515
2025-01-06,AUD,2Y,3M BBSW,3.8872397495434114
2025-01-03,AUD,2Y,3M BBSW,3.837586123693192
2025-01-02,AUD,2Y,3M BBSW,3.8282473345511594
2024-12-31,AUD,2Y,3M BBSW,3.835600000013891
2024-12-30,AUD,2Y,3M BBSW,3.8555605849842434
2024-12-27,AUD,2Y,3M BBSW,3.838883823416888
2024-12-24,AUD,2Y,3M BBSW,3.8781999999575123
2024-12-23,AUD,2Y,3M BBSW,3.8940583576156222
2024-12-20,AUD,2Y,3M BBSW,3.9224517750921133
2024-12-19,AUD,2Y,3M BBSW,3.935673581712041
2024-12-18,AUD,2Y,3M BBSW,3.89879999999639
2024-12-17,AUD,2Y,3M BBSW,3.861999999996435
2024-12-16,AUD,2Y,3M BBSW,3.881683505736272
2024-12-13,AUD,2Y,3M BBSW,3.891698440853723
2024-12-12,AUD,2Y,3M BBSW,3.879618159967065
2024-12-11,AUD,2Y,3M BBSW,3.7747999999965454
2024-12-10,AUD,2Y,3M BBSW,3.78459999999621
2024-12-09,AUD,2Y,3M BBSW,3.883078810608722
2024-12-06,AUD,2Y,3M BBSW,3.8626937525895273
2024-12-05,AUD,2Y,3M BBSW,3.894978911826513
2024-12-04,AUD,2Y,3M BBSW,3.872199999996155
2024-12-03,AUD,2Y,3M BBSW,3.9949999999965424
2024-12-02,AUD,2Y,3M BBSW,3.982444216110285
2024-11-29,AUD,2Y,3M BBSW,3.9830529976285165
2024-11-28,AUD,2Y,3M BBSW,3.9968633655163655
2024-11-27,AUD,2Y,3M BBSW,4.009299999996722
2024-11-26,AUD,2Y,3M BBSW,4.034800000002361
2024-11-25,AUD,2Y,3M BBSW,4.038441497260894
2024-11-22,AUD,2Y,3M BBSW,4.079291470415933
2024-11-21,AUD,2Y,3M BBSW,4.098251824901941
2024-11-20,AUD,2Y,3M BBSW,4.090499999979551
2024-11-19,AUD,2Y,3M BBSW,4.071099999992652
2024-11-18,AUD,2Y,3M BBSW,4.05004123308945
2024-11-15,AUD,2Y,3M BBSW,4.115907111379892
2024-11-14,AUD,2Y,3M BBSW,4.168371709475748
2024-11-13,AUD,2Y,3M BBSW,4.182799999997114
2024-11-12,AUD,2Y,3M BBSW,4.169900000002245
2024-11-11,AUD,2Y,3M BBSW,4.120639157850309
2024-11-08,AUD,2Y,3M BBSW,4.076091842435779
2024-11-07,AUD,2Y,3M BBSW,4.081296079288739
2024-11-06,AUD,2Y,3M BBSW,4.110899999996545
2024-11-05,AUD,2Y,3M BBSW,4.106699999992705
2024-11-04,AUD,2Y,3M BBSW,4.052684051119019
2024-11-01,AUD,2Y,3M BBSW,4.067904273651608
2024-10-31,AUD,2Y,3M BBSW,4.107587358452365
2024-10-30,AUD,2Y,3M BBSW,4.089799999998053
2024-10-29,AUD,2Y,3M BBSW,4.013500000001898
2024-10-28,AUD,2Y,3M BBSW,4.002800000002054
2024-10-24,AUD,2Y,3M BBSW,3.9667416174307903
2024-10-23,AUD,2Y,3M BBSW,4.03599999999683
2024-10-22,AUD,2Y,3M BBSW,4.010299999997637
2024-10-21,AUD,2Y,3M BBSW,3.955943939280865
2024-10-17,AUD,2Y,3M BBSW,3.926495110934949
2024-10-16,AUD,2Y,3M BBSW,3.830600000013319
2024-10-15,AUD,2Y,3M BBSW,3.858400000002183
2024-10-14,AUD,2Y,3M BBSW,3.8824999999975107
2024-10-11,AUD,2Y,3M BBSW,3.8841405410727377
2024-10-10,AUD,2Y,3M BBSW,3.8644556916766786
2024-10-09,AUD,2Y,3M BBSW,3.887999999992616
2024-10-08,AUD,2Y,3M BBSW,3.8468999999974813
2024-10-04,AUD,2Y,3M BBSW,3.814732798921535
2024-10-03,AUD,2Y,3M BBSW,3.6884484382425335
2024-10-02,AUD,2Y,3M BBSW,3.674199999992572
2024-10-01,AUD,2Y,3M BBSW,3.652223644888149
2024-09-30,AUD,2Y,3M BBSW,3.656251364152973
2024-09-27,AUD,2Y,3M BBSW,3.603567575088888
2024-09-26,AUD,2Y,3M BBSW,3.6115429076247025
2024-09-25,AUD,2Y,3M BBSW,3.5900483197449944
2024-09-24,AUD,2Y,3M BBSW,3.556400000003077
2024-09-23,AUD,2Y,3M BBSW,3.659151032458378
2024-09-20,AUD,2Y,3M BBSW,3.6432128136215445
2024-09-19,AUD,2Y,3M BBSW,3.6304429428541516
2024-09-18,AUD,2Y,3M BBSW,3.61000000000203
2024-09-17,AUD,2Y,3M BBSW,3.570500000002027
2024-09-16,AUD,2Y,3M BBSW,3.52935444496577
2024-09-13,AUD,2Y,3M BBSW,3.560031849077644
2024-09-12,AUD,2Y,3M BBSW,3.592240411049171
2024-09-11,AUD,2Y,3M BBSW,3.6365999999960845
2024-09-10,AUD,2Y,3M BBSW,3.6276999999961284
2024-09-09,AUD,2Y,3M BBSW,3.6776046415437422
2024-09-06,AUD,2Y,3M BBSW,3.65455829129508
2024-09-05,AUD,2Y,3M BBSW,3.6949774921209393
2024-09-04,AUD,2Y,3M BBSW,3.662799999997891
2024-09-03,AUD,2Y,3M BBSW,3.720799999998006
2024-09-02,AUD,2Y,3M BBSW,3.783847553325474
2024-08-30,AUD,2Y,3M BBSW,3.740428628490549
2024-08-29,AUD,2Y,3M BBSW,3.716306485873973
2024-08-27,AUD,2Y,3M BBSW,3.6484999999978394
2024-08-26,AUD,2Y,3M BBSW,3.643399999998066
2024-08-23,AUD,2Y,3M BBSW,3.687663153743431
2024-08-22,AUD,2Y,3M BBSW,3.714902491751023
2024-08-21,AUD,2Y,3M BBSW,3.703419621351473
2024-08-20,AUD,2Y,3M BBSW,3.717300000006855
2024-08-19,AUD,2Y,3M BBSW,3.754900000047002
2024-08-16,AUD,2Y,3M BBSW,3.747674577369268
2024-08-15,AUD,2Y,3M BBSW,3.798643458997159
2024-08-14,AUD,2Y,3M BBSW,3.681750849271793
2024-08-13,AUD,2Y,3M BBSW,3.750299999992726
2024-08-12,AUD,2Y,3M BBSW,3.809599999998112
2024-08-09,AUD,2Y,3M BBSW,3.824160673550818
2024-08-08,AUD,2Y,3M BBSW,3.841064086708188
2024-08-07,AUD,2Y,3M BBSW,3.834112870931594
2024-08-06,AUD,2Y,3M BBSW,3.8479999999940806
2024-08-02,AUD,2Y,3M BBSW,3.7364775388342952
2024-08-01,AUD,2Y,3M BBSW,3.849530449754697
2024-07-31,AUD,2Y,3M BBSW,3.918046229715811
2024-07-30,AUD,2Y,3M BBSW,4.139899999989395
2024-07-29,AUD,2Y,3M BBSW,4.183799999996338
2024-07-26,AUD,2Y,3M BBSW,4.139376401060918
2024-07-24,AUD,2Y,3M BBSW,4.197236830274209
2024-07-23,AUD,2Y,3M BBSW,4.225099999997161
2024-07-22,AUD,2Y,3M BBSW,4.205099999996328
2024-07-19,AUD,2Y,3M BBSW,4.203420152476288
2024-07-18,AUD,2Y,3M BBSW,4.168934262285418
2024-07-17,AUD,2Y,3M BBSW,4.138294559497335
2024-07-16,AUD,2Y,3M BBSW,4.15349999999091
2024-07-15,AUD,2Y,3M BBSW,4.202999999996329
2024-07-12,AUD,2Y,3M BBSW,4.231959530016051
2024-07-11,AUD,2Y,3M BBSW,4.262820904558287
2024-07-10,AUD,2Y,3M BBSW,4.301584293778701
2024-07-09,AUD,2Y,3M BBSW,4.316899999991801
2024-07-08,AUD,2Y,3M BBSW,4.33089999999803
2024-07-05,AUD,2Y,3M BBSW,4.332733143978644
2024-07-04,AUD,2Y,3M BBSW,4.35813881416154
2024-07-03,AUD,2Y,3M BBSW,4.358948607548312
2024-07-02,AUD,2Y,3M BBSW,4.354799999991664
2024-07-01,AUD,2Y,3M BBSW,4.369471853413443
2024-06-28,AUD,2Y,3M BBSW,4.364435726319882
2024-06-27,AUD,2Y,3M BBSW,4.324144177843397
2024-06-26,AUD,2Y,3M BBSW,4.409346123593545
2024-06-24,AUD,2Y,3M BBSW,4.191500000008208
2024-06-21,AUD,2Y,3M BBSW,4.170272864818205
2024-06-20,AUD,2Y,3M BBSW,4.182418848841771
2024-06-19,AUD,2Y,3M BBSW,4.175799999991667
2024-06-18,AUD,2Y,3M BBSW,4.146499999998133
2024-06-17,AUD,2Y,3M BBSW,4.094599999998001
2024-06-14,AUD,2Y,3M BBSW,4.083851699487121
2024-06-13,AUD,2Y,3M BBSW,4.102530881987312
2024-06-12,AUD,2Y,3M BBSW,4.137899999989932
2024-06-11,AUD,2Y,3M BBSW,4.200200000002203
2024-06-07,AUD,2Y,3M BBSW,4.202606175784088
2024-06-06,AUD,2Y,3M BBSW,4.139161531088872
2024-06-05,AUD,2Y,3M BBSW,4.147999999991986
2024-06-04,AUD,2Y,3M BBSW,4.15639999999803
2024-06-03,AUD,2Y,3M BBSW,4.210399999997919
2024-05-31,AUD,2Y,3M BBSW,4.279992229613335
2024-05-30,AUD,2Y,3M BBSW,4.264128048883875
2024-05-29,AUD,2Y,3M BBSW,4.308716546793086
2024-05-28,AUD,2Y,3M BBSW,4.25045413762713
2024-05-27,AUD,2Y,3M BBSW,4.195100000047241
2024-05-24,AUD,2Y,3M BBSW,4.222922640371317
2024-05-23,AUD,2Y,3M BBSW,4.197244962706946
2024-05-22,AUD,2Y,3M BBSW,4.194014517038608
2024-05-21,AUD,2Y,3M BBSW,4.140598035343963
2024-05-20,AUD,2Y,3M BBSW,4.156900000049978
2024-05-17,AUD,2Y,3M BBSW,4.138349019765562
2024-05-16,AUD,2Y,3M BBSW,4.129826740697816
2024-05-15,AUD,2Y,3M BBSW,4.16983165468913
2024-05-14,AUD,2Y,3M BBSW,4.237165469743361
2024-05-13,AUD,2Y,3M BBSW,4.224900000050198
2024-05-10,AUD,2Y,3M BBSW,4.263665413530624
2024-05-09,AUD,2Y,3M BBSW,4.246710065975573
2024-05-08,AUD,2Y,3M BBSW,4.260405122503111
2024-05-07,AUD,2Y,3M BBSW,4.206096063696292
2024-05-06,AUD,2Y,3M BBSW,4.321700000048064
2024-05-03,AUD,2Y,3M BBSW,4.294069108949373
2024-05-02,AUD,2Y,3M BBSW,4.304592012038406
2024-05-01,AUD,2Y,3M BBSW,4.368887347981625
2024-04-30,AUD,2Y,3M BBSW,4.359399999997532
2024-04-29,AUD,2Y,3M BBSW,4.363500000007278
2024-04-26,AUD,2Y,3M BBSW,4.384262388333901
2024-04-24,AUD,2Y,3M BBSW,4.321626643764354
2024-04-23,AUD,2Y,3M BBSW,4.152799999997869
2024-04-22,AUD,2Y,3M BBSW,4.151999999996722
2024-04-19,AUD,2Y,3M BBSW,4.145893713959878
2024-04-18,AUD,2Y,3M BBSW,4.166666348702629
2024-04-17,AUD,2Y,3M BBSW,4.186691802393469
2024-04-16,AUD,2Y,3M BBSW,4.194800000001996
2024-04-15,AUD,2Y,3M BBSW,4.145400000045892
2024-04-12,AUD,2Y,3M BBSW,4.095527163532606
2024-04-11,AUD,2Y,3M BBSW,4.13189347331842
2024-04-10,AUD,2Y,3M BBSW,4.105596558730292
2024-04-09,AUD,2Y,3M BBSW,3.9978000000466274
2024-04-08,AUD,2Y,3M BBSW,4.037600000043812
2024-04-04,AUD,2Y,3M BBSW,3.975396702642887
2024-04-03,AUD,2Y,3M BBSW,3.984098339811606
2024-04-02,AUD,2Y,3M BBSW,3.9969000000078103
2024-03-28,AUD,2Y,3M BBSW,3.9237878906027426
2024-03-27,AUD,2Y,3M BBSW,3.937413655068446
2024-03-26,AUD,2Y,3M BBSW,3.960008083579727
2024-03-25,AUD,2Y,3M BBSW,3.944010984580727
2024-03-22,AUD,2Y,3M BBSW,3.9466977872643203
2024-03-21,AUD,2Y,3M BBSW,3.9707587971193994
2024-03-20,AUD,2Y,3M BBSW,3.940111763388021
2024-03-19,AUD,2Y,3M BBSW,3.9648999999977486
2024-03-18,AUD,2Y,3M BBSW,4.02370000000774
2024-03-15,AUD,2Y,3M BBSW,4.04967250704346
2024-03-14,AUD,2Y,3M BBSW,4.031609688332584
2024-03-13,AUD,2Y,3M BBSW,3.972209096916082
2024-03-12,AUD,2Y,3M BBSW,3.941700000006134
2024-03-11,AUD,2Y,3M BBSW,3.917400000043098
2024-03-08,AUD,2Y,3M BBSW,3.930634611027764
2024-03-07,AUD,2Y,3M BBSW,3.956048361691542
2024-03-06,AUD,2Y,3M BBSW,3.967109686872593
2024-03-05,AUD,2Y,3M BBSW,3.975300000006273
2024-03-04,AUD,2Y,3M BBSW,4.019900000007472
2024-03-01,AUD,2Y,3M BBSW,4.000997716722885
2024-02-29,AUD,2Y,3M BBSW,4.02753249807053
2024-02-28,AUD,2Y,3M BBSW,4.018213787360675
2024-02-27,AUD,2Y,3M BBSW,4.067299999961195
2024-02-26,AUD,2Y,3M BBSW,4.041955722879067
2024-02-23,AUD,2Y,3M BBSW,4.053176741994981
2024-02-22,AUD,2Y,3M BBSW,4.036357838416025
2024-02-21,AUD,2Y,3M BBSW,4.031840633734366
2024-02-20,AUD,2Y,3M BBSW,4.008800000006224
2024-02-19,AUD,2Y,3M BBSW,4.037345740786875
2024-02-16,AUD,2Y,3M BBSW,4.071473294896889
2024-02-15,AUD,2Y,3M BBSW,4.04887141067703
2024-02-14,AUD,2Y,3M BBSW,4.095925135823218
2024-02-13,AUD,2Y,3M BBSW,4.115399999997601
2024-02-12,AUD,2Y,3M BBSW,4.040844439859413
2024-02-09,AUD,2Y,3M BBSW,4.035180956216697
2024-02-08,AUD,2Y,3M BBSW,3.977440306116714
2024-02-07,AUD,2Y,3M BBSW,3.959421409341437
2024-02-06,AUD,2Y,3M BBSW,3.947500000005689
2024-02-05,AUD,2Y,3M BBSW,3.978244168367478
2024-02-02,AUD,2Y,3M BBSW,3.920353650784429
2024-02-01,AUD,2Y,3M BBSW,3.836335766434621
2024-01-31,AUD,2Y,3M BBSW,3.849800800499012
2024-01-30,AUD,2Y,3M BBSW,3.9827999999969927
2024-01-29,AUD,2Y,3M BBSW,3.997100000006378
2024-01-25,AUD,2Y,3M BBSW,4.017012864036336
2024-01-24,AUD,2Y,3M BBSW,4.061596366829177
2024-01-23,AUD,2Y,3M BBSW,4.061900000004594
2024-01-22,AUD,2Y,3M BBSW,4.052100000005633
2024-01-19,AUD,2Y,3M BBSW,4.116100244438078
2024-01-18,AUD,2Y,3M BBSW,4.096755672848857
2024-01-17,AUD,2Y,3M BBSW,4.092685804531975
2024-01-16,AUD,2Y,3M BBSW,4.026799999997611
2024-01-15,AUD,2Y,3M BBSW,3.9758999999600393
2024-01-12,AUD,2Y,3M BBSW,3.929201916944142
2024-01-11,AUD,2Y,3M BBSW,3.94208891847856
2024-01-10,AUD,2Y,3M BBSW,4.014482772096796
2024-01-09,AUD,2Y,3M BBSW,3.9761000000019404
2024-01-08,AUD,2Y,3M BBSW,4.026499999962065
2024-01-05,AUD,2Y,3M BBSW,4.070158698624674
2024-01-04,AUD,2Y,3M BBSW,4.021230005533919
2024-01-03,AUD,2Y,3M BBSW,3.9518403871392884
2024-01-02,AUD,2Y,3M BBSW,3.9541999999976944
2023-12-29,AUD,2Y,3M BBSW,3.886576736596687
2023-12-28,AUD,2Y,3M BBSW,3.871234396239197
2023-12-27,AUD,2Y,3M BBSW,3.8805326828625484
2023-12-22,AUD,2Y,3M BBSW,3.9512320171390716
2023-12-21,AUD,2Y,3M BBSW,3.928050328844737
2023-12-20,AUD,2Y,3M BBSW,3.948358294627071
2023-12-19,AUD,2Y,3M BBSW,4.01279999996199
2023-12-18,AUD,2Y,3M BBSW,3.99959999996124
2023-12-15,AUD,2Y,3M BBSW,4.022304989177529
2023-12-14,AUD,2Y,3M BBSW,4.02796989297834
2023-12-13,AUD,2Y,3M BBSW,3.985862203255451
2023-12-12,AUD,2Y,3M BBSW,4.192400000005196
2023-12-11,AUD,2Y,3M BBSW,4.197600000005659
2023-12-07,AUD,2Y,3M BBSW,4.160551718055952
2023-12-06,AUD,2Y,3M BBSW,4.110439099521242
2023-12-05,AUD,2Y,3M BBSW,4.178700000044058
2023-12-04,AUD,2Y,3M BBSW,4.3200999999977
2023-12-01,AUD,2Y,3M BBSW,4.282763417427139
2023-11-30,AUD,2Y,3M BBSW,4.338405732856966
2023-11-29,AUD,2Y,3M BBSW,4.301171359313692
2023-11-28,AUD,2Y,3M BBSW,4.387900000007903
2023-11-27,AUD,2Y,3M BBSW,4.428000000046723
2023-11-24,AUD,2Y,3M BBSW,4.455396267351039
2023-11-23,AUD,2Y,3M BBSW,4.429446440558648
2023-11-22,AUD,2Y,3M BBSW,4.435296279334901
2023-11-21,AUD,2Y,3M BBSW,4.344499999998088
2023-11-20,AUD,2Y,3M BBSW,4.390000000047681
2023-11-17,AUD,2Y,3M BBSW,4.369574164177144
2023-11-16,AUD,2Y,3M BBSW,4.337776240307496
2023-11-15,AUD,2Y,3M BBSW,4.45442518376395
2023-11-14,AUD,2Y,3M BBSW,4.448500000002087
2023-11-13,AUD,2Y,3M BBSW,4.532799999997752
2023-11-10,AUD,2Y,3M BBSW,4.483785826447135
2023-11-09,AUD,2Y,3M BBSW,4.479874333525482
2023-11-08,AUD,2Y,3M BBSW,4.404275325074727
2023-11-07,AUD,2Y,3M BBSW,4.420599999997727
2023-11-06,AUD,2Y,3M BBSW,4.519999999997786
2023-11-03,AUD,2Y,3M BBSW,4.46351198045355
2023-11-02,AUD,2Y,3M BBSW,4.504273392610174
2023-11-01,AUD,2Y,3M BBSW,4.515392220416256
2023-10-31,AUD,2Y,3M BBSW,4.65020000001608
2023-10-30,AUD,2Y,3M BBSW,4.595900000002176
2023-10-26,AUD,2Y,3M BBSW,4.508248192483883
2023-10-25,AUD,2Y,3M BBSW,4.47855268769608
2023-10-24,AUD,2Y,3M BBSW,4.418000000006515
2023-10-23,AUD,2Y,3M BBSW,4.392400000006712
2023-10-20,AUD,2Y,3M BBSW,4.399049396469342
2023-10-19,AUD,2Y,3M BBSW,4.404084938881963
2023-10-18,AUD,2Y,3M BBSW,4.43583845263466
2023-10-17,AUD,2Y,3M BBSW,4.425499999997704
2023-10-16,AUD,2Y,3M BBSW,4.23940000004651
2023-10-12,AUD,2Y,3M BBSW,4.222520185756653
2023-10-11,AUD,2Y,3M BBSW,4.171678344397331
2023-10-10,AUD,2Y,3M BBSW,4.210000000041977
2023-10-09,AUD,2Y,3M BBSW,4.175200000041923
2023-10-05,AUD,2Y,3M BBSW,4.257991093317746
2023-10-04,AUD,2Y,3M BBSW,4.295105195630976
2023-10-03,AUD,2Y,3M BBSW,4.342900000007548
2023-09-29,AUD,2Y,3M BBSW,4.313824990481412
2023-09-28,AUD,2Y,3M BBSW,4.335514414553783
2023-09-27,AUD,2Y,3M BBSW,4.30795022613073
2023-09-26,AUD,2Y,3M BBSW,4.316271726384108
2023-09-25,AUD,2Y,3M BBSW,4.317932020589145
2023-09-22,AUD,2Y,3M BBSW,4.303361679339265
2023-09-21,AUD,2Y,3M BBSW,4.328225531578542
2023-09-20,AUD,2Y,3M BBSW,4.345855686476761
2023-09-19,AUD,2Y,3M BBSW,4.273599999959696
2023-09-18,AUD,2Y,3M BBSW,4.209200000005654
2023-09-15,AUD,2Y,3M BBSW,4.160339874674937
2023-09-14,AUD,2Y,3M BBSW,4.141532230047458
2023-09-13,AUD,2Y,3M BBSW,4.150245405569049
2023-09-12,AUD,2Y,3M BBSW,4.149300000006146
2023-09-11,AUD,2Y,3M BBSW,4.164700000006443
2023-09-08,AUD,2Y,3M BBSW,4.153479550012717
2023-09-07,AUD,2Y,3M BBSW,4.149527106871827
2023-09-06,AUD,2Y,3M BBSW,4.142268138661928
2023-09-05,AUD,2Y,3M BBSW,4.139700000007843
2023-09-04,AUD,2Y,3M BBSW,4.157700000006882
2023-09-01,AUD,2Y,3M BBSW,4.104406748404338
2023-08-31,AUD,2Y,3M BBSW,4.115234598583535
2023-08-30,AUD,2Y,3M BBSW,4.129609660934466
2023-08-28,AUD,2Y,3M BBSW,4.201599999998032
2023-08-25,AUD,2Y,3M BBSW,4.202707334601972
2023-08-24,AUD,2Y,3M BBSW,4.190456262524592
2023-08-23,AUD,2Y,3M BBSW,4.155462646642362
2023-08-22,AUD,2Y,3M BBSW,4.230986915619818
2023-08-21,AUD,2Y,3M BBSW,4.25080000004952
2023-08-18,AUD,2Y,3M BBSW,4.220633735953502
2023-08-17,AUD,2Y,3M BBSW,4.253264314160787
2023-08-16,AUD,2Y,3M BBSW,4.248618662849673
2023-08-15,AUD,2Y,3M BBSW,4.261472534380037
2023-08-14,AUD,2Y,3M BBSW,4.299099999998084
2023-08-11,AUD,2Y,3M BBSW,4.241944036505966
2023-08-10,AUD,2Y,3M BBSW,4.174379959429555
2023-08-09,AUD,2Y,3M BBSW,4.175906852062777
2023-08-08,AUD,2Y,3M BBSW,4.150193636560883
2023-08-04,AUD,2Y,3M BBSW,4.171468196026967
2023-08-03,AUD,2Y,3M BBSW,4.192958832820767
2023-08-02,AUD,2Y,3M BBSW,4.140334740759005
2023-08-01,AUD,2Y,3M BBSW,4.191591272038861
2023-07-31,AUD,2Y,3M BBSW,4.308200000002064
2023-07-28,AUD,2Y,3M BBSW,4.291864322087659
2023-07-27,AUD,2Y,3M BBSW,4.361167284372653
2023-07-25,AUD,2Y,3M BBSW,4.470756259293928
2023-07-24,AUD,2Y,3M BBSW,4.427499999996494
2023-07-21,AUD,2Y,3M BBSW,4.447666296225628
2023-07-20,AUD,2Y,3M BBSW,4.441344203410488
2023-07-19,AUD,2Y,3M BBSW,4.341901243946468
2023-07-18,AUD,2Y,3M BBSW,4.39114608221672
2023-07-17,AUD,2Y,3M BBSW,4.386399999996369
2023-07-14,AUD,2Y,3M BBSW,4.414685752381373
2023-07-13,AUD,2Y,3M BBSW,4.344352179865474
2023-07-12,AUD,2Y,3M BBSW,4.390428286061396
2023-07-11,AUD,2Y,3M BBSW,4.530468867976853
2023-07-10,AUD,2Y,3M BBSW,4.573699999996282
2023-07-07,AUD,2Y,3M BBSW,4.668883892868866
2023-07-06,AUD,2Y,3M BBSW,4.65480316969156
2023-07-05,AUD,2Y,3M BBSW,4.502460460321036
2023-07-04,AUD,2Y,3M BBSW,4.451874356040125
2023-07-03,AUD,2Y,3M BBSW,4.478799999998095
2023-06-30,AUD,2Y,3M BBSW,4.50067918230464
2023-06-29,AUD,2Y,3M BBSW,4.44973432175521
2023-06-28,AUD,2Y,3M BBSW,4.310097037126544
2023-06-27,AUD,2Y,3M BBSW,4.409900000042224
2023-06-26,AUD,2Y,3M BBSW,4.378670187866542
2023-06-22,AUD,2Y,3M BBSW,4.490595583915908
2023-06-21,AUD,2Y,3M BBSW,4.383005947451251
2023-06-20,AUD,2Y,3M BBSW,4.379900000046357
2023-06-19,AUD,2Y,3M BBSW,4.488700000006145
2023-06-15,AUD,2Y,3M BBSW,4.442404593603698
2023-06-14,AUD,2Y,3M BBSW,4.375709090644541
2023-06-13,AUD,2Y,3M BBSW,4.359799999998046
2023-06-09,AUD,2Y,3M BBSW,4.293157185438965
2023-06-08,AUD,2Y,3M BBSW,4.288968924751803
2023-06-07,AUD,2Y,3M BBSW,4.256123486006925
2023-06-06,AUD,2Y,3M BBSW,4.156100000001894
2023-06-05,AUD,2Y,3M BBSW,4.022300000006727
2023-06-01,AUD,2Y,3M BBSW,3.896651901528935
2023-05-31,AUD,2Y,3M BBSW,3.902260399642314
2023-05-30,AUD,2Y,3M BBSW,3.872347508732631
2023-05-29,AUD,2Y,3M BBSW,3.868100000050418
2023-05-26,AUD,2Y,3M BBSW,3.9240366364504795
2023-05-25,AUD,2Y,3M BBSW,3.9381654945567233
2023-05-24,AUD,2Y,3M BBSW,3.8798803110337445
2023-05-23,AUD,2Y,3M BBSW,3.884358361829215
2023-05-22,AUD,2Y,3M BBSW,3.855611143626556
2023-05-19,AUD,2Y,3M BBSW,3.858740475149535
2023-05-18,AUD,2Y,3M BBSW,3.861674044420739
2023-05-17,AUD,2Y,3M BBSW,3.743642872877377
2023-05-16,AUD,2Y,3M BBSW,3.702175995357506
2023-05-15,AUD,2Y,3M BBSW,3.692848125771522
2023-05-12,AUD,2Y,3M BBSW,3.605061893710806
2023-05-11,AUD,2Y,3M BBSW,3.5699940925307394
2023-05-10,AUD,2Y,3M BBSW,3.590954507458359
2023-05-09,AUD,2Y,3M BBSW,3.651976862548392
2023-05-08,AUD,2Y,3M BBSW,3.655921090082151
2023-05-05,AUD,2Y,3M BBSW,3.6289527189853445
2023-05-04,AUD,2Y,3M BBSW,3.501853055102548
2023-05-03,AUD,2Y,3M BBSW,3.5900157770872974
2023-05-02,AUD,2Y,3M BBSW,3.6943726353971162
2023-05-01,AUD,2Y,3M BBSW,3.5945221474964826
2023-04-28,AUD,2Y,3M BBSW,3.49808641117569
2023-04-27,AUD,2Y,3M BBSW,3.5915907594923016
2023-04-26,AUD,2Y,3M BBSW,3.504811425772705
2023-04-24,AUD,2Y,3M BBSW,3.6424000000066283
2023-04-21,AUD,2Y,3M BBSW,3.673893189604206
2023-04-20,AUD,2Y,3M BBSW,3.653296889608865
2023-04-19,AUD,2Y,3M BBSW,3.676455972579936
2023-04-18,AUD,2Y,3M BBSW,3.664593005749861
2023-04-17,AUD,2Y,3M BBSW,3.574999999998243
2023-04-14,AUD,2Y,3M BBSW,3.5511597698879704
2023-04-13,AUD,2Y,3M BBSW,3.5064531661815392
2023-04-12,AUD,2Y,3M BBSW,3.427980530809655
2023-04-11,AUD,2Y,3M BBSW,3.396531712611686
2023-04-06,AUD,2Y,3M BBSW,3.3371675556745335
2023-04-05,AUD,2Y,3M BBSW,3.351645998976212
2023-04-04,AUD,2Y,3M BBSW,3.3848321002842825
2023-04-03,AUD,2Y,3M BBSW,3.466599999997841
2023-03-31,AUD,2Y,3M BBSW,3.45712348589194
2023-03-30,AUD,2Y,3M BBSW,3.5040990627846784
2023-03-29,AUD,2Y,3M BBSW,3.510684699681189
2023-03-28,AUD,2Y,3M BBSW,3.505543259929621
2023-03-27,AUD,2Y,3M BBSW,3.458200000006606
2023-03-24,AUD,2Y,3M BBSW,3.3872470244593065
2023-03-23,AUD,2Y,3M BBSW,3.4156025438425734
2023-03-22,AUD,2Y,3M BBSW,3.430434289374968
2023-03-21,AUD,2Y,3M BBSW,3.4835425222098046
2023-03-20,AUD,2Y,3M BBSW,3.398999999996788
2023-03-17,AUD,2Y,3M BBSW,3.428922706426849
2023-03-16,AUD,2Y,3M BBSW,3.554580646277309
2023-03-15,AUD,2Y,3M BBSW,3.472561283859115
2023-03-14,AUD,2Y,3M BBSW,3.725099324183464
2023-03-13,AUD,2Y,3M BBSW,3.59479999999658
2023-03-10,AUD,2Y,3M BBSW,3.799418974119372
2023-03-09,AUD,2Y,3M BBSW,3.903408307290008
2023-03-08,AUD,2Y,3M BBSW,3.976431832444649
2023-03-07,AUD,2Y,3M BBSW,3.987095232478928
2023-03-06,AUD,2Y,3M BBSW,4.069699999997995
2023-03-03,AUD,2Y,3M BBSW,4.152740212322489
2023-03-02,AUD,2Y,3M BBSW,4.191736040807424
2023-03-01,AUD,2Y,3M BBSW,4.113424233424702
2023-02-28,AUD,2Y,3M BBSW,4.202744897533618
2023-02-27,AUD,2Y,3M BBSW,4.140840238242981
2023-02-24,AUD,2Y,3M BBSW,4.198903172781949
2023-02-23,AUD,2Y,3M BBSW,4.143826060216932
2023-02-22,AUD,2Y,3M BBSW,4.104373390812896
2023-02-21,AUD,2Y,3M BBSW,4.130843642499276
2023-02-20,AUD,2Y,3M BBSW,4.075529023565323
2023-02-17,AUD,2Y,3M BBSW,4.044024074134335
2023-02-16,AUD,2Y,3M BBSW,3.99302264882944
2023-02-15,AUD,2Y,3M BBSW,4.039484974933929
2023-02-14,AUD,2Y,3M BBSW,3.9937462198345255
2023-02-13,AUD,2Y,3M BBSW,4.019830820885906
2023-02-10,AUD,2Y,3M BBSW,4.020429728828963
2023-02-09,AUD,2Y,3M BBSW,3.8533118802177775
2023-02-08,AUD,2Y,3M BBSW,3.790865076364473
2023-02-07,AUD,2Y,3M BBSW,3.7864017599695847
2023-02-06,AUD,2Y,3M BBSW,3.624420636296586
2023-02-03,AUD,2Y,3M BBSW,3.6259392563137425
2023-02-02,AUD,2Y,3M BBSW,3.6320012739095726
2023-02-01,AUD,2Y,3M BBSW,3.692718390914166
2023-01-31,AUD,2Y,3M BBSW,3.673497483570575
2023-01-30,AUD,2Y,3M BBSW,3.7131622637764954
2023-01-27,AUD,2Y,3M BBSW,3.72523995912598
2023-01-25,AUD,2Y,3M BBSW,3.643034819727019
2023-01-24,AUD,2Y,3M BBSW,3.5301999999977225
2023-01-23,AUD,2Y,3M BBSW,3.544614616008484
2023-01-20,AUD,2Y,3M BBSW,3.532306084266047
2023-01-19,AUD,2Y,3M BBSW,3.4779064282178336
2023-01-18,AUD,2Y,3M BBSW,3.682545786821644
2023-01-17,AUD,2Y,3M BBSW,3.712999999995645
2023-01-16,AUD,2Y,3M BBSW,3.7070072068443123
2023-01-13,AUD,2Y,3M BBSW,3.716171191096355
2023-01-12,AUD,2Y,3M BBSW,3.718488197934912
2023-01-11,AUD,2Y,3M BBSW,3.815109501878207
2023-01-10,AUD,2Y,3M BBSW,3.8499511014942795
2023-01-09,AUD,2Y,3M BBSW,3.899149670602537
2023-01-06,AUD,2Y,3M BBSW,3.8766868742474965
2023-01-05,AUD,2Y,3M BBSW,3.933048752909929
2023-01-04,AUD,2Y,3M BBSW,3.926629808634562
2023-01-03,AUD,2Y,3M BBSW,3.994599999987927
2022-12-30,AUD,2Y,3M BBSW,4.014842320538588
2022-12-29,AUD,2Y,3M BBSW,4.00088224799163
2022-12-28,AUD,2Y,3M BBSW,3.9943521693853046
2022-12-23,AUD,2Y,3M BBSW,3.868020125009244
2022-12-22,AUD,2Y,3M BBSW,3.8030243150806964
2022-12-21,AUD,2Y,3M BBSW,3.733627878327421
2022-12-20,AUD,2Y,3M BBSW,3.8156999999924257
2022-12-19,AUD,2Y,3M BBSW,3.762253708055754
2022-12-16,AUD,2Y,3M BBSW,3.766051658869854
2022-12-15,AUD,2Y,3M BBSW,3.745366473609551
2022-12-14,AUD,2Y,3M BBSW,3.648618144204053
2022-12-13,AUD,2Y,3M BBSW,3.6665999999945043
2022-12-12,AUD,2Y,3M BBSW,3.644811193379163
2022-12-09,AUD,2Y,3M BBSW,3.644029616929425
2022-12-08,AUD,2Y,3M BBSW,3.662069514982733
2022-12-07,AUD,2Y,3M BBSW,3.649846175070203
2022-12-06,AUD,2Y,3M BBSW,3.662799999993559
2022-12-05,AUD,2Y,3M BBSW,3.5864577045699955
2022-12-02,AUD,2Y,3M BBSW,3.565186260130467
2022-12-01,AUD,2Y,3M BBSW,3.674798195399947
2022-11-30,AUD,2Y,3M BBSW,3.730934345170965
2022-11-29,AUD,2Y,3M BBSW,3.806252090086584
2022-11-28,AUD,2Y,3M BBSW,3.795851632156628
2022-11-25,AUD,2Y,3M BBSW,3.8633786592030055
2022-11-24,AUD,2Y,3M BBSW,3.842718139316903
2022-11-23,AUD,2Y,3M BBSW,3.817112092204422
2022-11-22,AUD,2Y,3M BBSW,3.755699999992844
2022-11-21,AUD,2Y,3M BBSW,3.7454531466336425
2022-11-18,AUD,2Y,3M BBSW,3.760201217355604
2022-11-17,AUD,2Y,3M BBSW,3.732372046806329
2022-11-16,AUD,2Y,3M BBSW,3.799956150845644
2022-11-15,AUD,2Y,3M BBSW,3.874999999981241
2022-11-14,AUD,2Y,3M BBSW,3.872450499530569
2022-11-11,AUD,2Y,3M BBSW,3.797092530076557
2022-11-10,AUD,2Y,3M BBSW,3.8646856532995573
2022-11-09,AUD,2Y,3M BBSW,3.9994501158567437
2022-11-08,AUD,2Y,3M BBSW,4.102499999999933
2022-11-07,AUD,2Y,3M BBSW,3.9923913667872264
2022-11-04,AUD,2Y,3M BBSW,4.011985884601668
2022-11-03,AUD,2Y,3M BBSW,4.124270175586043
2022-11-02,AUD,2Y,3M BBSW,4.019400581908133
2022-11-01,AUD,2Y,3M BBSW,3.989999999983117
2022-10-31,AUD,2Y,3M BBSW,3.950108202767034
2022-10-28,AUD,2Y,3M BBSW,3.974621330745269
2022-10-27,AUD,2Y,3M BBSW,4.006881412549015
2022-10-26,AUD,2Y,3M BBSW,4.138850812965199
2022-10-25,AUD,2Y,3M BBSW,4.179881181049596
2022-10-24,AUD,2Y,3M BBSW,4.219999999972064
2022-10-21,AUD,2Y,3M BBSW,4.22955429208256
2022-10-20,AUD,2Y,3M BBSW,4.111727358844605
2022-10-19,AUD,2Y,3M BBSW,3.9620460872275305
2022-10-18,AUD,2Y,3M BBSW,3.9624999999923536
2022-10-17,AUD,2Y,3M BBSW,3.969999999993401
2022-10-14,AUD,2Y,3M BBSW,3.939936088615693
2022-10-13,AUD,2Y,3M BBSW,3.864578640115939
2022-10-12,AUD,2Y,3M BBSW,3.8772663555250544
2022-10-11,AUD,2Y,3M BBSW,3.9049999999908076
2022-10-10,AUD,2Y,3M BBSW,3.837451944154401
2022-10-07,AUD,2Y,3M BBSW,3.856848459418833
2022-10-06,AUD,2Y,3M BBSW,3.7497875772592963
2022-10-05,AUD,2Y,3M BBSW,3.590741161631619
2022-10-04,AUD,2Y,3M BBSW,3.549999999994395
2022-09-30,AUD,2Y,3M BBSW,4.040341200937664
2022-09-29,AUD,2Y,3M BBSW,4.02979821362629
2022-09-28,AUD,2Y,3M BBSW,4.16523227831316
2022-09-27,AUD,2Y,3M BBSW,4.20124264810716
2022-09-26,AUD,2Y,3M BBSW,4.154769991443956
2022-09-23,AUD,2Y,3M BBSW,4.056970398877231
2022-09-21,AUD,2Y,3M BBSW,3.7800052040986154
2022-09-20,AUD,2Y,3M BBSW,3.7174999999977443
2022-09-19,AUD,2Y,3M BBSW,3.7799519582488768
2022-09-16,AUD,2Y,3M BBSW,3.784646061733615
2022-09-15,AUD,2Y,3M BBSW,3.721872534450046
2022-09-14,AUD,2Y,3M BBSW,3.703834440124491
2022-09-13,AUD,2Y,3M BBSW,3.5439999999930074
2022-09-12,AUD,2Y,3M BBSW,3.534915052726594
2022-09-09,AUD,2Y,3M BBSW,3.4826591120232555
2022-09-08,AUD,2Y,3M BBSW,3.502737976402611
2022-09-07,AUD,2Y,3M BBSW,3.6578230157081846
2022-09-06,AUD,2Y,3M BBSW,3.5974999999920736
2022-09-05,AUD,2Y,3M BBSW,3.6624556929161804
2022-09-02,AUD,2Y,3M BBSW,3.6146718869617094
2022-09-01,AUD,2Y,3M BBSW,3.695018934564957
2022-08-31,AUD,2Y,3M BBSW,3.6548352349071584
2022-08-30,AUD,2Y,3M BBSW,3.7149999999865972
2022-08-29,AUD,2Y,3M BBSW,3.8149999999819726
2022-08-26,AUD,2Y,3M BBSW,3.6446724848588583
2022-08-25,AUD,2Y,3M BBSW,3.68479938600651
2022-08-24,AUD,2Y,3M BBSW,3.632795403006935
2022-08-23,AUD,2Y,3M BBSW,3.729999999988575
2022-08-22,AUD,2Y,3M BBSW,3.597499999999973
2022-08-19,AUD,2Y,3M BBSW,3.539691224848149
2022-08-18,AUD,2Y,3M BBSW,3.41519340107103
2022-08-17,AUD,2Y,3M BBSW,3.346041701526123
2022-08-16,AUD,2Y,3M BBSW,3.339999999996204
2022-08-15,AUD,2Y,3M BBSW,3.4599999999978843
2022-08-12,AUD,2Y,3M BBSW,3.479703804250615
2022-08-11,AUD,2Y,3M BBSW,3.452638686709084
2022-08-10,AUD,2Y,3M BBSW,3.3909254595756804
2022-08-09,AUD,2Y,3M BBSW,3.33250000003257
2022-08-08,AUD,2Y,3M BBSW,3.3374999999948365
2022-08-05,AUD,2Y,3M BBSW,3.345243793975788
2022-08-04,AUD,2Y,3M BBSW,3.1912735078362555
2022-08-03,AUD,2Y,3M BBSW,3.10504179974311
2022-08-02,AUD,2Y,3M BBSW,3.08749999997426
2022-07-29,AUD,2Y,3M BBSW,3.042346249481161
2022-07-28,AUD,2Y,3M BBSW,3.2005368211846768
2022-07-27,AUD,2Y,3M BBSW,3.31485097826122
2022-07-26,AUD,2Y,3M BBSW,3.457341812616246
2022-07-25,AUD,2Y,3M BBSW,3.4324200810805428
2022-07-22,AUD,2Y,3M BBSW,3.39718365701921
2022-07-21,AUD,2Y,3M BBSW,3.579995802215826
2022-07-20,AUD,2Y,3M BBSW,3.5977982101918076
2022-07-19,AUD,2Y,3M BBSW,3.552499999990938
2022-07-18,AUD,2Y,3M BBSW,3.432499999990155
2022-07-15,AUD,2Y,3M BBSW,3.437782796093308
2022-07-14,AUD,2Y,3M BBSW,3.47040794543638
2022-07-13,AUD,2Y,3M BBSW,3.323527912962929
2022-07-12,AUD,2Y,3M BBSW,3.33499999999117
2022-07-11,AUD,2Y,3M BBSW,3.479999999988496
2022-07-08,AUD,2Y,3M BBSW,3.430935216395403
2022-07-07,AUD,2Y,3M BBSW,3.370142921493286
2022-07-06,AUD,2Y,3M BBSW,3.278648641419889
2022-07-05,AUD,2Y,3M BBSW,3.4299999999888127
2022-07-04,AUD,2Y,3M BBSW,3.3149999999889808
2022-07-01,AUD,2Y,3M BBSW,3.227037210376676
2022-06-30,AUD,2Y,3M BBSW,3.5896827143465195
2022-06-29,AUD,2Y,3M BBSW,3.6273432927187015
2022-06-28,AUD,2Y,3M BBSW,3.6074999999839723
2022-06-27,AUD,2Y,3M BBSW,3.572461348908599
2022-06-24,AUD,2Y,3M BBSW,3.539434667173032
2022-06-23,AUD,2Y,3M BBSW,3.6522760394633687
2022-06-22,AUD,2Y,3M BBSW,3.740095431802404
2022-06-21,AUD,2Y,3M BBSW,3.907499999979013
2022-06-20,AUD,2Y,3M BBSW,3.9624999999768296
2022-06-17,AUD,2Y,3M BBSW,4.019490761002883
2022-06-16,AUD,2Y,3M BBSW,3.9794076054119354
2022-06-15,AUD,2Y,3M BBSW,4.039518131375434
2022-06-14,AUD,2Y,3M BBSW,3.802999999998333
2022-06-10,AUD,2Y,3M BBSW,3.5179029150824075
2022-06-09,AUD,2Y,3M BBSW,3.386767282452987
2022-06-08,AUD,2Y,3M BBSW,3.401494767274543
2022-06-07,AUD,2Y,3M BBSW,3.302499999990828
2022-06-06,AUD,2Y,3M BBSW,3.197499999991539
2022-06-03,AUD,2Y,3M BBSW,3.2209680652978
2022-06-02,AUD,2Y,3M BBSW,3.200514587998407
2022-06-01,AUD,2Y,3M BBSW,3.106758105229982
2022-05-31,AUD,2Y,3M BBSW,3.02749999999395
2022-05-30,AUD,2Y,3M BBSW,2.909999999996669
2022-05-27,AUD,2Y,3M BBSW,2.912327194188393
2022-05-26,AUD,2Y,3M BBSW,2.871005586450329
2022-05-25,AUD,2Y,3M BBSW,2.862235979996273
2022-05-24,AUD,2Y,3M BBSW,2.952431150719389
2022-05-23,AUD,2Y,3M BBSW,2.941299999993928
2022-05-20,AUD,2Y,3M BBSW,2.877329025721111
2022-05-19,AUD,2Y,3M BBSW,3.015802097905108
2022-05-18,AUD,2Y,3M BBSW,3.049234379275861
2022-05-17,AUD,2Y,3M BBSW,3.037428257342188
2022-05-16,AUD,2Y,3M BBSW,2.944999999996563
2022-05-13,AUD,2Y,3M BBSW,2.969817402917581
2022-05-12,AUD,2Y,3M BBSW,3.058242179307415
2022-05-11,AUD,2Y,3M BBSW,3.046739994954973
2022-05-10,AUD,2Y,3M BBSW,3.082425588951727
2022-05-09,AUD,2Y,3M BBSW,3.1699999999936423
2022-05-06,AUD,2Y,3M BBSW,3.212240910042975
2022-05-05,AUD,2Y,3M BBSW,3.090656213696186
2022-05-04,AUD,2Y,3M BBSW,3.223766917121804
2022-05-03,AUD,2Y,3M BBSW,2.919930112404736
2022-05-02,AUD,2Y,3M BBSW,2.865000000020792
2022-04-29,AUD,2Y,3M BBSW,2.90485494982982
2022-04-28,AUD,2Y,3M BBSW,2.798626533802723
2022-04-27,AUD,2Y,3M BBSW,2.762594301857807
2022-04-26,AUD,2Y,3M BBSW,2.734872373165451
2022-04-22,AUD,2Y,3M BBSW,2.747268731436973
2022-04-21,AUD,2Y,3M BBSW,2.501537658043133
2022-04-20,AUD,2Y,3M BBSW,2.458398322315614
2022-04-19,AUD,2Y,3M BBSW,2.377499999989172
2022-04-14,AUD,2Y,3M BBSW,2.328106279860933
2022-04-13,AUD,2Y,3M BBSW,2.376115942294546
2022-04-12,AUD,2Y,3M BBSW,2.452499999980268
2022-04-11,AUD,2Y,3M BBSW,2.500000000009089
2022-04-08,AUD,2Y,3M BBSW,2.504780192915582
2022-04-07,AUD,2Y,3M BBSW,2.429028450839142
2022-04-06,AUD,2Y,3M BBSW,2.485828451247716
2022-04-05,AUD,2Y,3M BBSW,2.184999999984201
2022-04-04,AUD,2Y,3M BBSW,2.229999999984616
2022-04-01,AUD,2Y,3M BBSW,2.261745850979833
2022-03-31,AUD,2Y,3M BBSW,2.183830506669007
2022-03-30,AUD,2Y,3M BBSW,2.236015061936868
2022-03-29,AUD,2Y,3M BBSW,2.305570814720472
2022-03-28,AUD,2Y,3M BBSW,2.19499999996867
2022-03-25,AUD,2Y,3M BBSW,2.157319719161963
2022-03-24,AUD,2Y,3M BBSW,1.9921512530109038
2022-03-23,AUD,2Y,3M BBSW,2.031938624935638
2022-03-22,AUD,2Y,3M BBSW,1.9374923163816968
2022-03-21,AUD,2Y,3M BBSW,1.781200000000034
2022-03-18,AUD,2Y,3M BBSW,1.767429751527938
2022-03-17,AUD,2Y,3M BBSW,1.6926425905042528
2022-03-16,AUD,2Y,3M BBSW,1.665470286807182
2022-03-15,AUD,2Y,3M BBSW,1.7430000000051082
2022-03-14,AUD,2Y,3M BBSW,1.702000000044381
2022-03-11,AUD,2Y,3M BBSW,1.645920504444781
2022-03-10,AUD,2Y,3M BBSW,1.650689276529876
2022-03-09,AUD,2Y,3M BBSW,1.6385438503473002
2022-03-08,AUD,2Y,3M BBSW,1.5725000000447493
2022-03-07,AUD,2Y,3M BBSW,1.482500000000535
2022-03-04,AUD,2Y,3M BBSW,1.433755147225493
2022-03-03,AUD,2Y,3M BBSW,1.366903030873296
2022-03-02,AUD,2Y,3M BBSW,1.311428435113484
2022-03-01,AUD,2Y,3M BBSW,1.385000000036092
2022-02-28,AUD,2Y,3M BBSW,1.387479121244377
2022-02-25,AUD,2Y,3M BBSW,1.482959505175626
2022-02-24,AUD,2Y,3M BBSW,1.436134389450284
2022-02-23,AUD,2Y,3M BBSW,1.505000000044367
2022-02-22,AUD,2Y,3M BBSW,1.474992444750917
2022-02-21,AUD,2Y,3M BBSW,1.457472799246736
2022-02-18,AUD,2Y,3M BBSW,1.430533449660108
2022-02-17,AUD,2Y,3M BBSW,1.433640469182396
2022-02-16,AUD,2Y,3M BBSW,1.510000000037574
2022-02-15,AUD,2Y,3M BBSW,1.507497866731038
2022-02-14,AUD,2Y,3M BBSW,1.464977931878241
2022-02-11,AUD,2Y,3M BBSW,1.491749008330442
2022-02-10,AUD,2Y,3M BBSW,1.333904594133376
2022-02-09,AUD,2Y,3M BBSW,1.360000000035251
2022-02-08,AUD,2Y,3M BBSW,1.367493376515578
2022-02-07,AUD,2Y,3M BBSW,1.302468801293527
2022-02-04,AUD,2Y,3M BBSW,1.305705531540137
2022-02-03,AUD,2Y,3M BBSW,1.146902066726114
2022-02-02,AUD,2Y,3M BBSW,1.147500000037531
2022-02-01,AUD,2Y,3M BBSW,1.147493550648141
2022-01-31,AUD,2Y,3M BBSW,1.192521522882191
2022-01-28,AUD,2Y,3M BBSW,1.210836245448536
2022-01-27,AUD,2Y,3M BBSW,1.251621757878972
2022-01-25,AUD,2Y,3M BBSW,1.187487986404604
2022-01-24,AUD,2Y,3M BBSW,1.152488018608114
2022-01-21,AUD,2Y,3M BBSW,1.125953112639423
2022-01-20,AUD,2Y,3M BBSW,1.164354731069042
2022-01-19,AUD,2Y,3M BBSW,1.15999999998847
2022-01-18,AUD,2Y,3M BBSW,1.114995491051354
2022-01-17,AUD,2Y,3M BBSW,1.077490062562605
2022-01-14,AUD,2Y,3M BBSW,1.048590908309169
2022-01-13,AUD,2Y,3M BBSW,0.9997942785761826
2022-01-12,AUD,2Y,3M BBSW,0.99250000002936
2022-01-11,AUD,2Y,3M BBSW,1.020000000004274
2022-01-10,AUD,2Y,3M BBSW,1.019990143191801
2022-01-07,AUD,2Y,3M BBSW,0.9811336827710434
2022-01-06,AUD,2Y,3M BBSW,0.9898210060526216
2022-01-05,AUD,2Y,3M BBSW,0.9525000000135376
2022-01-04,AUD,2Y,3M BBSW,0.9450000000513048
2021-12-31,AUD,2Y,3M BBSW,0.9074672370473568
2021-12-30,AUD,2Y,3M BBSW,0.891212659146342
2021-12-29,AUD,2Y,3M BBSW,0.8650000000106937
2021-12-24,AUD,2Y,3M BBSW,0.8838771352968285
2021-12-23,AUD,2Y,3M BBSW,0.8851926498128166
2021-12-22,AUD,2Y,3M BBSW,0.8999978738218333
2021-12-21,AUD,2Y,3M BBSW,0.9475000000216872
2021-12-20,AUD,2Y,3M BBSW,0.9599966351049243
2021-12-17,AUD,2Y,3M BBSW,0.9811420998863704
2021-12-16,AUD,2Y,3M BBSW,0.9763450854517688
2021-12-15,AUD,2Y,3M BBSW,0.9079999999999588
2021-12-14,AUD,2Y,3M BBSW,0.8600000000678398
2021-12-13,AUD,2Y,3M BBSW,0.899996196284536
2021-12-10,AUD,2Y,3M BBSW,0.898752146745049
2021-12-09,AUD,2Y,3M BBSW,0.9095256053358153
2021-12-08,AUD,2Y,3M BBSW,0.9775000000298043
2021-12-07,AUD,2Y,3M BBSW,0.9225000000165555
2021-12-06,AUD,2Y,3M BBSW,0.9174969102545452
2021-12-03,AUD,2Y,3M BBSW,0.9137356804107993
2021-12-02,AUD,2Y,3M BBSW,0.9311673891739366
2021-12-01,AUD,2Y,3M BBSW,0.9450000000074361
2021-11-30,AUD,2Y,3M BBSW,0.9249984898523695
2021-11-29,AUD,2Y,3M BBSW,0.9349935115360853
2021-11-26,AUD,2Y,3M BBSW,0.8937620397036022
2021-11-25,AUD,2Y,3M BBSW,0.9873196586154473
2021-11-24,AUD,2Y,3M BBSW,0.9750000000121525
2021-11-23,AUD,2Y,3M BBSW,1.015000000010932
2021-11-22,AUD,2Y,3M BBSW,0.9674988070249269
2021-11-19,AUD,2Y,3M BBSW,0.9212233951369626
2021-11-18,AUD,2Y,3M BBSW,0.8975615377403972
2021-11-17,AUD,2Y,3M BBSW,0.9375000000150158
2021-11-16,AUD,2Y,3M BBSW,0.9700000000204622
2021-11-15,AUD,2Y,3M BBSW,0.9350010751305452
2021-11-12,AUD,2Y,3M BBSW,0.9112374248593673
2021-11-11,AUD,2Y,3M BBSW,0.9075342943741044
2021-11-10,AUD,2Y,3M BBSW,0.8275000000054621
2021-11-09,AUD,2Y,3M BBSW,0.8050000000150319
2021-11-08,AUD,2Y,3M BBSW,0.8074990983312383
2021-11-05,AUD,2Y,3M BBSW,0.8288479193027994
2021-11-04,AUD,2Y,3M BBSW,0.8676417273020802
2021-11-03,AUD,2Y,3M BBSW,0.836200000009513
2021-11-02,AUD,2Y,3M BBSW,0.9600000000183734
2021-11-01,AUD,2Y,3M BBSW,0.997495664464221
2021-10-29,AUD,2Y,3M BBSW,1.008613429737425
2021-10-28,AUD,2Y,3M BBSW,1.092036132228884
2021-10-27,AUD,2Y,3M BBSW,0.8224999999752701
2021-10-26,AUD,2Y,3M BBSW,0.6449964108289109
2021-10-25,AUD,2Y,3M BBSW,0.5999972788469893
2021-10-22,AUD,2Y,3M BBSW,0.6241342608572721
2021-10-21,AUD,2Y,3M BBSW,0.5871999399027075
2021-10-20,AUD,2Y,3M BBSW,0.5649999999828376
2021-10-19,AUD,2Y,3M BBSW,0.5699999999952785
2021-10-18,AUD,2Y,3M BBSW,0.5824995261520027
2021-10-15,AUD,2Y,3M BBSW,0.4640748953219278
2021-10-14,AUD,2Y,3M BBSW,0.405452085133285
2021-10-13,AUD,2Y,3M BBSW,0.39999999999105185
2021-10-12,AUD,2Y,3M BBSW,0.4074999999890201
2021-10-11,AUD,2Y,3M BBSW,0.3874999999886938
2021-10-08,AUD,2Y,3M BBSW,0.3819717211212037
2021-10-07,AUD,2Y,3M BBSW,0.319125763386131
2021-10-06,AUD,2Y,3M BBSW,0.2999999999944672
2021-10-05,AUD,2Y,3M BBSW,0.2824999999927434
2021-10-01,AUD,2Y,3M BBSW,0.2692607888634093
2021-09-30,AUD,2Y,3M BBSW,0.2791810067139855
2021-09-29,AUD,2Y,3M BBSW,0.2649999999958723
2021-09-28,AUD,2Y,3M BBSW,0.2774996468170626
2021-09-27,AUD,2Y,3M BBSW,0.251299101351303
2021-09-24,AUD,2Y,3M BBSW,0.2571460773536645
2021-09-23,AUD,2Y,3M BBSW,0.2218939075054785
2021-09-22,AUD,2Y,3M BBSW,0.20499986114813276
2021-09-21,AUD,2Y,3M BBSW,0.2049999999971428
2021-09-20,AUD,2Y,3M BBSW,0.2199999560155881
2021-09-17,AUD,2Y,3M BBSW,0.2196983016787897
2021-09-16,AUD,2Y,3M BBSW,0.2019482629853245
2021-09-15,AUD,2Y,3M BBSW,0.1970000000078641
2021-09-14,AUD,2Y,3M BBSW,0.2089999999835445
2021-09-13,AUD,2Y,3M BBSW,0.217999871662218
2021-09-10,AUD,2Y,3M BBSW,0.2057171741498414
2021-09-09,AUD,2Y,3M BBSW,0.22737900346563028
2021-09-08,AUD,2Y,3M BBSW,0.2224999999967735
2021-09-07,AUD,2Y,3M BBSW,0.23000000003468019
2021-09-06,AUD,2Y,3M BBSW,0.2274999551570455
2021-09-03,AUD,2Y,3M BBSW,0.2296845502687275
2021-09-02,AUD,2Y,3M BBSW,0.2218939338753361
2021-09-01,AUD,2Y,3M BBSW,0.23249999999725807
2021-08-31,AUD,2Y,3M BBSW,0.2049999999794625
2021-08-30,AUD,2Y,3M BBSW,0.2149999999972437
2021-08-27,AUD,2Y,3M BBSW,0.2296845639969742
2021-08-26,AUD,2Y,3M BBSW,0.22189298699235468
2021-08-25,AUD,2Y,3M BBSW,0.21999933216485
2021-08-24,AUD,2Y,3M BBSW,0.2074999999976311
2021-08-23,AUD,2Y,3M BBSW,0.1961999999977922
2021-08-20,AUD,2Y,3M BBSW,0.189739513740058
2021-08-19,AUD,2Y,3M BBSW,0.1981578350255381
2021-08-18,AUD,2Y,3M BBSW,0.2049994177099348
2021-08-17,AUD,2Y,3M BBSW,0.20250000000012128
2021-08-16,AUD,2Y,3M BBSW,0.2099999999528645
2021-08-13,AUD,2Y,3M BBSW,0.2246913728496228
2021-08-12,AUD,2Y,3M BBSW,0.2368521101851844
2021-08-11,AUD,2Y,3M BBSW,0.2524991411451772
2021-08-10,AUD,2Y,3M BBSW,0.2500000000319524
2021-08-09,AUD,2Y,3M BBSW,0.2474999999964433
2021-08-06,AUD,2Y,3M BBSW,0.2531067466747299
2021-08-05,AUD,2Y,3M BBSW,0.21910134844260906
2021-08-04,AUD,2Y,3M BBSW,0.2087994182542227
2021-08-03,AUD,2Y,3M BBSW,0.189999999997267
2021-07-30,AUD,2Y,3M BBSW,0.1972311936758782
2021-07-29,AUD,2Y,3M BBSW,0.1906785372837564
2021-07-28,AUD,2Y,3M BBSW,0.20619945724674038
2021-07-27,AUD,2Y,3M BBSW,0.2136999999973774
2021-07-26,AUD,2Y,3M BBSW,0.2211996276179715
2021-07-23,AUD,2Y,3M BBSW,0.2346777636528869
2021-07-22,AUD,2Y,3M BBSW,0.2193989745665751
2021-07-21,AUD,2Y,3M BBSW,0.217499402633535
2021-07-20,AUD,2Y,3M BBSW,0.2149999999980389
2021-07-19,AUD,2Y,3M BBSW,0.24749999999691016
2021-07-16,AUD,2Y,3M BBSW,0.24466396245181982
2021-07-15,AUD,2Y,3M BBSW,0.2341968582128296
2021-07-14,AUD,2Y,3M BBSW,0.2375002965829833
2021-07-13,AUD,2Y,3M BBSW,0.2237999999963651
2021-07-12,AUD,2Y,3M BBSW,0.21129999999761057
2021-07-09,AUD,2Y,3M BBSW,0.243465367763751
2021-07-08,AUD,2Y,3M BBSW,0.2617823629952661
2021-07-07,AUD,2Y,3M BBSW,0.2774966513234947
2021-07-06,AUD,2Y,3M BBSW,0.2724999999934869
2021-07-05,AUD,2Y,3M BBSW,0.2599999999941215
2021-07-02,AUD,2Y,3M BBSW,0.250954504396974
2021-07-01,AUD,2Y,3M BBSW,0.2654718723956805
2021-06-30,AUD,2Y,3M BBSW,0.2674998715644271
2021-06-29,AUD,2Y,3M BBSW,0.2674999999696205
2021-06-28,AUD,2Y,3M BBSW,0.263799912384011
2021-06-25,AUD,2Y,3M BBSW,0.2758192651509901
2021-06-24,AUD,2Y,3M BBSW,0.2393443354719145
2021-06-23,AUD,2Y,3M BBSW,0.2499999999958153
2021-06-22,AUD,2Y,3M BBSW,0.2499996840962311
2021-06-21,AUD,2Y,3M BBSW,0.2561999999963316
2021-06-18,AUD,2Y,3M BBSW,0.24715998248861498
2021-06-17,AUD,2Y,3M BBSW,0.1894813914103499
2021-06-16,AUD,2Y,3M BBSW,0.1574999999974871
2021-06-15,AUD,2Y,3M BBSW,0.1429999999824061
2021-06-11,AUD,2Y,3M BBSW,0.1446036375594706
2021-06-10,AUD,2Y,3M BBSW,0.1513786347677914
2021-06-09,AUD,2Y,3M BBSW,0.1619999999973493
2021-06-08,AUD,2Y,3M BBSW,0.164999999997524
2021-06-07,AUD,2Y,3M BBSW,0.1599999999971454
2021-06-04,AUD,2Y,3M BBSW,0.1722633233424052
2021-06-03,AUD,2Y,3M BBSW,0.159563196172801
2021-06-02,AUD,2Y,3M BBSW,0.1761999999998618
2021-06-01,AUD,2Y,3M BBSW,0.1824999999962231
2021-05-31,AUD,2Y,3M BBSW,0.1811999999895203
2021-05-28,AUD,2Y,3M BBSW,0.1822503631876901
2021-05-27,AUD,2Y,3M BBSW,0.1570700271799129
2021-05-26,AUD,2Y,3M BBSW,0.1574994022460772
2021-05-25,AUD,2Y,3M BBSW,0.1537996434937665
2021-05-24,AUD,2Y,3M BBSW,0.1549999999966664
2021-05-21,AUD,2Y,3M BBSW,0.1522913340170278
2021-05-20,AUD,2Y,3M BBSW,0.152083668637739
2021-05-19,AUD,2Y,3M BBSW,0.1611993697902786
2021-05-18,AUD,2Y,3M BBSW,0.1524996478539809
2021-05-17,AUD,2Y,3M BBSW,0.1424999999789736
2021-05-14,AUD,2Y,3M BBSW,0.1423052342827888
2021-05-13,AUD,2Y,3M BBSW,0.1520836529860056
2021-05-12,AUD,2Y,3M BBSW,0.146199493640978
2021-05-11,AUD,2Y,3M BBSW,0.14749967917244
2021-05-10,AUD,2Y,3M BBSW,0.154999999996807
2021-05-07,AUD,2Y,3M BBSW,0.1472981646629602
2021-05-06,AUD,2Y,3M BBSW,0.1595631980144653
2021-05-05,AUD,2Y,3M BBSW,0.1674993242493986
2021-05-04,AUD,2Y,3M BBSW,0.1624996226471175
2021-05-03,AUD,2Y,3M BBSW,0.1587999999967296
2021-04-30,AUD,2Y,3M BBSW,0.157931874260201
2021-04-29,AUD,2Y,3M BBSW,0.1602184278999698
2021-04-28,AUD,2Y,3M BBSW,0.1574996421520927
2021-04-27,AUD,2Y,3M BBSW,0.171199999954575
2021-04-26,AUD,2Y,3M BBSW,0.1724997172079894
2021-04-23,AUD,2Y,3M BBSW,0.1709653891340642
2021-04-22,AUD,2Y,3M BBSW,0.1607598183600737
2021-04-21,AUD,2Y,3M BBSW,0.1649996223800434
2021-04-20,AUD,2Y,3M BBSW,0.1699999999965996
2021-04-19,AUD,2Y,3M BBSW,0.1724999999966409
2021-04-16,AUD,2Y,3M BBSW,0.1759585128727425
2021-04-15,AUD,2Y,3M BBSW,0.1624116013449555
2021-04-14,AUD,2Y,3M BBSW,0.1638001539447764
2021-04-13,AUD,2Y,3M BBSW,0.1699999999963761
2021-04-12,AUD,2Y,3M BBSW,0.1487999999968934
2021-04-09,AUD,2Y,3M BBSW,0.1620561610614461
2021-04-08,AUD,2Y,3M BBSW,0.1643254164115704
2021-04-07,AUD,2Y,3M BBSW,0.1616158104568887
2021-04-06,AUD,2Y,3M BBSW,0.1649999999963205
2021-04-01,AUD,2Y,3M BBSW,0.1745216955018249
2021-03-31,AUD,2Y,3M BBSW,0.1775002441172332
2021-03-30,AUD,2Y,3M BBSW,0.1774999999428081
2021-03-29,AUD,2Y,3M BBSW,0.1400000000013564
2021-03-26,AUD,2Y,3M BBSW,0.1459995258533058
2021-03-25,AUD,2Y,3M BBSW,0.1308412616993697
2021-03-24,AUD,2Y,3M BBSW,0.1124994543657942
2021-03-23,AUD,2Y,3M BBSW,0.1349999999970413
2021-03-22,AUD,2Y,3M BBSW,0.1474998715047571
2021-03-19,AUD,2Y,3M BBSW,0.1472981218524384
2021-03-18,AUD,2Y,3M BBSW,0.1570697691336622
2021-03-17,AUD,2Y,3M BBSW,0.1499994157856107
2021-03-16,AUD,2Y,3M BBSW,0.1511999999970044
2021-03-15,AUD,2Y,3M BBSW,0.1559999999901165
2021-03-12,AUD,2Y,3M BBSW,0.1752595188566214
2021-03-11,AUD,2Y,3M BBSW,0.147595609950506
2021-03-10,AUD,2Y,3M BBSW,0.1449994230364772
2021-03-09,AUD,2Y,3M BBSW,0.1740000000437874
2021-03-08,AUD,2Y,3M BBSW,0.1825000000256867
2021-03-05,AUD,2Y,3M BBSW,0.1559861852379378
2021-03-04,AUD,2Y,3M BBSW,0.2069332118236178
2021-03-03,AUD,2Y,3M BBSW,0.1424994646980128
2021-03-02,AUD,2Y,3M BBSW,0.1499999999971607
2021-03-01,AUD,2Y,3M BBSW,0.1311999999975128
2021-02-26,AUD,2Y,3M BBSW,0.1822502118522962
2021-02-25,AUD,2Y,3M BBSW,0.1221658089624308
2021-02-24,AUD,2Y,3M BBSW,0.10749999999833529
2021-02-23,AUD,2Y,3M BBSW,0.1099999486713212
2021-02-22,AUD,2Y,3M BBSW,0.1549996834377256
2021-02-19,AUD,2Y,3M BBSW,0.12103413542979138
2021-02-18,AUD,2Y,3M BBSW,8.227482780198581
2021-02-17,AUD,2Y,3M BBSW,7.99999999992428
2021-02-16,AUD,2Y,3M BBSW,7.249997810463251
2021-02-15,AUD,2Y,3M BBSW,7.5000021699985195
2021-02-12,AUD,2Y,3M BBSW,6.74076417262716
2021-02-11,AUD,2Y,3M BBSW,5.98361899203134
2021-02-10,AUD,2Y,3M BBSW,6.3699999999706005
2021-02-09,AUD,2Y,3M BBSW,6.61999810995302
2021-02-08,AUD,2Y,3M BBSW,6.61999404087954
2021-02-05,AUD,2Y,3M BBSW,6.12161234299454
2021-02-04,AUD,2Y,3M BBSW,6.601928181472649
2021-02-03,AUD,2Y,3M BBSW,6.24999999997401
2021-02-02,AUD,2Y,3M BBSW,7.11999715991697
2021-02-01,AUD,2Y,3M BBSW,7.74998772076568
2021-01-29,AUD,2Y,3M BBSW,7.98905293322521
2021-01-28,AUD,2Y,3M BBSW,7.23021020022189
2021-01-27,AUD,2Y,3M BBSW,7.629999999970299
2021-01-25,AUD,2Y,3M BBSW,7.74999392852828
2021-01-22,AUD,2Y,3M BBSW,7.48973736383714
2021-01-21,AUD,2Y,3M BBSW,7.23021027386736
2021-01-20,AUD,2Y,3M BBSW,7.24999999997515
2021-01-19,AUD,2Y,3M BBSW,7.37999999996949
2021-01-18,AUD,2Y,3M BBSW,7.24999501181333
2021-01-15,AUD,2Y,3M BBSW,7.31345606919172
2021-01-14,AUD,2Y,3M BBSW,7.056880392994761
2021-01-13,AUD,2Y,3M BBSW,7.24999999997578
2021-01-12,AUD,2Y,3M BBSW,7.49999999997117
2021-01-11,AUD,2Y,3M BBSW,7.49999705939342
2021-01-08,AUD,2Y,3M BBSW,8.36853307763618
2021-01-07,AUD,2Y,3M BBSW,8.227483139567159
2021-01-06,AUD,2Y,3M BBSW,7.37999999997927
2021-01-05,AUD,2Y,3M BBSW,6.37999816515716
2021-01-04,AUD,2Y,3M BBSW,6.74999470818744
2020-12-31,AUD,2Y,3M BBSW,7.2599357655146
2020-12-30,AUD,2Y,3M BBSW,7.249999999624119
2020-12-29,AUD,2Y,3M BBSW,6.99999999998035
2020-12-24,AUD,2Y,3M BBSW,7.4591598789634
2020-12-23,AUD,2Y,3M BBSW,5.9999999999856595
2020-12-22,AUD,2Y,3M BBSW,7.119995846824601
2020-12-21,AUD,2Y,3M BBSW,8.49999629265556
2020-12-18,AUD,2Y,3M BBSW,9.61681285752198
2020-12-17,AUD,2Y,3M BBSW,9.9726982019992
2020-12-16,AUD,2Y,3M BBSW,9.499999999963391
2020-12-15,AUD,2Y,3M BBSW,9.580000004796931
2020-12-14,AUD,2Y,3M BBSW,9.07999582401002
2020-12-11,AUD,2Y,3M BBSW,8.65812430800042
2020-12-10,AUD,2Y,3M BBSW,8.42692688181333
2020-12-09,AUD,2Y,3M BBSW,8.6199999999751
2020-12-08,AUD,2Y,3M BBSW,7.99999999789389
2020-12-07,AUD,2Y,3M BBSW,8.12999733990054
2020-12-04,AUD,2Y,3M BBSW,8.85785471416662
2020-12-03,AUD,2Y,3M BBSW,8.59646380485631
2020-12-02,AUD,2Y,3M BBSW,8.619999999971629
2020-12-01,AUD,2Y,3M BBSW,7.74999999998672
2020-11-30,AUD,2Y,3M BBSW,7.74999923367929
2020-11-27,AUD,2Y,3M BBSW,7.240080231727319
2020-11-26,AUD,2Y,3M BBSW,7.97815815830833
2020-11-25,AUD,2Y,3M BBSW,8.00000000432562
2020-11-24,AUD,2Y,3M BBSW,7.2499999999875095
2020-11-23,AUD,2Y,3M BBSW,7.24999933072876
2020-11-20,AUD,2Y,3M BBSW,6.74075805197384
2020-11-19,AUD,2Y,3M BBSW,7.4795225061389
2020-11-18,AUD,2Y,3M BBSW,6.8699999999860095
2020-11-17,AUD,2Y,3M BBSW,6.749999999985789
2020-11-16,AUD,2Y,3M BBSW,6.2499994112487
2020-11-13,AUD,2Y,3M BBSW,6.24144345687572
2020-11-12,AUD,2Y,3M BBSW,6.601923405154871
2020-11-11,AUD,2Y,3M BBSW,7.99999999998121
2020-11-10,AUD,2Y,3M BBSW,6.61999999998746
2020-11-09,AUD,2Y,3M BBSW,3.8799997984793095
2020-11-06,AUD,2Y,3M BBSW,3.87468956682787
2020-11-05,AUD,2Y,3M BBSW,3.8694028415367803
2020-11-04,AUD,2Y,3M BBSW,4.25000000316217
2020-11-03,AUD,2Y,3M BBSW,4.2500000017060096
2020-11-02,AUD,2Y,3M BBSW,6.369998016036189
2020-10-30,AUD,2Y,3M BBSW,6.3612976375162305
2020-10-29,AUD,2Y,3M BBSW,5.98361456651454
2020-10-28,AUD,2Y,3M BBSW,6.00000000196311
2020-10-27,AUD,2Y,3M BBSW,5.38000000441626
2020-10-26,AUD,2Y,3M BBSW,5.37999767860494
2020-10-23,AUD,2Y,3M BBSW,5.87194598797444
2020-10-22,AUD,2Y,3M BBSW,5.73429703987833
2020-10-21,AUD,2Y,3M BBSW,6.620000003270119
2020-10-20,AUD,2Y,3M BBSW,6.87000000331151
2020-10-19,AUD,2Y,3M BBSW,8.87999999998917
2020-10-16,AUD,2Y,3M BBSW,7.869204412305519
2020-10-15,AUD,2Y,3M BBSW,9.15254892658746
2020-10-14,AUD,2Y,3M BBSW,9.380000000432789
2020-10-13,AUD,2Y,3M BBSW,8.999999999987141
2020-10-12,AUD,2Y,3M BBSW,9.24999999998298
2020-10-09,AUD,2Y,3M BBSW,9.36714856346603
2020-10-08,AUD,2Y,3M BBSW,8.596463240545111
2020-10-07,AUD,2Y,3M BBSW,7.9999999999876295
2020-10-06,AUD,2Y,3M BBSW,0.1024999999997795
2020-10-02,AUD,2Y,3M BBSW,0.1072059957426711
2020-10-01,AUD,2Y,3M BBSW,0.109550018532032
2020-09-30,AUD,2Y,3M BBSW,0.11379999999955
2020-09-29,AUD,2Y,3M BBSW,9.999999999985638
2020-09-28,AUD,2Y,3M BBSW,0.1011998984525454
2020-09-25,AUD,2Y,3M BBSW,8.86782771751908
2020-09-24,AUD,2Y,3M BBSW,9.22475107391514
2020-09-23,AUD,2Y,3M BBSW,0.1000000000467998
2020-09-22,AUD,2Y,3M BBSW,0.1360139501951993
2020-09-21,AUD,2Y,3M BBSW,0.1236999605969329
2020-09-18,AUD,2Y,3M BBSW,0.1286236201393238
2020-09-17,AUD,2Y,3M BBSW,0.11967252856946539
2020-09-16,AUD,2Y,3M BBSW,0.1049999999998229
2020-09-15,AUD,2Y,3M BBSW,0.1149999999997604
2020-09-14,AUD,2Y,3M BBSW,0.1271999048713845
2020-09-11,AUD,2Y,3M BBSW,0.1238301552249042
2020-09-10,AUD,2Y,3M BBSW,0.1306425485013123
2020-09-09,AUD,2Y,3M BBSW,0.1308000000332657
2020-09-08,AUD,2Y,3M BBSW,0.1362000000492025
2020-09-07,AUD,2Y,3M BBSW,0.139999950665878
2020-09-04,AUD,2Y,3M BBSW,0.1360134854892922
2020-09-03,AUD,2Y,3M BBSW,0.1334349329220236
2020-09-02,AUD,2Y,3M BBSW,0.1424999999997046
2020-09-01,AUD,2Y,3M BBSW,0.1587999999994902
2020-08-31,AUD,2Y,3M BBSW,0.1475001210095999
2020-08-28,AUD,2Y,3M BBSW,0.1448014894633781
2020-08-27,AUD,2Y,3M BBSW,0.1483938442481951
2020-08-26,AUD,2Y,3M BBSW,0.1524997954623977
2020-08-25,AUD,2Y,3M BBSW,0.1499999999720617
2020-08-24,AUD,2Y,3M BBSW,0.1575000000041657
2020-08-21,AUD,2Y,3M BBSW,0.1609790746097971
2020-08-20,AUD,2Y,3M BBSW,0.1620562928509313
2020-08-19,AUD,2Y,3M BBSW,0.1774997189563455
2020-08-18,AUD,2Y,3M BBSW,0.1662999999707693
2020-08-17,AUD,2Y,3M BBSW,0.1761999999994299
2020-08-14,AUD,2Y,3M BBSW,0.1735626941140319
2020-08-13,AUD,2Y,3M BBSW,0.1620562818256302
2020-08-12,AUD,2Y,3M BBSW,0.1649997708602524
2020-08-11,AUD,2Y,3M BBSW,0.160000000020084
2020-08-10,AUD,2Y,3M BBSW,0.1524999999995238
2020-08-07,AUD,2Y,3M BBSW,0.1522910175354535
2020-08-06,AUD,2Y,3M BBSW,0.1545767378742964
2020-08-05,AUD,2Y,3M BBSW,0.1611997836837065
2020-08-04,AUD,2Y,3M BBSW,0.1624999999806552
2020-07-31,AUD,2Y,3M BBSW,0.1654532271583492
2020-07-30,AUD,2Y,3M BBSW,0.1677295862099283
2020-07-29,AUD,2Y,3M BBSW,0.1674997659318666
2020-07-28,AUD,2Y,3M BBSW,0.1811999999993946
2020-07-27,AUD,2Y,3M BBSW,0.1775000000479348
2020-07-24,AUD,2Y,3M BBSW,0.1722633940961483
2020-07-23,AUD,2Y,3M BBSW,0.16953541290218
2020-07-22,AUD,2Y,3M BBSW,0.1699997604496964
2020-07-21,AUD,2Y,3M BBSW,0.1574999999995677
2020-07-20,AUD,2Y,3M BBSW,0.1575000000204291
2020-07-17,AUD,2Y,3M BBSW,0.164773705732785
2020-07-16,AUD,2Y,3M BBSW,0.164549074453402
2020-07-15,AUD,2Y,3M BBSW,0.1712002284339896
2020-07-14,AUD,2Y,3M BBSW,0.16749999999967
2020-07-13,AUD,2Y,3M BBSW,0.1549999999509204
2020-07-10,AUD,2Y,3M BBSW,0.142304708688384
2020-07-09,AUD,2Y,3M BBSW,0.1570696870600289
2020-07-08,AUD,2Y,3M BBSW,0.1611997838510775
2020-07-07,AUD,2Y,3M BBSW,0.1674999999995222
2020-07-06,AUD,2Y,3M BBSW,0.1749999999994475
2020-07-03,AUD,2Y,3M BBSW,0.1747596529450543
2020-07-02,AUD,2Y,3M BBSW,0.179507561051025
2020-07-01,AUD,2Y,3M BBSW,0.1861992903167575
2020-06-30,AUD,2Y,3M BBSW,0.1899999772153861
2020-06-29,AUD,2Y,3M BBSW,0.1875000000320696
2020-06-26,AUD,2Y,3M BBSW,0.1897388660958475
2020-06-25,AUD,2Y,3M BBSW,0.1882838912579964
2020-06-24,AUD,2Y,3M BBSW,0.1925000000348568
2020-06-23,AUD,2Y,3M BBSW,0.1849999999992042
2020-06-22,AUD,2Y,3M BBSW,0.1849999999993627
2020-06-19,AUD,2Y,3M BBSW,0.1897392698504883
2020-06-18,AUD,2Y,3M BBSW,0.1820017427567172
2020-06-17,AUD,2Y,3M BBSW,0.1824999999997481
2020-06-16,AUD,2Y,3M BBSW,0.2036999999993217
2020-06-15,AUD,2Y,3M BBSW,0.2099999999975208
2020-06-12,AUD,2Y,3M BBSW,0.2107221247353526
2020-06-11,AUD,2Y,3M BBSW,0.20914161542621737
2020-06-10,AUD,2Y,3M BBSW,0.22999999999904314
2020-06-09,AUD,2Y,3M BBSW,0.2237999999785966
2020-06-05,AUD,2Y,3M BBSW,0.222194510224423
2020-06-04,AUD,2Y,3M BBSW,0.2792357665172662
2020-06-03,AUD,2Y,3M BBSW,0.2149999999992179
2020-06-02,AUD,2Y,3M BBSW,0.20999999997727306
2020-06-01,AUD,2Y,3M BBSW,0.2199999999810777
2020-05-29,AUD,2Y,3M BBSW,0.2246922652790618
2020-05-28,AUD,2Y,3M BBSW,0.2132165883934701
2020-05-27,AUD,2Y,3M BBSW,0.21379952356442086
2020-05-26,AUD,2Y,3M BBSW,0.2124995832890018
2020-05-25,AUD,2Y,3M BBSW,0.2249999999994256
2020-05-22,AUD,2Y,3M BBSW,0.2059176414622543
2020-05-21,AUD,2Y,3M BBSW,0.1695357114503144
2020-05-20,AUD,2Y,3M BBSW,0.1761994005073694
2020-05-19,AUD,2Y,3M BBSW,0.1699997430149875
2020-05-18,AUD,2Y,3M BBSW,0.1474999999995202
2020-05-15,AUD,2Y,3M BBSW,0.1507019229799181
2020-05-14,AUD,2Y,3M BBSW,0.1429775716759479
2020-05-13,AUD,2Y,3M BBSW,0.1574995107479836
2020-05-12,AUD,2Y,3M BBSW,0.172499721011592
2020-05-11,AUD,2Y,3M BBSW,0.1749999999458049
2020-05-08,AUD,2Y,3M BBSW,0.1722638364753739
2020-05-07,AUD,2Y,3M BBSW,0.196960653749691
2020-05-06,AUD,2Y,3M BBSW,0.1999992450877178
2020-05-05,AUD,2Y,3M BBSW,0.21379958106853802
2020-05-04,AUD,2Y,3M BBSW,0.2174999999990975
2020-05-01,AUD,2Y,3M BBSW,0.2221949810529335
2020-04-30,AUD,2Y,3M BBSW,0.2278114933929803
2020-04-29,AUD,2Y,3M BBSW,0.2449994458776257
2020-04-28,AUD,2Y,3M BBSW,0.2424999999991181
2020-04-27,AUD,2Y,3M BBSW,0.2449999999990213
2020-04-24,AUD,2Y,3M BBSW,0.2468237820824066
2020-04-23,AUD,2Y,3M BBSW,0.2539577848416244
2020-04-22,AUD,2Y,3M BBSW,0.2561994099666304
2020-04-21,AUD,2Y,3M BBSW,0.2561999999992854
2020-04-20,AUD,2Y,3M BBSW,0.2525000000417252
2020-04-17,AUD,2Y,3M BBSW,0.2642759445095427
2020-04-16,AUD,2Y,3M BBSW,0.263916944888214
2020-04-15,AUD,2Y,3M BBSW,0.2936855006671898
2020-04-14,AUD,2Y,3M BBSW,0.3099999999993403
2020-04-09,AUD,2Y,3M BBSW,0.3266060474857258
2020-04-08,AUD,2Y,3M BBSW,0.3199991643200037
2020-04-07,AUD,2Y,3M BBSW,0.3099999999999117
2020-04-06,AUD,2Y,3M BBSW,0.3012999999996199
2020-04-03,AUD,2Y,3M BBSW,0.2957922616320812
2020-04-02,AUD,2Y,3M BBSW,0.3066585693918589
2020-04-01,AUD,2Y,3M BBSW,0.3199979459930231
2020-03-31,AUD,2Y,3M BBSW,0.3524999999991451
2020-03-30,AUD,2Y,3M BBSW,0.3399999999992936
2020-03-27,AUD,2Y,3M BBSW,0.3607030201873512
2020-03-26,AUD,2Y,3M BBSW,0.3739735886756051
2020-03-25,AUD,2Y,3M BBSW,0.44749329848055425
2020-03-24,AUD,2Y,3M BBSW,0.43749999999694994
2020-03-23,AUD,2Y,3M BBSW,0.4249999999987535
2020-03-20,AUD,2Y,3M BBSW,0.444389001614024
2020-03-19,AUD,2Y,3M BBSW,0.4637287229778439
2020-03-18,AUD,2Y,3M BBSW,0.5349957766989429
2020-03-17,AUD,2Y,3M BBSW,0.5375000000076645
2020-03-16,AUD,2Y,3M BBSW,0.5050000000020864
2020-03-13,AUD,2Y,3M BBSW,0.5879893866779607
2020-03-12,AUD,2Y,3M BBSW,0.5036186445872747
2020-03-11,AUD,2Y,3M BBSW,0.4924967356702892
2020-03-10,AUD,2Y,3M BBSW,0.5137999999985349
2020-03-09,AUD,2Y,3M BBSW,0.5000000000019014
2020-03-06,AUD,2Y,3M BBSW,0.5056036120441109
2020-03-05,AUD,2Y,3M BBSW,0.4437835401040296
2020-03-04,AUD,2Y,3M BBSW,0.4186976478960758
2020-03-03,AUD,2Y,3M BBSW,0.4812000000024904
2020-03-02,AUD,2Y,3M BBSW,0.49500000000140093
2020-02-28,AUD,2Y,3M BBSW,0.4799978321732848
2020-02-27,AUD,2Y,3M BBSW,0.5842037083827273
2020-02-26,AUD,2Y,3M BBSW,0.6282901040422229
2020-02-25,AUD,2Y,3M BBSW,0.6512000000036724
2020-02-24,AUD,2Y,3M BBSW,0.6462985777376657
2020-02-21,AUD,2Y,3M BBSW,0.6462919661628753
2020-02-20,AUD,2Y,3M BBSW,0.6777723260680675
2020-02-19,AUD,2Y,3M BBSW,0.7130607094184404
2020-02-18,AUD,2Y,3M BBSW,0.7149999999970666
2020-02-17,AUD,2Y,3M BBSW,0.7449981191356079
2020-02-14,AUD,2Y,3M BBSW,0.7250004797839746
2020-02-13,AUD,2Y,3M BBSW,0.7439816171628911
2020-02-12,AUD,2Y,3M BBSW,0.7454732831398507
2020-02-11,AUD,2Y,3M BBSW,0.7200000000063895
2020-02-10,AUD,2Y,3M BBSW,0.7087982799983388
2020-02-07,AUD,2Y,3M BBSW,0.692490978791787
2020-02-06,AUD,2Y,3M BBSW,0.7627558522514857
2020-02-05,AUD,2Y,3M BBSW,0.7205408376289847
2020-02-04,AUD,2Y,3M BBSW,0.6012000000002453
2020-02-03,AUD,2Y,3M BBSW,0.6149973208129742
2020-01-31,AUD,2Y,3M BBSW,0.6237075112539462
2020-01-30,AUD,2Y,3M BBSW,0.6491195309632405
2020-01-29,AUD,2Y,3M BBSW,0.7018911355408404
2020-01-28,AUD,2Y,3M BBSW,0.6275000000023244
2020-01-24,AUD,2Y,3M BBSW,0.7012870467445368
2020-01-23,AUD,2Y,3M BBSW,0.7265054190179973
2020-01-22,AUD,2Y,3M BBSW,0.6881285089595724
2020-01-21,AUD,2Y,3M BBSW,0.732500000014577
2020-01-20,AUD,2Y,3M BBSW,0.7375000000085785
2020-01-17,AUD,2Y,3M BBSW,0.7349853252512153
2020-01-16,AUD,2Y,3M BBSW,0.7552659232384736
2020-01-15,AUD,2Y,3M BBSW,0.7737253146439079
2020-01-14,AUD,2Y,3M BBSW,0.7837000000438011
2020-01-13,AUD,2Y,3M BBSW,0.7474980351453158
2020-01-10,AUD,2Y,3M BBSW,0.7624764128099047
2020-01-09,AUD,2Y,3M BBSW,0.7514711399085984
2020-01-08,AUD,2Y,3M BBSW,0.7392905250916783
2020-01-07,AUD,2Y,3M BBSW,0.7487000000049691
2020-01-06,AUD,2Y,3M BBSW,0.7738000000069831
2020-01-03,AUD,2Y,3M BBSW,0.7789190682578023
2020-01-02,AUD,2Y,3M BBSW,0.8863696160007536
2019-12-31,AUD,2Y,3M BBSW,0.8850000000674821
2019-12-30,AUD,2Y,3M BBSW,0.8650000000128129
2019-12-27,AUD,2Y,3M BBSW,0.883879717672379
2019-12-24,AUD,2Y,3M BBSW,0.8700000000120716
2019-12-23,AUD,2Y,3M BBSW,0.8425000000081944
2019-12-20,AUD,2Y,3M BBSW,0.8499826588080659
2019-12-19,AUD,2Y,3M BBSW,0.7777289437988382
2019-12-18,AUD,2Y,3M BBSW,0.7330038202999347
2019-12-17,AUD,2Y,3M BBSW,0.7124999999852138
2019-12-16,AUD,2Y,3M BBSW,0.7362000000050245
2019-12-13,AUD,2Y,3M BBSW,0.7174862712438991
2019-12-12,AUD,2Y,3M BBSW,0.706526115041204
2019-12-11,AUD,2Y,3M BBSW,0.7055778403544297
2019-12-10,AUD,2Y,3M BBSW,0.7050000000215013
2019-12-09,AUD,2Y,3M BBSW,0.7174999999927059
2019-12-06,AUD,2Y,3M BBSW,0.7187860910774155
2019-12-05,AUD,2Y,3M BBSW,0.7065278913611087
2019-12-04,AUD,2Y,3M BBSW,0.7005912003534343
2019-12-03,AUD,2Y,3M BBSW,0.7625000000206817
2019-12-02,AUD,2Y,3M BBSW,0.7113000000014937
2019-11-29,AUD,2Y,3M BBSW,0.7087951722861953
2019-11-28,AUD,2Y,3M BBSW,0.6740801584046947
2019-11-27,AUD,2Y,3M BBSW,0.675662729609014
2019-11-26,AUD,2Y,3M BBSW,0.7538000000015606
2019-11-25,AUD,2Y,3M BBSW,0.7475000000033278
2019-11-22,AUD,2Y,3M BBSW,0.7386854308631251
2019-11-21,AUD,2Y,3M BBSW,0.7476745759578389
2019-11-20,AUD,2Y,3M BBSW,0.7218338578030715
2019-11-19,AUD,2Y,3M BBSW,0.737500000000927
2019-11-18,AUD,2Y,3M BBSW,0.7750000000020199
2019-11-15,AUD,2Y,3M BBSW,0.7738145214655178
2019-11-14,AUD,2Y,3M BBSW,0.7751487543661069
2019-11-13,AUD,2Y,3M BBSW,0.8290436112568255
2019-11-12,AUD,2Y,3M BBSW,0.8450000000051829
2019-11-11,AUD,2Y,3M BBSW,0.8587000000057878
2019-11-08,AUD,2Y,3M BBSW,0.8849785866368837
2019-11-07,AUD,2Y,3M BBSW,0.8513319862881948
2019-11-06,AUD,2Y,3M BBSW,0.8850920747954859
2019-11-05,AUD,2Y,3M BBSW,0.8875000000314816
2019-11-04,AUD,2Y,3M BBSW,0.8562000000065444
2019-11-01,AUD,2Y,3M BBSW,0.8699744597302026
2019-10-31,AUD,2Y,3M BBSW,0.8385872596208179
2019-10-30,AUD,2Y,3M BBSW,0.811104092942214
2019-10-29,AUD,2Y,3M BBSW,0.8150000000014975
2019-10-28,AUD,2Y,3M BBSW,0.7700000000042513
2019-10-25,AUD,2Y,3M BBSW,0.742481173639942
2019-10-24,AUD,2Y,3M BBSW,0.7751328785980619
2019-10-23,AUD,2Y,3M BBSW,0.7716987342196918
2019-10-22,AUD,2Y,3M BBSW,0.8075000000029295
2019-10-21,AUD,2Y,3M BBSW,0.8124999999909285
2019-10-18,AUD,2Y,3M BBSW,0.8049800712628934
2019-10-17,AUD,2Y,3M BBSW,0.7389831173054414
2019-10-16,AUD,2Y,3M BBSW,0.7092678908283346
2019-10-15,AUD,2Y,3M BBSW,0.6988000000278605
2019-10-14,AUD,2Y,3M BBSW,0.7024999999997377
2019-10-11,AUD,2Y,3M BBSW,0.7574804667694991
2019-10-10,AUD,2Y,3M BBSW,0.6166471535674807
2019-10-09,AUD,2Y,3M BBSW,0.6282873966765727
2019-10-08,AUD,2Y,3M BBSW,0.6249999999993917
2019-10-04,AUD,2Y,3M BBSW,0.6404130384147944
2019-10-03,AUD,2Y,3M BBSW,0.6532107036474073
2019-10-02,AUD,2Y,3M BBSW,0.6684638133550216
2019-10-01,AUD,2Y,3M BBSW,0.7580929231442314
2019-09-30,AUD,2Y,3M BBSW,0.751299999952008
2019-09-27,AUD,2Y,3M BBSW,0.7599854477469404
2019-09-26,AUD,2Y,3M BBSW,0.7639468480013869
2019-09-25,AUD,2Y,3M BBSW,0.769097852193168
2019-09-24,AUD,2Y,3M BBSW,0.7775000000025005
2019-09-23,AUD,2Y,3M BBSW,0.772500000005305
2019-09-20,AUD,2Y,3M BBSW,0.7687868858430171
2019-09-19,AUD,2Y,3M BBSW,0.822569614288594
2019-09-18,AUD,2Y,3M BBSW,0.8875897947107643
2019-09-17,AUD,2Y,3M BBSW,0.9024999999943366
2019-09-16,AUD,2Y,3M BBSW,0.9286999999933158
2019-09-13,AUD,2Y,3M BBSW,0.9037786142126488
2019-09-12,AUD,2Y,3M BBSW,0.883782750100905
2019-09-11,AUD,2Y,3M BBSW,0.8714330407302104
2019-09-10,AUD,2Y,3M BBSW,0.8524999999990044
2019-09-09,AUD,2Y,3M BBSW,0.8187999999985769
2019-09-06,AUD,2Y,3M BBSW,0.8124832585082578
2019-09-05,AUD,2Y,3M BBSW,0.7851215670647338
2019-09-04,AUD,2Y,3M BBSW,0.744176058791423
2019-09-03,AUD,2Y,3M BBSW,0.7250000000003954
2019-09-02,AUD,2Y,3M BBSW,0.7174999999983133
2019-08-30,AUD,2Y,3M BBSW,0.7250059381222883
2019-08-29,AUD,2Y,3M BBSW,0.7002448474281331
2019-08-28,AUD,2Y,3M BBSW,0.7068767804769394
2019-08-27,AUD,2Y,3M BBSW,0.7337015916799087
2019-08-26,AUD,2Y,3M BBSW,0.7174999999987244
2019-08-23,AUD,2Y,3M BBSW,0.6999880583214151
2019-08-22,AUD,2Y,3M BBSW,0.7339897149375842
2019-08-21,AUD,2Y,3M BBSW,0.7093657817768689
2019-08-20,AUD,2Y,3M BBSW,0.7062974142537513
2019-08-19,AUD,2Y,3M BBSW,0.7137999999984913
2019-08-16,AUD,2Y,3M BBSW,0.6874884447321973
2019-08-15,AUD,2Y,3M BBSW,0.7065573836160653
2019-08-14,AUD,2Y,3M BBSW,0.7094010454379015
2019-08-13,AUD,2Y,3M BBSW,0.7074972264840665
2019-08-12,AUD,2Y,3M BBSW,0.7261999999972159
2019-08-09,AUD,2Y,3M BBSW,0.7499864868861488
2019-08-08,AUD,2Y,3M BBSW,0.7314931579637813
2019-08-07,AUD,2Y,3M BBSW,0.7180422619882779
2019-08-06,AUD,2Y,3M BBSW,0.732497137797931
2019-08-02,AUD,2Y,3M BBSW,0.7714346902013267
2019-08-01,AUD,2Y,3M BBSW,0.8613407960507018
2019-07-31,AUD,2Y,3M BBSW,0.8461560521168574
2019-07-30,AUD,2Y,3M BBSW,0.8562022811000488
2019-07-29,AUD,2Y,3M BBSW,0.8387999999956905
2019-07-26,AUD,2Y,3M BBSW,0.8599819677985159
2019-07-25,AUD,2Y,3M BBSW,0.9112376817148491
2019-07-24,AUD,2Y,3M BBSW,0.9362447298898846
2019-07-23,AUD,2Y,3M BBSW,0.9911938757914028
2019-07-22,AUD,2Y,3M BBSW,0.9924999999918662
2019-07-19,AUD,2Y,3M BBSW,0.9886830959557064
2019-07-18,AUD,2Y,3M BBSW,0.9698586389820064
2019-07-17,AUD,2Y,3M BBSW,0.9885024287063506
2019-07-16,AUD,2Y,3M BBSW,0.9811940943161764
2019-07-15,AUD,2Y,3M BBSW,1.018999999988936
2019-07-12,AUD,2Y,3M BBSW,1.019478645255789
2019-07-11,AUD,2Y,3M BBSW,0.9686570618872922
2019-07-10,AUD,2Y,3M BBSW,0.9872928723845691
2019-07-09,AUD,2Y,3M BBSW,0.9924940162751228
2019-07-08,AUD,2Y,3M BBSW,1.005000000001495
2019-07-05,AUD,2Y,3M BBSW,0.9786741732616148
2019-07-04,AUD,2Y,3M BBSW,0.9686543817401478
2019-07-03,AUD,2Y,3M BBSW,0.944915666408468
2019-07-02,AUD,2Y,3M BBSW,0.9749824163160065
2019-07-01,AUD,2Y,3M BBSW,0.9986874456992207
2019-06-28,AUD,2Y,3M BBSW,1.006168791247175
2019-06-27,AUD,2Y,3M BBSW,1.009807221258279
2019-06-26,AUD,2Y,3M BBSW,0.9548911168644478
2019-06-25,AUD,2Y,3M BBSW,0.9474831403048685
2019-06-24,AUD,2Y,3M BBSW,0.953799999983181
2019-06-21,AUD,2Y,3M BBSW,0.9549746736086405
2019-06-20,AUD,2Y,3M BBSW,0.9437027801044576
2019-06-19,AUD,2Y,3M BBSW,1.002268409835946
2019-06-18,AUD,2Y,3M BBSW,1.042500000003316
2019-06-17,AUD,2Y,3M BBSW,1.074999999981055
2019-06-14,AUD,2Y,3M BBSW,1.051080577644191
2019-06-13,AUD,2Y,3M BBSW,1.06828144208529
2019-06-12,AUD,2Y,3M BBSW,1.109274569303128
2019-06-11,AUD,2Y,3M BBSW,1.133800000004773
2019-06-07,AUD,2Y,3M BBSW,1.119961062528349
2019-06-06,AUD,2Y,3M BBSW,1.127144083553633
2019-06-05,AUD,2Y,3M BBSW,1.176794936098918
2019-06-04,AUD,2Y,3M BBSW,1.185000000003688
2019-06-03,AUD,2Y,3M BBSW,1.181199999955096
2019-05-31,AUD,2Y,3M BBSW,1.173833129116163
2019-05-30,AUD,2Y,3M BBSW,1.198396865415009
2019-05-29,AUD,2Y,3M BBSW,1.175615991360967
2019-05-28,AUD,2Y,3M BBSW,1.208800204194998
2019-05-27,AUD,2Y,3M BBSW,1.205004501285325
2019-05-24,AUD,2Y,3M BBSW,1.20998019564499
2019-05-23,AUD,2Y,3M BBSW,1.235795793232524
2019-05-22,AUD,2Y,3M BBSW,1.261559232964179
2019-05-21,AUD,2Y,3M BBSW,1.284984513658341
2019-05-20,AUD,2Y,3M BBSW,1.319989360697882
2019-05-17,AUD,2Y,3M BBSW,1.274978014637871
2019-05-16,AUD,2Y,3M BBSW,1.305698438411761
2019-05-15,AUD,2Y,3M BBSW,1.327595837026194
2019-05-14,AUD,2Y,3M BBSW,1.335000574138731
2019-05-13,AUD,2Y,3M BBSW,1.357489044789863
2019-05-10,AUD,2Y,3M BBSW,1.377474299608106
2019-05-09,AUD,2Y,3M BBSW,1.368111423805545
2019-05-08,AUD,2Y,3M BBSW,1.382430481787269
2019-05-07,AUD,2Y,3M BBSW,1.31498372981971
2019-05-06,AUD,2Y,3M BBSW,1.324989438283907
2019-05-03,AUD,2Y,3M BBSW,1.358664104397447
2019-05-02,AUD,2Y,3M BBSW,1.355623231318176
2019-05-01,AUD,2Y,3M BBSW,1.34014000738763
2019-04-30,AUD,2Y,3M BBSW,1.362505951456344
2019-04-29,AUD,2Y,3M BBSW,1.376200000041132
2019-04-26,AUD,2Y,3M BBSW,1.354956438091152
2019-04-24,AUD,2Y,3M BBSW,1.333874814244419
2019-04-23,AUD,2Y,3M BBSW,1.492486332587551
2019-04-18,AUD,2Y,3M BBSW,1.530378879678112
2019-04-17,AUD,2Y,3M BBSW,1.519574090205961
2019-04-16,AUD,2Y,3M BBSW,1.512485871169411
2019-04-15,AUD,2Y,3M BBSW,1.5362000000431
2019-04-12,AUD,2Y,3M BBSW,1.5761490522270443
2019-04-11,AUD,2Y,3M BBSW,1.500413661700761
2019-04-10,AUD,2Y,3M BBSW,1.45601826999216
2019-04-09,AUD,2Y,3M BBSW,1.499986235989116
2019-04-08,AUD,2Y,3M BBSW,1.51250000002367
2019-04-05,AUD,2Y,3M BBSW,1.5178951966369
2019-04-04,AUD,2Y,3M BBSW,1.523324514727147
2019-04-03,AUD,2Y,3M BBSW,1.483958469539174
2019-04-02,AUD,2Y,3M BBSW,1.494411867344539
2019-04-01,AUD,2Y,3M BBSW,1.517471585869586
2019-03-29,AUD,2Y,3M BBSW,1.493785165630651
2019-03-28,AUD,2Y,3M BBSW,1.470454490307374
2019-03-27,AUD,2Y,3M BBSW,1.50340323420498
2019-03-26,AUD,2Y,3M BBSW,1.522457077483841
2019-03-25,AUD,2Y,3M BBSW,1.504958695580119
2019-03-22,AUD,2Y,3M BBSW,1.477461933352166
2019-03-21,AUD,2Y,3M BBSW,1.5852999934773822
2019-03-20,AUD,2Y,3M BBSW,1.5632482620261912
2019-03-19,AUD,2Y,3M BBSW,1.602468381224131
2019-03-18,AUD,2Y,3M BBSW,1.621300000069157
2019-03-15,AUD,2Y,3M BBSW,1.610067724203132
2019-03-14,AUD,2Y,3M BBSW,1.617837493563916
2019-03-13,AUD,2Y,3M BBSW,1.6330595225873643
2019-03-12,AUD,2Y,3M BBSW,1.692464302572495
2019-03-11,AUD,2Y,3M BBSW,1.6862000000453448
2019-03-08,AUD,2Y,3M BBSW,1.702431554010107
2019-03-07,AUD,2Y,3M BBSW,1.7026254897913211
2019-03-06,AUD,2Y,3M BBSW,1.740260431998843
2019-03-05,AUD,2Y,3M BBSW,1.7724599773003753
2019-03-04,AUD,2Y,3M BBSW,1.7850000000421762
2019-03-01,AUD,2Y,3M BBSW,1.769946616641277
2019-02-28,AUD,2Y,3M BBSW,1.74588763510992
2019-02-27,AUD,2Y,3M BBSW,1.744851673436101
2019-02-26,AUD,2Y,3M BBSW,1.753789561222659
2019-02-25,AUD,2Y,3M BBSW,1.754968029261471
2019-02-22,AUD,2Y,3M BBSW,1.74115121369752
2019-02-21,AUD,2Y,3M BBSW,1.743830465507144
2019-02-20,AUD,2Y,3M BBSW,1.75526887900291
2019-02-19,AUD,2Y,3M BBSW,1.78748917019621
2019-02-18,AUD,2Y,3M BBSW,1.799966417122666
2019-02-15,AUD,2Y,3M BBSW,1.8125450468988211
2019-02-14,AUD,2Y,3M BBSW,1.8150663275033299
2019-02-13,AUD,2Y,3M BBSW,1.798653996131665
2019-02-12,AUD,2Y,3M BBSW,1.7899891784205437
2019-02-11,AUD,2Y,3M BBSW,1.762467670026982
2019-02-08,AUD,2Y,3M BBSW,1.726253154205249
2019-02-07,AUD,2Y,3M BBSW,1.7725917161839628
2019-02-06,AUD,2Y,3M BBSW,1.7876827730384868
2019-02-05,AUD,2Y,3M BBSW,1.873775537955822
2019-02-04,AUD,2Y,3M BBSW,1.85875189702786
2019-02-01,AUD,2Y,3M BBSW,1.8949293123606339
2019-01-31,AUD,2Y,3M BBSW,1.8926063269535502
2019-01-30,AUD,2Y,3M BBSW,1.9075671038351518
2019-01-29,AUD,2Y,3M BBSW,1.877499999965502
2019-01-25,AUD,2Y,3M BBSW,1.894891626288445
2019-01-24,AUD,2Y,3M BBSW,1.906211307070833
2019-01-23,AUD,2Y,3M BBSW,1.914847024495394
2019-01-22,AUD,2Y,3M BBSW,1.922487385073203
2019-01-21,AUD,2Y,3M BBSW,1.9337614860571462
2019-01-18,AUD,2Y,3M BBSW,1.946110942294291
2019-01-17,AUD,2Y,3M BBSW,1.9099064226874363
2019-01-16,AUD,2Y,3M BBSW,1.8960963131346522
2019-01-15,AUD,2Y,3M BBSW,1.903699999955142
2019-01-14,AUD,2Y,3M BBSW,1.891275124435838
2019-01-11,AUD,2Y,3M BBSW,1.88990580373486
2019-01-10,AUD,2Y,3M BBSW,1.879902422713313
2019-01-09,AUD,2Y,3M BBSW,1.894899931658665
2019-01-08,AUD,2Y,3M BBSW,1.895000000000088
2019-01-07,AUD,2Y,3M BBSW,1.874963063544223
2019-01-04,AUD,2Y,3M BBSW,1.929899443123056
2019-01-03,AUD,2Y,3M BBSW,1.849976851638284
2019-01-02,AUD,2Y,3M BBSW,1.877446001129409
2018-12-31,AUD,2Y,3M BBSW,1.900052231247569
2018-12-28,AUD,2Y,3M BBSW,1.9123406871032482
2018-12-27,AUD,2Y,3M BBSW,1.929771200967268
2018-12-24,AUD,2Y,3M BBSW,1.92498834557812
2018-12-21,AUD,2Y,3M BBSW,1.952409454858317
2018-12-20,AUD,2Y,3M BBSW,1.9523363293094242
2018-12-19,AUD,2Y,3M BBSW,1.9497307725127093
2018-12-18,AUD,2Y,3M BBSW,1.962500000000127
2018-12-17,AUD,2Y,3M BBSW,1.9762867850698858
2018-12-14,AUD,2Y,3M BBSW,1.968827133487406
2018-12-13,AUD,2Y,3M BBSW,1.997274761083696
2018-12-12,AUD,2Y,3M BBSW,1.967184526095492
2018-12-11,AUD,2Y,3M BBSW,1.966200000000146
2018-12-10,AUD,2Y,3M BBSW,1.947474157107758
2018-12-07,AUD,2Y,3M BBSW,1.937397413504945
2018-12-06,AUD,2Y,3M BBSW,1.941138763895771
2018-12-05,AUD,2Y,3M BBSW,1.9871318436944219
2018-12-04,AUD,2Y,3M BBSW,2.010000000000073
2018-12-03,AUD,2Y,3M BBSW,2.037485790234081
2018-11-30,AUD,2Y,3M BBSW,2.030028956065516
2018-11-29,AUD,2Y,3M BBSW,2.035951538582496
2018-11-28,AUD,2Y,3M BBSW,2.039522295031458
2018-11-27,AUD,2Y,3M BBSW,2.047500000000104
2018-11-26,AUD,2Y,3M BBSW,2.049986117853887
2018-11-23,AUD,2Y,3M BBSW,2.052381939074515
2018-11-22,AUD,2Y,3M BBSW,2.062171723886729
2018-11-21,AUD,2Y,3M BBSW,2.074430754077454
2018-11-20,AUD,2Y,3M BBSW,2.081200000000089
2018-11-19,AUD,2Y,3M BBSW,2.07498582478371
2018-11-16,AUD,2Y,3M BBSW,2.094875945113702
2018-11-15,AUD,2Y,3M BBSW,2.095232571001163
2018-11-14,AUD,2Y,3M BBSW,2.086016368044017
2018-11-13,AUD,2Y,3M BBSW,2.095000000000396
2018-11-12,AUD,2Y,3M BBSW,2.092485664339367
2018-11-09,AUD,2Y,3M BBSW,2.066180285951776
2018-11-08,AUD,2Y,3M BBSW,2.083142725819908
2018-11-07,AUD,2Y,3M BBSW,2.061963031102245
2018-11-06,AUD,2Y,3M BBSW,2.061200000033381
2018-11-05,AUD,2Y,3M BBSW,2.057471628191222
2018-11-02,AUD,2Y,3M BBSW,2.074862808353262
2018-11-01,AUD,2Y,3M BBSW,2.024709303028364
2018-10-31,AUD,2Y,3M BBSW,2.000187511136565
2018-10-30,AUD,2Y,3M BBSW,2.001300000000423
2018-10-29,AUD,2Y,3M BBSW,2.003800000000064
2018-10-26,AUD,2Y,3M BBSW,1.996076811632647
2018-10-25,AUD,2Y,3M BBSW,2.02586464922626
2018-10-24,AUD,2Y,3M BBSW,2.020771220125081
2018-10-23,AUD,2Y,3M BBSW,2.052500000000308
2018-10-22,AUD,2Y,3M BBSW,2.064986077159896
2018-10-19,AUD,2Y,3M BBSW,2.072339619018043
2018-10-18,AUD,2Y,3M BBSW,2.059643789166675
2018-10-17,AUD,2Y,3M BBSW,2.034535653689388
2018-10-16,AUD,2Y,3M BBSW,2.057500000000262
2018-10-15,AUD,2Y,3M BBSW,2.034999999998675
2018-10-12,AUD,2Y,3M BBSW,2.017386832172738
2018-10-11,AUD,2Y,3M BBSW,2.030969948591008
2018-10-10,AUD,2Y,3M BBSW,2.031986077087219
2018-10-09,AUD,2Y,3M BBSW,2.043800000000068
2018-10-08,AUD,2Y,3M BBSW,2.03379999994371
2018-10-05,AUD,2Y,3M BBSW,2.019672702349931
2018-10-04,AUD,2Y,3M BBSW,2.024474273230238
2018-10-03,AUD,2Y,3M BBSW,1.985795451046975
2018-10-02,AUD,2Y,3M BBSW,2.027500000000112
2018-09-28,AUD,2Y,3M BBSW,2.018599854720678
2018-09-27,AUD,2Y,3M BBSW,2.058405875387555
2018-09-26,AUD,2Y,3M BBSW,2.070710593173095
2018-09-25,AUD,2Y,3M BBSW,2.07994179913776
2018-09-24,AUD,2Y,3M BBSW,2.077485791782323
2018-09-21,AUD,2Y,3M BBSW,2.07489303732248
2018-09-20,AUD,2Y,3M BBSW,2.067193816531472
2018-09-19,AUD,2Y,3M BBSW,2.060766585894056
2018-09-18,AUD,2Y,3M BBSW,2.033800000000049
2018-09-17,AUD,2Y,3M BBSW,2.018686464556323
2018-09-14,AUD,2Y,3M BBSW,2.018727888384802
2018-09-13,AUD,2Y,3M BBSW,2.014764727957458
2018-09-12,AUD,2Y,3M BBSW,1.9821724562745497
2018-09-11,AUD,2Y,3M BBSW,1.997500000000111
2018-09-10,AUD,2Y,3M BBSW,1.997472966675204
2018-09-07,AUD,2Y,3M BBSW,1.9986878451180812
2018-09-06,AUD,2Y,3M BBSW,2.009757910384201
2018-09-05,AUD,2Y,3M BBSW,2.015783648023786
2018-09-04,AUD,2Y,3M BBSW,1.993800000000108
2018-09-03,AUD,2Y,3M BBSW,1.9824866705478938
2018-08-31,AUD,2Y,3M BBSW,1.960065855109845
2018-08-30,AUD,2Y,3M BBSW,2.006146665976388
2018-08-29,AUD,2Y,3M BBSW,2.034548810082497
2018-08-28,AUD,2Y,3M BBSW,2.0463000000001
2018-08-27,AUD,2Y,3M BBSW,2.023800000000017
2018-08-24,AUD,2Y,3M BBSW,2.041099611220062
2018-08-23,AUD,2Y,3M BBSW,2.007207179566533
2018-08-22,AUD,2Y,3M BBSW,2.032013082344541
2018-08-21,AUD,2Y,3M BBSW,2.033800000027637
2018-08-20,AUD,2Y,3M BBSW,2.01750000000015
2018-08-17,AUD,2Y,3M BBSW,2.033700365030834
2018-08-16,AUD,2Y,3M BBSW,2.017193056584724
2018-08-15,AUD,2Y,3M BBSW,2.020600278334479
2018-08-14,AUD,2Y,3M BBSW,2.045000000000579
2018-08-13,AUD,2Y,3M BBSW,2.055000000000209
2018-08-10,AUD,2Y,3M BBSW,2.054898403474695
2018-08-09,AUD,2Y,3M BBSW,2.070916766541782
2018-08-08,AUD,2Y,3M BBSW,2.094347539672176
2018-08-07,AUD,2Y,3M BBSW,2.095000000000114
2018-08-03,AUD,2Y,3M BBSW,2.099559726044901
2018-08-02,AUD,2Y,3M BBSW,2.109231136483704
2018-08-01,AUD,2Y,3M BBSW,2.10648880635302
2018-07-31,AUD,2Y,3M BBSW,2.102500000000568
2018-07-30,AUD,2Y,3M BBSW,2.080000000021693
2018-07-27,AUD,2Y,3M BBSW,2.077353942947822
2018-07-26,AUD,2Y,3M BBSW,2.075796057206502
2018-07-25,AUD,2Y,3M BBSW,2.100468790978932
2018-07-24,AUD,2Y,3M BBSW,2.122500000000171
2018-07-23,AUD,2Y,3M BBSW,2.132500000000154
2018-07-20,AUD,2Y,3M BBSW,2.126163274676859
2018-07-19,AUD,2Y,3M BBSW,2.114511386957548
2018-07-18,AUD,2Y,3M BBSW,2.101795362832473
2018-07-17,AUD,2Y,3M BBSW,2.097500000000187
2018-07-16,AUD,2Y,3M BBSW,2.095000000000047
2018-07-13,AUD,2Y,3M BBSW,2.067369538098105
2018-07-12,AUD,2Y,3M BBSW,2.083399033152959
2018-07-11,AUD,2Y,3M BBSW,2.085524066589247
2018-07-10,AUD,2Y,3M BBSW,2.127439740307542
2018-07-09,AUD,2Y,3M BBSW,2.088700000000136
2018-07-06,AUD,2Y,3M BBSW,2.073168996251066
2018-07-05,AUD,2Y,3M BBSW,2.06582435534992
2018-07-04,AUD,2Y,3M BBSW,2.07436924528594
2018-07-03,AUD,2Y,3M BBSW,2.051199999960825
2018-07-02,AUD,2Y,3M BBSW,2.072500000000227
2018-06-29,AUD,2Y,3M BBSW,2.079956213951606
2018-06-28,AUD,2Y,3M BBSW,2.070929780754613
2018-06-27,AUD,2Y,3M BBSW,2.08310636149977
2018-06-26,AUD,2Y,3M BBSW,2.089970641704381
2018-06-25,AUD,2Y,3M BBSW,2.097441525510365
2018-06-22,AUD,2Y,3M BBSW,2.096164386393801
2018-06-21,AUD,2Y,3M BBSW,2.114568229148248
2018-06-20,AUD,2Y,3M BBSW,2.093179501081703
2018-06-19,AUD,2Y,3M BBSW,2.075000000000264
2018-06-18,AUD,2Y,3M BBSW,2.080000000000198
2018-06-15,AUD,2Y,3M BBSW,2.09513613774787
2018-06-14,AUD,2Y,3M BBSW,2.107218822170416
2018-06-13,AUD,2Y,3M BBSW,2.116819154335704
2018-06-12,AUD,2Y,3M BBSW,2.1212000000002
2018-06-08,AUD,2Y,3M BBSW,2.104522794588292
2018-06-07,AUD,2Y,3M BBSW,2.141654669956381
2018-06-06,AUD,2Y,3M BBSW,2.113990650008039
2018-06-05,AUD,2Y,3M BBSW,2.122500000000007
2018-06-04,AUD,2Y,3M BBSW,2.127499999999864
2025-11-03,AUD,30M,3M BBSW,3.594299999994019
2025-10-31,AUD,30M,3M BBSW,3.554400153127131
2025-10-30,AUD,30M,3M BBSW,3.556500000006561
2025-10-29,AUD,30M,3M BBSW,3.580599999996734
2025-10-28,AUD,30M,3M BBSW,3.4208999999923635
2025-10-27,AUD,30M,3M BBSW,3.4167000000353305
2025-10-24,AUD,30M,3M BBSW,3.34389861951778
2025-10-23,AUD,30M,3M BBSW,3.364000000002032
2025-10-22,AUD,30M,3M BBSW,3.322799999994837
2025-10-21,AUD,30M,3M BBSW,3.34250000000179
2025-10-20,AUD,30M,3M BBSW,3.3153000000234414
2025-10-17,AUD,30M,3M BBSW,3.304595603315277
2025-10-16,AUD,30M,3M BBSW,3.294999999995162
2025-10-15,AUD,30M,3M BBSW,3.444144330508431
2025-10-14,AUD,30M,3M BBSW,3.445567886850732
2025-10-13,AUD,30M,3M BBSW,3.450299999999657
2025-10-10,AUD,30M,3M BBSW,3.51179993861929
2025-10-09,AUD,30M,3M BBSW,3.518599999998945
2025-10-08,AUD,30M,3M BBSW,3.474899999994416
2025-10-07,AUD,30M,3M BBSW,3.474499864989982
2025-10-03,AUD,30M,3M BBSW,3.465947219253657
2025-10-02,AUD,30M,3M BBSW,3.450640604685721
2025-10-01,AUD,30M,3M BBSW,3.462481883109505
2025-09-30,AUD,30M,3M BBSW,3.506199879274007
2025-09-29,AUD,30M,3M BBSW,3.4633343090266355
2025-09-26,AUD,30M,3M BBSW,3.4851349862206087
2025-09-25,AUD,30M,3M BBSW,3.486388455509494
2025-09-24,AUD,30M,3M BBSW,3.4646998848734034
2025-09-23,AUD,30M,3M BBSW,3.3517998715216204
2025-09-22,AUD,30M,3M BBSW,3.369068721055376
2025-09-19,AUD,30M,3M BBSW,3.334040599250824
2025-09-18,AUD,30M,3M BBSW,3.3208657193024327
2025-09-17,AUD,30M,3M BBSW,3.3357999061498256
2025-09-16,AUD,30M,3M BBSW,3.333899908183625
2025-09-15,AUD,30M,3M BBSW,3.331760622657043
2025-09-12,AUD,30M,3M BBSW,3.3449981336527
2025-09-11,AUD,30M,3M BBSW,3.3188698084853003
2025-09-10,AUD,30M,3M BBSW,3.311199920726029
2025-09-09,AUD,30M,3M BBSW,3.3463999003027185
2025-09-08,AUD,30M,3M BBSW,3.311940013286853
2025-09-05,AUD,30M,3M BBSW,3.319658925316505
2025-09-04,AUD,30M,3M BBSW,3.341023108310284
2025-09-03,AUD,30M,3M BBSW,3.370399855018184
2025-09-02,AUD,30M,3M BBSW,3.314699888529487
2025-09-01,AUD,30M,3M BBSW,3.306669879761347
2025-08-29,AUD,30M,3M BBSW,3.2760202341987483
2025-08-28,AUD,30M,3M BBSW,3.267239484504102
2025-08-27,AUD,30M,3M BBSW,3.2686227764274
2025-08-26,AUD,30M,3M BBSW,3.265213756715657
2025-08-25,AUD,30M,3M BBSW,3.267199914489112
2025-08-22,AUD,30M,3M BBSW,3.277739698983246
2025-08-21,AUD,30M,3M BBSW,3.2790698522841484
2025-08-20,AUD,30M,3M BBSW,3.247861923881358
2025-08-19,AUD,30M,3M BBSW,3.275991796242855
2025-08-18,AUD,30M,3M BBSW,3.26669990831258
2025-08-15,AUD,30M,3M BBSW,3.236970633698968
2025-08-14,AUD,30M,3M BBSW,3.251836497470189
2025-08-13,AUD,30M,3M BBSW,3.217495153490378
2025-08-12,AUD,30M,3M BBSW,3.2475483917337336
2025-08-11,AUD,30M,3M BBSW,3.300799932059383
2025-08-08,AUD,30M,3M BBSW,3.2904390123740095
2025-08-07,AUD,30M,3M BBSW,3.2858700005471855
2025-08-06,AUD,30M,3M BBSW,3.275332739829067
2025-08-05,AUD,30M,3M BBSW,3.265611307150255
2025-08-01,AUD,30M,3M BBSW,3.2791811699949944
2025-07-31,AUD,30M,3M BBSW,3.324706339985812
2025-07-30,AUD,30M,3M BBSW,3.3007788701306744
2025-07-29,AUD,30M,3M BBSW,3.308325083184719
2025-07-28,AUD,30M,3M BBSW,3.344999920176665
2025-07-25,AUD,30M,3M BBSW,3.3580660354821585
2025-07-24,AUD,30M,3M BBSW,3.354468724990456
2025-07-23,AUD,30M,3M BBSW,3.3041002352178115
2025-07-22,AUD,30M,3M BBSW,3.278884622686461
2025-07-21,AUD,30M,3M BBSW,3.27829993864296
2025-07-18,AUD,30M,3M BBSW,3.2806122335600056
2025-07-17,AUD,30M,3M BBSW,3.265315655103297
2025-07-16,AUD,30M,3M BBSW,3.359740111063889
2025-07-15,AUD,30M,3M BBSW,3.404075651612073
2025-07-14,AUD,30M,3M BBSW,3.349199937246049
2025-07-11,AUD,30M,3M BBSW,3.3337027157558685
2025-07-10,AUD,30M,3M BBSW,3.325805148753933
2025-07-09,AUD,30M,3M BBSW,3.301703170867439
2025-07-08,AUD,30M,3M BBSW,3.322096669394602
2025-07-07,AUD,30M,3M BBSW,3.213099924568894
2025-07-04,AUD,30M,3M BBSW,3.197716302804738
2025-07-03,AUD,30M,3M BBSW,3.213667607227471
2025-07-02,AUD,30M,3M BBSW,3.170869605270542
2025-07-01,AUD,30M,3M BBSW,3.1540039958303816
2025-06-30,AUD,30M,3M BBSW,3.1561005580967505
2025-06-27,AUD,30M,3M BBSW,3.157078041472381
2025-06-26,AUD,30M,3M BBSW,3.134962470017868
2025-06-25,AUD,30M,3M BBSW,3.143242481523746
2025-06-24,AUD,30M,3M BBSW,3.185199942482252
2025-06-23,AUD,30M,3M BBSW,3.220499941101544
2025-06-20,AUD,30M,3M BBSW,3.231693539211969
2025-06-19,AUD,30M,3M BBSW,3.24118180138795
2025-06-18,AUD,30M,3M BBSW,3.272132340735438
2025-06-17,AUD,30M,3M BBSW,3.247299933717837
2025-06-16,AUD,30M,3M BBSW,3.250499917909748
2025-06-13,AUD,30M,3M BBSW,3.231965857711351
2025-06-12,AUD,30M,3M BBSW,3.20429701600417
2025-06-11,AUD,30M,3M BBSW,3.250376698334435
2025-06-10,AUD,30M,3M BBSW,3.294499911050907
2025-06-06,AUD,30M,3M BBSW,3.325544976378388
2025-06-05,AUD,30M,3M BBSW,3.2553651747509846
2025-06-04,AUD,30M,3M BBSW,3.190899185458525
2025-06-03,AUD,30M,3M BBSW,3.2088999361515
2025-06-02,AUD,30M,3M BBSW,3.261699953094774
2025-05-30,AUD,30M,3M BBSW,3.244213666319133
2025-05-29,AUD,30M,3M BBSW,3.2817413303639955
2025-05-28,AUD,30M,3M BBSW,3.353931053782061
2025-05-27,AUD,30M,3M BBSW,3.270428373111558
2025-05-26,AUD,30M,3M BBSW,3.288799937269361
2025-05-23,AUD,30M,3M BBSW,3.309393487655531
2025-05-22,AUD,30M,3M BBSW,3.337731280616347
2025-05-21,AUD,30M,3M BBSW,3.378829727021895
2025-05-20,AUD,30M,3M BBSW,3.310763051376933
2025-05-19,AUD,30M,3M BBSW,3.504899943807206
2025-05-16,AUD,30M,3M BBSW,3.527967111430861
2025-05-15,AUD,30M,3M BBSW,3.483000113206395
2025-05-14,AUD,30M,3M BBSW,3.512280793910922
2025-05-13,AUD,30M,3M BBSW,3.4779195325281593
2025-05-12,AUD,30M,3M BBSW,3.453399949308992
2025-05-09,AUD,30M,3M BBSW,3.306795024661856
2025-05-08,AUD,30M,3M BBSW,3.310637106194751
2025-05-07,AUD,30M,3M BBSW,3.235295344080126
2025-05-06,AUD,30M,3M BBSW,3.272740161399051
2025-05-05,AUD,30M,3M BBSW,3.288099967096958
2025-05-02,AUD,30M,3M BBSW,3.281413985341302
2025-05-01,AUD,30M,3M BBSW,3.223796677764527
2025-04-30,AUD,30M,3M BBSW,3.209519843890539
2025-04-29,AUD,30M,3M BBSW,3.191300002585948
2025-04-28,AUD,30M,3M BBSW,3.193199992338925
2025-04-24,AUD,30M,3M BBSW,3.2279145798777544
2025-04-23,AUD,30M,3M BBSW,3.293089681182552
2025-04-22,AUD,30M,3M BBSW,3.246999978190432
2025-04-17,AUD,30M,3M BBSW,3.239228649688449
2025-04-16,AUD,30M,3M BBSW,3.224530561478251
2025-04-15,AUD,30M,3M BBSW,3.261599980240514
2025-04-14,AUD,30M,3M BBSW,3.248299950900333
2025-04-11,AUD,30M,3M BBSW,3.3056139083571785
2025-04-10,AUD,30M,3M BBSW,3.185192628182207
2025-04-09,AUD,30M,3M BBSW,3.281512206321433
2025-04-08,AUD,30M,3M BBSW,3.206599989281845
2025-04-07,AUD,30M,3M BBSW,3.388699969950241
2025-04-04,AUD,30M,3M BBSW,3.320015487815554
2025-03-28,AUD,30M,3M BBSW,3.662740720261801
2025-03-27,AUD,30M,3M BBSW,3.6967288743698408
2025-03-26,AUD,30M,3M BBSW,3.6991114064241595
2025-03-25,AUD,30M,3M BBSW,3.697450420071265
2025-03-24,AUD,30M,3M BBSW,3.673500019970974
2025-03-21,AUD,30M,3M BBSW,3.668810068662624
2025-03-20,AUD,30M,3M BBSW,3.680903909025226
2025-03-19,AUD,30M,3M BBSW,3.704397207593995
2025-03-18,AUD,30M,3M BBSW,3.7040232157106825
2025-03-17,AUD,30M,3M BBSW,3.7004000148763776
2025-03-14,AUD,30M,3M BBSW,3.695952900830272
2025-03-13,AUD,30M,3M BBSW,3.6817675341301257
2025-03-12,AUD,30M,3M BBSW,3.710354879379717
2025-03-11,AUD,30M,3M BBSW,3.684163141374234
2025-03-10,AUD,30M,3M BBSW,3.664200020507714
2025-03-07,AUD,30M,3M BBSW,3.7093276434654565
2025-03-06,AUD,30M,3M BBSW,3.73825310036353
2025-03-05,AUD,30M,3M BBSW,3.7665267794414725
2025-03-04,AUD,30M,3M BBSW,3.718394315607672
2025-03-03,AUD,30M,3M BBSW,3.680400074362734
2025-02-28,AUD,30M,3M BBSW,3.713511780844326
2025-02-27,AUD,30M,3M BBSW,3.7388363237321744
2025-02-26,AUD,30M,3M BBSW,3.758500026067769
2025-02-25,AUD,30M,3M BBSW,3.774059972467951
2025-02-24,AUD,30M,3M BBSW,3.8015412214918354
2025-02-21,AUD,30M,3M BBSW,3.856096251845907
2025-02-20,AUD,30M,3M BBSW,3.9008224103219
2025-02-19,AUD,30M,3M BBSW,3.8829999642225355
2025-02-18,AUD,30M,3M BBSW,3.901457342722467
2025-02-17,AUD,30M,3M BBSW,3.8309391985394776
2025-02-14,AUD,30M,3M BBSW,3.8188778720663548
2025-02-13,AUD,30M,3M BBSW,3.8008265275017417
2025-02-12,AUD,30M,3M BBSW,3.88559996955166
2025-02-11,AUD,30M,3M BBSW,3.8260587317237826
2025-02-10,AUD,30M,3M BBSW,3.766944157811208
2025-02-07,AUD,30M,3M BBSW,3.766784850292394
2025-02-06,AUD,30M,3M BBSW,3.7233297844986706
2025-02-05,AUD,30M,3M BBSW,3.6976003627312752
2025-02-04,AUD,30M,3M BBSW,3.767170897609347
2025-02-03,AUD,30M,3M BBSW,3.762038536190994
2025-01-31,AUD,30M,3M BBSW,3.761955616233011
2025-01-30,AUD,30M,3M BBSW,3.768350593693163
2025-01-29,AUD,30M,3M BBSW,3.769373885126258
2025-01-28,AUD,30M,3M BBSW,3.827237295256107
2025-01-24,AUD,30M,3M BBSW,3.86814784907394
2025-01-23,AUD,30M,3M BBSW,3.867101654959758
2025-01-22,AUD,30M,3M BBSW,3.901932952098782
2025-01-21,AUD,30M,3M BBSW,3.883057063720938
2025-01-20,AUD,30M,3M BBSW,3.8756006939539427
2025-01-17,AUD,30M,3M BBSW,3.93208023636585
2025-11-03,AUD,3Y,3M BBSW,3.626099999976446
2025-10-31,AUD,3Y,3M BBSW,3.5920999999831063
2025-10-30,AUD,3Y,3M BBSW,3.5883000000032186
2025-10-29,AUD,3Y,3M BBSW,3.614499999969814
2025-10-28,AUD,3Y,3M BBSW,3.4520999999794464
2025-10-27,AUD,3Y,3M BBSW,3.443199999974831
2025-10-24,AUD,3Y,3M BBSW,3.3789973551485586
2025-10-23,AUD,3Y,3M BBSW,3.3958000000024144
2025-10-22,AUD,3Y,3M BBSW,3.3515999999815635
2025-10-21,AUD,3Y,3M BBSW,3.375399999968017
2025-10-20,AUD,3Y,3M BBSW,3.3420999999730574
2025-10-17,AUD,3Y,3M BBSW,3.3499959140449
2025-10-16,AUD,3Y,3M BBSW,3.327699999972285
2025-10-15,AUD,3Y,3M BBSW,3.4723492855082796
2025-10-14,AUD,3Y,3M BBSW,3.4758196051354244
2025-10-13,AUD,3Y,3M BBSW,3.478999999972453
2025-10-10,AUD,3Y,3M BBSW,3.539299043946847
2025-10-09,AUD,3Y,3M BBSW,3.552599999970032
2025-10-08,AUD,3Y,3M BBSW,3.504899999978714
2025-10-07,AUD,3Y,3M BBSW,3.5029151206406666
2025-10-03,AUD,3Y,3M BBSW,3.491332280429862
2025-10-02,AUD,3Y,3M BBSW,3.484126813633312
2025-10-01,AUD,3Y,3M BBSW,3.495623273580713
2025-09-30,AUD,3Y,3M BBSW,3.5453793089232346
2025-09-29,AUD,3Y,3M BBSW,3.4965452742980077
2025-09-26,AUD,3Y,3M BBSW,3.522770362375252
2025-09-25,AUD,3Y,3M BBSW,3.5349210130990545
2025-09-24,AUD,3Y,3M BBSW,3.492210825304477
2025-09-23,AUD,3Y,3M BBSW,3.384311489114591
2025-09-22,AUD,3Y,3M BBSW,3.409374955101247
2025-09-19,AUD,3Y,3M BBSW,3.3781718035257797
2025-09-18,AUD,3Y,3M BBSW,3.367619733582973
2025-09-17,AUD,3Y,3M BBSW,3.3692161402716034
2025-09-16,AUD,3Y,3M BBSW,3.359750987127144
2025-09-15,AUD,3Y,3M BBSW,3.366652542798793
2025-09-12,AUD,3Y,3M BBSW,3.386118632636693
2025-09-11,AUD,3Y,3M BBSW,3.356596138565081
2025-09-10,AUD,3Y,3M BBSW,3.3406157188326966
2025-09-09,AUD,3Y,3M BBSW,3.377122610072735
2025-09-08,AUD,3Y,3M BBSW,3.342350283656872
2025-09-05,AUD,3Y,3M BBSW,3.33757759426521
2025-09-04,AUD,3Y,3M BBSW,3.3862180498803713
2025-09-03,AUD,3Y,3M BBSW,3.406884035448534
2025-09-02,AUD,3Y,3M BBSW,3.3492693281861086
2025-09-01,AUD,3Y,3M BBSW,3.348375965388881
2025-08-29,AUD,3Y,3M BBSW,3.306832556088418
2025-08-28,AUD,3Y,3M BBSW,3.299624715047131
2025-08-27,AUD,3Y,3M BBSW,3.307417632412526
2025-08-26,AUD,3Y,3M BBSW,3.303895827103083
2025-08-25,AUD,3Y,3M BBSW,3.3055012191915703
2025-08-22,AUD,3Y,3M BBSW,3.315679252753795
2025-08-21,AUD,3Y,3M BBSW,3.3211797706480426
2025-08-20,AUD,3Y,3M BBSW,3.287365472216525
2025-08-19,AUD,3Y,3M BBSW,3.317872316325764
2025-08-18,AUD,3Y,3M BBSW,3.307701334453024
2025-08-15,AUD,3Y,3M BBSW,3.274498545202743
2025-08-14,AUD,3Y,3M BBSW,3.286106962163165
2025-08-13,AUD,3Y,3M BBSW,3.245804505099664
2025-08-12,AUD,3Y,3M BBSW,3.2810332943858134
2025-08-11,AUD,3Y,3M BBSW,3.332901072960674
2025-08-08,AUD,3Y,3M BBSW,3.3232790548874362
2025-08-07,AUD,3Y,3M BBSW,3.313393227547492
2025-08-06,AUD,3Y,3M BBSW,3.302174071513143
2025-08-05,AUD,3Y,3M BBSW,3.2901498063610286
2025-08-01,AUD,3Y,3M BBSW,3.2712320511278614
2025-07-31,AUD,3Y,3M BBSW,3.356829780379199
2025-07-30,AUD,3Y,3M BBSW,3.336773390709153
2025-07-29,AUD,3Y,3M BBSW,3.346849350415647
2025-07-28,AUD,3Y,3M BBSW,3.383601225990238
2025-07-25,AUD,3Y,3M BBSW,3.393291131563177
2025-07-24,AUD,3Y,3M BBSW,3.39321942742721
2025-07-23,AUD,3Y,3M BBSW,3.343138895765749
2025-07-22,AUD,3Y,3M BBSW,3.3150230449769307
2025-07-21,AUD,3Y,3M BBSW,3.3116010470430135
2025-07-18,AUD,3Y,3M BBSW,3.3219562746222437
2025-07-17,AUD,3Y,3M BBSW,3.304234096082549
2025-07-16,AUD,3Y,3M BBSW,3.3983615299172905
2025-07-15,AUD,3Y,3M BBSW,3.44194060989226
2025-07-14,AUD,3Y,3M BBSW,3.38523139117465
2025-07-11,AUD,3Y,3M BBSW,3.379148077739385
2025-07-10,AUD,3Y,3M BBSW,3.362850422702969
2025-07-09,AUD,3Y,3M BBSW,3.33334784037815
2025-07-08,AUD,3Y,3M BBSW,3.356451690577729
2025-07-07,AUD,3Y,3M BBSW,3.251201136617606
2025-07-04,AUD,3Y,3M BBSW,3.2321750568563434
2025-07-03,AUD,3Y,3M BBSW,3.2577008778356444
2025-07-02,AUD,3Y,3M BBSW,3.215608884447242
2025-07-01,AUD,3Y,3M BBSW,3.194219058094917
2025-06-30,AUD,3Y,3M BBSW,3.1951013573723124
2025-06-27,AUD,3Y,3M BBSW,3.204758402714611
2025-06-26,AUD,3Y,3M BBSW,3.179074590692658
2025-06-25,AUD,3Y,3M BBSW,3.186155454860494
2025-06-24,AUD,3Y,3M BBSW,3.210796552371584
2025-06-23,AUD,3Y,3M BBSW,3.2535009522515637
2025-06-20,AUD,3Y,3M BBSW,3.263340060046601
2025-06-19,AUD,3Y,3M BBSW,3.276486442766214
2025-06-18,AUD,3Y,3M BBSW,3.3094666512767796
2025-06-17,AUD,3Y,3M BBSW,3.2746906772688185
2025-06-16,AUD,3Y,3M BBSW,3.289301247758378
2025-06-13,AUD,3Y,3M BBSW,3.263816657111666
2025-06-12,AUD,3Y,3M BBSW,3.236844964566711
2025-06-11,AUD,3Y,3M BBSW,3.280832451607497
2025-06-10,AUD,3Y,3M BBSW,3.324013978479928
2025-06-06,AUD,3Y,3M BBSW,3.3632987944153205
2025-06-05,AUD,3Y,3M BBSW,3.2997829094726474
2025-06-04,AUD,3Y,3M BBSW,3.2289401104304476
2025-06-03,AUD,3Y,3M BBSW,3.237052812698272
2025-06-02,AUD,3Y,3M BBSW,3.291500850451329
2025-05-30,AUD,3Y,3M BBSW,3.268396896519817
2025-05-29,AUD,3Y,3M BBSW,3.310351224134947
2025-05-28,AUD,3Y,3M BBSW,3.391393402939126
2025-05-27,AUD,3Y,3M BBSW,3.2991982870763046
2025-05-26,AUD,3Y,3M BBSW,3.3229517980868857
2025-05-23,AUD,3Y,3M BBSW,3.344726542063369
2025-05-22,AUD,3Y,3M BBSW,3.373372775908549
2025-05-21,AUD,3Y,3M BBSW,3.422617146375047
2025-05-20,AUD,3Y,3M BBSW,3.353035432052587
2025-05-19,AUD,3Y,3M BBSW,3.536245887412834
2025-05-16,AUD,3Y,3M BBSW,3.5560045695425204
2025-05-15,AUD,3Y,3M BBSW,3.512855446570796
2025-05-14,AUD,3Y,3M BBSW,3.553050562632339
2025-05-13,AUD,3Y,3M BBSW,3.515953890181934
2025-05-12,AUD,3Y,3M BBSW,3.4867472410305274
2025-05-09,AUD,3Y,3M BBSW,3.324128221686371
2025-05-08,AUD,3Y,3M BBSW,3.335278055285798
2025-05-07,AUD,3Y,3M BBSW,3.2587730111367814
2025-05-06,AUD,3Y,3M BBSW,3.305117471811761
2025-05-05,AUD,3Y,3M BBSW,3.3191520278536135
2025-05-02,AUD,3Y,3M BBSW,3.305863809752478
2025-05-01,AUD,3Y,3M BBSW,3.2489438402824025
2025-04-30,AUD,3Y,3M BBSW,3.2280616793594707
2025-04-29,AUD,3Y,3M BBSW,3.219165677723794
2025-04-28,AUD,3Y,3M BBSW,3.2160006149919025
2025-04-24,AUD,3Y,3M BBSW,3.256744643552926
2025-04-23,AUD,3Y,3M BBSW,3.333971501378203
2025-04-22,AUD,3Y,3M BBSW,3.266951945788011
2025-04-17,AUD,3Y,3M BBSW,3.258224013510914
2025-04-16,AUD,3Y,3M BBSW,3.258596886616067
2025-04-15,AUD,3Y,3M BBSW,3.304807629166727
2025-04-14,AUD,3Y,3M BBSW,3.298575336393477
2025-04-11,AUD,3Y,3M BBSW,3.383357141857339
2025-04-10,AUD,3Y,3M BBSW,3.2169747660139114
2025-04-09,AUD,3Y,3M BBSW,3.3149883725875484
2025-04-08,AUD,3Y,3M BBSW,3.217933928939805
2025-04-07,AUD,3Y,3M BBSW,3.4159009424006634
2025-04-04,AUD,3Y,3M BBSW,3.3112601959528103
2025-03-28,AUD,3Y,3M BBSW,3.660270192459553
2025-03-27,AUD,3Y,3M BBSW,3.7057442006940775
2025-03-26,AUD,3Y,3M BBSW,3.7096380004362115
2025-03-25,AUD,3Y,3M BBSW,3.713137885464404
2025-03-24,AUD,3Y,3M BBSW,3.6800002081984395
2025-03-21,AUD,3Y,3M BBSW,3.6715572176518716
2025-03-20,AUD,3Y,3M BBSW,3.690166215090871
2025-03-19,AUD,3Y,3M BBSW,3.706545767053378
2025-03-18,AUD,3Y,3M BBSW,3.712740936308833
2025-03-17,AUD,3Y,3M BBSW,3.705200130826748
2025-03-14,AUD,3Y,3M BBSW,3.714614280419099
2025-03-13,AUD,3Y,3M BBSW,3.688035736475967
2025-03-12,AUD,3Y,3M BBSW,3.7210022120226087
2025-03-11,AUD,3Y,3M BBSW,3.696069234073633
2025-03-10,AUD,3Y,3M BBSW,3.668700126917902
2025-03-07,AUD,3Y,3M BBSW,3.7204879061426355
2025-03-06,AUD,3Y,3M BBSW,3.749123202626334
2025-03-05,AUD,3Y,3M BBSW,3.77907638391159
2025-03-04,AUD,3Y,3M BBSW,3.7236225329746455
2025-03-03,AUD,3Y,3M BBSW,3.678399960874479
2025-02-28,AUD,3Y,3M BBSW,3.719938678407936
2025-02-27,AUD,3Y,3M BBSW,3.733230211527082
2025-02-26,AUD,3Y,3M BBSW,3.750891969265618
2025-02-25,AUD,3Y,3M BBSW,3.7736665948510844
2025-02-24,AUD,3Y,3M BBSW,3.8063669933716957
2025-02-21,AUD,3Y,3M BBSW,3.870435964013085
2025-02-20,AUD,3Y,3M BBSW,3.908886283014976
2025-02-19,AUD,3Y,3M BBSW,3.893362392467504
2025-02-18,AUD,3Y,3M BBSW,3.9175647259601534
2025-02-17,AUD,3Y,3M BBSW,3.835065342028212
2025-02-14,AUD,3Y,3M BBSW,3.813243439274844
2025-02-13,AUD,3Y,3M BBSW,3.802379977142578
2025-02-12,AUD,3Y,3M BBSW,3.894060561776549
2025-02-11,AUD,3Y,3M BBSW,3.83136565777501
2025-02-10,AUD,3Y,3M BBSW,3.766869598367708
2025-02-07,AUD,3Y,3M BBSW,3.7763502127457187
2025-02-06,AUD,3Y,3M BBSW,3.719253174321828
2025-02-05,AUD,3Y,3M BBSW,3.6881894582107644
2025-02-04,AUD,3Y,3M BBSW,3.7752331438327
2025-02-03,AUD,3Y,3M BBSW,3.774604798895473
2025-01-31,AUD,3Y,3M BBSW,3.75361371024275
2025-01-30,AUD,3Y,3M BBSW,3.764596178142309
2025-01-29,AUD,3Y,3M BBSW,3.7658648139139985
2025-01-28,AUD,3Y,3M BBSW,3.824298350014649
2025-01-24,AUD,3Y,3M BBSW,3.8641383928407094
2025-01-23,AUD,3Y,3M BBSW,3.880310529004899
2025-01-22,AUD,3Y,3M BBSW,3.899846312810197
2025-01-21,AUD,3Y,3M BBSW,3.8828635183610056
2025-01-20,AUD,3Y,3M BBSW,3.8714929189564
2025-01-17,AUD,3Y,3M BBSW,3.935959385983617
2025-01-16,AUD,3Y,3M BBSW,3.913679746308701
2025-01-15,AUD,3Y,3M BBSW,3.911411172092897
2025-01-14,AUD,3Y,3M BBSW,4.006599999997255
2025-01-13,AUD,3Y,3M BBSW,3.994206672212071
2025-01-10,AUD,3Y,3M BBSW,3.957655070326646
2025-01-09,AUD,3Y,3M BBSW,3.8441410053254494
2025-01-08,AUD,3Y,3M BBSW,3.894057630000488
2025-01-07,AUD,3Y,3M BBSW,3.9420000000099065
2025-01-06,AUD,3Y,3M BBSW,3.866491581644018
2025-01-03,AUD,3Y,3M BBSW,3.816781900532979
2025-01-02,AUD,3Y,3M BBSW,3.800152935308242
2024-12-31,AUD,3Y,3M BBSW,3.7879000000093677
2024-12-30,AUD,3Y,3M BBSW,3.8125741182387296
2024-12-27,AUD,3Y,3M BBSW,3.803592505444435
2024-12-24,AUD,3Y,3M BBSW,3.869799999985569
2024-12-23,AUD,3Y,3M BBSW,3.874839045143013
2024-12-20,AUD,3Y,3M BBSW,3.899832723713645
2024-12-19,AUD,3Y,3M BBSW,3.936357976964633
2024-12-18,AUD,3Y,3M BBSW,3.860044024148992
2024-12-17,AUD,3Y,3M BBSW,3.801200000010591
2024-12-16,AUD,3Y,3M BBSW,3.823889411235414
2024-12-13,AUD,3Y,3M BBSW,3.84581361719177
2024-12-12,AUD,3Y,3M BBSW,3.82883149255041
2024-12-11,AUD,3Y,3M BBSW,3.7022052799655842
2024-12-10,AUD,3Y,3M BBSW,3.707000000011192
2024-12-09,AUD,3Y,3M BBSW,3.813718942836095
2024-12-06,AUD,3Y,3M BBSW,3.7980232191053593
2024-12-05,AUD,3Y,3M BBSW,3.8339574379037193
2024-12-04,AUD,3Y,3M BBSW,3.786564190053374
2024-12-03,AUD,3Y,3M BBSW,3.936800000010225
2024-12-02,AUD,3Y,3M BBSW,3.908662633705241
2024-11-29,AUD,3Y,3M BBSW,3.907791329195378
2024-11-28,AUD,3Y,3M BBSW,3.936758683043664
2024-11-27,AUD,3Y,3M BBSW,3.946198387178309
2024-11-26,AUD,3Y,3M BBSW,3.973400000021152
2024-11-25,AUD,3Y,3M BBSW,3.9793608340380873
2024-11-22,AUD,3Y,3M BBSW,4.037322243016616
2024-11-21,AUD,3Y,3M BBSW,4.061842107773847
2024-11-20,AUD,3Y,3M BBSW,4.042944215088313
2024-11-19,AUD,3Y,3M BBSW,4.02469999997571
2024-11-18,AUD,3Y,3M BBSW,4.010760453218005
2024-11-15,AUD,3Y,3M BBSW,4.066654606121421
2024-11-14,AUD,3Y,3M BBSW,4.134512366672323
2024-11-13,AUD,3Y,3M BBSW,4.143778109258175
2024-11-12,AUD,3Y,3M BBSW,4.149400000020743
2024-11-11,AUD,3Y,3M BBSW,4.072859120890068
2024-11-08,AUD,3Y,3M BBSW,4.031120409271728
2024-11-07,AUD,3Y,3M BBSW,4.043859141392121
2024-11-06,AUD,3Y,3M BBSW,4.074592490308864
2024-11-05,AUD,3Y,3M BBSW,4.060799999976816
2024-11-04,AUD,3Y,3M BBSW,4.018421871905067
2024-11-01,AUD,3Y,3M BBSW,4.040916985617208
2024-10-31,AUD,3Y,3M BBSW,4.061298620897271
2024-10-30,AUD,3Y,3M BBSW,4.053338929574046
2024-10-29,AUD,3Y,3M BBSW,3.965800000004861
2024-10-28,AUD,3Y,3M BBSW,3.953199999978126
2024-10-24,AUD,3Y,3M BBSW,3.920074329028014
2024-10-23,AUD,3Y,3M BBSW,3.980846056163504
2024-10-22,AUD,3Y,3M BBSW,3.966500000033188
2024-10-21,AUD,3Y,3M BBSW,3.90376243077298
2024-10-17,AUD,3Y,3M BBSW,3.8743524755590295
2024-10-16,AUD,3Y,3M BBSW,3.756018868503171
2024-10-15,AUD,3Y,3M BBSW,3.788212849142278
2024-10-14,AUD,3Y,3M BBSW,3.814199999977097
2024-10-11,AUD,3Y,3M BBSW,3.8106364426432475
2024-10-10,AUD,3Y,3M BBSW,3.790834781573965
2024-10-09,AUD,3Y,3M BBSW,3.803938173387361
2024-10-08,AUD,3Y,3M BBSW,3.7669999999762336
2024-10-04,AUD,3Y,3M BBSW,3.749661845189596
2024-10-03,AUD,3Y,3M BBSW,3.611529578470754
2024-10-02,AUD,3Y,3M BBSW,3.573310350288592
2024-10-01,AUD,3Y,3M BBSW,3.5556708678240607
2024-09-30,AUD,3Y,3M BBSW,3.569167819679453
2024-09-27,AUD,3Y,3M BBSW,3.5084651761893655
2024-09-26,AUD,3Y,3M BBSW,3.520814245888479
2024-09-25,AUD,3Y,3M BBSW,3.4823139536555034
2024-09-24,AUD,3Y,3M BBSW,3.444799999966607
2024-09-23,AUD,3Y,3M BBSW,3.545567845097359
2024-09-20,AUD,3Y,3M BBSW,3.5353120710765644
2024-09-19,AUD,3Y,3M BBSW,3.525073797677253
2024-09-18,AUD,3Y,3M BBSW,3.490508649210236
2024-09-17,AUD,3Y,3M BBSW,3.454399999978193
2024-09-16,AUD,3Y,3M BBSW,3.401970265237834
2024-09-13,AUD,3Y,3M BBSW,3.439204686956713
2024-09-12,AUD,3Y,3M BBSW,3.480589788411311
2024-09-11,AUD,3Y,3M BBSW,3.51346999712713
2024-09-10,AUD,3Y,3M BBSW,3.499000000011084
2024-09-09,AUD,3Y,3M BBSW,3.550937600792063
2024-09-06,AUD,3Y,3M BBSW,3.539686708432292
2024-09-05,AUD,3Y,3M BBSW,3.585719086698437
2024-09-04,AUD,3Y,3M BBSW,3.536731569354518
2024-09-03,AUD,3Y,3M BBSW,3.6018999999969656
2024-09-02,AUD,3Y,3M BBSW,3.675065455408524
2024-08-30,AUD,3Y,3M BBSW,3.6295982901796897
2024-08-29,AUD,3Y,3M BBSW,3.596245566048829
2024-08-27,AUD,3Y,3M BBSW,3.5301254250009606
2024-08-26,AUD,3Y,3M BBSW,3.520129242208009
2024-08-23,AUD,3Y,3M BBSW,3.5681278052169167
2024-08-22,AUD,3Y,3M BBSW,3.600182632996048
2024-08-21,AUD,3Y,3M BBSW,3.576536732581338
2024-08-20,AUD,3Y,3M BBSW,3.591049535673838
2024-08-19,AUD,3Y,3M BBSW,3.635899999998992
2024-08-16,AUD,3Y,3M BBSW,3.6371169809714576
2024-08-15,AUD,3Y,3M BBSW,3.691108288088121
2024-08-14,AUD,3Y,3M BBSW,3.560096395793523
2024-08-13,AUD,3Y,3M BBSW,3.6236485415164754
2024-08-12,AUD,3Y,3M BBSW,3.678899999997297
2024-08-09,AUD,3Y,3M BBSW,3.705404749724954
2024-08-08,AUD,3Y,3M BBSW,3.737346785291592
2024-08-07,AUD,3Y,3M BBSW,3.707212359834551
2024-08-06,AUD,3Y,3M BBSW,3.7342454328889554
2024-08-02,AUD,3Y,3M BBSW,3.613313491720993
2024-08-01,AUD,3Y,3M BBSW,3.7202011168885765
2024-07-31,AUD,3Y,3M BBSW,3.7848073203369603
2024-07-30,AUD,3Y,3M BBSW,4.025133360518762
2024-07-29,AUD,3Y,3M BBSW,4.072000000010956
2024-07-26,AUD,3Y,3M BBSW,4.015707597912175
2024-07-24,AUD,3Y,3M BBSW,4.070879057153346
2024-07-23,AUD,3Y,3M BBSW,4.120132306171065
2024-07-22,AUD,3Y,3M BBSW,4.091700000010881
2024-07-19,AUD,3Y,3M BBSW,4.099285290018255
2024-07-18,AUD,3Y,3M BBSW,4.057929985844042
2024-07-17,AUD,3Y,3M BBSW,4.013216077364276
2024-07-16,AUD,3Y,3M BBSW,4.030136027166416
2024-07-15,AUD,3Y,3M BBSW,4.092800000010898
2024-07-12,AUD,3Y,3M BBSW,4.133333842934364
2024-07-11,AUD,3Y,3M BBSW,4.173872434913049
2024-07-10,AUD,3Y,3M BBSW,4.203384059375204
2024-07-09,AUD,3Y,3M BBSW,4.220828504945269
2024-07-08,AUD,3Y,3M BBSW,4.229499999996287
2024-07-05,AUD,3Y,3M BBSW,4.228496888774029
2024-07-04,AUD,3Y,3M BBSW,4.278545452733475
2024-07-03,AUD,3Y,3M BBSW,4.254007632820553
2024-07-02,AUD,3Y,3M BBSW,4.262227052318353
2024-07-01,AUD,3Y,3M BBSW,4.287904105160748
2024-06-28,AUD,3Y,3M BBSW,4.291007986209743
2024-06-27,AUD,3Y,3M BBSW,4.224599108508696
2024-06-26,AUD,3Y,3M BBSW,4.315047448599344
2024-06-24,AUD,3Y,3M BBSW,4.092799999978728
2024-06-21,AUD,3Y,3M BBSW,4.074763237708696
2024-06-20,AUD,3Y,3M BBSW,4.093324094062978
2024-06-19,AUD,3Y,3M BBSW,4.059644706693379
2024-06-18,AUD,3Y,3M BBSW,4.035499999997285
2024-06-17,AUD,3Y,3M BBSW,3.995899999996757
2024-06-14,AUD,3Y,3M BBSW,3.974589103322658
2024-06-13,AUD,3Y,3M BBSW,3.999434502737416
2024-06-12,AUD,3Y,3M BBSW,4.104423974974898
2024-06-11,AUD,3Y,3M BBSW,4.11349999999639
2024-06-07,AUD,3Y,3M BBSW,4.127267674777854
2024-06-06,AUD,3Y,3M BBSW,4.06260038172723
2024-06-05,AUD,3Y,3M BBSW,4.047865120948078
2024-06-04,AUD,3Y,3M BBSW,4.053499999996622
2024-06-03,AUD,3Y,3M BBSW,4.117299999996318
2024-05-31,AUD,3Y,3M BBSW,4.19027758131594
2024-05-30,AUD,3Y,3M BBSW,4.178069298816354
2024-05-29,AUD,3Y,3M BBSW,4.231349147908701
2024-05-28,AUD,3Y,3M BBSW,4.166339547450547
2024-05-27,AUD,3Y,3M BBSW,4.106935135681359
2024-05-24,AUD,3Y,3M BBSW,4.135466857643473
2024-05-23,AUD,3Y,3M BBSW,4.125189005940358
2024-05-22,AUD,3Y,3M BBSW,4.108205701057878
2024-05-21,AUD,3Y,3M BBSW,4.052931012178429
2024-05-20,AUD,3Y,3M BBSW,4.069333232768881
2024-05-17,AUD,3Y,3M BBSW,4.056980957463377
2024-05-16,AUD,3Y,3M BBSW,4.043469058700021
2024-05-15,AUD,3Y,3M BBSW,4.073558697270324
2024-05-14,AUD,3Y,3M BBSW,4.156344867470557
2024-05-13,AUD,3Y,3M BBSW,4.148330007342378
2024-05-10,AUD,3Y,3M BBSW,4.190761173234022
2024-05-09,AUD,3Y,3M BBSW,4.180934365062945
2024-05-08,AUD,3Y,3M BBSW,4.170495145619513
2024-05-07,AUD,3Y,3M BBSW,4.098228850127867
2024-05-06,AUD,3Y,3M BBSW,4.240527286154348
2024-05-03,AUD,3Y,3M BBSW,4.211158588890111
2024-05-02,AUD,3Y,3M BBSW,4.237000113851214
2024-05-01,AUD,3Y,3M BBSW,4.290645902632833
2024-04-30,AUD,3Y,3M BBSW,4.2815389419156
2024-04-29,AUD,3Y,3M BBSW,4.288099999973682
2024-04-26,AUD,3Y,3M BBSW,4.305646394803861
2024-04-24,AUD,3Y,3M BBSW,4.236167989967765
2024-04-23,AUD,3Y,3M BBSW,4.06613222754482
2024-04-22,AUD,3Y,3M BBSW,4.067900000009991
2024-04-19,AUD,3Y,3M BBSW,4.082978681272835
2024-04-18,AUD,3Y,3M BBSW,4.101532803861825
2024-04-17,AUD,3Y,3M BBSW,4.113915207360814
2024-04-16,AUD,3Y,3M BBSW,4.138128861882863
2024-04-15,AUD,3Y,3M BBSW,4.078199999998647
2024-04-12,AUD,3Y,3M BBSW,4.016929661368946
2024-04-11,AUD,3Y,3M BBSW,4.066125068877009
2024-04-10,AUD,3Y,3M BBSW,4.026564199841018
2024-04-09,AUD,3Y,3M BBSW,3.889538456004508
2024-04-08,AUD,3Y,3M BBSW,3.958699999998725
2024-04-04,AUD,3Y,3M BBSW,3.8883089318721935
2024-04-03,AUD,3Y,3M BBSW,3.9049208094714816
2024-04-02,AUD,3Y,3M BBSW,3.8950378964821954
2024-03-28,AUD,3Y,3M BBSW,3.8130899145660564
2024-03-27,AUD,3Y,3M BBSW,3.811401105163455
2024-03-26,AUD,3Y,3M BBSW,3.8430829681438032
2024-03-25,AUD,3Y,3M BBSW,3.8300952209396084
2024-03-22,AUD,3Y,3M BBSW,3.841190208280888
2024-03-21,AUD,3Y,3M BBSW,3.880962896194837
2024-03-20,AUD,3Y,3M BBSW,3.816630537969605
2024-03-19,AUD,3Y,3M BBSW,3.867376550006511
2024-03-18,AUD,3Y,3M BBSW,3.928299999977055
2024-03-15,AUD,3Y,3M BBSW,3.95852766101807
2024-03-14,AUD,3Y,3M BBSW,3.937911705299234
2024-03-13,AUD,3Y,3M BBSW,3.868239940549122
2024-03-12,AUD,3Y,3M BBSW,3.8409781657744975
2024-03-11,AUD,3Y,3M BBSW,3.802999999999468
2024-03-08,AUD,3Y,3M BBSW,3.8291703981981793
2024-03-07,AUD,3Y,3M BBSW,3.854425516303332
2024-03-06,AUD,3Y,3M BBSW,3.846648722856842
2024-03-05,AUD,3Y,3M BBSW,3.8584786364325074
2024-03-04,AUD,3Y,3M BBSW,3.9262999999779167
2024-03-01,AUD,3Y,3M BBSW,3.893968460490919
2024-02-29,AUD,3Y,3M BBSW,3.928386893311449
2024-02-28,AUD,3Y,3M BBSW,3.921460849865933
2024-02-27,AUD,3Y,3M BBSW,3.9752392803333576
2024-02-26,AUD,3Y,3M BBSW,3.949136353486153
2024-02-23,AUD,3Y,3M BBSW,3.967787081718933
2024-02-22,AUD,3Y,3M BBSW,3.969929866993381
2024-02-21,AUD,3Y,3M BBSW,3.9669386533516393
2024-02-20,AUD,3Y,3M BBSW,3.91821655396623
2024-02-19,AUD,3Y,3M BBSW,3.963229743975663
2024-02-16,AUD,3Y,3M BBSW,3.9945824819859554
2024-02-15,AUD,3Y,3M BBSW,3.950554000940075
2024-02-14,AUD,3Y,3M BBSW,4.003709328821293
2024-02-13,AUD,3Y,3M BBSW,4.053299036576815
2024-02-12,AUD,3Y,3M BBSW,3.958528260823462
2024-02-09,AUD,3Y,3M BBSW,3.951290453169935
2024-02-08,AUD,3Y,3M BBSW,3.8968420164158903
2024-02-07,AUD,3Y,3M BBSW,3.867826271231588
2024-02-06,AUD,3Y,3M BBSW,3.8409404797972715
2024-02-05,AUD,3Y,3M BBSW,3.8877955568271205
2024-02-02,AUD,3Y,3M BBSW,3.826349287948
2024-02-01,AUD,3Y,3M BBSW,3.738936732527249
2024-01-31,AUD,3Y,3M BBSW,3.7416570220149206
2024-01-30,AUD,3Y,3M BBSW,3.8854665996941944
2024-01-29,AUD,3Y,3M BBSW,3.90779999998194
2024-01-25,AUD,3Y,3M BBSW,3.936366412131128
2024-01-24,AUD,3Y,3M BBSW,4.003075905579946
2024-01-23,AUD,3Y,3M BBSW,3.9740255437103205
2024-01-22,AUD,3Y,3M BBSW,3.976499999984028
2024-01-19,AUD,3Y,3M BBSW,4.043397932702201
2024-01-18,AUD,3Y,3M BBSW,4.036604061514437
2024-01-17,AUD,3Y,3M BBSW,4.028883447420522
2024-01-16,AUD,3Y,3M BBSW,3.935287872125295
2024-01-15,AUD,3Y,3M BBSW,3.8849000000333382
2024-01-12,AUD,3Y,3M BBSW,3.838474806049072
2024-01-11,AUD,3Y,3M BBSW,3.8462880548402323
2024-01-10,AUD,3Y,3M BBSW,3.9235766147226974
2024-01-09,AUD,3Y,3M BBSW,3.858011946572821
2024-01-08,AUD,3Y,3M BBSW,3.926999999982054
2024-01-05,AUD,3Y,3M BBSW,3.98740708487267
2024-01-04,AUD,3Y,3M BBSW,3.9255777452652274
2024-01-03,AUD,3Y,3M BBSW,3.8400031563909103
2024-01-02,AUD,3Y,3M BBSW,3.829557775012736
2023-12-29,AUD,3Y,3M BBSW,3.780789828866382
2023-12-28,AUD,3Y,3M BBSW,3.755802358432667
2023-12-27,AUD,3Y,3M BBSW,3.7512851531397966
2023-12-22,AUD,3Y,3M BBSW,3.836327539950469
2023-12-21,AUD,3Y,3M BBSW,3.8198505488415577
2023-12-20,AUD,3Y,3M BBSW,3.8427578218539233
2023-12-19,AUD,3Y,3M BBSW,3.895586749977785
2023-12-18,AUD,3Y,3M BBSW,3.903199999998841
2023-12-15,AUD,3Y,3M BBSW,3.8995931784051194
2023-12-14,AUD,3Y,3M BBSW,3.939130048383463
2023-12-13,AUD,3Y,3M BBSW,3.9101945763652646
2023-12-12,AUD,3Y,3M BBSW,4.105540617722967
2023-12-11,AUD,3Y,3M BBSW,4.12669999998323
2023-12-07,AUD,3Y,3M BBSW,4.066826798692769
2023-12-06,AUD,3Y,3M BBSW,4.031646732042848
2023-12-05,AUD,3Y,3M BBSW,4.081978443134656
2023-12-04,AUD,3Y,3M BBSW,4.233800000020969
2023-12-01,AUD,3Y,3M BBSW,4.204871553129614
2023-11-30,AUD,3Y,3M BBSW,4.258027554631001
2023-11-29,AUD,3Y,3M BBSW,4.183990350528451
2023-11-28,AUD,3Y,3M BBSW,4.29474383167875
2023-11-27,AUD,3Y,3M BBSW,4.357199999998635
2023-11-24,AUD,3Y,3M BBSW,4.391856320385139
2023-11-23,AUD,3Y,3M BBSW,4.370921697776235
2023-11-22,AUD,3Y,3M BBSW,4.36835880281601
2023-11-21,AUD,3Y,3M BBSW,4.282055844176473
2023-11-20,AUD,3Y,3M BBSW,4.333699999998621
2023-11-17,AUD,3Y,3M BBSW,4.309909776216839
2023-11-16,AUD,3Y,3M BBSW,4.286636531186849
2023-11-15,AUD,3Y,3M BBSW,4.418116873122936
2023-11-14,AUD,3Y,3M BBSW,4.400779598949284
2023-11-13,AUD,3Y,3M BBSW,4.495500000033546
2023-11-10,AUD,3Y,3M BBSW,4.439181535731497
2023-11-09,AUD,3Y,3M BBSW,4.442807090420913
2023-11-08,AUD,3Y,3M BBSW,4.343981484851896
2023-11-07,AUD,3Y,3M BBSW,4.356433593822899
2023-11-06,AUD,3Y,3M BBSW,4.497600000032955
2023-11-03,AUD,3Y,3M BBSW,4.442688004508004
2023-11-02,AUD,3Y,3M BBSW,4.485809390446925
2023-11-01,AUD,3Y,3M BBSW,4.504785289488324
2023-10-31,AUD,3Y,3M BBSW,4.663133850040005
2023-10-30,AUD,3Y,3M BBSW,4.597899999964301
2023-10-26,AUD,3Y,3M BBSW,4.50713569104819
2023-10-25,AUD,3Y,3M BBSW,4.469801579876051
2023-10-24,AUD,3Y,3M BBSW,4.362090102324788
2023-10-23,AUD,3Y,3M BBSW,4.385199999976376
2023-10-20,AUD,3Y,3M BBSW,4.386258361306088
2023-10-19,AUD,3Y,3M BBSW,4.410317345801049
2023-10-18,AUD,3Y,3M BBSW,4.437225848728977
2023-10-17,AUD,3Y,3M BBSW,4.388484701220563
2023-10-16,AUD,3Y,3M BBSW,4.202799999998395
2023-10-12,AUD,3Y,3M BBSW,4.176710710022621
2023-10-11,AUD,3Y,3M BBSW,4.120515922142507
2023-10-10,AUD,3Y,3M BBSW,4.160558718619521
2023-10-09,AUD,3Y,3M BBSW,4.130499999999417
2023-10-05,AUD,3Y,3M BBSW,4.24792085533125
2023-10-04,AUD,3Y,3M BBSW,4.268821496564035
2023-10-03,AUD,3Y,3M BBSW,4.30177390613954
2023-09-29,AUD,3Y,3M BBSW,4.259444189940371
2023-09-28,AUD,3Y,3M BBSW,4.272355652442352
2023-09-27,AUD,3Y,3M BBSW,4.247617114634777
2023-09-26,AUD,3Y,3M BBSW,4.23777448662089
2023-09-25,AUD,3Y,3M BBSW,4.239811557000861
2023-09-22,AUD,3Y,3M BBSW,4.212171522807819
2023-09-21,AUD,3Y,3M BBSW,4.257559684551914
2023-09-20,AUD,3Y,3M BBSW,4.248218509510222
2023-09-19,AUD,3Y,3M BBSW,4.168411579690214
2023-09-18,AUD,3Y,3M BBSW,4.132399999984799
2023-09-15,AUD,3Y,3M BBSW,4.073860806253828
2023-09-14,AUD,3Y,3M BBSW,4.058662477306753
2023-09-13,AUD,3Y,3M BBSW,4.073876744645983
2023-09-12,AUD,3Y,3M BBSW,4.083950792031748
2023-09-11,AUD,3Y,3M BBSW,4.077099999981895
2023-09-08,AUD,3Y,3M BBSW,4.059885731825008
2023-09-07,AUD,3Y,3M BBSW,4.007246200738511
2023-09-06,AUD,3Y,3M BBSW,4.004011800004891
2023-09-05,AUD,3Y,3M BBSW,4.035327111267462
2023-09-04,AUD,3Y,3M BBSW,4.060499999980782
2023-09-01,AUD,3Y,3M BBSW,3.9899077060618926
2023-08-31,AUD,3Y,3M BBSW,3.974934719604955
2023-08-30,AUD,3Y,3M BBSW,4.002940321085973
2023-08-28,AUD,3Y,3M BBSW,4.106834511196417
2023-08-25,AUD,3Y,3M BBSW,4.111611567159344
2023-08-24,AUD,3Y,3M BBSW,4.103552305844624
2023-08-23,AUD,3Y,3M BBSW,4.074494900762709
2023-08-22,AUD,3Y,3M BBSW,4.150560440904387
2023-08-21,AUD,3Y,3M BBSW,4.192229241872395
2023-08-18,AUD,3Y,3M BBSW,4.149722048123324
2023-08-17,AUD,3Y,3M BBSW,4.165041534443562
2023-08-16,AUD,3Y,3M BBSW,4.161610814781416
2023-08-15,AUD,3Y,3M BBSW,4.172020070616292
2023-08-14,AUD,3Y,3M BBSW,4.206940842149208
2023-08-11,AUD,3Y,3M BBSW,4.122732403953256
2023-08-10,AUD,3Y,3M BBSW,4.079357192812864
2023-08-09,AUD,3Y,3M BBSW,4.063606255744921
2023-08-08,AUD,3Y,3M BBSW,3.997719079316754
2023-08-04,AUD,3Y,3M BBSW,4.020754048602234
2023-08-03,AUD,3Y,3M BBSW,4.084152693932063
2023-08-02,AUD,3Y,3M BBSW,4.027926699945569
2023-08-01,AUD,3Y,3M BBSW,4.058309638559126
2023-07-31,AUD,3Y,3M BBSW,4.162534277695824
2023-07-28,AUD,3Y,3M BBSW,4.13601306402067
2023-07-27,AUD,3Y,3M BBSW,4.247872118004197
2023-07-25,AUD,3Y,3M BBSW,4.315953480178263
2023-07-24,AUD,3Y,3M BBSW,4.292999615760926
2023-07-21,AUD,3Y,3M BBSW,4.299147938238123
2023-07-20,AUD,3Y,3M BBSW,4.300660236162448
2023-07-19,AUD,3Y,3M BBSW,4.205092742432089
2023-07-18,AUD,3Y,3M BBSW,4.222509942162926
2023-07-17,AUD,3Y,3M BBSW,4.240830343702949
2023-07-14,AUD,3Y,3M BBSW,4.264501737236746
2023-07-13,AUD,3Y,3M BBSW,4.211416647682782
2023-07-12,AUD,3Y,3M BBSW,4.274363204941645
2023-07-11,AUD,3Y,3M BBSW,4.408835195057375
2023-07-10,AUD,3Y,3M BBSW,4.472520344789064
2023-07-07,AUD,3Y,3M BBSW,4.587088887029266
2023-07-06,AUD,3Y,3M BBSW,4.535918067062103
2023-07-05,AUD,3Y,3M BBSW,4.354661776821849
2023-07-04,AUD,3Y,3M BBSW,4.285377088027099
2023-07-03,AUD,3Y,3M BBSW,4.308385846620097
2023-06-30,AUD,3Y,3M BBSW,4.327748363475779
2023-06-29,AUD,3Y,3M BBSW,4.2871546084206
2023-06-28,AUD,3Y,3M BBSW,4.128675285234016
2023-06-27,AUD,3Y,3M BBSW,4.202710633287747
2023-06-26,AUD,3Y,3M BBSW,4.195316533239059
2023-06-22,AUD,3Y,3M BBSW,4.331563972275513
2023-06-21,AUD,3Y,3M BBSW,4.232470616736761
2023-06-20,AUD,3Y,3M BBSW,4.212998285327846
2023-06-19,AUD,3Y,3M BBSW,4.336899999983136
2023-06-15,AUD,3Y,3M BBSW,4.26101179488248
2023-06-14,AUD,3Y,3M BBSW,4.2154568601792
2023-06-13,AUD,3Y,3M BBSW,4.203709140973056
2023-06-09,AUD,3Y,3M BBSW,4.141883920354893
2023-06-08,AUD,3Y,3M BBSW,4.12765616606218
2023-06-07,AUD,3Y,3M BBSW,4.132967633450967
2023-06-06,AUD,3Y,3M BBSW,3.980842500032856
2023-06-05,AUD,3Y,3M BBSW,3.879999999981546
2023-06-01,AUD,3Y,3M BBSW,3.740754016510153
2023-05-31,AUD,3Y,3M BBSW,3.7430319788973545
2023-05-30,AUD,3Y,3M BBSW,3.730883410902101
2023-05-29,AUD,3Y,3M BBSW,3.7300567793196024
2023-05-26,AUD,3Y,3M BBSW,3.7937932198610724
2023-05-25,AUD,3Y,3M BBSW,3.8253537457401716
2023-05-24,AUD,3Y,3M BBSW,3.753490000844237
2023-05-23,AUD,3Y,3M BBSW,3.7619930951375418
2023-05-22,AUD,3Y,3M BBSW,3.7167607923958923
2023-05-19,AUD,3Y,3M BBSW,3.724200153772765
2023-05-18,AUD,3Y,3M BBSW,3.7312650303138883
2023-05-17,AUD,3Y,3M BBSW,3.6042337467454133
2023-05-16,AUD,3Y,3M BBSW,3.537283702870523
2023-05-15,AUD,3Y,3M BBSW,3.546708896198638
2023-05-12,AUD,3Y,3M BBSW,3.458713472341653
2023-05-11,AUD,3Y,3M BBSW,3.414004256988968
2023-05-10,AUD,3Y,3M BBSW,3.447384345418919
2023-05-09,AUD,3Y,3M BBSW,3.505139989270148
2023-05-08,AUD,3Y,3M BBSW,3.527174488085963
2023-05-05,AUD,3Y,3M BBSW,3.478707159959012
2023-05-04,AUD,3Y,3M BBSW,3.366562854861456
2023-05-03,AUD,3Y,3M BBSW,3.4445360077206484
2023-05-02,AUD,3Y,3M BBSW,3.544148147289541
2023-05-01,AUD,3Y,3M BBSW,3.482576181242521
2023-04-28,AUD,3Y,3M BBSW,3.3605609364681435
2023-04-27,AUD,3Y,3M BBSW,3.476623447097662
2023-04-26,AUD,3Y,3M BBSW,3.405700683095911
2023-04-24,AUD,3Y,3M BBSW,3.5362258014604424
2023-04-21,AUD,3Y,3M BBSW,3.5761166243603664
2023-04-20,AUD,3Y,3M BBSW,3.571510119988969
2023-04-19,AUD,3Y,3M BBSW,3.601323139619083
2023-04-18,AUD,3Y,3M BBSW,3.5960068252863486
2023-04-17,AUD,3Y,3M BBSW,3.479950853543746
2023-04-14,AUD,3Y,3M BBSW,3.464973382412763
2023-04-13,AUD,3Y,3M BBSW,3.3997617349653
2023-04-12,AUD,3Y,3M BBSW,3.325712349055231
2023-04-11,AUD,3Y,3M BBSW,3.290441393435505
2023-04-06,AUD,3Y,3M BBSW,3.21463413024723
2023-04-05,AUD,3Y,3M BBSW,3.2492000765997426
2023-04-04,AUD,3Y,3M BBSW,3.271395629106838
2023-04-03,AUD,3Y,3M BBSW,3.328332567800185
2023-03-31,AUD,3Y,3M BBSW,3.359013028594146
2023-03-30,AUD,3Y,3M BBSW,3.417740869006336
2023-03-29,AUD,3Y,3M BBSW,3.433035562194569
2023-03-28,AUD,3Y,3M BBSW,3.4401050057834475
2023-03-27,AUD,3Y,3M BBSW,3.394903858271082
2023-03-24,AUD,3Y,3M BBSW,3.331200653059722
2023-03-23,AUD,3Y,3M BBSW,3.353237235360419
2023-03-22,AUD,3Y,3M BBSW,3.365191361401645
2023-03-21,AUD,3Y,3M BBSW,3.424731745871797
2023-03-20,AUD,3Y,3M BBSW,3.354606584118229
2023-03-17,AUD,3Y,3M BBSW,3.394847508149529
2023-03-16,AUD,3Y,3M BBSW,3.546766847525877
2023-03-15,AUD,3Y,3M BBSW,3.420783631306724
2023-03-14,AUD,3Y,3M BBSW,3.6777142112210974
2023-03-13,AUD,3Y,3M BBSW,3.5370951403723585
2023-03-10,AUD,3Y,3M BBSW,3.665386292118791
2023-03-09,AUD,3Y,3M BBSW,3.780957188903786
2023-03-08,AUD,3Y,3M BBSW,3.852767057874899
2023-03-07,AUD,3Y,3M BBSW,3.863425438207519
2023-03-06,AUD,3Y,3M BBSW,3.962874692285121
2023-03-03,AUD,3Y,3M BBSW,4.044130800832
2023-03-02,AUD,3Y,3M BBSW,4.103970289180421
2023-03-01,AUD,3Y,3M BBSW,4.01807769919596
2023-02-28,AUD,3Y,3M BBSW,4.11531252518907
2023-02-27,AUD,3Y,3M BBSW,4.03669402182754
2023-02-24,AUD,3Y,3M BBSW,4.106199061669711
2023-02-23,AUD,3Y,3M BBSW,4.08378621459901
2023-02-22,AUD,3Y,3M BBSW,4.040377221562514
2023-02-21,AUD,3Y,3M BBSW,3.999758010458179
2023-02-20,AUD,3Y,3M BBSW,3.960299732726913
2023-02-17,AUD,3Y,3M BBSW,3.93902253411537
2023-02-16,AUD,3Y,3M BBSW,3.883808444137424
2023-02-15,AUD,3Y,3M BBSW,3.935875888423992
2023-02-14,AUD,3Y,3M BBSW,3.904880682804681
2023-02-13,AUD,3Y,3M BBSW,3.927996633124601
2023-02-10,AUD,3Y,3M BBSW,3.9242258016621725
2023-02-09,AUD,3Y,3M BBSW,3.758022270662478
2023-02-08,AUD,3Y,3M BBSW,3.705071889673961
2023-02-07,AUD,3Y,3M BBSW,3.6844430529544026
2023-02-06,AUD,3Y,3M BBSW,3.5321873950713485
2023-02-03,AUD,3Y,3M BBSW,3.546722868885622
2023-02-02,AUD,3Y,3M BBSW,3.5630121243947417
2023-02-01,AUD,3Y,3M BBSW,3.6373312865634095
2023-01-31,AUD,3Y,3M BBSW,3.60369605658802
2023-01-30,AUD,3Y,3M BBSW,3.64447477232256
2023-01-27,AUD,3Y,3M BBSW,3.648198360953745
2023-01-25,AUD,3Y,3M BBSW,3.577907985374328
2023-01-24,AUD,3Y,3M BBSW,3.469343831808521
2023-01-23,AUD,3Y,3M BBSW,3.47204352473761
2023-01-20,AUD,3Y,3M BBSW,3.484227130795851
2023-01-19,AUD,3Y,3M BBSW,3.3942822173801046
2023-01-18,AUD,3Y,3M BBSW,3.592667486619826
2023-01-17,AUD,3Y,3M BBSW,3.6222082422912862
2023-01-16,AUD,3Y,3M BBSW,3.6370386376548236
2023-01-13,AUD,3Y,3M BBSW,3.659324068527224
2023-01-12,AUD,3Y,3M BBSW,3.651872988822495
2023-01-11,AUD,3Y,3M BBSW,3.776108387813232
2023-01-10,AUD,3Y,3M BBSW,3.79909237781907
2023-01-09,AUD,3Y,3M BBSW,3.8331074588673406
2023-01-06,AUD,3Y,3M BBSW,3.794136180730833
2023-01-05,AUD,3Y,3M BBSW,3.910263759242178
2023-01-04,AUD,3Y,3M BBSW,3.907060613800911
2023-01-03,AUD,3Y,3M BBSW,3.9675508755181497
2022-12-30,AUD,3Y,3M BBSW,3.9945975892513372
2022-12-29,AUD,3Y,3M BBSW,3.985504498913608
2022-12-28,AUD,3Y,3M BBSW,3.9931089028152273
2022-12-23,AUD,3Y,3M BBSW,3.836545168727597
2022-12-22,AUD,3Y,3M BBSW,3.8002744388189456
2022-12-21,AUD,3Y,3M BBSW,3.7010832660726303
2022-12-20,AUD,3Y,3M BBSW,3.801458787968465
2022-12-19,AUD,3Y,3M BBSW,3.6819718922226805
2022-12-16,AUD,3Y,3M BBSW,3.655643334326005
2022-12-15,AUD,3Y,3M BBSW,3.6697454517171013
2022-12-14,AUD,3Y,3M BBSW,3.576557479746604
2022-12-13,AUD,3Y,3M BBSW,3.625153374156419
2022-12-12,AUD,3Y,3M BBSW,3.590443484241526
2022-12-09,AUD,3Y,3M BBSW,3.5729005058479064
2022-12-08,AUD,3Y,3M BBSW,3.6042408248247217
2022-12-07,AUD,3Y,3M BBSW,3.5886621163980075
2022-12-06,AUD,3Y,3M BBSW,3.5992968397940777
2022-12-05,AUD,3Y,3M BBSW,3.5393744220743826
2022-12-02,AUD,3Y,3M BBSW,3.526962931086745
2022-12-01,AUD,3Y,3M BBSW,3.6243962470748055
2022-11-30,AUD,3Y,3M BBSW,3.687252347715469
2022-11-29,AUD,3Y,3M BBSW,3.770164392342544
2022-11-28,AUD,3Y,3M BBSW,3.7482675479781196
2022-11-25,AUD,3Y,3M BBSW,3.839086527151499
2022-11-24,AUD,3Y,3M BBSW,3.806738568459155
2022-11-23,AUD,3Y,3M BBSW,3.7710832695090084
2022-11-22,AUD,3Y,3M BBSW,3.721696289382417
2022-11-21,AUD,3Y,3M BBSW,3.709468474477331
2022-11-18,AUD,3Y,3M BBSW,3.73920260437199
2022-11-17,AUD,3Y,3M BBSW,3.702253670589975
2022-11-16,AUD,3Y,3M BBSW,3.7777763914475875
2022-11-15,AUD,3Y,3M BBSW,3.851079715815874
2022-11-14,AUD,3Y,3M BBSW,3.9049660493756773
2022-11-11,AUD,3Y,3M BBSW,3.8134917068130574
2022-11-10,AUD,3Y,3M BBSW,3.903520080846063
2022-11-09,AUD,3Y,3M BBSW,4.03264558892834
2022-11-08,AUD,3Y,3M BBSW,4.121535798133929
2022-11-07,AUD,3Y,3M BBSW,4.0149256598859
2022-11-04,AUD,3Y,3M BBSW,4.027082980688188
2022-11-03,AUD,3Y,3M BBSW,4.159604701722227
2022-11-02,AUD,3Y,3M BBSW,4.046297543598002
2022-11-01,AUD,3Y,3M BBSW,3.955607825186681
2022-10-31,AUD,3Y,3M BBSW,3.915072923360489
2022-10-28,AUD,3Y,3M BBSW,3.9497439274176473
2022-10-27,AUD,3Y,3M BBSW,4.003434708998192
2022-10-26,AUD,3Y,3M BBSW,4.140968785580094
2022-10-25,AUD,3Y,3M BBSW,4.206162475332749
2022-10-24,AUD,3Y,3M BBSW,4.262499999997293
2022-10-21,AUD,3Y,3M BBSW,4.270850560281692
2022-10-20,AUD,3Y,3M BBSW,4.175797497032701
2022-10-19,AUD,3Y,3M BBSW,4.023741535649148
2022-10-18,AUD,3Y,3M BBSW,4.00668647342791
2022-10-17,AUD,3Y,3M BBSW,4.060000000000486
2022-10-14,AUD,3Y,3M BBSW,4.019951479281832
2022-10-13,AUD,3Y,3M BBSW,3.944671304448455
2022-10-12,AUD,3Y,3M BBSW,3.9525439716453197
2022-10-11,AUD,3Y,3M BBSW,3.960604285080723
2022-10-10,AUD,3Y,3M BBSW,3.902466762635833
2022-10-07,AUD,3Y,3M BBSW,3.9070804644155
2022-10-06,AUD,3Y,3M BBSW,3.7975816950632497
2022-10-05,AUD,3Y,3M BBSW,3.638457920168502
2022-10-04,AUD,3Y,3M BBSW,3.619338044597346
2022-09-30,AUD,3Y,3M BBSW,4.026397312940175
2022-09-29,AUD,3Y,3M BBSW,4.02739991828475
2022-09-28,AUD,3Y,3M BBSW,4.192364358274631
2022-09-27,AUD,3Y,3M BBSW,4.177779888446461
2022-09-26,AUD,3Y,3M BBSW,4.123618909706559
2022-09-23,AUD,3Y,3M BBSW,4.067102046995966
2022-09-21,AUD,3Y,3M BBSW,3.777745242996001
2022-09-20,AUD,3Y,3M BBSW,3.6811182259730244
2022-09-19,AUD,3Y,3M BBSW,3.757467550107274
2022-09-16,AUD,3Y,3M BBSW,3.7735295632791184
2022-09-15,AUD,3Y,3M BBSW,3.702244689838372
2022-09-14,AUD,3Y,3M BBSW,3.6898963880691813
2022-09-13,AUD,3Y,3M BBSW,3.547841350769438
2022-09-12,AUD,3Y,3M BBSW,3.540942233278236
2022-09-09,AUD,3Y,3M BBSW,3.488714356166563
2022-09-08,AUD,3Y,3M BBSW,3.522251950218749
2022-09-07,AUD,3Y,3M BBSW,3.694090521125806
2022-09-06,AUD,3Y,3M BBSW,3.6075445592311626
2022-09-05,AUD,3Y,3M BBSW,3.676169787352832
2022-09-02,AUD,3Y,3M BBSW,3.634746368426139
2022-09-01,AUD,3Y,3M BBSW,3.734779286593595
2022-08-31,AUD,3Y,3M BBSW,3.6852743780009556
2022-08-30,AUD,3Y,3M BBSW,3.7470729393045135
2022-08-29,AUD,3Y,3M BBSW,3.849999999997583
2022-08-26,AUD,3Y,3M BBSW,3.6597798979842207
2022-08-25,AUD,3Y,3M BBSW,3.748508867949067
2022-08-24,AUD,3Y,3M BBSW,3.686592086678214
2022-08-23,AUD,3Y,3M BBSW,3.745927909932113
2022-08-22,AUD,3Y,3M BBSW,3.6124458076505523
2022-08-19,AUD,3Y,3M BBSW,3.528595434263414
2022-08-18,AUD,3Y,3M BBSW,3.4197601692717594
2022-08-17,AUD,3Y,3M BBSW,3.3519065796731815
2022-08-16,AUD,3Y,3M BBSW,3.3266340944198536
2022-08-15,AUD,3Y,3M BBSW,3.477529751463816
2022-08-12,AUD,3Y,3M BBSW,3.503595238566768
2022-08-11,AUD,3Y,3M BBSW,3.453555240363758
2022-08-10,AUD,3Y,3M BBSW,3.3905717518306027
2022-08-09,AUD,3Y,3M BBSW,3.3191457704824985
2022-08-08,AUD,3Y,3M BBSW,3.3111547683048275
2022-08-05,AUD,3Y,3M BBSW,3.332262558159238
2022-08-04,AUD,3Y,3M BBSW,3.190684396420222
2022-08-03,AUD,3Y,3M BBSW,3.105603678787807
2022-08-02,AUD,3Y,3M BBSW,3.05691883163939
2022-07-29,AUD,3Y,3M BBSW,3.009895348674153
2022-07-28,AUD,3Y,3M BBSW,3.191136390368469
2022-07-27,AUD,3Y,3M BBSW,3.324382798194367
2022-07-26,AUD,3Y,3M BBSW,3.4475418043416974
2022-07-25,AUD,3Y,3M BBSW,3.4272957610548787
2022-07-22,AUD,3Y,3M BBSW,3.4072829756954444
2022-07-21,AUD,3Y,3M BBSW,3.609762374201934
2022-07-20,AUD,3Y,3M BBSW,3.6365804036338467
2022-07-19,AUD,3Y,3M BBSW,3.577422906916108
2022-07-18,AUD,3Y,3M BBSW,3.476039347642068
2022-07-15,AUD,3Y,3M BBSW,3.480196186786105
2022-07-14,AUD,3Y,3M BBSW,3.499979226356706
2022-07-13,AUD,3Y,3M BBSW,3.384347444119119
2022-07-12,AUD,3Y,3M BBSW,3.3927711847620325
2022-07-11,AUD,3Y,3M BBSW,3.5599440390708335
2022-07-08,AUD,3Y,3M BBSW,3.504746195593415
2022-07-07,AUD,3Y,3M BBSW,3.4358766103586067
2022-07-06,AUD,3Y,3M BBSW,3.3493567148638674
2022-07-05,AUD,3Y,3M BBSW,3.503753492503355
2022-07-04,AUD,3Y,3M BBSW,3.368750971313223
2022-07-01,AUD,3Y,3M BBSW,3.330841458837101
2022-06-30,AUD,3Y,3M BBSW,3.676368943243893
2022-06-29,AUD,3Y,3M BBSW,3.746703370251657
2022-06-28,AUD,3Y,3M BBSW,3.709665354571005
2022-06-27,AUD,3Y,3M BBSW,3.702472765523605
2022-06-24,AUD,3Y,3M BBSW,3.649604795905393
2022-06-23,AUD,3Y,3M BBSW,3.797149172443494
2022-06-22,AUD,3Y,3M BBSW,3.891408637047885
2022-06-21,AUD,3Y,3M BBSW,4.055380242674507
2022-06-20,AUD,3Y,3M BBSW,4.08999999999812
2022-06-17,AUD,3Y,3M BBSW,4.15583905557737
2022-06-16,AUD,3Y,3M BBSW,4.119674262880075
2022-06-15,AUD,3Y,3M BBSW,4.154285739127372
2022-06-14,AUD,3Y,3M BBSW,3.9330863576875625
2022-06-10,AUD,3Y,3M BBSW,3.643655338438815
2022-06-09,AUD,3Y,3M BBSW,3.503689669547415
2022-06-08,AUD,3Y,3M BBSW,3.522495750778737
2022-06-07,AUD,3Y,3M BBSW,3.454712757760266
2022-06-06,AUD,3Y,3M BBSW,3.367499999998784
2022-06-03,AUD,3Y,3M BBSW,3.365967494256576
2022-06-02,AUD,3Y,3M BBSW,3.374770175851929
2022-06-01,AUD,3Y,3M BBSW,3.274499786568104
2022-05-31,AUD,3Y,3M BBSW,3.195327934484143
2022-05-30,AUD,3Y,3M BBSW,3.042522065854404
2022-05-27,AUD,3Y,3M BBSW,3.047376677180614
2022-05-26,AUD,3Y,3M BBSW,3.027351544185577
2022-05-25,AUD,3Y,3M BBSW,3.029683809191571
2022-05-24,AUD,3Y,3M BBSW,3.119451463922158
2022-05-23,AUD,3Y,3M BBSW,3.096132800708131
2022-05-20,AUD,3Y,3M BBSW,3.054880037706694
2022-05-19,AUD,3Y,3M BBSW,3.194834369376024
2022-05-18,AUD,3Y,3M BBSW,3.207013973592238
2022-05-17,AUD,3Y,3M BBSW,3.1943220818547196
2022-05-16,AUD,3Y,3M BBSW,3.114929564676481
2022-05-13,AUD,3Y,3M BBSW,3.137373301796461
2022-05-12,AUD,3Y,3M BBSW,3.2448292111524166
2022-05-11,AUD,3Y,3M BBSW,3.256967565460336
2022-05-10,AUD,3Y,3M BBSW,3.274185593720902
2022-05-09,AUD,3Y,3M BBSW,3.349919592001454
2022-05-06,AUD,3Y,3M BBSW,3.3810233575753976
2022-05-05,AUD,3Y,3M BBSW,3.269771374444832
2022-05-04,AUD,3Y,3M BBSW,3.414285580927855
2022-05-03,AUD,3Y,3M BBSW,3.1555686983806814
2022-05-02,AUD,3Y,3M BBSW,3.109925970922967
2022-04-29,AUD,3Y,3M BBSW,3.1373936793584667
2022-04-28,AUD,3Y,3M BBSW,3.021039731398382
2022-04-27,AUD,3Y,3M BBSW,3.004698916642116
2022-04-26,AUD,3Y,3M BBSW,2.948487973419148
2022-04-22,AUD,3Y,3M BBSW,3.002328571218888
2022-04-21,AUD,3Y,3M BBSW,2.791223615686381
2022-04-20,AUD,3Y,3M BBSW,2.760041230150481
2022-04-19,AUD,3Y,3M BBSW,2.63802836445288
2022-04-14,AUD,3Y,3M BBSW,2.587472810647635
2022-04-13,AUD,3Y,3M BBSW,2.665034827503812
2022-04-12,AUD,3Y,3M BBSW,2.736367137783888
2022-04-11,AUD,3Y,3M BBSW,2.767461604169855
2022-04-08,AUD,3Y,3M BBSW,2.803633190894093
2022-04-07,AUD,3Y,3M BBSW,2.738555509466062
2022-04-06,AUD,3Y,3M BBSW,2.80857985806615
2022-04-05,AUD,3Y,3M BBSW,2.550469873989616
2022-04-04,AUD,3Y,3M BBSW,2.622461381865439
2022-04-01,AUD,3Y,3M BBSW,2.665967184292048
2022-03-31,AUD,3Y,3M BBSW,2.54266880291663
2022-03-30,AUD,3Y,3M BBSW,2.617839162617685
2022-03-29,AUD,3Y,3M BBSW,2.737735638352131
2022-03-28,AUD,3Y,3M BBSW,2.618719584844713
2022-03-25,AUD,3Y,3M BBSW,2.599821535803323
2022-03-24,AUD,3Y,3M BBSW,2.409830777474894
2022-03-23,AUD,3Y,3M BBSW,2.441403787545829
2022-03-22,AUD,3Y,3M BBSW,2.332041031170708
2022-03-21,AUD,3Y,3M BBSW,2.161144266711483
2022-03-18,AUD,3Y,3M BBSW,2.158741745961989
2022-03-17,AUD,3Y,3M BBSW,2.112412855117351
2022-03-16,AUD,3Y,3M BBSW,2.05310226507439
2022-03-15,AUD,3Y,3M BBSW,2.135276232081335
2022-03-14,AUD,3Y,3M BBSW,2.101028604216275
2022-03-11,AUD,3Y,3M BBSW,2.042931562655155
2022-03-10,AUD,3Y,3M BBSW,2.034894627621433
2022-03-09,AUD,3Y,3M BBSW,2.018124835134291
2022-03-08,AUD,3Y,3M BBSW,1.946508723328698
2022-03-07,AUD,3Y,3M BBSW,1.846157562626852
2022-03-04,AUD,3Y,3M BBSW,1.7949604822042629
2022-03-03,AUD,3Y,3M BBSW,1.759940201064293
2022-03-02,AUD,3Y,3M BBSW,1.683447165052104
2022-03-01,AUD,3Y,3M BBSW,1.770629992231117
2022-02-28,AUD,3Y,3M BBSW,1.7761806832934692
2022-02-25,AUD,3Y,3M BBSW,1.884914992304949
2022-02-24,AUD,3Y,3M BBSW,1.8449456104141453
2022-02-23,AUD,3Y,3M BBSW,1.904497340670969
2022-02-22,AUD,3Y,3M BBSW,1.862905106418026
2022-02-21,AUD,3Y,3M BBSW,1.851177615150516
2022-02-18,AUD,3Y,3M BBSW,1.834921397209253
2022-02-17,AUD,3Y,3M BBSW,1.854944455508128
2022-02-16,AUD,3Y,3M BBSW,1.91079165786449
2022-02-15,AUD,3Y,3M BBSW,1.919076726483429
2022-02-14,AUD,3Y,3M BBSW,1.8474822155595882
2022-02-11,AUD,3Y,3M BBSW,1.881117263497715
2022-02-10,AUD,3Y,3M BBSW,1.738750786030793
2022-02-09,AUD,3Y,3M BBSW,1.7546284764904159
2022-02-08,AUD,3Y,3M BBSW,1.7668706641714007
2022-02-07,AUD,3Y,3M BBSW,1.676173501703422
2022-02-04,AUD,3Y,3M BBSW,1.692423536331234
2022-02-03,AUD,3Y,3M BBSW,1.519954110306924
2022-02-02,AUD,3Y,3M BBSW,1.519835189623496
2022-02-01,AUD,3Y,3M BBSW,1.494838780817129
2022-01-31,AUD,3Y,3M BBSW,1.538818672023886
2022-01-28,AUD,3Y,3M BBSW,1.572450408397106
2022-01-27,AUD,3Y,3M BBSW,1.6334909352717988
2022-01-25,AUD,3Y,3M BBSW,1.55703766372924
2022-01-24,AUD,3Y,3M BBSW,1.519989986429746
2022-01-21,AUD,3Y,3M BBSW,1.488755404311997
2022-01-20,AUD,3Y,3M BBSW,1.551143282759998
2022-01-19,AUD,3Y,3M BBSW,1.519834971545599
2022-01-18,AUD,3Y,3M BBSW,1.479866656757495
2022-01-17,AUD,3Y,3M BBSW,1.441190832630216
2022-01-14,AUD,3Y,3M BBSW,1.407488237618752
2022-01-13,AUD,3Y,3M BBSW,1.363755139342069
2022-01-12,AUD,3Y,3M BBSW,1.346288583238164
2022-01-11,AUD,3Y,3M BBSW,1.373755399583736
2022-01-10,AUD,3Y,3M BBSW,1.38749054912463
2022-01-07,AUD,3Y,3M BBSW,1.35243886441282
2022-01-06,AUD,3Y,3M BBSW,1.357448609228297
2022-01-05,AUD,3Y,3M BBSW,1.313811235611116
2022-01-04,AUD,3Y,3M BBSW,1.30018368942386
2021-12-31,AUD,3Y,3M BBSW,1.267547581521484
2021-12-30,AUD,3Y,3M BBSW,1.260033643927625
2021-12-29,AUD,3Y,3M BBSW,1.21142455585964
2021-12-24,AUD,3Y,3M BBSW,1.239950578588375
2021-12-23,AUD,3Y,3M BBSW,1.264950918846258
2021-12-22,AUD,3Y,3M BBSW,1.26385418013018
2021-12-21,AUD,3Y,3M BBSW,1.311451742957122
2021-12-20,AUD,3Y,3M BBSW,1.313797073667694
2021-12-17,AUD,3Y,3M BBSW,1.344960227570218
2021-12-16,AUD,3Y,3M BBSW,1.342457810376148
2021-12-15,AUD,3Y,3M BBSW,1.268521866557736
2021-12-14,AUD,3Y,3M BBSW,1.238453073691612
2021-12-13,AUD,3Y,3M BBSW,1.259996540538447
2021-12-10,AUD,3Y,3M BBSW,1.25995441713101
2021-12-09,AUD,3Y,3M BBSW,1.286954156486383
2021-12-08,AUD,3Y,3M BBSW,1.363760592926858
2021-12-07,AUD,3Y,3M BBSW,1.29518137589462
2021-12-06,AUD,3Y,3M BBSW,1.302497324210072
2021-12-03,AUD,3Y,3M BBSW,1.269963299691339
2021-12-02,AUD,3Y,3M BBSW,1.353754828094144
2021-12-01,AUD,3Y,3M BBSW,1.342585986739104
2021-11-30,AUD,3Y,3M BBSW,1.311165503912156
2021-11-29,AUD,3Y,3M BBSW,1.329993497694136
2021-11-26,AUD,3Y,3M BBSW,1.251162608597046
2021-11-25,AUD,3Y,3M BBSW,1.40374795903432
2021-11-24,AUD,3Y,3M BBSW,1.37375199756163
2021-11-23,AUD,3Y,3M BBSW,1.44243889018748
2021-11-22,AUD,3Y,3M BBSW,1.367498867141855
2021-11-19,AUD,3Y,3M BBSW,1.332457782271156
2021-11-18,AUD,3Y,3M BBSW,1.314953629838352
2021-11-17,AUD,3Y,3M BBSW,1.31630395125139
2021-11-16,AUD,3Y,3M BBSW,1.338817464534958
2021-11-15,AUD,3Y,3M BBSW,1.293800998963973
2021-11-12,AUD,3Y,3M BBSW,1.301159889824044
2021-11-11,AUD,3Y,3M BBSW,1.301155270400478
2021-11-10,AUD,3Y,3M BBSW,1.166439465833513
2021-11-09,AUD,3Y,3M BBSW,1.162924333780087
2021-11-08,AUD,3Y,3M BBSW,1.147499140449552
2021-11-05,AUD,3Y,3M BBSW,1.199955713723635
2021-11-04,AUD,3Y,3M BBSW,1.24995278398734
2021-11-03,AUD,3Y,3M BBSW,1.150149751729787
2021-11-02,AUD,3Y,3M BBSW,1.267739897193172
2021-11-01,AUD,3Y,3M BBSW,1.301196202686377
2021-10-29,AUD,3Y,3M BBSW,1.341173950219013
2021-10-28,AUD,3Y,3M BBSW,1.426156186158779
2021-10-27,AUD,3Y,3M BBSW,1.176419471070253
2021-10-26,AUD,3Y,3M BBSW,0.9770352577572129
2021-10-25,AUD,3Y,3M BBSW,0.9374936304141817
2021-10-22,AUD,3Y,3M BBSW,0.9511781676004061
2021-10-21,AUD,3Y,3M BBSW,0.9237801142293847
2021-10-20,AUD,3Y,3M BBSW,0.8916809537085062
2021-10-19,AUD,3Y,3M BBSW,0.9045782209706094
2021-10-18,AUD,3Y,3M BBSW,0.899999509669767
2021-10-15,AUD,3Y,3M BBSW,0.7925072133965001
2021-10-14,AUD,3Y,3M BBSW,0.6887958323409111
2021-10-13,AUD,3Y,3M BBSW,0.6856705330796918
2021-10-12,AUD,3Y,3M BBSW,0.7037337595876005
2021-10-11,AUD,3Y,3M BBSW,0.673800000017144
2021-10-08,AUD,3Y,3M BBSW,0.6599889757758541
2021-10-07,AUD,3Y,3M BBSW,0.5819637105045204
2021-10-06,AUD,3Y,3M BBSW,0.5514964748657057
2021-10-05,AUD,3Y,3M BBSW,0.542332062192263
2021-10-01,AUD,3Y,3M BBSW,0.5299893011957602
2021-09-30,AUD,3Y,3M BBSW,0.5162073424211235
2021-09-29,AUD,3Y,3M BBSW,0.5145382559226128
2021-09-28,AUD,3Y,3M BBSW,0.5190622699133479
2021-09-27,AUD,3Y,3M BBSW,0.48749839151957175
2021-09-24,AUD,3Y,3M BBSW,0.48749151565752175
2021-09-23,AUD,3Y,3M BBSW,0.4311928028304969
2021-09-22,AUD,3Y,3M BBSW,0.417120576439587
2021-09-21,AUD,3Y,3M BBSW,0.41804378627005023
2021-09-20,AUD,3Y,3M BBSW,0.43119994243683696
2021-09-17,AUD,3Y,3M BBSW,0.4311955016560294
2021-09-16,AUD,3Y,3M BBSW,0.41379463960492235
2021-09-15,AUD,3Y,3M BBSW,0.3944340564038109
2021-09-14,AUD,3Y,3M BBSW,0.4302558936132797
2021-09-13,AUD,3Y,3M BBSW,0.4269998321335514
2021-09-10,AUD,3Y,3M BBSW,0.4179943196049699
2021-09-09,AUD,3Y,3M BBSW,0.44499286263294513
2021-09-08,AUD,3Y,3M BBSW,0.44459490801843604
2021-09-07,AUD,3Y,3M BBSW,0.4479900648873869
2021-09-06,AUD,3Y,3M BBSW,0.42879994356223516
2021-09-03,AUD,3Y,3M BBSW,0.42999544046270455
2021-09-02,AUD,3Y,3M BBSW,0.4237945559373978
2021-09-01,AUD,3Y,3M BBSW,0.4396004943326745
2021-08-31,AUD,3Y,3M BBSW,0.404065602929008
2021-08-30,AUD,3Y,3M BBSW,0.4125000000043444
2021-08-27,AUD,3Y,3M BBSW,0.43249671523913036
2021-08-26,AUD,3Y,3M BBSW,0.41619594924659464
2021-08-25,AUD,3Y,3M BBSW,0.4134211695941459
2021-08-24,AUD,3Y,3M BBSW,0.3831050678649122
2021-08-23,AUD,3Y,3M BBSW,0.3712000000033362
2021-08-20,AUD,3Y,3M BBSW,0.3549977399396001
2021-08-19,AUD,3Y,3M BBSW,0.3761966875905194
2021-08-18,AUD,3Y,3M BBSW,0.3858465285859647
2021-08-17,AUD,3Y,3M BBSW,0.386798415538523
2021-08-16,AUD,3Y,3M BBSW,0.403700000004379
2021-08-13,AUD,3Y,3M BBSW,0.4211968170900099
2021-08-12,AUD,3Y,3M BBSW,0.4237957840485629
2021-08-11,AUD,3Y,3M BBSW,0.4483890675195428
2021-08-10,AUD,3Y,3M BBSW,0.4404018207418859
2021-08-09,AUD,3Y,3M BBSW,0.4550000000047131
2021-08-06,AUD,3Y,3M BBSW,0.4499956341892767
2021-08-05,AUD,3Y,3M BBSW,0.39214092137258816
2021-08-04,AUD,3Y,3M BBSW,0.3843000792028015
2021-08-03,AUD,3Y,3M BBSW,0.3527403068252894
2021-07-30,AUD,3Y,3M BBSW,0.3649996871734524
2021-07-29,AUD,3Y,3M BBSW,0.3511981701718341
2021-07-28,AUD,3Y,3M BBSW,0.3684632658778278
2021-07-27,AUD,3Y,3M BBSW,0.3781125108159304
2021-07-26,AUD,3Y,3M BBSW,0.3861976353092575
2021-07-23,AUD,3Y,3M BBSW,0.39499720156295043
2021-07-22,AUD,3Y,3M BBSW,0.3837964470062582
2021-07-21,AUD,3Y,3M BBSW,0.3796530341270646
2021-07-20,AUD,3Y,3M BBSW,0.3718238992554291
2021-07-19,AUD,3Y,3M BBSW,0.4238000000039665
2021-07-16,AUD,3Y,3M BBSW,0.4249967808901279
2021-07-15,AUD,3Y,3M BBSW,0.4088028889294392
2021-07-14,AUD,3Y,3M BBSW,0.42341616162673534
2021-07-13,AUD,3Y,3M BBSW,0.3917877334834091
2021-07-12,AUD,3Y,3M BBSW,0.3875000000053547
2021-07-09,AUD,3Y,3M BBSW,0.4249964926529185
2021-07-08,AUD,3Y,3M BBSW,0.4461945319497972
2021-07-07,AUD,3Y,3M BBSW,0.474563426354602
2021-07-06,AUD,3Y,3M BBSW,0.48791385463062104
2021-07-05,AUD,3Y,3M BBSW,0.46620000000593065
2021-07-02,AUD,3Y,3M BBSW,0.4537944488976167
2021-07-01,AUD,3Y,3M BBSW,0.48379003898273976
2021-06-30,AUD,3Y,3M BBSW,0.4746620194427946
2021-06-29,AUD,3Y,3M BBSW,0.4679240761572095
2021-06-28,AUD,3Y,3M BBSW,0.47499989463371184
2021-06-25,AUD,3Y,3M BBSW,0.4874917014778202
2021-06-24,AUD,3Y,3M BBSW,0.4399917523139829
2021-06-23,AUD,3Y,3M BBSW,0.4520838149305612
2021-06-22,AUD,3Y,3M BBSW,0.4804315398250245
2021-06-21,AUD,3Y,3M BBSW,0.4800000000100144
2021-06-18,AUD,3Y,3M BBSW,0.4911951465001492
2021-06-17,AUD,3Y,3M BBSW,0.39869535700473013
2021-06-16,AUD,3Y,3M BBSW,0.3247025458440515
2021-06-15,AUD,3Y,3M BBSW,0.3180076914463068
2021-06-11,AUD,3Y,3M BBSW,0.3109977363943122
2021-06-10,AUD,3Y,3M BBSW,0.3087170555805537
2021-06-09,AUD,3Y,3M BBSW,0.322412485346657
2021-06-08,AUD,3Y,3M BBSW,0.3440650109818283
2021-06-07,AUD,3Y,3M BBSW,0.3412000000064613
2021-06-04,AUD,3Y,3M BBSW,0.3499975105150966
2021-06-03,AUD,3Y,3M BBSW,0.3299968413903315
2021-06-02,AUD,3Y,3M BBSW,0.3634668694096683
2021-06-01,AUD,3Y,3M BBSW,0.3768177609084912
2021-05-31,AUD,3Y,3M BBSW,0.3712000000284234
2021-05-28,AUD,3Y,3M BBSW,0.3674984421073071
2021-05-27,AUD,3Y,3M BBSW,0.3237981982104905
2021-05-26,AUD,3Y,3M BBSW,0.3109161063886884
2021-05-25,AUD,3Y,3M BBSW,0.3194188144765092
2021-05-24,AUD,3Y,3M BBSW,0.3224987392106818
2021-05-21,AUD,3Y,3M BBSW,0.3287986254582698
2021-05-20,AUD,3Y,3M BBSW,0.3324981479682593
2021-05-19,AUD,3Y,3M BBSW,0.3396898337150497
2021-05-18,AUD,3Y,3M BBSW,0.3282028740278806
2021-05-17,AUD,3Y,3M BBSW,0.317498708869366
2021-05-14,AUD,3Y,3M BBSW,0.3174990506521431
2021-05-13,AUD,3Y,3M BBSW,0.3199982873061325
2021-05-12,AUD,3Y,3M BBSW,0.3085183390994894
2021-05-11,AUD,3Y,3M BBSW,0.311932386335758
2021-05-10,AUD,3Y,3M BBSW,0.3199987564732151
2021-05-07,AUD,3Y,3M BBSW,0.3236982848728507
2021-05-06,AUD,3Y,3M BBSW,0.3287977235531106
2021-05-05,AUD,3Y,3M BBSW,0.3359927028333959
2021-05-04,AUD,3Y,3M BBSW,0.3244097487600766
2021-05-03,AUD,3Y,3M BBSW,0.3224987351465248
2021-04-30,AUD,3Y,3M BBSW,0.3200001693038322
2021-04-29,AUD,3Y,3M BBSW,0.3249981432686563
2021-04-28,AUD,3Y,3M BBSW,0.3159115304199655
2021-04-27,AUD,3Y,3M BBSW,0.3294015968584338
2021-04-26,AUD,3Y,3M BBSW,0.328797752608825
2021-04-23,AUD,3Y,3M BBSW,0.3324980505743983
2021-04-22,AUD,3Y,3M BBSW,0.316197302482861
2021-04-21,AUD,3Y,3M BBSW,0.3197080747094377
2021-04-20,AUD,3Y,3M BBSW,0.3294015944338136
2021-04-19,AUD,3Y,3M BBSW,0.3212000000075443
2021-04-16,AUD,3Y,3M BBSW,0.3287980402859561
2021-04-15,AUD,3Y,3M BBSW,0.3275020679849589
2021-04-14,AUD,3Y,3M BBSW,0.3209090255837449
2021-04-13,AUD,3Y,3M BBSW,0.3232127908357637
2021-04-12,AUD,3Y,3M BBSW,0.3012000000069931
2021-04-09,AUD,3Y,3M BBSW,0.3061981565194053
2021-04-08,AUD,3Y,3M BBSW,0.3024972912196846
2021-04-07,AUD,3Y,3M BBSW,0.3110148714125311
2021-04-06,AUD,3Y,3M BBSW,0.3294016144046751
2021-04-01,AUD,3Y,3M BBSW,0.3434836853331721
2021-03-31,AUD,3Y,3M BBSW,0.3621866290569702
2021-03-30,AUD,3Y,3M BBSW,0.3343071394200217
2021-03-29,AUD,3Y,3M BBSW,0.2827564981147623
2021-03-26,AUD,3Y,3M BBSW,0.2924978587401691
2021-03-25,AUD,3Y,3M BBSW,0.2811969519207025
2021-03-24,AUD,3Y,3M BBSW,0.2672542349851387
2021-03-23,AUD,3Y,3M BBSW,0.2894719237054751
2021-03-22,AUD,3Y,3M BBSW,0.311299819061249
2021-03-19,AUD,3Y,3M BBSW,0.3112986599484769
2021-03-18,AUD,3Y,3M BBSW,0.3287978332547472
2021-03-17,AUD,3Y,3M BBSW,0.2959292031794999
2021-03-16,AUD,3Y,3M BBSW,0.3006526898126909
2021-03-15,AUD,3Y,3M BBSW,0.3370000000293333
2021-03-12,AUD,3Y,3M BBSW,0.3239976819904049
2021-03-11,AUD,3Y,3M BBSW,0.3039976828845298
2021-03-10,AUD,3Y,3M BBSW,0.3267005060021238
2021-03-09,AUD,3Y,3M BBSW,0.3563516314387432
2021-03-08,AUD,3Y,3M BBSW,0.3675000000101566
2021-03-05,AUD,3Y,3M BBSW,0.3462983409061305
2021-03-04,AUD,3Y,3M BBSW,0.3799969275240147
2021-03-03,AUD,3Y,3M BBSW,0.2860382761916444
2021-03-02,AUD,3Y,3M BBSW,0.2956617672652942
2021-03-01,AUD,3Y,3M BBSW,0.2812000000059128
2021-02-26,AUD,3Y,3M BBSW,0.3411969799766923
2021-02-25,AUD,3Y,3M BBSW,0.2722513489977058
2021-02-24,AUD,3Y,3M BBSW,0.2407624958838634
2021-02-23,AUD,3Y,3M BBSW,0.2274998030487925
2021-02-22,AUD,3Y,3M BBSW,0.2711993622254885
2021-02-19,AUD,3Y,3M BBSW,0.2211987136275781
2021-02-18,AUD,3Y,3M BBSW,0.173641416740148
2021-02-17,AUD,3Y,3M BBSW,0.1784752473446036
2021-02-16,AUD,3Y,3M BBSW,0.152499904792271
2021-02-15,AUD,3Y,3M BBSW,0.1499999119178946
2021-02-12,AUD,3Y,3M BBSW,0.1374994928981542
2021-02-11,AUD,3Y,3M BBSW,0.1310802817797378
2021-02-10,AUD,3Y,3M BBSW,0.1372500397648319
2021-02-09,AUD,3Y,3M BBSW,0.1424999193784727
2021-02-08,AUD,3Y,3M BBSW,0.1424998051362612
2021-02-05,AUD,3Y,3M BBSW,0.1387993791315822
2021-02-04,AUD,3Y,3M BBSW,0.1460665983191989
2021-02-03,AUD,3Y,3M BBSW,0.1409433392604145
2021-02-02,AUD,3Y,3M BBSW,0.1524999108271984
2021-02-01,AUD,3Y,3M BBSW,0.1587997277598125
2021-01-29,AUD,3Y,3M BBSW,0.158799427818454
2021-01-28,AUD,3Y,3M BBSW,0.1548585792870944
2021-01-27,AUD,3Y,3M BBSW,0.1559161465140197
2021-01-25,AUD,3Y,3M BBSW,0.1587997738132444
2021-01-22,AUD,3Y,3M BBSW,0.1561991476101504
2021-01-21,AUD,3Y,3M BBSW,0.1510620498354216
2021-01-20,AUD,3Y,3M BBSW,0.1509252082033684
2021-01-19,AUD,3Y,3M BBSW,0.1488000000007983
2021-01-18,AUD,3Y,3M BBSW,0.1449998903594596
2021-01-15,AUD,3Y,3M BBSW,0.1462005263962004
2021-01-14,AUD,3Y,3M BBSW,0.1473659845940444
2021-01-13,AUD,3Y,3M BBSW,0.1497273805191701
2021-01-12,AUD,3Y,3M BBSW,0.1525000000008602
2021-01-11,AUD,3Y,3M BBSW,0.151199914239777
2021-01-08,AUD,3Y,3M BBSW,0.153799107656978
2021-01-07,AUD,3Y,3M BBSW,0.1473651283388957
2021-01-06,AUD,3Y,3M BBSW,0.135952373289069
2021-01-05,AUD,3Y,3M BBSW,0.1274999447663939
2021-01-04,AUD,3Y,3M BBSW,0.1411998472884763
2020-12-31,AUD,3Y,3M BBSW,0.1452647286717848
2020-12-30,AUD,3Y,3M BBSW,0.1451322738674633
2020-12-29,AUD,3Y,3M BBSW,0.1425000000118977
2020-12-24,AUD,3Y,3M BBSW,0.1483939526431055
2020-12-23,AUD,3Y,3M BBSW,0.1333141495523746
2020-12-22,AUD,3Y,3M BBSW,0.1449999435651935
2020-12-21,AUD,3Y,3M BBSW,0.1649999108141859
2020-12-18,AUD,3Y,3M BBSW,0.1761991389049602
2020-12-17,AUD,3Y,3M BBSW,0.1748400804617824
2020-12-16,AUD,3Y,3M BBSW,0.1646998734894742
2020-12-15,AUD,3Y,3M BBSW,0.1580000000005584
2020-12-14,AUD,3Y,3M BBSW,0.1569999144953513
2020-12-11,AUD,3Y,3M BBSW,0.1504992395780318
2020-12-10,AUD,3Y,3M BBSW,0.1493633195911812
2020-12-09,AUD,3Y,3M BBSW,0.1472316218839284
2020-12-08,AUD,3Y,3M BBSW,0.1425000000007319
2020-12-07,AUD,3Y,3M BBSW,0.143699935137798
2020-12-04,AUD,3Y,3M BBSW,0.1487993744519942
2020-12-03,AUD,3Y,3M BBSW,0.1373744069702389
2020-12-02,AUD,3Y,3M BBSW,0.1385474235234416
2020-12-01,AUD,3Y,3M BBSW,0.1338000000004741
2020-11-30,AUD,3Y,3M BBSW,0.1337999715937704
2020-11-27,AUD,3Y,3M BBSW,0.1274996095099029
2020-11-26,AUD,3Y,3M BBSW,0.1298812781249554
2020-11-25,AUD,3Y,3M BBSW,0.1297634826230281
2020-11-24,AUD,3Y,3M BBSW,0.1275000000004616
2020-11-23,AUD,3Y,3M BBSW,0.1274999921253294
2020-11-20,AUD,3Y,3M BBSW,0.1224995146380528
2020-11-19,AUD,3Y,3M BBSW,0.1248858481990963
2020-11-18,AUD,3Y,3M BBSW,0.11598854617155048
2020-11-17,AUD,3Y,3M BBSW,0.1125000000002807
2020-11-16,AUD,3Y,3M BBSW,0.10499999336795009
2020-11-13,AUD,3Y,3M BBSW,0.1074996302860988
2020-11-12,AUD,3Y,3M BBSW,0.11239727303465928
2020-11-11,AUD,3Y,3M BBSW,0.12477255598397101
2020-11-10,AUD,3Y,3M BBSW,0.102500000000312
2020-11-09,AUD,3Y,3M BBSW,7.49999973659074
2020-11-06,AUD,3Y,3M BBSW,7.4999783115344
2020-11-05,AUD,3Y,3M BBSW,7.61304017403281
2020-11-04,AUD,3Y,3M BBSW,8.484524953259081
2020-11-03,AUD,3Y,3M BBSW,7.00000000001081
2020-11-02,AUD,3Y,3M BBSW,9.62999799503705
2020-10-30,AUD,3Y,3M BBSW,9.500005593218901
2020-10-29,AUD,3Y,3M BBSW,9.24155869792549
2020-10-28,AUD,3Y,3M BBSW,9.233159829705349
2020-10-27,AUD,3Y,3M BBSW,9.0000000000211
2020-10-26,AUD,3Y,3M BBSW,8.99999340038138
2020-10-23,AUD,3Y,3M BBSW,9.49996854516254
2020-10-22,AUD,3Y,3M BBSW,9.24154745989419
2020-10-21,AUD,3Y,3M BBSW,9.362923322436439
2020-10-20,AUD,3Y,3M BBSW,9.75000000002012
2020-10-19,AUD,3Y,3M BBSW,0.1150000000001868
2020-10-16,AUD,3Y,3M BBSW,0.1049996527143024
2020-10-15,AUD,3Y,3M BBSW,0.12307717915998048
2020-10-14,AUD,3Y,3M BBSW,0.12298009452541799
2020-10-13,AUD,3Y,3M BBSW,0.123800000000206
2020-10-12,AUD,3Y,3M BBSW,0.1338000000002542
2020-10-09,AUD,3Y,3M BBSW,0.1287994440151617
2020-10-08,AUD,3Y,3M BBSW,0.1210891671028311
2020-10-07,AUD,3Y,3M BBSW,0.1109974054865008
2020-10-06,AUD,3Y,3M BBSW,0.1375000000002652
2020-10-02,AUD,3Y,3M BBSW,0.141070595961108
2020-10-01,AUD,3Y,3M BBSW,0.1409423520876338
2020-09-30,AUD,3Y,3M BBSW,0.1376253964530314
2020-09-29,AUD,3Y,3M BBSW,0.1350000000001801
2020-09-28,AUD,3Y,3M BBSW,0.1361998902506278
2020-09-25,AUD,3Y,3M BBSW,0.126199224119166
2020-09-24,AUD,3Y,3M BBSW,0.1298812063340298
2020-09-23,AUD,3Y,3M BBSW,0.1347544582062217
2020-09-22,AUD,3Y,3M BBSW,0.1674999280115326
2020-09-21,AUD,3Y,3M BBSW,0.16119996570364
2020-09-18,AUD,3Y,3M BBSW,0.1636992032760187
2020-09-17,AUD,3Y,3M BBSW,0.1473653507443779
2020-09-16,AUD,3Y,3M BBSW,0.133556605346689
2020-09-15,AUD,3Y,3M BBSW,0.145000000000223
2020-09-14,AUD,3Y,3M BBSW,0.1597999202594586
2020-09-11,AUD,3Y,3M BBSW,0.1601990940844112
2020-09-10,AUD,3Y,3M BBSW,0.1678464925492052
2020-09-09,AUD,3Y,3M BBSW,0.1704895073874973
2020-09-08,AUD,3Y,3M BBSW,0.1788000000006135
2020-09-07,AUD,3Y,3M BBSW,0.1799999576726236
2020-09-04,AUD,3Y,3M BBSW,0.1749991009701981
2020-09-03,AUD,3Y,3M BBSW,0.1723424992535072
2020-09-02,AUD,3Y,3M BBSW,0.1808706533868085
2020-09-01,AUD,3Y,3M BBSW,0.2025000000007042
2020-08-31,AUD,3Y,3M BBSW,0.1937001060587511
2020-08-28,AUD,3Y,3M BBSW,0.1924993033450072
2020-08-27,AUD,3Y,3M BBSW,0.1898264198673862
2020-08-26,AUD,3Y,3M BBSW,0.19833843117848937
2020-08-25,AUD,3Y,3M BBSW,0.1924997565164392
2020-08-24,AUD,3Y,3M BBSW,0.197500000000542
2020-08-21,AUD,3Y,3M BBSW,0.1987990589649376
2020-08-20,AUD,3Y,3M BBSW,0.20860905178645997
2020-08-19,AUD,3Y,3M BBSW,0.2109155135298513
2020-08-18,AUD,3Y,3M BBSW,0.2087997217307513
2020-08-17,AUD,3Y,3M BBSW,0.2225000000006107
2020-08-14,AUD,3Y,3M BBSW,0.21999964581506268
2020-08-13,AUD,3Y,3M BBSW,0.2086090529577165
2020-08-12,AUD,3Y,3M BBSW,0.2071224336533946
2020-08-11,AUD,3Y,3M BBSW,0.1986997512781457
2020-08-10,AUD,3Y,3M BBSW,0.1925000000002598
2020-08-07,AUD,3Y,3M BBSW,0.1923240571787381
2020-08-06,AUD,3Y,3M BBSW,0.1946446782551833
2020-08-05,AUD,3Y,3M BBSW,0.19815836076524398
2020-08-04,AUD,3Y,3M BBSW,0.1999997511202472
2020-07-31,AUD,3Y,3M BBSW,0.1975010307378955
2020-07-30,AUD,3Y,3M BBSW,0.2085107472332436
2020-07-29,AUD,3Y,3M BBSW,0.2096180599907633
2020-07-28,AUD,3Y,3M BBSW,0.22619967190636397
2020-07-27,AUD,3Y,3M BBSW,0.2150000000005938
2020-07-24,AUD,3Y,3M BBSW,0.2086989823900393
2020-07-23,AUD,3Y,3M BBSW,0.2098078015242224
2020-07-22,AUD,3Y,3M BBSW,0.2121129829518713
2020-07-21,AUD,3Y,3M BBSW,0.2099996903183156
2020-07-20,AUD,3Y,3M BBSW,0.2050000000005266
2020-07-17,AUD,3Y,3M BBSW,0.21249898692160188
2020-07-16,AUD,3Y,3M BBSW,0.21230551741955
2020-07-15,AUD,3Y,3M BBSW,0.2220234412926566
2020-07-14,AUD,3Y,3M BBSW,0.21130012623545824
2020-07-13,AUD,3Y,3M BBSW,0.1950000000006647
2020-07-10,AUD,3Y,3M BBSW,0.1849991801268373
2020-07-09,AUD,3Y,3M BBSW,0.20351353060964497
2020-07-08,AUD,3Y,3M BBSW,0.2058242682316018
2020-07-07,AUD,3Y,3M BBSW,0.21749892077910776
2020-07-06,AUD,3Y,3M BBSW,0.22620000000066817
2020-07-03,AUD,3Y,3M BBSW,0.2237984367716779
2020-07-02,AUD,3Y,3M BBSW,0.2272909626562669
2020-07-01,AUD,3Y,3M BBSW,0.2357691761949554
2020-06-30,AUD,3Y,3M BBSW,0.2324999610272885
2020-06-29,AUD,3Y,3M BBSW,0.2313000000006653
2020-06-26,AUD,3Y,3M BBSW,0.23249786483893886
2020-06-25,AUD,3Y,3M BBSW,0.23728165098612428
2020-06-24,AUD,3Y,3M BBSW,0.2407609575663667
2020-06-23,AUD,3Y,3M BBSW,0.23620000000011654
2020-06-22,AUD,3Y,3M BBSW,0.23379984170848808
2020-06-19,AUD,3Y,3M BBSW,0.23879845640254022
2020-06-18,AUD,3Y,3M BBSW,0.233585978930579
2020-06-17,AUD,3Y,3M BBSW,0.23087928997882862
2020-06-16,AUD,3Y,3M BBSW,0.2600000000012464
2020-06-15,AUD,3Y,3M BBSW,0.2650000000046941
2020-06-12,AUD,3Y,3M BBSW,0.2672547778410857
2020-06-11,AUD,3Y,3M BBSW,0.2645168592145117
2020-06-10,AUD,3Y,3M BBSW,0.2854207883815497
2020-06-09,AUD,3Y,3M BBSW,0.2838000000074083
2020-06-05,AUD,3Y,3M BBSW,0.2824978308920391
2020-06-04,AUD,3Y,3M BBSW,0.2772457577601562
2020-06-03,AUD,3Y,3M BBSW,0.262022689525401
2020-06-02,AUD,3Y,3M BBSW,0.2625000000009126
2020-06-01,AUD,3Y,3M BBSW,0.2725000000009528
2020-05-29,AUD,3Y,3M BBSW,0.2749992383205221
2020-05-28,AUD,3Y,3M BBSW,0.2660570864225602
2020-05-27,AUD,3Y,3M BBSW,0.2645179747015825
2020-05-26,AUD,3Y,3M BBSW,0.2674989084150654
2020-05-25,AUD,3Y,3M BBSW,0.2699994880021251
2020-05-22,AUD,3Y,3M BBSW,0.2574990386738803
2020-05-21,AUD,3Y,3M BBSW,0.2247945596234261
2020-05-20,AUD,3Y,3M BBSW,0.23207675873380956
2020-05-19,AUD,3Y,3M BBSW,0.2249991928268632
2020-05-18,AUD,3Y,3M BBSW,0.20499962887300446
2020-05-15,AUD,3Y,3M BBSW,0.2050004535248204
2020-05-14,AUD,3Y,3M BBSW,0.1948226122377872
2020-05-13,AUD,3Y,3M BBSW,0.2207973332447915
2020-05-12,AUD,3Y,3M BBSW,0.22619918184964308
2020-05-11,AUD,3Y,3M BBSW,0.2930992490664311
2020-05-08,AUD,3Y,3M BBSW,0.2299992530403832
2020-05-07,AUD,3Y,3M BBSW,0.2584637293825045
2020-05-06,AUD,3Y,3M BBSW,0.260724578470849
2020-05-05,AUD,3Y,3M BBSW,0.2712988646316461
2020-05-04,AUD,3Y,3M BBSW,0.2774994283043036
2020-05-01,AUD,3Y,3M BBSW,0.281198267578174
2020-04-30,AUD,3Y,3M BBSW,0.2955374280824103
2020-04-29,AUD,3Y,3M BBSW,0.3127826277760929
2020-04-28,AUD,3Y,3M BBSW,0.308799262372058
2020-04-27,AUD,3Y,3M BBSW,0.3137000000013209
2020-04-24,AUD,3Y,3M BBSW,0.3174976780978441
2020-04-23,AUD,3Y,3M BBSW,0.3222044649294979
2020-04-22,AUD,3Y,3M BBSW,0.3194181328046983
2020-04-21,AUD,3Y,3M BBSW,0.3161992720577739
2020-04-20,AUD,3Y,3M BBSW,0.3187000000012964
2020-04-17,AUD,3Y,3M BBSW,0.3268974807340615
2020-04-16,AUD,3Y,3M BBSW,0.3309963891502624
2020-04-15,AUD,3Y,3M BBSW,0.3636534273543604
2020-04-14,AUD,3Y,3M BBSW,0.3712004286722692
2020-04-09,AUD,3Y,3M BBSW,0.3842988498290712
2020-04-08,AUD,3Y,3M BBSW,0.3814591937587174
2020-04-07,AUD,3Y,3M BBSW,0.35241884512908
2020-04-06,AUD,3Y,3M BBSW,0.3350000000186127
2020-04-03,AUD,3Y,3M BBSW,0.3299964587134475
2020-04-02,AUD,3Y,3M BBSW,0.344681898992118
2020-04-01,AUD,3Y,3M BBSW,0.3505597552124911
2020-03-31,AUD,3Y,3M BBSW,0.3825004704806328
2020-03-30,AUD,3Y,3M BBSW,0.3700000000016711
2020-03-27,AUD,3Y,3M BBSW,0.3887958664401877
2020-03-26,AUD,3Y,3M BBSW,0.4021291289937476
2020-03-25,AUD,3Y,3M BBSW,0.47413159201279526
2020-03-24,AUD,3Y,3M BBSW,0.4724962507281428
2020-03-23,AUD,3Y,3M BBSW,0.4538000000098744
2020-03-20,AUD,3Y,3M BBSW,0.4799958368695996
2020-03-19,AUD,3Y,3M BBSW,0.4745644225103377
2020-03-18,AUD,3Y,3M BBSW,0.6014043753266841
2020-03-17,AUD,3Y,3M BBSW,0.6124953766171951
2020-03-16,AUD,3Y,3M BBSW,0.545000000002482
2020-03-13,AUD,3Y,3M BBSW,0.6561905618432707
2020-03-12,AUD,3Y,3M BBSW,0.5444983590390244
2020-03-11,AUD,3Y,3M BBSW,0.5327285031039914
2020-03-10,AUD,3Y,3M BBSW,0.5511966739925208
2020-03-09,AUD,3Y,3M BBSW,0.5350000000030376
2020-03-06,AUD,3Y,3M BBSW,0.5361942271933363
2020-03-05,AUD,3Y,3M BBSW,0.4720665239490485
2020-03-04,AUD,3Y,3M BBSW,0.4541720602825028
2020-03-03,AUD,3Y,3M BBSW,0.5087972249467401
2020-03-02,AUD,3Y,3M BBSW,0.522500000003373
2020-02-28,AUD,3Y,3M BBSW,0.4786970636985008
2020-02-27,AUD,3Y,3M BBSW,0.5874961792629606
2020-02-26,AUD,3Y,3M BBSW,0.6357212771723644
2020-02-25,AUD,3Y,3M BBSW,0.6451329737442048
2020-02-24,AUD,3Y,3M BBSW,0.6462989233056736
2020-02-21,AUD,3Y,3M BBSW,0.6499917646819657
2020-02-20,AUD,3Y,3M BBSW,0.6774919984403823
2020-02-19,AUD,3Y,3M BBSW,0.72184307621606
2020-02-18,AUD,3Y,3M BBSW,0.7236924793298825
2020-02-17,AUD,3Y,3M BBSW,0.7486985739551519
2020-02-14,AUD,3Y,3M BBSW,0.7275000601945285
2020-02-13,AUD,3Y,3M BBSW,0.7537899366933932
2020-02-12,AUD,3Y,3M BBSW,0.7618068036515366
2020-02-11,AUD,3Y,3M BBSW,0.7286835514069094
2020-02-10,AUD,3Y,3M BBSW,0.7174986632014012
2020-02-07,AUD,3Y,3M BBSW,0.7049904655752559
2020-02-06,AUD,3Y,3M BBSW,0.7799890776407279
2020-02-05,AUD,3Y,3M BBSW,0.738128323828723
2020-02-04,AUD,3Y,3M BBSW,0.6051048985169848
2020-02-03,AUD,3Y,3M BBSW,0.6161980686076922
2020-01-31,AUD,3Y,3M BBSW,0.6325079337801687
2020-01-30,AUD,3Y,3M BBSW,0.665001876048869
2020-01-29,AUD,3Y,3M BBSW,0.7143498585761705
2020-01-28,AUD,3Y,3M BBSW,0.6538177605970225
2020-01-24,AUD,3Y,3M BBSW,0.7261873400955011
2020-01-23,AUD,3Y,3M BBSW,0.7687848253346418
2020-01-22,AUD,3Y,3M BBSW,0.7343315914205797
2020-01-21,AUD,3Y,3M BBSW,0.7648196399946742
2020-01-20,AUD,3Y,3M BBSW,0.7738000000119233
2020-01-17,AUD,3Y,3M BBSW,0.7811850919743315
2020-01-16,AUD,3Y,3M BBSW,0.8099827337814561
2020-01-15,AUD,3Y,3M BBSW,0.8222146515278947
2020-01-14,AUD,3Y,3M BBSW,0.8327909843208765
2020-01-13,AUD,3Y,3M BBSW,0.7961983111828493
2020-01-10,AUD,3Y,3M BBSW,0.8111790564710221
2020-01-09,AUD,3Y,3M BBSW,0.8111842505451425
2020-01-08,AUD,3Y,3M BBSW,0.7830874059779857
2020-01-07,AUD,3Y,3M BBSW,0.7872795015060052
2020-01-06,AUD,3Y,3M BBSW,0.8150000000127784
2020-01-03,AUD,3Y,3M BBSW,0.8249771040493379
2020-01-02,AUD,3Y,3M BBSW,0.9429158178804752
2019-12-31,AUD,3Y,3M BBSW,0.9458510884791277
2019-12-30,AUD,3Y,3M BBSW,0.9250000000183788
2019-12-27,AUD,3Y,3M BBSW,0.9404321890645672
2019-12-24,AUD,3Y,3M BBSW,0.9178901080426054
2019-12-23,AUD,3Y,3M BBSW,0.9025000000168932
2019-12-20,AUD,3Y,3M BBSW,0.909985546019684
2019-12-19,AUD,3Y,3M BBSW,0.8299829284980513
2019-12-18,AUD,3Y,3M BBSW,0.778087855043633
2019-12-17,AUD,3Y,3M BBSW,0.7649161967760592
2019-12-16,AUD,3Y,3M BBSW,0.7837000000120178
2019-12-13,AUD,3Y,3M BBSW,0.7674871956977768
2019-12-12,AUD,3Y,3M BBSW,0.7411841473327251
2019-12-11,AUD,3Y,3M BBSW,0.7430187814407394
2019-12-10,AUD,3Y,3M BBSW,0.7311764256360286
2019-12-09,AUD,3Y,3M BBSW,0.7588000000002062
2019-12-06,AUD,3Y,3M BBSW,0.7461890593220295
2019-12-05,AUD,3Y,3M BBSW,0.7336871821584341
2019-12-04,AUD,3Y,3M BBSW,0.7193420601952171
2019-12-03,AUD,3Y,3M BBSW,0.7973578409591665
2019-12-02,AUD,3Y,3M BBSW,0.7300000000083764
2019-11-29,AUD,3Y,3M BBSW,0.7274938743476684
2019-11-28,AUD,3Y,3M BBSW,0.693793336220366
2019-11-27,AUD,3Y,3M BBSW,0.7093539016570296
2019-11-26,AUD,3Y,3M BBSW,0.7822854866155783
2019-11-25,AUD,3Y,3M BBSW,0.7725000000093175
2019-11-22,AUD,3Y,3M BBSW,0.7662880604629188
2019-11-21,AUD,3Y,3M BBSW,0.7524885640728337
2019-11-20,AUD,3Y,3M BBSW,0.7480157268780995
2019-11-19,AUD,3Y,3M BBSW,0.7661143670952553
2019-11-18,AUD,3Y,3M BBSW,0.7975000000109981
2019-11-15,AUD,3Y,3M BBSW,0.8062127277666766
2019-11-14,AUD,3Y,3M BBSW,0.7974996905076945
2019-11-13,AUD,3Y,3M BBSW,0.8729010215777387
2019-11-12,AUD,3Y,3M BBSW,0.892189016964123
2019-11-11,AUD,3Y,3M BBSW,0.9088000000177112
2019-11-08,AUD,3Y,3M BBSW,0.9286824122927756
2019-11-07,AUD,3Y,3M BBSW,0.8999833356377718
2019-11-06,AUD,3Y,3M BBSW,0.9291493563057576
2019-11-05,AUD,3Y,3M BBSW,0.9195400792135902
2019-11-04,AUD,3Y,3M BBSW,0.8862000000141111
2019-11-01,AUD,3Y,3M BBSW,0.8899783334048218
2019-10-31,AUD,3Y,3M BBSW,0.8587153821760913
2019-10-30,AUD,3Y,3M BBSW,0.8380494772264262
2019-10-29,AUD,3Y,3M BBSW,0.8409803053043948
2019-10-28,AUD,3Y,3M BBSW,0.7875000000097596
2019-10-25,AUD,3Y,3M BBSW,0.7599851955582264
2019-10-24,AUD,3Y,3M BBSW,0.801184235737747
2019-10-23,AUD,3Y,3M BBSW,0.8029604008551776
2019-10-22,AUD,3Y,3M BBSW,0.8434759485320995
2019-10-21,AUD,3Y,3M BBSW,0.836300000007497
2019-10-18,AUD,3Y,3M BBSW,0.8249843850788668
2019-10-17,AUD,3Y,3M BBSW,0.7599860013110151
2019-10-16,AUD,3Y,3M BBSW,0.7343242175151292
2019-10-15,AUD,3Y,3M BBSW,0.7161541616862319
2019-10-14,AUD,3Y,3M BBSW,0.7287000000067511
2019-10-11,AUD,3Y,3M BBSW,0.7574866664913114
2019-10-10,AUD,3Y,3M BBSW,0.6136884889154158
2019-10-09,AUD,3Y,3M BBSW,0.6244273201996757
2019-10-08,AUD,3Y,3M BBSW,0.6213738872704596
2019-10-04,AUD,3Y,3M BBSW,0.6337887790998895
2019-10-03,AUD,3Y,3M BBSW,0.6555945512983836
2019-10-02,AUD,3Y,3M BBSW,0.6699742329560672
2019-10-01,AUD,3Y,3M BBSW,0.7579375696884407
2019-09-30,AUD,3Y,3M BBSW,0.7411999999965165
2019-09-27,AUD,3Y,3M BBSW,0.7562866116131005
2019-09-26,AUD,3Y,3M BBSW,0.7612813154122856
2019-09-25,AUD,3Y,3M BBSW,0.768088387505748
2019-09-24,AUD,3Y,3M BBSW,0.7797919735202077
2019-09-23,AUD,3Y,3M BBSW,0.7788000000046498
2019-09-20,AUD,3Y,3M BBSW,0.7787896612484899
2019-09-19,AUD,3Y,3M BBSW,0.8362830523584455
2019-09-18,AUD,3Y,3M BBSW,0.8954820710528222
2019-09-17,AUD,3Y,3M BBSW,0.912056324980963
2019-09-16,AUD,3Y,3M BBSW,0.9337000000104784
2019-09-13,AUD,3Y,3M BBSW,0.9111815456633574
2019-09-12,AUD,3Y,3M BBSW,0.8899773709929195
2019-09-11,AUD,3Y,3M BBSW,0.8729009220242213
2019-09-10,AUD,3Y,3M BBSW,0.8459737221764827
2019-09-09,AUD,3Y,3M BBSW,0.816300000008138
2019-09-06,AUD,3Y,3M BBSW,0.8199870948348568
2019-09-05,AUD,3Y,3M BBSW,0.7737860153138783
2019-09-04,AUD,3Y,3M BBSW,0.7368271620516855
2019-09-03,AUD,3Y,3M BBSW,0.718700995488359
2019-09-02,AUD,3Y,3M BBSW,0.707499999971924
2019-08-30,AUD,3Y,3M BBSW,0.7150026469936968
2019-08-29,AUD,3Y,3M BBSW,0.6949961596470023
2019-08-28,AUD,3Y,3M BBSW,0.7031588512861685
2019-08-27,AUD,3Y,3M BBSW,0.7323742509711285
2019-08-26,AUD,3Y,3M BBSW,0.7124977725895081
2019-08-23,AUD,3Y,3M BBSW,0.6924916866509208
2019-08-22,AUD,3Y,3M BBSW,0.7274896759101028
2019-08-21,AUD,3Y,3M BBSW,0.7081515098462544
2019-08-20,AUD,3Y,3M BBSW,0.7075159535632903
2019-08-19,AUD,3Y,3M BBSW,0.7149977072784683
2019-08-16,AUD,3Y,3M BBSW,0.686191946742619
2019-08-15,AUD,3Y,3M BBSW,0.7075100071139231
2019-08-14,AUD,3Y,3M BBSW,0.7131566135563708
2019-08-13,AUD,3Y,3M BBSW,0.6987317782071262
2019-08-12,AUD,3Y,3M BBSW,0.7174977788703675
2019-08-09,AUD,3Y,3M BBSW,0.7399907995741438
2019-08-08,AUD,3Y,3M BBSW,0.7274896052930545
2019-08-07,AUD,3Y,3M BBSW,0.7093503246187058
2019-08-06,AUD,3Y,3M BBSW,0.7236867352605533
2019-08-02,AUD,3Y,3M BBSW,0.7737873498888708
2019-08-01,AUD,3Y,3M BBSW,0.8667004444647259
2019-07-31,AUD,3Y,3M BBSW,0.8615651950075767
2019-07-30,AUD,3Y,3M BBSW,0.8682863450974517
2019-07-29,AUD,3Y,3M BBSW,0.8499966655459466
2019-07-26,AUD,3Y,3M BBSW,0.8824852508900447
2019-07-25,AUD,3Y,3M BBSW,0.9324785138683962
2019-07-24,AUD,3Y,3M BBSW,0.9566184174900157
2019-07-23,AUD,3Y,3M BBSW,1.005671552074069
2019-07-22,AUD,3Y,3M BBSW,1.009995316817668
2019-07-19,AUD,3Y,3M BBSW,1.009987893344191
2019-07-18,AUD,3Y,3M BBSW,0.9949778128898537
2019-07-17,AUD,3Y,3M BBSW,1.016562410023545
2019-07-16,AUD,3Y,3M BBSW,1.010662352313397
2019-07-15,AUD,3Y,3M BBSW,1.05130518003713
2019-07-12,AUD,3Y,3M BBSW,1.039984874692023
2019-07-11,AUD,3Y,3M BBSW,0.984978446536002
2019-07-10,AUD,3Y,3M BBSW,1.00406803292707
2019-07-09,AUD,3Y,3M BBSW,1.019349305166476
2019-07-08,AUD,3Y,3M BBSW,1.028695068813259
2019-07-05,AUD,3Y,3M BBSW,0.9936817620423123
2019-07-04,AUD,3Y,3M BBSW,0.98997418117979
2019-07-03,AUD,3Y,3M BBSW,0.9777928808071976
2019-07-02,AUD,3Y,3M BBSW,0.99817478366607
2019-07-01,AUD,3Y,3M BBSW,1.009984614900922
2019-06-28,AUD,3Y,3M BBSW,1.023675803003601
2019-06-27,AUD,3Y,3M BBSW,1.019974705271031
2019-06-26,AUD,3Y,3M BBSW,0.974093559910476
2019-06-25,AUD,3Y,3M BBSW,0.9570526215431712
2019-06-24,AUD,3Y,3M BBSW,0.9688000000254606
2019-06-21,AUD,3Y,3M BBSW,0.9624824282487441
2019-06-20,AUD,3Y,3M BBSW,0.9361854427376242
2019-06-19,AUD,3Y,3M BBSW,1.01406502631809
2019-06-18,AUD,3Y,3M BBSW,1.050600412861134
2019-06-17,AUD,3Y,3M BBSW,1.08750000002062
2019-06-14,AUD,3Y,3M BBSW,1.058800979188497
2019-06-13,AUD,3Y,3M BBSW,1.082803812791424
2019-06-12,AUD,3Y,3M BBSW,1.12914060477357
2019-06-11,AUD,3Y,3M BBSW,1.145601716908544
2019-06-07,AUD,3Y,3M BBSW,1.134972862834062
2019-06-06,AUD,3Y,3M BBSW,1.143774400350517
2019-06-05,AUD,3Y,3M BBSW,1.192697897872439
2019-06-04,AUD,3Y,3M BBSW,1.20033274166625
2019-06-03,AUD,3Y,3M BBSW,1.193800000014455
2019-05-31,AUD,3Y,3M BBSW,1.181222361365619
2019-05-30,AUD,3Y,3M BBSW,1.210010292942
2019-05-29,AUD,3Y,3M BBSW,1.182729722391982
2019-05-28,AUD,3Y,3M BBSW,1.211615834835511
2019-05-27,AUD,3Y,3M BBSW,1.212492656453202
2019-05-24,AUD,3Y,3M BBSW,1.213786236152269
2019-05-23,AUD,3Y,3M BBSW,1.246275507490956
2019-05-22,AUD,3Y,3M BBSW,1.275128720244265
2019-05-21,AUD,3Y,3M BBSW,1.293858905881415
2019-05-20,AUD,3Y,3M BBSW,1.332480234131334
2019-05-17,AUD,3Y,3M BBSW,1.281184716630258
2019-05-16,AUD,3Y,3M BBSW,1.302472954971637
2019-05-15,AUD,3Y,3M BBSW,1.331803863497764
2019-05-14,AUD,3Y,3M BBSW,1.339294857412392
2019-05-13,AUD,3Y,3M BBSW,1.359979734673718
2019-05-10,AUD,3Y,3M BBSW,1.378782288504564
2019-05-09,AUD,3Y,3M BBSW,1.372470201742404
2019-05-08,AUD,3Y,3M BBSW,1.386225832376067
2019-05-07,AUD,3Y,3M BBSW,1.325102953237363
2019-05-06,AUD,3Y,3M BBSW,1.337480118370974
2019-05-03,AUD,3Y,3M BBSW,1.38117387323414
2019-05-02,AUD,3Y,3M BBSW,1.374961959445911
2019-05-01,AUD,3Y,3M BBSW,1.358743661367968
2019-04-30,AUD,3Y,3M BBSW,1.383742591306261
2019-04-29,AUD,3Y,3M BBSW,1.392490538654988
2019-04-26,AUD,3Y,3M BBSW,1.372465719191522
2019-04-24,AUD,3Y,3M BBSW,1.350050486030253
2019-04-23,AUD,3Y,3M BBSW,1.504740585240558
2019-04-18,AUD,3Y,3M BBSW,1.553564696625793
2019-04-17,AUD,3Y,3M BBSW,1.541005914713039
2019-04-16,AUD,3Y,3M BBSW,1.527081329946387
2019-04-15,AUD,3Y,3M BBSW,1.556301583813791
2019-04-12,AUD,3Y,3M BBSW,1.5874655086554879
2019-04-11,AUD,3Y,3M BBSW,1.509949716306295
2019-04-10,AUD,3Y,3M BBSW,1.468631290806554
2019-04-09,AUD,3Y,3M BBSW,1.509776200538718
2019-04-08,AUD,3Y,3M BBSW,1.528688721856495
2019-04-05,AUD,3Y,3M BBSW,1.527457968105793
2019-04-04,AUD,3Y,3M BBSW,1.536137750742011
2019-04-03,AUD,3Y,3M BBSW,1.493606865425317
2019-04-02,AUD,3Y,3M BBSW,1.500962593327923
2019-04-01,AUD,3Y,3M BBSW,1.516164900605284
2019-03-29,AUD,3Y,3M BBSW,1.481184982491651
2019-03-28,AUD,3Y,3M BBSW,1.459951609993554
2019-03-27,AUD,3Y,3M BBSW,1.481128303957109
2019-03-26,AUD,3Y,3M BBSW,1.506047964427582
2019-03-25,AUD,3Y,3M BBSW,1.492442042822585
2019-03-22,AUD,3Y,3M BBSW,1.471273468400636
2019-03-21,AUD,3Y,3M BBSW,1.5849541445039421
2019-03-20,AUD,3Y,3M BBSW,1.5710602102514002
2019-03-19,AUD,3Y,3M BBSW,1.602095383025838
2019-03-18,AUD,3Y,3M BBSW,1.627475337536537
2019-03-15,AUD,3Y,3M BBSW,1.6150445066733017
2019-03-14,AUD,3Y,3M BBSW,1.615002605392214
2019-03-13,AUD,3Y,3M BBSW,1.6285016635500578
2019-03-12,AUD,3Y,3M BBSW,1.690729773549374
2019-03-11,AUD,3Y,3M BBSW,1.684973950522829
2019-03-08,AUD,3Y,3M BBSW,1.702452549962925
2019-03-07,AUD,3Y,3M BBSW,1.7174402881290958
2019-03-06,AUD,3Y,3M BBSW,1.7533855886965477
2019-03-05,AUD,3Y,3M BBSW,1.786762914058884
2019-03-04,AUD,3Y,3M BBSW,1.79876982030509
2019-03-01,AUD,3Y,3M BBSW,1.7824627170321259
2019-02-28,AUD,3Y,3M BBSW,1.752478977990269
2019-02-27,AUD,3Y,3M BBSW,1.748434336999289
2019-02-26,AUD,3Y,3M BBSW,1.758060215047242
2019-02-25,AUD,3Y,3M BBSW,1.764977269404604
2019-02-22,AUD,3Y,3M BBSW,1.749946727235234
2019-02-21,AUD,3Y,3M BBSW,1.7474594698279988
2019-02-20,AUD,3Y,3M BBSW,1.7609039635073183
2019-02-19,AUD,3Y,3M BBSW,1.7880086476499988
2019-02-18,AUD,3Y,3M BBSW,1.802477168423969
2019-02-15,AUD,3Y,3M BBSW,1.8125511638893528
2019-02-14,AUD,3Y,3M BBSW,1.8111998441098227
2019-02-13,AUD,3Y,3M BBSW,1.798370381533631
2019-02-12,AUD,3Y,3M BBSW,1.7755298217940922
2019-02-11,AUD,3Y,3M BBSW,1.752478055745172
2019-02-08,AUD,3Y,3M BBSW,1.71994930710321
2019-02-07,AUD,3Y,3M BBSW,1.7649592957015723
2019-02-06,AUD,3Y,3M BBSW,1.818352116402288
2019-02-05,AUD,3Y,3M BBSW,1.8791416888590449
2019-02-04,AUD,3Y,3M BBSW,1.864967270208202
2019-02-01,AUD,3Y,3M BBSW,1.8861216921736181
2019-01-31,AUD,3Y,3M BBSW,1.881247689885489
2019-01-30,AUD,3Y,3M BBSW,1.9058228099026477
2019-01-29,AUD,3Y,3M BBSW,1.886645789718282
2019-01-25,AUD,3Y,3M BBSW,1.904910586152557
2019-01-24,AUD,3Y,3M BBSW,1.9299329827675051
2019-01-23,AUD,3Y,3M BBSW,1.9420408514504737
2019-01-22,AUD,3Y,3M BBSW,1.9465335760197882
2019-01-21,AUD,3Y,3M BBSW,1.963773321646593
2019-01-18,AUD,3Y,3M BBSW,1.96612202069699
2019-01-17,AUD,3Y,3M BBSW,1.924933776892772
2019-01-16,AUD,3Y,3M BBSW,1.910769073768779
2019-01-15,AUD,3Y,3M BBSW,1.911198578818773
2019-01-14,AUD,3Y,3M BBSW,1.9011825154949522
2019-01-11,AUD,3Y,3M BBSW,1.907419645224566
2019-01-10,AUD,3Y,3M BBSW,1.903604686665176
2019-01-09,AUD,3Y,3M BBSW,1.923257691672279
2019-01-08,AUD,3Y,3M BBSW,1.906611550478438
2019-01-07,AUD,3Y,3M BBSW,1.899974074909718
2019-01-04,AUD,3Y,3M BBSW,1.9323988584872842
2019-01-03,AUD,3Y,3M BBSW,1.8482730545982773
2019-01-02,AUD,3Y,3M BBSW,1.8890703496033012
2018-12-31,AUD,3Y,3M BBSW,1.912535391962331
2018-12-28,AUD,3Y,3M BBSW,1.932009196700329
2018-12-27,AUD,3Y,3M BBSW,1.951467655914472
2018-12-24,AUD,3Y,3M BBSW,1.949993148637812
2018-12-21,AUD,3Y,3M BBSW,1.982429322472622
2018-12-20,AUD,3Y,3M BBSW,1.989938216758324
2018-12-19,AUD,3Y,3M BBSW,1.9981638677435978
2018-12-18,AUD,3Y,3M BBSW,2.008916456719528
2018-12-17,AUD,3Y,3M BBSW,2.032490449866085
2018-12-14,AUD,3Y,3M BBSW,2.027499474183428
2018-12-13,AUD,3Y,3M BBSW,2.054922694639007
2018-12-12,AUD,3Y,3M BBSW,2.028126269047692
2018-12-11,AUD,3Y,3M BBSW,2.017601953265798
2018-12-10,AUD,3Y,3M BBSW,1.997481727660895
2018-12-07,AUD,3Y,3M BBSW,1.992419888030415
2018-12-06,AUD,3Y,3M BBSW,2.012426860273707
2018-12-05,AUD,3Y,3M BBSW,2.0531124716817
2018-12-04,AUD,3Y,3M BBSW,2.083787652701098
2018-12-03,AUD,3Y,3M BBSW,2.126290756941219
2018-11-30,AUD,3Y,3M BBSW,2.11253065315231
2018-11-29,AUD,3Y,3M BBSW,2.136168534494664
2018-11-28,AUD,3Y,3M BBSW,2.141883017308923
2018-11-27,AUD,3Y,3M BBSW,2.138727174413788
2018-11-26,AUD,3Y,3M BBSW,2.153690166477582
2018-11-23,AUD,3Y,3M BBSW,2.161203499974445
2018-11-22,AUD,3Y,3M BBSW,2.169911103464649
2018-11-21,AUD,3Y,3M BBSW,2.185510126141342
2018-11-20,AUD,3Y,3M BBSW,2.184916487890915
2018-11-19,AUD,3Y,3M BBSW,2.174989980487945
2018-11-16,AUD,3Y,3M BBSW,2.193599691846323
2018-11-15,AUD,3Y,3M BBSW,2.212582363231608
2018-11-14,AUD,3Y,3M BBSW,2.18807851592814
2018-11-13,AUD,3Y,3M BBSW,2.194899279901994
2018-11-12,AUD,3Y,3M BBSW,2.202489823063878
2018-11-09,AUD,3Y,3M BBSW,2.182401596286496
2018-11-08,AUD,3Y,3M BBSW,2.204907743176479
2018-11-07,AUD,3Y,3M BBSW,2.174220232273971
2018-11-06,AUD,3Y,3M BBSW,2.163653015403139
2018-11-05,AUD,3Y,3M BBSW,2.16617985850983
2018-11-02,AUD,3Y,3M BBSW,2.171178809582294
2018-11-01,AUD,3Y,3M BBSW,2.124893368741524
2018-10-31,AUD,3Y,3M BBSW,2.084933806345076
2018-10-30,AUD,3Y,3M BBSW,2.084355790169409
2018-10-29,AUD,3Y,3M BBSW,2.083800000020197
2018-10-26,AUD,3Y,3M BBSW,2.088600492070331
2018-10-25,AUD,3Y,3M BBSW,2.106087797733125
2018-10-24,AUD,3Y,3M BBSW,2.124342849125103
2018-10-23,AUD,3Y,3M BBSW,2.147380962627756
2018-10-22,AUD,3Y,3M BBSW,2.158790185821206
2018-10-19,AUD,3Y,3M BBSW,2.172385109425278
2018-10-18,AUD,3Y,3M BBSW,2.176099862842208
2018-10-17,AUD,3Y,3M BBSW,2.146821727310942
2018-10-16,AUD,3Y,3M BBSW,2.163653158387988
2018-10-15,AUD,3Y,3M BBSW,2.140000000023252
2018-10-12,AUD,3Y,3M BBSW,2.129917532460704
2018-10-11,AUD,3Y,3M BBSW,2.13989325804535
2018-10-10,AUD,3Y,3M BBSW,2.150477854192618
2018-10-09,AUD,3Y,3M BBSW,2.151174914429319
2018-10-08,AUD,3Y,3M BBSW,2.143800000024839
2018-10-05,AUD,3Y,3M BBSW,2.127395480989651
2018-10-04,AUD,3Y,3M BBSW,2.124303982514998
2018-10-03,AUD,3Y,3M BBSW,2.078725102219303
2018-10-02,AUD,3Y,3M BBSW,2.11053497516193
2018-09-28,AUD,3Y,3M BBSW,2.1161077289356
2018-09-27,AUD,3Y,3M BBSW,2.156110958881474
2018-09-26,AUD,3Y,3M BBSW,2.18416570356357
2018-09-25,AUD,3Y,3M BBSW,2.186045864864755
2018-09-24,AUD,3Y,3M BBSW,2.167490004348372
2018-09-21,AUD,3Y,3M BBSW,2.171212989499463
2018-09-20,AUD,3Y,3M BBSW,2.182419045286734
2018-09-19,AUD,3Y,3M BBSW,2.171711700324136
2018-09-18,AUD,3Y,3M BBSW,2.116254721495963
2018-09-17,AUD,3Y,3M BBSW,2.093790537526608
2018-09-14,AUD,3Y,3M BBSW,2.098797458844658
2018-09-13,AUD,3Y,3M BBSW,2.097415492914509
2018-09-12,AUD,3Y,3M BBSW,2.063101377134189
2018-09-11,AUD,3Y,3M BBSW,2.063843920272846
2018-09-10,AUD,3Y,3M BBSW,2.067481144003206
2018-09-07,AUD,3Y,3M BBSW,2.063711803378773
2018-09-06,AUD,3Y,3M BBSW,2.082418874829081
2018-09-05,AUD,3Y,3M BBSW,2.088089379773983
2018-09-04,AUD,3Y,3M BBSW,2.042679225732802
2018-09-03,AUD,3Y,3M BBSW,2.037490770169204
2018-08-31,AUD,3Y,3M BBSW,2.025066218411242
2018-08-30,AUD,3Y,3M BBSW,2.076330125851117
2018-08-29,AUD,3Y,3M BBSW,2.116905449459633
2018-08-28,AUD,3Y,3M BBSW,2.120049115363884
2018-08-27,AUD,3Y,3M BBSW,2.101210564435897
2018-08-24,AUD,3Y,3M BBSW,2.109928744751396
2018-08-23,AUD,3Y,3M BBSW,2.081112281121657
2018-08-22,AUD,3Y,3M BBSW,2.101767159985994
2018-08-21,AUD,3Y,3M BBSW,2.099950930448729
2018-08-20,AUD,3Y,3M BBSW,2.087479973260206
2018-08-17,AUD,3Y,3M BBSW,2.103629255874841
2018-08-16,AUD,3Y,3M BBSW,2.084911854284037
2018-08-15,AUD,3Y,3M BBSW,2.093538331756787
2018-08-14,AUD,3Y,3M BBSW,2.115415316643825
2018-08-13,AUD,3Y,3M BBSW,2.122479397322275
2018-08-10,AUD,3Y,3M BBSW,2.12372780728889
2018-08-09,AUD,3Y,3M BBSW,2.159905332255076
2018-08-08,AUD,3Y,3M BBSW,2.181692677241502
2018-08-07,AUD,3Y,3M BBSW,2.176118584606085
2018-08-03,AUD,3Y,3M BBSW,2.192401540327304
2018-08-02,AUD,3Y,3M BBSW,2.20544065378856
2018-08-01,AUD,3Y,3M BBSW,2.19353188146946
2018-07-31,AUD,3Y,3M BBSW,2.189470126566626
2018-07-30,AUD,3Y,3M BBSW,2.165011372281742
2018-07-27,AUD,3Y,3M BBSW,2.162396035284891
2018-07-26,AUD,3Y,3M BBSW,2.179894640344324
2018-07-25,AUD,3Y,3M BBSW,2.202940816959191
2018-07-24,AUD,3Y,3M BBSW,2.223510821666106
2018-07-23,AUD,3Y,3M BBSW,2.211277295219929
2018-07-20,AUD,3Y,3M BBSW,2.204903299850175
2018-07-19,AUD,3Y,3M BBSW,2.209882548116751
2018-07-18,AUD,3Y,3M BBSW,2.186777640663098
2018-07-17,AUD,3Y,3M BBSW,2.176093839379121
2018-07-16,AUD,3Y,3M BBSW,2.162478377275572
2018-07-13,AUD,3Y,3M BBSW,2.148706990829396
2018-07-12,AUD,3Y,3M BBSW,2.161216935638931
2018-07-11,AUD,3Y,3M BBSW,2.167985136675065
2018-07-10,AUD,3Y,3M BBSW,2.201007786168187
2018-07-09,AUD,3Y,3M BBSW,2.169977905074893
2018-07-06,AUD,3Y,3M BBSW,2.166106115010821
2018-07-05,AUD,3Y,3M BBSW,2.139896497702332
2018-07-04,AUD,3Y,3M BBSW,2.14919084445374
2018-07-03,AUD,3Y,3M BBSW,2.121169333074048
2018-07-02,AUD,3Y,3M BBSW,2.147432320019619
2018-06-29,AUD,3Y,3M BBSW,2.147457507710908
2018-06-28,AUD,3Y,3M BBSW,2.156103744559489
2018-06-27,AUD,3Y,3M BBSW,2.165505761532532
2018-06-26,AUD,3Y,3M BBSW,2.16609329578859
2018-06-25,AUD,3Y,3M BBSW,2.176115795336611
2018-06-22,AUD,3Y,3M BBSW,2.181203262434543
2018-06-21,AUD,3Y,3M BBSW,2.202410962979241
2018-06-20,AUD,3Y,3M BBSW,2.180502980690926
2018-06-19,AUD,3Y,3M BBSW,2.163629372590783
2018-06-18,AUD,3Y,3M BBSW,2.177500000027736
2018-06-15,AUD,3Y,3M BBSW,2.195094475743874
2018-06-14,AUD,3Y,3M BBSW,2.211754852727921
2018-06-13,AUD,3Y,3M BBSW,2.227192433913774
2018-06-12,AUD,3Y,3M BBSW,2.246502104008152
2018-06-08,AUD,3Y,3M BBSW,2.237376879527264
2018-06-07,AUD,3Y,3M BBSW,2.277390290336454
2018-06-06,AUD,3Y,3M BBSW,2.242933025092527
2018-06-05,AUD,3Y,3M BBSW,2.242192557342724
2018-06-04,AUD,3Y,3M BBSW,2.220000000021634
2025-11-03,AUD,4Y,3M BBSW,3.701400000000131
2025-10-31,AUD,4Y,3M BBSW,3.667700000000198
2025-10-30,AUD,4Y,3M BBSW,3.6632999999816116
2025-10-29,AUD,4Y,3M BBSW,3.688399999974971
2025-10-28,AUD,4Y,3M BBSW,3.523599999973251
2025-10-27,AUD,4Y,3M BBSW,3.519100000000166
2025-10-24,AUD,4Y,3M BBSW,3.457099123389922
2025-10-23,AUD,4Y,3M BBSW,3.473799999980196
2025-10-22,AUD,4Y,3M BBSW,3.427800000000129
2025-10-21,AUD,4Y,3M BBSW,3.45369999998507
2025-10-20,AUD,4Y,3M BBSW,3.4184999999778034
2025-10-17,AUD,4Y,3M BBSW,3.426596734815493
2025-10-16,AUD,4Y,3M BBSW,3.408199999975718
2025-10-15,AUD,4Y,3M BBSW,3.539896797259775
2025-10-14,AUD,4Y,3M BBSW,3.5539004959161096
2025-10-13,AUD,4Y,3M BBSW,3.556800000000429
2025-10-10,AUD,4Y,3M BBSW,3.615598809038682
2025-10-09,AUD,4Y,3M BBSW,3.628900000000126
2025-10-08,AUD,4Y,3M BBSW,3.578900000000144
2025-10-07,AUD,4Y,3M BBSW,3.589107441133081
2025-10-03,AUD,4Y,3M BBSW,3.571603526956001
2025-10-02,AUD,4Y,3M BBSW,3.566521390063876
2025-10-01,AUD,4Y,3M BBSW,3.585185152456664
2025-09-30,AUD,4Y,3M BBSW,3.6263789565917905
2025-09-29,AUD,4Y,3M BBSW,3.5765139624353752
2025-09-26,AUD,4Y,3M BBSW,3.600722007200568
2025-09-25,AUD,4Y,3M BBSW,3.61451572836949
2025-09-24,AUD,4Y,3M BBSW,3.5772460789896146
2025-09-23,AUD,4Y,3M BBSW,3.468669645852493
2025-09-22,AUD,4Y,3M BBSW,3.4870714566785264
2025-09-19,AUD,4Y,3M BBSW,3.4642719225665255
2025-09-18,AUD,4Y,3M BBSW,3.451187594642474
2025-09-17,AUD,4Y,3M BBSW,3.455502947717289
2025-09-16,AUD,4Y,3M BBSW,3.442329284520445
2025-09-15,AUD,4Y,3M BBSW,3.451762761111864
2025-09-12,AUD,4Y,3M BBSW,3.4630380638342984
2025-09-11,AUD,4Y,3M BBSW,3.425270378218038
2025-09-10,AUD,4Y,3M BBSW,3.4227692068390136
2025-09-09,AUD,4Y,3M BBSW,3.463274959765213
2025-09-08,AUD,4Y,3M BBSW,3.4157403637567434
2025-09-05,AUD,4Y,3M BBSW,3.430659503157295
2025-09-04,AUD,4Y,3M BBSW,3.4723746496758445
2025-09-03,AUD,4Y,3M BBSW,3.4943824473307803
2025-09-02,AUD,4Y,3M BBSW,3.4475821357211336
2025-09-01,AUD,4Y,3M BBSW,3.44009597590515
2025-08-29,AUD,4Y,3M BBSW,3.397278437423305
2025-08-28,AUD,4Y,3M BBSW,3.387374720655008
2025-08-27,AUD,4Y,3M BBSW,3.4017029974480364
2025-08-26,AUD,4Y,3M BBSW,3.404892832654626
2025-08-25,AUD,4Y,3M BBSW,3.397711608505786
2025-08-22,AUD,4Y,3M BBSW,3.410058765372929
2025-08-21,AUD,4Y,3M BBSW,3.416556327889856
2025-08-20,AUD,4Y,3M BBSW,3.38155313777564
2025-08-19,AUD,4Y,3M BBSW,3.416585206681849
2025-08-18,AUD,4Y,3M BBSW,3.399811442066119
2025-08-15,AUD,4Y,3M BBSW,3.367442836631211
2025-08-14,AUD,4Y,3M BBSW,3.3780444990715255
2025-08-13,AUD,4Y,3M BBSW,3.3370807125048305
2025-08-12,AUD,4Y,3M BBSW,3.376532012496272
2025-08-11,AUD,4Y,3M BBSW,3.406233708903887
2025-08-08,AUD,4Y,3M BBSW,3.405982601285187
2025-08-07,AUD,4Y,3M BBSW,3.401663894614013
2025-08-06,AUD,4Y,3M BBSW,3.385084069203133
2025-08-05,AUD,4Y,3M BBSW,3.379851307104299
2025-08-01,AUD,4Y,3M BBSW,3.3611347186954394
2025-07-31,AUD,4Y,3M BBSW,3.444315784280347
2025-07-30,AUD,4Y,3M BBSW,3.430776775993436
2025-07-29,AUD,4Y,3M BBSW,3.4433258254984374
2025-07-28,AUD,4Y,3M BBSW,3.473187671802579
2025-07-25,AUD,4Y,3M BBSW,3.4819820455849184
2025-07-24,AUD,4Y,3M BBSW,3.48502509482205
2025-07-23,AUD,4Y,3M BBSW,3.4387863683709123
2025-07-22,AUD,4Y,3M BBSW,3.41148390347809
2025-07-21,AUD,4Y,3M BBSW,3.402665878066951
2025-07-18,AUD,4Y,3M BBSW,3.427036360761075
2025-07-17,AUD,4Y,3M BBSW,3.408523981189592
2025-07-16,AUD,4Y,3M BBSW,3.499971110728252
2025-07-15,AUD,4Y,3M BBSW,3.544254465140093
2025-07-14,AUD,4Y,3M BBSW,3.482694414433708
2025-07-11,AUD,4Y,3M BBSW,3.4784476577402828
2025-07-10,AUD,4Y,3M BBSW,3.454457889414465
2025-07-09,AUD,4Y,3M BBSW,3.42771589293006
2025-07-08,AUD,4Y,3M BBSW,3.452553688998129
2025-07-07,AUD,4Y,3M BBSW,3.342456274146657
2025-07-04,AUD,4Y,3M BBSW,3.326600784960354
2025-07-03,AUD,4Y,3M BBSW,3.3489403243811355
2025-07-02,AUD,4Y,3M BBSW,3.31453460881381
2025-07-01,AUD,4Y,3M BBSW,3.286345778268154
2025-06-30,AUD,4Y,3M BBSW,3.291813262994133
2025-06-27,AUD,4Y,3M BBSW,3.292676982484376
2025-06-26,AUD,4Y,3M BBSW,3.268601421669344
2025-06-25,AUD,4Y,3M BBSW,3.277897909595567
2025-06-24,AUD,4Y,3M BBSW,3.303776202225913
2025-06-23,AUD,4Y,3M BBSW,3.33945366351601
2025-06-20,AUD,4Y,3M BBSW,3.353054451812549
2025-06-19,AUD,4Y,3M BBSW,3.363093356179666
2025-06-18,AUD,4Y,3M BBSW,3.398995958567683
2025-06-17,AUD,4Y,3M BBSW,3.3694723038901935
2025-06-16,AUD,4Y,3M BBSW,3.375639485324057
2025-06-13,AUD,4Y,3M BBSW,3.352857132343544
2025-06-12,AUD,4Y,3M BBSW,3.3211686771109346
2025-06-11,AUD,4Y,3M BBSW,3.3732152044821806
2025-06-10,AUD,4Y,3M BBSW,3.416427527780864
2025-06-06,AUD,4Y,3M BBSW,3.452305256128684
2025-06-05,AUD,4Y,3M BBSW,3.391172380328807
2025-06-04,AUD,4Y,3M BBSW,3.323488947927805
2025-06-03,AUD,4Y,3M BBSW,3.3392664376924683
2025-06-02,AUD,4Y,3M BBSW,3.3846118203086686
2025-05-30,AUD,4Y,3M BBSW,3.36381791561837
2025-05-29,AUD,4Y,3M BBSW,3.400600499650804
2025-05-28,AUD,4Y,3M BBSW,3.482660627425328
2025-05-27,AUD,4Y,3M BBSW,3.3894681681442616
2025-05-26,AUD,4Y,3M BBSW,3.412861000980842
2025-05-23,AUD,4Y,3M BBSW,3.446690004156092
2025-05-22,AUD,4Y,3M BBSW,3.4736501651127
2025-05-21,AUD,4Y,3M BBSW,3.536510047142579
2025-05-20,AUD,4Y,3M BBSW,3.460450432792083
2025-05-19,AUD,4Y,3M BBSW,3.610245312667979
2025-05-16,AUD,4Y,3M BBSW,3.637811402421435
2025-05-15,AUD,4Y,3M BBSW,3.595456095849322
2025-05-14,AUD,4Y,3M BBSW,3.655343843607537
2025-05-13,AUD,4Y,3M BBSW,3.604478331585587
2025-05-12,AUD,4Y,3M BBSW,3.565293094241268
2025-05-09,AUD,4Y,3M BBSW,3.4119287501286606
2025-05-08,AUD,4Y,3M BBSW,3.4191927403201845
2025-05-07,AUD,4Y,3M BBSW,3.346977126832957
2025-05-06,AUD,4Y,3M BBSW,3.4073762585421123
2025-05-05,AUD,4Y,3M BBSW,3.403970841114649
2025-05-02,AUD,4Y,3M BBSW,3.3862761259781595
2025-05-01,AUD,4Y,3M BBSW,3.334060683173136
2025-04-30,AUD,4Y,3M BBSW,3.304704345328323
2025-04-29,AUD,4Y,3M BBSW,3.304858279026615
2025-04-28,AUD,4Y,3M BBSW,3.302554234119942
2025-04-24,AUD,4Y,3M BBSW,3.3606501577770445
2025-04-23,AUD,4Y,3M BBSW,3.426313962773876
2025-04-22,AUD,4Y,3M BBSW,3.3634607513707704
2025-04-17,AUD,4Y,3M BBSW,3.357751627896271
2025-04-16,AUD,4Y,3M BBSW,3.3697847343574594
2025-04-15,AUD,4Y,3M BBSW,3.4210084050000455
2025-04-14,AUD,4Y,3M BBSW,3.424053854231891
2025-04-11,AUD,4Y,3M BBSW,3.5150764516409474
2025-04-10,AUD,4Y,3M BBSW,3.363524917307143
2025-04-09,AUD,4Y,3M BBSW,3.409993873702778
2025-04-08,AUD,4Y,3M BBSW,3.325961724196796
2025-04-07,AUD,4Y,3M BBSW,3.485441708050764
2025-04-04,AUD,4Y,3M BBSW,3.3820548320414456
2025-03-28,AUD,4Y,3M BBSW,3.7082633233905646
2025-03-27,AUD,4Y,3M BBSW,3.75076674603943
2025-03-26,AUD,4Y,3M BBSW,3.7586425218291275
2025-03-25,AUD,4Y,3M BBSW,3.7601700558693265
2025-03-24,AUD,4Y,3M BBSW,3.7211326918447396
2025-03-21,AUD,4Y,3M BBSW,3.712641813698618
2025-03-20,AUD,4Y,3M BBSW,3.728873690328074
2025-03-19,AUD,4Y,3M BBSW,3.746320425112611
2025-03-18,AUD,4Y,3M BBSW,3.7577586675094086
2025-03-17,AUD,4Y,3M BBSW,3.7435593870961825
2025-03-14,AUD,4Y,3M BBSW,3.757989604328723
2025-03-13,AUD,4Y,3M BBSW,3.7289426799360244
2025-03-12,AUD,4Y,3M BBSW,3.770150941553025
2025-03-11,AUD,4Y,3M BBSW,3.7498230874137355
2025-03-10,AUD,4Y,3M BBSW,3.708974762174675
2025-03-07,AUD,4Y,3M BBSW,3.771473235079724
2025-03-06,AUD,4Y,3M BBSW,3.7925308845443624
2025-03-05,AUD,4Y,3M BBSW,3.8275941147738144
2025-03-04,AUD,4Y,3M BBSW,3.7639624367526414
2025-03-03,AUD,4Y,3M BBSW,3.702333011487645
2025-02-28,AUD,4Y,3M BBSW,3.751871483381339
2025-02-27,AUD,4Y,3M BBSW,3.770819022672875
2025-02-26,AUD,4Y,3M BBSW,3.7892150233571535
2025-02-25,AUD,4Y,3M BBSW,3.8061414045970117
2025-02-24,AUD,4Y,3M BBSW,3.841047850945566
2025-02-21,AUD,4Y,3M BBSW,3.911498230701854
2025-02-20,AUD,4Y,3M BBSW,3.955515235655756
2025-02-19,AUD,4Y,3M BBSW,3.942887647899169
2025-02-18,AUD,4Y,3M BBSW,3.957933972554524
2025-02-17,AUD,4Y,3M BBSW,3.8691085125025895
2025-02-14,AUD,4Y,3M BBSW,3.8487424758852224
2025-02-13,AUD,4Y,3M BBSW,3.84493351957332
2025-02-12,AUD,4Y,3M BBSW,3.9449828178169026
2025-02-11,AUD,4Y,3M BBSW,3.8674930728163135
2025-02-10,AUD,4Y,3M BBSW,3.7993967026516815
2025-02-07,AUD,4Y,3M BBSW,3.815982868466038
2025-02-06,AUD,4Y,3M BBSW,3.760716008919555
2025-02-05,AUD,4Y,3M BBSW,3.677458524193069
2025-02-04,AUD,4Y,3M BBSW,3.787254951296796
2025-02-03,AUD,4Y,3M BBSW,3.793289123083548
2025-01-31,AUD,4Y,3M BBSW,3.743344848097304
2025-01-30,AUD,4Y,3M BBSW,3.759873714869973
2025-01-29,AUD,4Y,3M BBSW,3.762486539184709
2025-01-28,AUD,4Y,3M BBSW,3.821687375489492
2025-01-24,AUD,4Y,3M BBSW,3.858585175813598
2025-01-23,AUD,4Y,3M BBSW,3.900968195871975
2025-01-22,AUD,4Y,3M BBSW,3.898107380513588
2025-01-21,AUD,4Y,3M BBSW,3.884041118841417
2025-01-20,AUD,4Y,3M BBSW,3.86760052435588
2025-01-17,AUD,4Y,3M BBSW,3.940817210871925
2025-11-03,AUD,5Y,3M BBSW,3.78649999999387
2025-10-31,AUD,5Y,3M BBSW,3.753600000002992
2025-10-30,AUD,5Y,3M BBSW,3.745499999993276
2025-10-29,AUD,5Y,3M BBSW,3.7718999999942855
2025-10-28,AUD,5Y,3M BBSW,3.610899999994975
2025-10-27,AUD,5Y,3M BBSW,3.60730000001268
2025-10-24,AUD,5Y,3M BBSW,3.548900092227737
2025-10-23,AUD,5Y,3M BBSW,3.564299999996215
2025-10-22,AUD,5Y,3M BBSW,3.518200000018088
2025-10-21,AUD,5Y,3M BBSW,3.542899999989313
2025-10-20,AUD,5Y,3M BBSW,3.507899999995566
2025-10-17,AUD,5Y,3M BBSW,3.517998587926859
2025-10-16,AUD,5Y,3M BBSW,3.498599999977983
2025-10-15,AUD,5Y,3M BBSW,3.621797330836448
2025-10-14,AUD,5Y,3M BBSW,3.639600414007998
2025-10-13,AUD,5Y,3M BBSW,3.644900000006309
2025-10-10,AUD,5Y,3M BBSW,3.699200352668202
2025-10-09,AUD,5Y,3M BBSW,3.7156999999896945
2025-10-08,AUD,5Y,3M BBSW,3.6667000000188383
2025-10-07,AUD,5Y,3M BBSW,3.680257264355083
2025-10-03,AUD,5Y,3M BBSW,3.662129477038112
2025-10-02,AUD,5Y,3M BBSW,3.6587862601185823
2025-10-01,AUD,5Y,3M BBSW,3.6816079157146584
2025-09-30,AUD,5Y,3M BBSW,3.710568875849724
2025-09-29,AUD,5Y,3M BBSW,3.660887960305407
2025-09-26,AUD,5Y,3M BBSW,3.691501035563042
2025-09-25,AUD,5Y,3M BBSW,3.70577352476316
2025-09-24,AUD,5Y,3M BBSW,3.670258728862954
2025-09-23,AUD,5Y,3M BBSW,3.563036758271143
2025-09-22,AUD,5Y,3M BBSW,3.584815297034258
2025-09-19,AUD,5Y,3M BBSW,3.5599127805092645
2025-09-18,AUD,5Y,3M BBSW,3.547412360845069
2025-09-17,AUD,5Y,3M BBSW,3.551313449816288
2025-09-16,AUD,5Y,3M BBSW,3.533287643242891
2025-09-15,AUD,5Y,3M BBSW,3.544627014843739
2025-09-12,AUD,5Y,3M BBSW,3.553589395178617
2025-09-11,AUD,5Y,3M BBSW,3.5115324326003257
2025-09-10,AUD,5Y,3M BBSW,3.5160624037028425
2025-09-09,AUD,5Y,3M BBSW,3.562960097657818
2025-09-08,AUD,5Y,3M BBSW,3.511913763389105
2025-09-05,AUD,5Y,3M BBSW,3.536125870858206
2025-09-04,AUD,5Y,3M BBSW,3.57126059049645
2025-09-03,AUD,5Y,3M BBSW,3.595216372781947
2025-09-02,AUD,5Y,3M BBSW,3.562195245159652
2025-09-01,AUD,5Y,3M BBSW,3.554997467365026
2025-08-29,AUD,5Y,3M BBSW,3.505099941470507
2025-08-28,AUD,5Y,3M BBSW,3.4944041447010474
2025-08-27,AUD,5Y,3M BBSW,3.511429557264309
2025-08-26,AUD,5Y,3M BBSW,3.5203521882239386
2025-08-25,AUD,5Y,3M BBSW,3.511024392837837
2025-08-22,AUD,5Y,3M BBSW,3.520011094626764
2025-08-21,AUD,5Y,3M BBSW,3.527507556703232
2025-08-20,AUD,5Y,3M BBSW,3.491797725923581
2025-08-19,AUD,5Y,3M BBSW,3.533450443735521
2025-08-18,AUD,5Y,3M BBSW,3.515926000020189
2025-08-15,AUD,5Y,3M BBSW,3.475032008436613
2025-08-14,AUD,5Y,3M BBSW,3.48290767712058
2025-08-13,AUD,5Y,3M BBSW,3.440793620468078
2025-08-12,AUD,5Y,3M BBSW,3.487431806274695
2025-08-11,AUD,5Y,3M BBSW,3.50991827022583
2025-08-08,AUD,5Y,3M BBSW,3.508189894259402
2025-08-07,AUD,5Y,3M BBSW,3.505090419917553
2025-08-06,AUD,5Y,3M BBSW,3.486036213786382
2025-08-05,AUD,5Y,3M BBSW,3.4847611229689894
2025-08-01,AUD,5Y,3M BBSW,3.4724051401124565
2025-07-31,AUD,5Y,3M BBSW,3.5511331253754204
2025-07-30,AUD,5Y,3M BBSW,3.539625131319863
2025-07-29,AUD,5Y,3M BBSW,3.5538752335561323
2025-07-28,AUD,5Y,3M BBSW,3.58330717105507
2025-07-25,AUD,5Y,3M BBSW,3.587275775145383
2025-07-24,AUD,5Y,3M BBSW,3.591435205337676
2025-07-23,AUD,5Y,3M BBSW,3.551026254872557
2025-07-22,AUD,5Y,3M BBSW,3.520899371284954
2025-07-21,AUD,5Y,3M BBSW,3.5191871958955288
2025-07-18,AUD,5Y,3M BBSW,3.546095586123568
2025-07-17,AUD,5Y,3M BBSW,3.5292017013370565
2025-07-16,AUD,5Y,3M BBSW,3.6124605861176136
2025-07-15,AUD,5Y,3M BBSW,3.6531980789223715
2025-07-14,AUD,5Y,3M BBSW,3.589752691263712
2025-07-11,AUD,5Y,3M BBSW,3.58976817193916
2025-07-10,AUD,5Y,3M BBSW,3.5630944938356475
2025-07-09,AUD,5Y,3M BBSW,3.53614843741332
2025-07-08,AUD,5Y,3M BBSW,3.5610113264598215
2025-07-07,AUD,5Y,3M BBSW,3.454814720891313
2025-07-04,AUD,5Y,3M BBSW,3.432444106776976
2025-07-03,AUD,5Y,3M BBSW,3.4549946422489404
2025-07-02,AUD,5Y,3M BBSW,3.42703953117294
2025-07-01,AUD,5Y,3M BBSW,3.394755312032675
2025-06-30,AUD,5Y,3M BBSW,3.401948265606094
2025-06-27,AUD,5Y,3M BBSW,3.4024963684483573
2025-06-26,AUD,5Y,3M BBSW,3.375943627706019
2025-06-25,AUD,5Y,3M BBSW,3.3842448271357766
2025-06-24,AUD,5Y,3M BBSW,3.4123848329531596
2025-06-23,AUD,5Y,3M BBSW,3.4497997122878052
2025-06-20,AUD,5Y,3M BBSW,3.461305711101913
2025-06-19,AUD,5Y,3M BBSW,3.4666368393561067
2025-06-18,AUD,5Y,3M BBSW,3.503028970124116
2025-06-17,AUD,5Y,3M BBSW,3.479113298133502
2025-06-16,AUD,5Y,3M BBSW,3.490980219425165
2025-06-13,AUD,5Y,3M BBSW,3.4687695916464025
2025-06-12,AUD,5Y,3M BBSW,3.42612315539043
2025-06-11,AUD,5Y,3M BBSW,3.4821766463974364
2025-06-10,AUD,5Y,3M BBSW,3.526771980912754
2025-06-06,AUD,5Y,3M BBSW,3.5659774569032474
2025-06-05,AUD,5Y,3M BBSW,3.5006499127262956
2025-06-04,AUD,5Y,3M BBSW,3.4344621138038627
2025-06-03,AUD,5Y,3M BBSW,3.458900978685403
2025-06-02,AUD,5Y,3M BBSW,3.503789620610568
2025-05-30,AUD,5Y,3M BBSW,3.475653617453055
2025-05-29,AUD,5Y,3M BBSW,3.515130405201097
2025-05-28,AUD,5Y,3M BBSW,3.5960674748843875
2025-05-27,AUD,5Y,3M BBSW,3.4987884356029406
2025-05-26,AUD,5Y,3M BBSW,3.529934608160011
2025-05-23,AUD,5Y,3M BBSW,3.567587679916737
2025-05-22,AUD,5Y,3M BBSW,3.596183849960852
2025-05-21,AUD,5Y,3M BBSW,3.6687677424387064
2025-05-20,AUD,5Y,3M BBSW,3.585109006189436
2025-05-19,AUD,5Y,3M BBSW,3.711362085469594
2025-05-16,AUD,5Y,3M BBSW,3.737217459539144
2025-05-15,AUD,5Y,3M BBSW,3.696518628012952
2025-05-14,AUD,5Y,3M BBSW,3.7662237243961014
2025-05-13,AUD,5Y,3M BBSW,3.708096962244403
2025-05-12,AUD,5Y,3M BBSW,3.668559289923022
2025-05-09,AUD,5Y,3M BBSW,3.5182133588507534
2025-05-08,AUD,5Y,3M BBSW,3.5237370524869993
2025-05-07,AUD,5Y,3M BBSW,3.452511139404918
2025-05-06,AUD,5Y,3M BBSW,3.524207136800101
2025-05-05,AUD,5Y,3M BBSW,3.516086425013007
2025-05-02,AUD,5Y,3M BBSW,3.4999411585474807
2025-05-01,AUD,5Y,3M BBSW,3.4463848979246285
2025-04-30,AUD,5Y,3M BBSW,3.4131894988144134
2025-04-29,AUD,5Y,3M BBSW,3.4193376673128135
2025-04-28,AUD,5Y,3M BBSW,3.421155347501148
2025-04-24,AUD,5Y,3M BBSW,3.477075861511242
2025-04-23,AUD,5Y,3M BBSW,3.538635022247133
2025-04-22,AUD,5Y,3M BBSW,3.482235607505112
2025-04-17,AUD,5Y,3M BBSW,3.477852360307981
2025-04-16,AUD,5Y,3M BBSW,3.4944633806530194
2025-04-15,AUD,5Y,3M BBSW,3.55123112629203
2025-04-14,AUD,5Y,3M BBSW,3.556509231751168
2025-04-11,AUD,5Y,3M BBSW,3.6614971309237436
2025-04-10,AUD,5Y,3M BBSW,3.5253804193840694
2025-04-09,AUD,5Y,3M BBSW,3.5297363149877405
2025-04-08,AUD,5Y,3M BBSW,3.4611892847600636
2025-04-07,AUD,5Y,3M BBSW,3.5884087525345785
2025-04-04,AUD,5Y,3M BBSW,3.467658051639043
2025-03-28,AUD,5Y,3M BBSW,3.778871382587729
2025-03-27,AUD,5Y,3M BBSW,3.8225787017094217
2025-03-26,AUD,5Y,3M BBSW,3.832831921351887
2025-03-25,AUD,5Y,3M BBSW,3.831919409443748
2025-03-24,AUD,5Y,3M BBSW,3.7966687362540616
2025-03-21,AUD,5Y,3M BBSW,3.783516569357591
2025-03-20,AUD,5Y,3M BBSW,3.79559226908222
2025-03-19,AUD,5Y,3M BBSW,3.8094435953866754
2025-03-18,AUD,5Y,3M BBSW,3.8279115144389615
2025-03-17,AUD,5Y,3M BBSW,3.8142335834000596
2025-03-14,AUD,5Y,3M BBSW,3.8263165178324186
2025-03-13,AUD,5Y,3M BBSW,3.799547453420445
2025-03-12,AUD,5Y,3M BBSW,3.843020506589597
2025-03-11,AUD,5Y,3M BBSW,3.829003227468894
2025-03-10,AUD,5Y,3M BBSW,3.783386244036615
2025-03-07,AUD,5Y,3M BBSW,3.844465198181589
2025-03-06,AUD,5Y,3M BBSW,3.864736697918672
2025-03-05,AUD,5Y,3M BBSW,3.8998725995196613
2025-03-04,AUD,5Y,3M BBSW,3.831641121182979
2025-03-03,AUD,5Y,3M BBSW,3.764137896281438
2025-02-28,AUD,5Y,3M BBSW,3.812597317617503
2025-02-27,AUD,5Y,3M BBSW,3.829150326464376
2025-02-26,AUD,5Y,3M BBSW,3.848997479685132
2025-02-25,AUD,5Y,3M BBSW,3.869590832486005
2025-02-24,AUD,5Y,3M BBSW,3.908204055846724
2025-02-21,AUD,5Y,3M BBSW,3.9765204086131685
2025-02-20,AUD,5Y,3M BBSW,4.021119262372492
2025-02-19,AUD,5Y,3M BBSW,4.010719305755844
2025-02-18,AUD,5Y,3M BBSW,4.02792174017797
2025-02-17,AUD,5Y,3M BBSW,3.939063621256179
2025-02-14,AUD,5Y,3M BBSW,3.91043828931279
2025-02-13,AUD,5Y,3M BBSW,3.9096430764382033
2025-02-12,AUD,5Y,3M BBSW,4.012506059080959
2025-02-11,AUD,5Y,3M BBSW,3.935237288382921
2025-02-10,AUD,5Y,3M BBSW,3.8645240895846174
2025-02-07,AUD,5Y,3M BBSW,3.883985394568654
2025-02-06,AUD,5Y,3M BBSW,3.825004836932329
2025-02-05,AUD,5Y,3M BBSW,3.67104051142966
2025-02-04,AUD,5Y,3M BBSW,3.794329809046611
2025-02-03,AUD,5Y,3M BBSW,3.804259979409223
2025-01-31,AUD,5Y,3M BBSW,3.737232553986986
2025-01-30,AUD,5Y,3M BBSW,3.75705460283797
2025-01-29,AUD,5Y,3M BBSW,3.7604710414720457
2025-01-28,AUD,5Y,3M BBSW,3.82012145045651
2025-01-24,AUD,5Y,3M BBSW,3.855274469056036
2025-01-23,AUD,5Y,3M BBSW,3.913293892708642
2025-01-22,AUD,5Y,3M BBSW,3.897075557665577
2025-01-21,AUD,5Y,3M BBSW,3.884707688909756
2025-01-20,AUD,5Y,3M BBSW,3.865267962451877
2025-01-17,AUD,5Y,3M BBSW,3.9436955016685005
2025-11-03,AUD,6Y,3M BBSW,3.878199999989536
2025-10-31,AUD,6Y,3M BBSW,3.8453999999890383
2025-10-30,AUD,6Y,3M BBSW,3.8385999999949445
2025-10-29,AUD,6Y,3M BBSW,3.862499999991283
2025-10-28,AUD,6Y,3M BBSW,3.705399999994268
2025-10-27,AUD,6Y,3M BBSW,3.703399999986469
2025-10-24,AUD,6Y,3M BBSW,3.6477988708747815
2025-10-23,AUD,6Y,3M BBSW,3.6656999999899376
2025-10-22,AUD,6Y,3M BBSW,3.616999999988252
2025-10-21,AUD,6Y,3M BBSW,3.641699999996479
2025-10-20,AUD,6Y,3M BBSW,3.606699999992871
2025-10-17,AUD,6Y,3M BBSW,3.6184994812432008
2025-10-16,AUD,6Y,3M BBSW,3.600099999993642
2025-10-15,AUD,6Y,3M BBSW,3.714697675946964
2025-10-14,AUD,6Y,3M BBSW,3.7348003607149765
2025-10-13,AUD,6Y,3M BBSW,3.742300000000415
2025-10-10,AUD,6Y,3M BBSW,3.793501230920827
2025-10-09,AUD,6Y,3M BBSW,3.812599999989104
2025-10-08,AUD,6Y,3M BBSW,3.763799999988383
2025-10-07,AUD,6Y,3M BBSW,3.781509342411985
2025-10-03,AUD,6Y,3M BBSW,3.759044911981862
2025-10-02,AUD,6Y,3M BBSW,3.7581441822914394
2025-10-01,AUD,6Y,3M BBSW,3.782669087597632
2025-09-30,AUD,6Y,3M BBSW,3.8064634599640135
2025-09-29,AUD,6Y,3M BBSW,3.760775089212502
2025-09-26,AUD,6Y,3M BBSW,3.7902760815824403
2025-09-25,AUD,6Y,3M BBSW,3.8070272516976345
2025-09-24,AUD,6Y,3M BBSW,3.769194619249351
2025-09-23,AUD,6Y,3M BBSW,3.667746900387329
2025-09-22,AUD,6Y,3M BBSW,3.692239561864351
2025-09-19,AUD,6Y,3M BBSW,3.666641036812917
2025-09-18,AUD,6Y,3M BBSW,3.6536357694574555
2025-09-17,AUD,6Y,3M BBSW,3.6548442081647434
2025-09-16,AUD,6Y,3M BBSW,3.634902601822839
2025-09-15,AUD,6Y,3M BBSW,3.644564622490381
2025-09-12,AUD,6Y,3M BBSW,3.654726712056322
2025-09-11,AUD,6Y,3M BBSW,3.6103657075230564
2025-09-10,AUD,6Y,3M BBSW,3.6205589156880698
2025-09-09,AUD,6Y,3M BBSW,3.66941460466443
2025-09-08,AUD,6Y,3M BBSW,3.6201555038040256
2025-09-05,AUD,6Y,3M BBSW,3.6492638208961163
2025-09-04,AUD,6Y,3M BBSW,3.680326063639917
2025-09-03,AUD,6Y,3M BBSW,3.7077362541130374
2025-09-02,AUD,6Y,3M BBSW,3.681792403697517
2025-09-01,AUD,6Y,3M BBSW,3.67641899146779
2025-08-29,AUD,6Y,3M BBSW,3.62489327524239
2025-08-28,AUD,6Y,3M BBSW,3.6109232874207446
2025-08-27,AUD,6Y,3M BBSW,3.631541693841943
2025-08-26,AUD,6Y,3M BBSW,3.641878738689213
2025-08-25,AUD,6Y,3M BBSW,3.633175590244379
2025-08-22,AUD,6Y,3M BBSW,3.640508500007431
2025-08-21,AUD,6Y,3M BBSW,3.647844885132074
2025-08-20,AUD,6Y,3M BBSW,3.611626918043328
2025-08-19,AUD,6Y,3M BBSW,3.654000140259576
2025-08-18,AUD,6Y,3M BBSW,3.640288916951817
2025-08-15,AUD,6Y,3M BBSW,3.593245960592199
2025-08-14,AUD,6Y,3M BBSW,3.5986576865924853
2025-08-13,AUD,6Y,3M BBSW,3.556173047633525
2025-08-12,AUD,6Y,3M BBSW,3.603918250612785
2025-08-11,AUD,6Y,3M BBSW,3.625121557941022
2025-08-08,AUD,6Y,3M BBSW,3.622634613500222
2025-08-07,AUD,6Y,3M BBSW,3.6183897542530175
2025-08-06,AUD,6Y,3M BBSW,3.5965200417142738
2025-08-05,AUD,6Y,3M BBSW,3.6001494150424254
2025-08-01,AUD,6Y,3M BBSW,3.5856450811761373
2025-07-31,AUD,6Y,3M BBSW,3.662490289992506
2025-07-30,AUD,6Y,3M BBSW,3.653100678972865
2025-07-29,AUD,6Y,3M BBSW,3.669757137078675
2025-07-28,AUD,6Y,3M BBSW,3.701263766254596
2025-07-25,AUD,6Y,3M BBSW,3.7013751376911403
2025-07-24,AUD,6Y,3M BBSW,3.7078257281063327
2025-07-23,AUD,6Y,3M BBSW,3.669575493369795
2025-07-22,AUD,6Y,3M BBSW,3.63895889097206
2025-07-21,AUD,6Y,3M BBSW,3.6428710999481297
2025-07-18,AUD,6Y,3M BBSW,3.6729064475170015
2025-07-17,AUD,6Y,3M BBSW,3.6544891476929604
2025-07-16,AUD,6Y,3M BBSW,3.732449353406595
2025-07-15,AUD,6Y,3M BBSW,3.774129334067839
2025-07-14,AUD,6Y,3M BBSW,3.710467831887252
2025-07-11,AUD,6Y,3M BBSW,3.709981117096096
2025-07-10,AUD,6Y,3M BBSW,3.678037352478751
2025-07-09,AUD,6Y,3M BBSW,3.6497909773755626
2025-07-08,AUD,6Y,3M BBSW,3.675784076682572
2025-07-07,AUD,6Y,3M BBSW,3.576104926842799
2025-07-04,AUD,6Y,3M BBSW,3.551712993147483
2025-07-03,AUD,6Y,3M BBSW,3.572619791585189
2025-07-02,AUD,6Y,3M BBSW,3.548738719458548
2025-07-01,AUD,6Y,3M BBSW,3.513588872013805
2025-06-30,AUD,6Y,3M BBSW,3.517639880573886
2025-06-27,AUD,6Y,3M BBSW,3.519336840874412
2025-06-26,AUD,6Y,3M BBSW,3.495074853788549
2025-06-25,AUD,6Y,3M BBSW,3.5051613339178096
2025-06-24,AUD,6Y,3M BBSW,3.527414272819343
2025-06-23,AUD,6Y,3M BBSW,3.56931669424256
2025-06-20,AUD,6Y,3M BBSW,3.5768625804939025
2025-06-19,AUD,6Y,3M BBSW,3.580765120137225
2025-06-18,AUD,6Y,3M BBSW,3.6184491391058735
2025-06-17,AUD,6Y,3M BBSW,3.5978244221644076
2025-06-16,AUD,6Y,3M BBSW,3.610939361793439
2025-06-13,AUD,6Y,3M BBSW,3.616335067355559
2025-06-12,AUD,6Y,3M BBSW,3.54295913900535
2025-06-11,AUD,6Y,3M BBSW,3.605158724566154
2025-06-10,AUD,6Y,3M BBSW,3.6481964588456037
2025-06-06,AUD,6Y,3M BBSW,3.691333400503769
2025-06-05,AUD,6Y,3M BBSW,3.6249910932746996
2025-06-04,AUD,6Y,3M BBSW,3.560095594686995
2025-06-03,AUD,6Y,3M BBSW,3.587616352765037
2025-06-02,AUD,6Y,3M BBSW,3.6353164394219566
2025-05-30,AUD,6Y,3M BBSW,3.598090623881536
2025-05-29,AUD,6Y,3M BBSW,3.6373628455525395
2025-05-28,AUD,6Y,3M BBSW,3.716792903944278
2025-05-27,AUD,6Y,3M BBSW,3.6169536408106078
2025-05-26,AUD,6Y,3M BBSW,3.6556240087861043
2025-05-23,AUD,6Y,3M BBSW,3.692197703770643
2025-05-22,AUD,6Y,3M BBSW,3.725089401084747
2025-05-21,AUD,6Y,3M BBSW,3.8043481273610875
2025-05-20,AUD,6Y,3M BBSW,3.7120022374639685
2025-05-19,AUD,6Y,3M BBSW,3.821031216556988
2025-05-16,AUD,6Y,3M BBSW,3.8446180048684284
2025-05-15,AUD,6Y,3M BBSW,3.8100967659790457
2025-05-14,AUD,6Y,3M BBSW,3.884913275524836
2025-05-13,AUD,6Y,3M BBSW,3.822030529892759
2025-05-12,AUD,6Y,3M BBSW,3.780596087914338
2025-05-09,AUD,6Y,3M BBSW,3.635861203883954
2025-05-08,AUD,6Y,3M BBSW,3.6380299852024582
2025-05-07,AUD,6Y,3M BBSW,3.569812517253781
2025-05-06,AUD,6Y,3M BBSW,3.6471034394041366
2025-05-05,AUD,6Y,3M BBSW,3.63712422438522
2025-05-02,AUD,6Y,3M BBSW,3.622405536673548
2025-05-01,AUD,6Y,3M BBSW,3.565488482331057
2025-04-30,AUD,6Y,3M BBSW,3.531287638228885
2025-04-29,AUD,6Y,3M BBSW,3.540658846404793
2025-04-28,AUD,6Y,3M BBSW,3.5449673409828386
2025-04-24,AUD,6Y,3M BBSW,3.598703542305216
2025-04-23,AUD,6Y,3M BBSW,3.6596680163955204
2025-04-22,AUD,6Y,3M BBSW,3.607471435952884
2025-04-17,AUD,6Y,3M BBSW,3.6049386338050065
2025-04-16,AUD,6Y,3M BBSW,3.625039346939151
2025-04-15,AUD,6Y,3M BBSW,3.681585646726164
2025-04-14,AUD,6Y,3M BBSW,3.691101496902588
2025-04-11,AUD,6Y,3M BBSW,3.78612596378787
2025-04-10,AUD,6Y,3M BBSW,3.678277140172127
2025-04-09,AUD,6Y,3M BBSW,3.6533210755183037
2025-04-08,AUD,6Y,3M BBSW,3.591973530187145
2025-04-07,AUD,6Y,3M BBSW,3.701278327393186
2025-04-04,AUD,6Y,3M BBSW,3.575343563524346
2025-03-28,AUD,6Y,3M BBSW,3.86775041019273
2025-03-27,AUD,6Y,3M BBSW,3.909156779744251
2025-03-26,AUD,6Y,3M BBSW,3.921681575660172
2025-03-25,AUD,6Y,3M BBSW,3.915095775692871
2025-03-24,AUD,6Y,3M BBSW,3.883398876755943
2025-03-21,AUD,6Y,3M BBSW,3.8745895180157435
2025-03-20,AUD,6Y,3M BBSW,3.8847604727977747
2025-03-19,AUD,6Y,3M BBSW,3.89241826045035
2025-03-18,AUD,6Y,3M BBSW,3.913772940179846
2025-03-17,AUD,6Y,3M BBSW,3.9005741897411106
2025-03-14,AUD,6Y,3M BBSW,3.915455853717741
2025-03-13,AUD,6Y,3M BBSW,3.886833371904277
2025-03-12,AUD,6Y,3M BBSW,3.933652107544303
2025-03-11,AUD,6Y,3M BBSW,3.9217294179481
2025-03-10,AUD,6Y,3M BBSW,3.87367818663283
2025-03-07,AUD,6Y,3M BBSW,3.9285795953526383
2025-03-06,AUD,6Y,3M BBSW,3.951021859262025
2025-03-05,AUD,6Y,3M BBSW,3.986433339579228
2025-03-04,AUD,6Y,3M BBSW,3.911843646462301
2025-03-03,AUD,6Y,3M BBSW,3.8407282154737645
2025-02-28,AUD,6Y,3M BBSW,3.8881281343745107
2025-02-27,AUD,6Y,3M BBSW,3.905672582429748
2025-02-26,AUD,6Y,3M BBSW,3.922818571809885
2025-02-25,AUD,6Y,3M BBSW,3.948348871905615
2025-02-24,AUD,6Y,3M BBSW,3.9939575123210598
2025-02-21,AUD,6Y,3M BBSW,4.056926296472329
2025-02-20,AUD,6Y,3M BBSW,4.100926130217369
2025-02-19,AUD,6Y,3M BBSW,4.091892772147605
2025-02-18,AUD,6Y,3M BBSW,4.109856446833135
2025-02-17,AUD,6Y,3M BBSW,4.020056710378971
2025-02-14,AUD,6Y,3M BBSW,3.992089131197106
2025-02-13,AUD,6Y,3M BBSW,3.9911352468919263
2025-02-12,AUD,6Y,3M BBSW,4.093663599095589
2025-02-11,AUD,6Y,3M BBSW,4.016066040787897
2025-02-10,AUD,6Y,3M BBSW,3.945269861940601
2025-02-07,AUD,6Y,3M BBSW,3.9636892325273623
2025-02-06,AUD,6Y,3M BBSW,3.903613239654528
2025-02-05,AUD,6Y,3M BBSW,3.6667812703442224
2025-02-04,AUD,6Y,3M BBSW,3.799048228337239
2025-02-03,AUD,6Y,3M BBSW,3.811550052590235
2025-01-31,AUD,6Y,3M BBSW,3.733176540517105
2025-01-30,AUD,6Y,3M BBSW,3.7551833766821385
2025-01-29,AUD,6Y,3M BBSW,3.759133547367565
2025-01-28,AUD,6Y,3M BBSW,3.819077091914541
2025-01-24,AUD,6Y,3M BBSW,3.8530779450615205
2025-01-23,AUD,6Y,3M BBSW,3.9214745480810804
2025-01-22,AUD,6Y,3M BBSW,3.896390790810335
2025-01-21,AUD,6Y,3M BBSW,3.885159738486035
2025-01-20,AUD,6Y,3M BBSW,3.8637185109500356
2025-01-17,AUD,6Y,3M BBSW,3.945606257820334
2025-11-03,AUD,7Y,3M BBSW,3.971100000005648
2025-10-31,AUD,7Y,3M BBSW,3.938600000003746
2025-10-30,AUD,7Y,3M BBSW,3.92920000000907
2025-10-29,AUD,7Y,3M BBSW,3.9530000000047685
2025-10-28,AUD,7Y,3M BBSW,3.8008000000177447
2025-10-27,AUD,7Y,3M BBSW,3.798900000006717
2025-10-24,AUD,7Y,3M BBSW,3.747997043653433
2025-10-23,AUD,7Y,3M BBSW,3.765300000004681
2025-10-22,AUD,7Y,3M BBSW,3.7175000000056717
2025-10-21,AUD,7Y,3M BBSW,3.73950000000154
2025-10-20,AUD,7Y,3M BBSW,3.705300000002883
2025-10-17,AUD,7Y,3M BBSW,3.718298100363176
2025-10-16,AUD,7Y,3M BBSW,3.701500000008756
2025-10-15,AUD,7Y,3M BBSW,3.808797918888481
2025-10-14,AUD,7Y,3M BBSW,3.829200323038884
2025-10-13,AUD,7Y,3M BBSW,3.838600000011531
2025-10-10,AUD,7Y,3M BBSW,3.889299570245454
2025-10-09,AUD,7Y,3M BBSW,3.9102000000054176
2025-10-08,AUD,7Y,3M BBSW,3.8628000000065175
2025-10-07,AUD,7Y,3M BBSW,3.8803292446989506
2025-10-03,AUD,7Y,3M BBSW,3.854708453822906
2025-10-02,AUD,7Y,3M BBSW,3.853071496922875
2025-10-01,AUD,7Y,3M BBSW,3.8811076315580504
2025-09-30,AUD,7Y,3M BBSW,3.9012653720635426
2025-09-29,AUD,7Y,3M BBSW,3.856904524797321
2025-09-26,AUD,7Y,3M BBSW,3.887673624060164
2025-09-25,AUD,7Y,3M BBSW,3.902996251065901
2025-09-24,AUD,7Y,3M BBSW,3.867606050923008
2025-09-23,AUD,7Y,3M BBSW,3.7689632552612067
2025-09-22,AUD,7Y,3M BBSW,3.7947604079037656
2025-09-19,AUD,7Y,3M BBSW,3.767563160637372
2025-09-18,AUD,7Y,3M BBSW,3.75311400795775
2025-09-17,AUD,7Y,3M BBSW,3.755959271784517
2025-09-16,AUD,7Y,3M BBSW,3.7336230425190275
2025-09-15,AUD,7Y,3M BBSW,3.743251633858398
2025-09-12,AUD,7Y,3M BBSW,3.7513398939005396
2025-09-11,AUD,7Y,3M BBSW,3.7064571684419385
2025-09-10,AUD,7Y,3M BBSW,3.724730384071785
2025-09-09,AUD,7Y,3M BBSW,3.775878348120746
2025-09-08,AUD,7Y,3M BBSW,3.724143475670441
2025-09-05,AUD,7Y,3M BBSW,3.758504335526816
2025-09-04,AUD,7Y,3M BBSW,3.785320702843431
2025-09-03,AUD,7Y,3M BBSW,3.816362709345085
2025-09-02,AUD,7Y,3M BBSW,3.799898948552488
2025-09-01,AUD,7Y,3M BBSW,3.7923635518292116
2025-08-29,AUD,7Y,3M BBSW,3.735992297750137
2025-08-28,AUD,7Y,3M BBSW,3.720553899653662
2025-08-27,AUD,7Y,3M BBSW,3.7472643289882304
2025-08-26,AUD,7Y,3M BBSW,3.7586157063805468
2025-08-25,AUD,7Y,3M BBSW,3.749120394641656
2025-08-22,AUD,7Y,3M BBSW,3.753517683659703
2025-08-21,AUD,7Y,3M BBSW,3.760026317172472
2025-08-20,AUD,7Y,3M BBSW,3.726167851244412
2025-08-19,AUD,7Y,3M BBSW,3.770149921396656
2025-08-18,AUD,7Y,3M BBSW,3.7566458310559243
2025-08-15,AUD,7Y,3M BBSW,3.710032172872098
2025-08-14,AUD,7Y,3M BBSW,3.711863571041716
2025-08-13,AUD,7Y,3M BBSW,3.6675496003852754
2025-08-12,AUD,7Y,3M BBSW,3.715500050840438
2025-08-11,AUD,7Y,3M BBSW,3.7317239602822463
2025-08-08,AUD,7Y,3M BBSW,3.731284174389196
2025-08-07,AUD,7Y,3M BBSW,3.725539657256293
2025-08-06,AUD,7Y,3M BBSW,3.703607392541213
2025-08-05,AUD,7Y,3M BBSW,3.70893268167065
2025-08-01,AUD,7Y,3M BBSW,3.6952329369599934
2025-07-31,AUD,7Y,3M BBSW,3.773332943609977
2025-07-30,AUD,7Y,3M BBSW,3.7638730005871674
2025-07-29,AUD,7Y,3M BBSW,3.7820385444072127
2025-07-28,AUD,7Y,3M BBSW,3.815343515720743
2025-07-25,AUD,7Y,3M BBSW,3.8130039806454676
2025-07-24,AUD,7Y,3M BBSW,3.81756606724248
2025-07-23,AUD,7Y,3M BBSW,3.7856263918326
2025-07-22,AUD,7Y,3M BBSW,3.7540203112358737
2025-07-21,AUD,7Y,3M BBSW,3.76172199374577
2025-07-18,AUD,7Y,3M BBSW,3.7939222133312365
2025-07-17,AUD,7Y,3M BBSW,3.773159800436204
2025-07-16,AUD,7Y,3M BBSW,3.8482388012519184
2025-07-15,AUD,7Y,3M BBSW,3.889188189357249
2025-07-14,AUD,7Y,3M BBSW,3.825146685961377
2025-07-11,AUD,7Y,3M BBSW,3.823352688788452
2025-07-10,AUD,7Y,3M BBSW,3.7899285038875874
2025-07-09,AUD,7Y,3M BBSW,3.7632020531656014
2025-07-08,AUD,7Y,3M BBSW,3.787461415925006
2025-07-07,AUD,7Y,3M BBSW,3.693390107641243
2025-07-04,AUD,7Y,3M BBSW,3.6664023293464165
2025-07-03,AUD,7Y,3M BBSW,3.686065978117217
2025-07-02,AUD,7Y,3M BBSW,3.664940265400757
2025-07-01,AUD,7Y,3M BBSW,3.628112848287267
2025-06-30,AUD,7Y,3M BBSW,3.633814798489802
2025-06-27,AUD,7Y,3M BBSW,3.6347062042069047
2025-06-26,AUD,7Y,3M BBSW,3.608555764770074
2025-06-25,AUD,7Y,3M BBSW,3.62254943123879
2025-06-24,AUD,7Y,3M BBSW,3.6432159305003
2025-06-23,AUD,7Y,3M BBSW,3.685429799094252
2025-06-20,AUD,7Y,3M BBSW,3.6909516377159486
2025-06-19,AUD,7Y,3M BBSW,3.690476018399492
2025-06-18,AUD,7Y,3M BBSW,3.730859810018013
2025-06-17,AUD,7Y,3M BBSW,3.7127405496966497
2025-06-16,AUD,7Y,3M BBSW,3.721898107105575
2025-06-13,AUD,7Y,3M BBSW,3.7188376662911993
2025-06-12,AUD,7Y,3M BBSW,3.648591265889693
2025-06-11,AUD,7Y,3M BBSW,3.720267661190831
2025-06-10,AUD,7Y,3M BBSW,3.7642922768909375
2025-06-06,AUD,7Y,3M BBSW,3.807045206787506
2025-06-05,AUD,7Y,3M BBSW,3.738443945869859
2025-06-04,AUD,7Y,3M BBSW,3.678369809405699
2025-06-03,AUD,7Y,3M BBSW,3.7116594854798226
2025-06-02,AUD,7Y,3M BBSW,3.756484349373077
2025-05-30,AUD,7Y,3M BBSW,3.714567042063789
2025-05-29,AUD,7Y,3M BBSW,3.753219144537159
2025-05-28,AUD,7Y,3M BBSW,3.83205903291587
2025-05-27,AUD,7Y,3M BBSW,3.730429524873338
2025-05-26,AUD,7Y,3M BBSW,3.7750876851293405
2025-05-23,AUD,7Y,3M BBSW,3.813325073586148
2025-05-22,AUD,7Y,3M BBSW,3.843426229311983
2025-05-21,AUD,7Y,3M BBSW,3.932142545690175
2025-05-20,AUD,7Y,3M BBSW,3.832998619805672
2025-05-19,AUD,7Y,3M BBSW,3.9294454336586098
2025-05-16,AUD,7Y,3M BBSW,3.949874892676471
2025-05-15,AUD,7Y,3M BBSW,3.920629490956485
2025-05-14,AUD,7Y,3M BBSW,3.996545667038962
2025-05-13,AUD,7Y,3M BBSW,3.930466272868201
2025-05-12,AUD,7Y,3M BBSW,3.886926419078187
2025-05-09,AUD,7Y,3M BBSW,3.745870401660842
2025-05-08,AUD,7Y,3M BBSW,3.7476676356476615
2025-05-07,AUD,7Y,3M BBSW,3.683191371805916
2025-05-06,AUD,7Y,3M BBSW,3.763220710734337
2025-05-05,AUD,7Y,3M BBSW,3.7493589448415925
2025-05-02,AUD,7Y,3M BBSW,3.734621303230666
2025-05-01,AUD,7Y,3M BBSW,3.6769854804135202
2025-04-30,AUD,7Y,3M BBSW,3.644592976783535
2025-04-29,AUD,7Y,3M BBSW,3.655485956429764
2025-04-28,AUD,7Y,3M BBSW,3.662892988684738
2025-04-24,AUD,7Y,3M BBSW,3.7106814500301963
2025-04-23,AUD,7Y,3M BBSW,3.7738082825148926
2025-04-22,AUD,7Y,3M BBSW,3.7245994270099376
2025-04-17,AUD,7Y,3M BBSW,3.720604786151228
2025-04-16,AUD,7Y,3M BBSW,3.747038474977079
2025-04-15,AUD,7Y,3M BBSW,3.8058529701162787
2025-04-14,AUD,7Y,3M BBSW,3.8187472367207835
2025-04-11,AUD,7Y,3M BBSW,3.9220956656592505
2025-04-10,AUD,7Y,3M BBSW,3.8114455736054644
2025-04-09,AUD,7Y,3M BBSW,3.769725582874078
2025-04-08,AUD,7Y,3M BBSW,3.7194516339624535
2025-04-07,AUD,7Y,3M BBSW,3.809109299636013
2025-04-04,AUD,7Y,3M BBSW,3.669682410235771
2025-03-28,AUD,7Y,3M BBSW,3.9527491986145824
2025-03-27,AUD,7Y,3M BBSW,3.994178826830498
2025-03-26,AUD,7Y,3M BBSW,4.005171103877505
2025-03-25,AUD,7Y,3M BBSW,4.001373771991296
2025-03-24,AUD,7Y,3M BBSW,3.973093836889474
2025-03-21,AUD,7Y,3M BBSW,3.953062505650266
2025-03-20,AUD,7Y,3M BBSW,3.961997519806954
2025-03-19,AUD,7Y,3M BBSW,3.972767105076854
2025-03-18,AUD,7Y,3M BBSW,3.996810176349351
2025-03-17,AUD,7Y,3M BBSW,3.983910048813946
2025-03-14,AUD,7Y,3M BBSW,3.9986930194620935
2025-03-13,AUD,7Y,3M BBSW,3.9681563960671995
2025-03-12,AUD,7Y,3M BBSW,4.019275437303977
2025-03-11,AUD,7Y,3M BBSW,4.009746796513042
2025-03-10,AUD,7Y,3M BBSW,3.9611971339209786
2025-03-07,AUD,7Y,3M BBSW,4.013585021436223
2025-03-06,AUD,7Y,3M BBSW,4.034579681680044
2025-03-05,AUD,7Y,3M BBSW,4.070866482055028
2025-03-04,AUD,7Y,3M BBSW,3.9917980848312524
2025-03-03,AUD,7Y,3M BBSW,3.916012427398479
2025-02-28,AUD,7Y,3M BBSW,3.966241877282633
2025-02-27,AUD,7Y,3M BBSW,3.98204981127342
2025-02-26,AUD,7Y,3M BBSW,3.997902832099652
2025-02-25,AUD,7Y,3M BBSW,4.025011897783481
2025-02-24,AUD,7Y,3M BBSW,4.072495114115631
2025-02-21,AUD,7Y,3M BBSW,4.132425346937039
2025-02-20,AUD,7Y,3M BBSW,4.180189854586735
2025-02-19,AUD,7Y,3M BBSW,4.171052282106198
2025-02-18,AUD,7Y,3M BBSW,4.188807398998941
2025-02-17,AUD,7Y,3M BBSW,4.098985322161316
2025-02-14,AUD,7Y,3M BBSW,4.073449088549569
2025-02-13,AUD,7Y,3M BBSW,4.072083865841002
2025-02-12,AUD,7Y,3M BBSW,4.175995814695082
2025-02-11,AUD,7Y,3M BBSW,4.096196459036578
2025-02-10,AUD,7Y,3M BBSW,4.025084664585588
2025-02-07,AUD,7Y,3M BBSW,4.041920724987532
2025-02-06,AUD,7Y,3M BBSW,3.984763039878293
2025-02-05,AUD,7Y,3M BBSW,3.663752814967089
2025-02-04,AUD,7Y,3M BBSW,3.8024028233608296
2025-02-03,AUD,7Y,3M BBSW,3.8167553180996174
2025-01-31,AUD,7Y,3M BBSW,3.73029398594716
2025-01-30,AUD,7Y,3M BBSW,3.753852760977748
2025-01-29,AUD,7Y,3M BBSW,3.758182674564255
2025-01-28,AUD,7Y,3M BBSW,3.818338319395717
2025-01-24,AUD,7Y,3M BBSW,3.851524456860965
2025-01-23,AUD,7Y,3M BBSW,3.9272913231268287
2025-01-22,AUD,7Y,3M BBSW,3.8959037805878305
2025-01-21,AUD,7Y,3M BBSW,3.885481126613019
2025-01-20,AUD,7Y,3M BBSW,3.8626195327937567
2025-01-17,AUD,7Y,3M BBSW,3.9469851860472445
2025-11-03,AUD,8Y,3M BBSW,4.056499999997637
2025-10-31,AUD,8Y,3M BBSW,4.023999999996427
2025-10-30,AUD,8Y,3M BBSW,4.013499999998321
2025-10-29,AUD,8Y,3M BBSW,4.038299999998233
2025-10-28,AUD,8Y,3M BBSW,3.889199999994915
2025-10-27,AUD,8Y,3M BBSW,3.8871999999975015
2025-10-24,AUD,8Y,3M BBSW,3.8412977304858114
2025-10-23,AUD,8Y,3M BBSW,3.857299999991444
2025-10-22,AUD,8Y,3M BBSW,3.809899999998654
2025-10-21,AUD,8Y,3M BBSW,3.831999999994663
2025-10-20,AUD,8Y,3M BBSW,3.796799999985609
2025-10-17,AUD,8Y,3M BBSW,3.8110984685526246
2025-10-16,AUD,8Y,3M BBSW,3.793000000007804
2025-10-15,AUD,8Y,3M BBSW,3.8969099342917755
2025-10-14,AUD,8Y,3M BBSW,3.9189002950359453
2025-10-13,AUD,8Y,3M BBSW,3.926699999995663
2025-10-10,AUD,8Y,3M BBSW,3.977800034313389
2025-10-09,AUD,8Y,3M BBSW,3.999299999998588
2025-10-08,AUD,8Y,3M BBSW,3.953099999997398
2025-10-07,AUD,8Y,3M BBSW,3.970721798462726
2025-10-03,AUD,8Y,3M BBSW,3.9470273135690315
2025-10-02,AUD,8Y,3M BBSW,3.945775028731608
2025-10-01,AUD,8Y,3M BBSW,3.968672203053026
2025-09-30,AUD,8Y,3M BBSW,3.9895416815704907
2025-09-29,AUD,8Y,3M BBSW,3.9449184807962
2025-09-26,AUD,8Y,3M BBSW,3.979806284095518
2025-09-25,AUD,8Y,3M BBSW,3.9955880371578987
2025-09-24,AUD,8Y,3M BBSW,3.954723968068768
2025-09-23,AUD,8Y,3M BBSW,3.862347516558133
2025-09-22,AUD,8Y,3M BBSW,3.8883487288392358
2025-09-19,AUD,8Y,3M BBSW,3.8622635893867585
2025-09-18,AUD,8Y,3M BBSW,3.848245845981907
2025-09-17,AUD,8Y,3M BBSW,3.84652211004174
2025-09-16,AUD,8Y,3M BBSW,3.827092705996312
2025-09-15,AUD,8Y,3M BBSW,3.836003915793344
2025-09-12,AUD,8Y,3M BBSW,3.8432217068054895
2025-09-11,AUD,8Y,3M BBSW,3.7997475407300945
2025-09-10,AUD,8Y,3M BBSW,3.81887127450124
2025-09-09,AUD,8Y,3M BBSW,3.874217659236181
2025-09-08,AUD,8Y,3M BBSW,3.8210948424828106
2025-09-05,AUD,8Y,3M BBSW,3.860430387250872
2025-09-04,AUD,8Y,3M BBSW,3.885304212461426
2025-09-03,AUD,8Y,3M BBSW,3.916112865383228
2025-09-02,AUD,8Y,3M BBSW,3.90710269759287
2025-09-01,AUD,8Y,3M BBSW,3.896900789411099
2025-08-29,AUD,8Y,3M BBSW,3.840044682276432
2025-08-28,AUD,8Y,3M BBSW,3.823819312990894
2025-08-27,AUD,8Y,3M BBSW,3.85041839339325
2025-08-26,AUD,8Y,3M BBSW,3.8635174879280596
2025-08-25,AUD,8Y,3M BBSW,3.853956687817391
2025-08-22,AUD,8Y,3M BBSW,3.858603179430665
2025-08-21,AUD,8Y,3M BBSW,3.8659217627197067
2025-08-20,AUD,8Y,3M BBSW,3.8274499408857436
2025-08-19,AUD,8Y,3M BBSW,3.874859564168087
2025-08-18,AUD,8Y,3M BBSW,3.8614839228073765
2025-08-15,AUD,8Y,3M BBSW,3.807797184782054
2025-08-14,AUD,8Y,3M BBSW,3.8087944316713465
2025-08-13,AUD,8Y,3M BBSW,3.768186675595982
2025-08-12,AUD,8Y,3M BBSW,3.818729908825
2025-08-11,AUD,8Y,3M BBSW,3.8308947700960756
2025-08-08,AUD,8Y,3M BBSW,3.832400808510484
2025-08-07,AUD,8Y,3M BBSW,3.8257798723376686
2025-08-06,AUD,8Y,3M BBSW,3.8002383105504576
2025-08-05,AUD,8Y,3M BBSW,3.80996070710484
2025-08-01,AUD,8Y,3M BBSW,3.796664445923017
2025-07-31,AUD,8Y,3M BBSW,3.8730861121489086
2025-07-30,AUD,8Y,3M BBSW,3.8645624103554823
2025-07-29,AUD,8Y,3M BBSW,3.882685700178147
2025-07-28,AUD,8Y,3M BBSW,3.916328282087201
2025-07-25,AUD,8Y,3M BBSW,3.9145552062953075
2025-07-24,AUD,8Y,3M BBSW,3.919531432170758
2025-07-23,AUD,8Y,3M BBSW,3.8869693431197767
2025-07-22,AUD,8Y,3M BBSW,3.857654326040828
2025-07-21,AUD,8Y,3M BBSW,3.868374872786874
2025-07-18,AUD,8Y,3M BBSW,3.903339309770564
2025-07-17,AUD,8Y,3M BBSW,3.8827944321755665
2025-07-16,AUD,8Y,3M BBSW,3.948171473653327
2025-07-15,AUD,8Y,3M BBSW,3.9915689919432973
2025-07-14,AUD,8Y,3M BBSW,3.9286116002918354
2025-07-11,AUD,8Y,3M BBSW,3.9279330698113726
2025-07-10,AUD,8Y,3M BBSW,3.892523470167787
2025-07-09,AUD,8Y,3M BBSW,3.8621117107534504
2025-07-08,AUD,8Y,3M BBSW,3.888308424372299
2025-07-07,AUD,8Y,3M BBSW,3.7983670218318792
2025-07-04,AUD,8Y,3M BBSW,3.7702230660384273
2025-07-03,AUD,8Y,3M BBSW,3.7899960284128875
2025-07-02,AUD,8Y,3M BBSW,3.7673610180557917
2025-07-01,AUD,8Y,3M BBSW,3.7303967449235644
2025-06-30,AUD,8Y,3M BBSW,3.7382848365496586
2025-06-27,AUD,8Y,3M BBSW,3.738607346686452
2025-06-26,AUD,8Y,3M BBSW,3.7124688048718784
2025-06-25,AUD,8Y,3M BBSW,3.7227671874494184
2025-06-24,AUD,8Y,3M BBSW,3.744326986607184
2025-06-23,AUD,8Y,3M BBSW,3.78873825254639
2025-06-20,AUD,8Y,3M BBSW,3.7910191665909325
2025-06-19,AUD,8Y,3M BBSW,3.7917152838691375
2025-06-18,AUD,8Y,3M BBSW,3.829697520909634
2025-06-17,AUD,8Y,3M BBSW,3.8151509954655336
2025-06-16,AUD,8Y,3M BBSW,3.829792270905372
2025-06-13,AUD,8Y,3M BBSW,3.835170182899835
2025-06-12,AUD,8Y,3M BBSW,3.7531469088774654
2025-06-11,AUD,8Y,3M BBSW,3.819414800570902
2025-06-10,AUD,8Y,3M BBSW,3.867886547891174
2025-06-06,AUD,8Y,3M BBSW,3.912694525311916
2025-06-05,AUD,8Y,3M BBSW,3.843167270792436
2025-06-04,AUD,8Y,3M BBSW,3.780522276700349
2025-06-03,AUD,8Y,3M BBSW,3.819331381884387
2025-06-02,AUD,8Y,3M BBSW,3.86395887682594
2025-05-30,AUD,8Y,3M BBSW,3.8206602845791955
2025-05-29,AUD,8Y,3M BBSW,3.859560896736811
2025-05-28,AUD,8Y,3M BBSW,3.933314277545875
2025-05-27,AUD,8Y,3M BBSW,3.83156867899258
2025-05-26,AUD,8Y,3M BBSW,3.880234364936299
2025-05-23,AUD,8Y,3M BBSW,3.9209760974353607
2025-05-22,AUD,8Y,3M BBSW,3.9525149538914923
2025-05-21,AUD,8Y,3M BBSW,4.043042462131234
2025-05-20,AUD,8Y,3M BBSW,3.941051233981581
2025-05-19,AUD,8Y,3M BBSW,4.024542893930085
2025-05-16,AUD,8Y,3M BBSW,4.047214306416457
2025-05-15,AUD,8Y,3M BBSW,4.018600220569558
2025-05-14,AUD,8Y,3M BBSW,4.098400532486584
2025-05-13,AUD,8Y,3M BBSW,4.02585540811051
2025-05-12,AUD,8Y,3M BBSW,3.981526227964817
2025-05-09,AUD,8Y,3M BBSW,3.8479352938377
2025-05-08,AUD,8Y,3M BBSW,3.847879474904832
2025-05-07,AUD,8Y,3M BBSW,3.782772428958743
2025-05-06,AUD,8Y,3M BBSW,3.865602280788956
2025-05-05,AUD,8Y,3M BBSW,3.849748903587829
2025-05-02,AUD,8Y,3M BBSW,3.8353978185760225
2025-05-01,AUD,8Y,3M BBSW,3.780459524792307
2025-04-30,AUD,8Y,3M BBSW,3.745780978247532
2025-04-29,AUD,8Y,3M BBSW,3.759769696728747
2025-04-28,AUD,8Y,3M BBSW,3.766520729839836
2025-04-24,AUD,8Y,3M BBSW,3.814742637492997
2025-04-23,AUD,8Y,3M BBSW,3.8715587715226722
2025-04-22,AUD,8Y,3M BBSW,3.82690521803032
2025-04-17,AUD,8Y,3M BBSW,3.825960578263792
2025-04-16,AUD,8Y,3M BBSW,3.852167742643887
2025-04-15,AUD,8Y,3M BBSW,3.9179990054580447
2025-04-14,AUD,8Y,3M BBSW,3.930717521267087
2025-04-11,AUD,8Y,3M BBSW,4.037193112412259
2025-04-10,AUD,8Y,3M BBSW,3.9347651247450868
2025-04-09,AUD,8Y,3M BBSW,3.870961244221988
2025-04-08,AUD,8Y,3M BBSW,3.828034165115372
2025-04-07,AUD,8Y,3M BBSW,3.9069266289609725
2025-04-04,AUD,8Y,3M BBSW,3.764054109233205
2025-03-28,AUD,8Y,3M BBSW,4.035754306651572
2025-03-27,AUD,8Y,3M BBSW,4.079229171072754
2025-03-26,AUD,8Y,3M BBSW,4.090446998427513
2025-03-25,AUD,8Y,3M BBSW,4.081684129714443
2025-03-24,AUD,8Y,3M BBSW,4.053171180487459
2025-03-21,AUD,8Y,3M BBSW,4.033950250305723
2025-03-20,AUD,8Y,3M BBSW,4.043542548528848
2025-03-19,AUD,8Y,3M BBSW,4.045882029509932
2025-03-18,AUD,8Y,3M BBSW,4.075534416716424
2025-03-17,AUD,8Y,3M BBSW,4.062691079328975
2025-03-14,AUD,8Y,3M BBSW,4.077670062762195
2025-03-13,AUD,8Y,3M BBSW,4.050004343965448
2025-03-12,AUD,8Y,3M BBSW,4.096831367350188
2025-03-11,AUD,8Y,3M BBSW,4.092357097254781
2025-03-10,AUD,8Y,3M BBSW,4.040079450701184
2025-03-07,AUD,8Y,3M BBSW,4.09382105058936
2025-03-06,AUD,8Y,3M BBSW,4.116159446794092
2025-03-05,AUD,8Y,3M BBSW,4.147720694383898
2025-03-04,AUD,8Y,3M BBSW,4.067044064386033
2025-03-03,AUD,8Y,3M BBSW,3.989823823870974
2025-02-28,AUD,8Y,3M BBSW,4.036601524997174
2025-02-27,AUD,8Y,3M BBSW,4.051586105335312
2025-02-26,AUD,8Y,3M BBSW,4.069275209051848
2025-02-25,AUD,8Y,3M BBSW,4.097733578179009
2025-02-24,AUD,8Y,3M BBSW,4.146426469950895
2025-02-21,AUD,8Y,3M BBSW,4.207339144117449
2025-02-20,AUD,8Y,3M BBSW,4.252959318937384
2025-02-19,AUD,8Y,3M BBSW,4.242540418876277
2025-02-18,AUD,8Y,3M BBSW,4.262520616200585
2025-02-17,AUD,8Y,3M BBSW,4.174299381884701
2025-02-14,AUD,8Y,3M BBSW,4.146422219255546
2025-02-13,AUD,8Y,3M BBSW,4.147859847657391
2025-02-12,AUD,8Y,3M BBSW,4.248671836756378
2025-02-11,AUD,8Y,3M BBSW,4.172586266350008
2025-02-10,AUD,8Y,3M BBSW,4.100197138400437
2025-02-07,AUD,8Y,3M BBSW,4.119269810604521
2025-02-06,AUD,8Y,3M BBSW,4.056585569498345
2025-02-05,AUD,8Y,3M BBSW,3.6614922854228316
2025-02-04,AUD,8Y,3M BBSW,3.80491543053455
2025-02-03,AUD,8Y,3M BBSW,3.820651034966377
2025-01-31,AUD,8Y,3M BBSW,3.7281427042556796
2025-01-30,AUD,8Y,3M BBSW,3.752865999607227
2025-01-29,AUD,8Y,3M BBSW,3.757483959290671
2025-01-28,AUD,8Y,3M BBSW,3.8177913548429085
2025-01-24,AUD,8Y,3M BBSW,3.850355212633066
2025-01-23,AUD,8Y,3M BBSW,3.9316617758450274
2025-01-22,AUD,8Y,3M BBSW,3.895554610470755
2025-01-21,AUD,8Y,3M BBSW,3.885726845124973
2025-01-20,AUD,8Y,3M BBSW,3.8618034204520724
2025-01-17,AUD,8Y,3M BBSW,3.947987747454125
2025-11-03,AUD,9Y,3M BBSW,4.134300000001165
2025-10-31,AUD,9Y,3M BBSW,4.102399999998097
2025-10-30,AUD,9Y,3M BBSW,4.089199999998047
2025-10-29,AUD,9Y,3M BBSW,4.114899999992517
2025-10-28,AUD,9Y,3M BBSW,3.969599999995326
2025-10-27,AUD,9Y,3M BBSW,3.969699999994817
2025-10-24,AUD,9Y,3M BBSW,3.925298409618837
2025-10-23,AUD,9Y,3M BBSW,3.9416999999991384
2025-10-22,AUD,9Y,3M BBSW,3.894299999993067
2025-10-21,AUD,9Y,3M BBSW,3.914599999991249
2025-10-20,AUD,9Y,3M BBSW,3.879899999997195
2025-10-17,AUD,9Y,3M BBSW,3.8950989013016213
2025-10-16,AUD,9Y,3M BBSW,3.876399999999188
2025-10-15,AUD,9Y,3M BBSW,3.975414524721727
2025-10-14,AUD,9Y,3M BBSW,3.9980193685625434
2025-10-13,AUD,9Y,3M BBSW,4.009699999999876
2025-10-10,AUD,9Y,3M BBSW,4.05840034817906
2025-10-09,AUD,9Y,3M BBSW,4.080799999998982
2025-10-08,AUD,9Y,3M BBSW,4.034699999993166
2025-10-07,AUD,9Y,3M BBSW,4.052388466861821
2025-10-03,AUD,9Y,3M BBSW,4.029642765219862
2025-10-02,AUD,9Y,3M BBSW,4.029456153757502
2025-10-01,AUD,9Y,3M BBSW,4.052357126945651
2025-09-30,AUD,9Y,3M BBSW,4.070602276523771
2025-09-29,AUD,9Y,3M BBSW,4.024989764531672
2025-09-26,AUD,9Y,3M BBSW,4.061458631646834
2025-09-25,AUD,9Y,3M BBSW,4.078643917568135
2025-09-24,AUD,9Y,3M BBSW,4.039235389272674
2025-09-23,AUD,9Y,3M BBSW,3.945434323365371
2025-09-22,AUD,9Y,3M BBSW,3.974892688222705
2025-09-19,AUD,9Y,3M BBSW,3.948407761886112
2025-09-18,AUD,9Y,3M BBSW,3.9342495510345388
2025-09-17,AUD,9Y,3M BBSW,3.9326296013072017
2025-09-16,AUD,9Y,3M BBSW,3.9089958601091586
2025-09-15,AUD,9Y,3M BBSW,3.918636401882548
2025-09-12,AUD,9Y,3M BBSW,3.9241626796539664
2025-09-11,AUD,9Y,3M BBSW,3.883022685828425
2025-09-10,AUD,9Y,3M BBSW,3.90734033397465
2025-09-09,AUD,9Y,3M BBSW,3.9601709595563266
2025-09-08,AUD,9Y,3M BBSW,3.907726348568209
2025-09-05,AUD,9Y,3M BBSW,3.9512237559462307
2025-09-04,AUD,9Y,3M BBSW,3.97516809846855
2025-09-03,AUD,9Y,3M BBSW,4.007194937240556
2025-09-02,AUD,9Y,3M BBSW,4.00012177449416
2025-09-01,AUD,9Y,3M BBSW,3.989523280044285
2025-08-29,AUD,9Y,3M BBSW,3.93094480798848
2025-08-28,AUD,9Y,3M BBSW,3.916097031165118
2025-08-27,AUD,9Y,3M BBSW,3.94528877242419
2025-08-26,AUD,9Y,3M BBSW,3.954628810328995
2025-08-25,AUD,9Y,3M BBSW,3.947550846098117
2025-08-22,AUD,9Y,3M BBSW,3.950931780780335
2025-08-21,AUD,9Y,3M BBSW,3.959534336679218
2025-08-20,AUD,9Y,3M BBSW,3.92002876676007
2025-08-19,AUD,9Y,3M BBSW,3.9663664967676207
2025-08-18,AUD,9Y,3M BBSW,3.9563651004276874
2025-08-15,AUD,9Y,3M BBSW,3.900284766485814
2025-08-14,AUD,9Y,3M BBSW,3.901977622775627
2025-08-13,AUD,9Y,3M BBSW,3.8612804461310963
2025-08-12,AUD,9Y,3M BBSW,3.908192853613912
2025-08-11,AUD,9Y,3M BBSW,3.919721889003004
2025-08-08,AUD,9Y,3M BBSW,3.922056871862866
2025-08-07,AUD,9Y,3M BBSW,3.9148377701319714
2025-08-06,AUD,9Y,3M BBSW,3.888181069654145
2025-08-05,AUD,9Y,3M BBSW,3.8970495746400315
2025-08-01,AUD,9Y,3M BBSW,3.8874831852313525
2025-07-31,AUD,9Y,3M BBSW,3.960918592112502
2025-07-30,AUD,9Y,3M BBSW,3.9522284922265034
2025-07-29,AUD,9Y,3M BBSW,3.9702431221143786
2025-07-28,AUD,9Y,3M BBSW,4.006262893864379
2025-07-25,AUD,9Y,3M BBSW,4.004709131810047
2025-07-24,AUD,9Y,3M BBSW,4.011603432745609
2025-07-23,AUD,9Y,3M BBSW,3.98071276656361
2025-07-22,AUD,9Y,3M BBSW,3.947879983795462
2025-07-21,AUD,9Y,3M BBSW,3.9633925292897025
2025-07-18,AUD,9Y,3M BBSW,3.999985816755278
2025-07-17,AUD,9Y,3M BBSW,3.978954742541451
2025-07-16,AUD,9Y,3M BBSW,4.040636233532991
2025-07-15,AUD,9Y,3M BBSW,4.085094216010828
2025-07-14,AUD,9Y,3M BBSW,4.020974704795737
2025-07-11,AUD,9Y,3M BBSW,4.019219434027935
2025-07-10,AUD,9Y,3M BBSW,3.984699958269058
2025-07-09,AUD,9Y,3M BBSW,3.9541666354519305
2025-07-08,AUD,9Y,3M BBSW,3.975823212119954
2025-07-07,AUD,9Y,3M BBSW,3.890661734277919
2025-07-04,AUD,9Y,3M BBSW,3.862199533033757
2025-07-03,AUD,9Y,3M BBSW,3.882548419801926
2025-07-02,AUD,9Y,3M BBSW,3.860875965826027
2025-07-01,AUD,9Y,3M BBSW,3.819505149381361
2025-06-30,AUD,9Y,3M BBSW,3.830845217205002
2025-06-27,AUD,9Y,3M BBSW,3.830288324856347
2025-06-26,AUD,9Y,3M BBSW,3.802916980570227
2025-06-25,AUD,9Y,3M BBSW,3.8129964382485144
2025-06-24,AUD,9Y,3M BBSW,3.8299364525299735
2025-06-23,AUD,9Y,3M BBSW,3.877732284015117
2025-06-20,AUD,9Y,3M BBSW,3.879019340216276
2025-06-19,AUD,9Y,3M BBSW,3.879187722724188
2025-06-18,AUD,9Y,3M BBSW,3.918549582088603
2025-06-17,AUD,9Y,3M BBSW,3.902852092680603
2025-06-16,AUD,9Y,3M BBSW,3.9195061456707725
2025-06-13,AUD,9Y,3M BBSW,3.927376934997673
2025-06-12,AUD,9Y,3M BBSW,3.8431251615488016
2025-06-11,AUD,9Y,3M BBSW,3.910775026575149
2025-06-10,AUD,9Y,3M BBSW,3.955174179152749
2025-06-06,AUD,9Y,3M BBSW,4.003881855412871
2025-06-05,AUD,9Y,3M BBSW,3.935426253313786
2025-06-04,AUD,9Y,3M BBSW,3.8732399018003556
2025-06-03,AUD,9Y,3M BBSW,3.912092900754592
2025-06-02,AUD,9Y,3M BBSW,3.957525596700047
2025-05-30,AUD,9Y,3M BBSW,3.913100613107159
2025-05-29,AUD,9Y,3M BBSW,3.952915609135435
2025-05-28,AUD,9Y,3M BBSW,4.025086128037354
2025-05-27,AUD,9Y,3M BBSW,3.9186486349700873
2025-05-26,AUD,9Y,3M BBSW,3.9735573864458957
2025-05-23,AUD,9Y,3M BBSW,4.016038983629143
2025-05-22,AUD,9Y,3M BBSW,4.048102597262378
2025-05-21,AUD,9Y,3M BBSW,4.142846762200993
2025-05-20,AUD,9Y,3M BBSW,4.034001722979685
2025-05-19,AUD,9Y,3M BBSW,4.109509454703007
2025-05-16,AUD,9Y,3M BBSW,4.131728776362817
2025-05-15,AUD,9Y,3M BBSW,4.099942968358279
2025-05-14,AUD,9Y,3M BBSW,4.18311048461436
2025-05-13,AUD,9Y,3M BBSW,4.109788220958325
2025-05-12,AUD,9Y,3M BBSW,4.065997039169775
2025-05-09,AUD,9Y,3M BBSW,3.935741077945402
2025-05-08,AUD,9Y,3M BBSW,3.9365838249158998
2025-05-07,AUD,9Y,3M BBSW,3.8719616878965324
2025-05-06,AUD,9Y,3M BBSW,3.9545025154504128
2025-05-05,AUD,9Y,3M BBSW,3.939606326286323
2025-05-02,AUD,9Y,3M BBSW,3.9252015225797994
2025-05-01,AUD,9Y,3M BBSW,3.870641269568157
2025-04-30,AUD,9Y,3M BBSW,3.835417019531163
2025-04-29,AUD,9Y,3M BBSW,3.848914558563222
2025-04-28,AUD,9Y,3M BBSW,3.856418032404247
2025-04-24,AUD,9Y,3M BBSW,3.9070188988915193
2025-04-23,AUD,9Y,3M BBSW,3.963057578543304
2025-04-22,AUD,9Y,3M BBSW,3.91453014763719
2025-04-17,AUD,9Y,3M BBSW,3.919732287496474
2025-04-16,AUD,9Y,3M BBSW,3.946731156725218
2025-04-15,AUD,9Y,3M BBSW,4.010790088531781
2025-04-14,AUD,9Y,3M BBSW,4.026106231659486
2025-04-11,AUD,9Y,3M BBSW,4.133996143178921
2025-04-10,AUD,9Y,3M BBSW,4.039725336710777
2025-04-09,AUD,9Y,3M BBSW,3.958467005730071
2025-04-08,AUD,9Y,3M BBSW,3.919069842947935
2025-04-07,AUD,9Y,3M BBSW,3.9858557283126603
2025-04-04,AUD,9Y,3M BBSW,3.84399999244677
2025-03-28,AUD,9Y,3M BBSW,4.107999754819061
2025-03-27,AUD,9Y,3M BBSW,4.153413355649729
2025-03-26,AUD,9Y,3M BBSW,4.164350349808857
2025-03-25,AUD,9Y,3M BBSW,4.149821330324032
2025-03-24,AUD,9Y,3M BBSW,4.125434072818345
2025-03-21,AUD,9Y,3M BBSW,4.104392110011259
2025-03-20,AUD,9Y,3M BBSW,4.114355458337436
2025-03-19,AUD,9Y,3M BBSW,4.115597924829238
2025-03-18,AUD,9Y,3M BBSW,4.143678961466579
2025-03-17,AUD,9Y,3M BBSW,4.132690951494246
2025-03-14,AUD,9Y,3M BBSW,4.14968840589454
2025-03-13,AUD,9Y,3M BBSW,4.122508785553071
2025-03-12,AUD,9Y,3M BBSW,4.168536066762822
2025-03-11,AUD,9Y,3M BBSW,4.161185079174656
2025-03-10,AUD,9Y,3M BBSW,4.110469789327942
2025-03-07,AUD,9Y,3M BBSW,4.162886671337857
2025-03-06,AUD,9Y,3M BBSW,4.186389724488707
2025-03-05,AUD,9Y,3M BBSW,4.218263563648025
2025-03-04,AUD,9Y,3M BBSW,4.131411902654437
2025-03-03,AUD,9Y,3M BBSW,4.05266348311199
2025-02-28,AUD,9Y,3M BBSW,4.101140706901379
2025-02-27,AUD,9Y,3M BBSW,4.116679169585599
2025-02-26,AUD,9Y,3M BBSW,4.133416628939688
2025-02-25,AUD,9Y,3M BBSW,4.160748366574301
2025-02-24,AUD,9Y,3M BBSW,4.212612589043382
2025-02-21,AUD,9Y,3M BBSW,4.273272892857394
2025-02-20,AUD,9Y,3M BBSW,4.321082876635725
2025-02-19,AUD,9Y,3M BBSW,4.310998123393984
2025-02-18,AUD,9Y,3M BBSW,4.326862438284637
2025-02-17,AUD,9Y,3M BBSW,4.241872339427714
2025-02-14,AUD,9Y,3M BBSW,4.212570545924037
2025-02-13,AUD,9Y,3M BBSW,4.216354420503865
2025-02-12,AUD,9Y,3M BBSW,4.318719302247469
2025-02-11,AUD,9Y,3M BBSW,4.23825268927482
2025-02-10,AUD,9Y,3M BBSW,4.166775732185848
2025-02-07,AUD,9Y,3M BBSW,4.187093257260564
2025-02-06,AUD,9Y,3M BBSW,4.125358950134506
2025-02-05,AUD,9Y,3M BBSW,3.6597488078123632
2025-02-04,AUD,9Y,3M BBSW,3.806867320313631
2025-02-03,AUD,9Y,3M BBSW,3.8236497185599636
2025-01-31,AUD,9Y,3M BBSW,3.7264818776437414
2025-01-30,AUD,9Y,3M BBSW,3.752097002499527
2025-01-29,AUD,9Y,3M BBSW,3.75693295643083
2025-01-28,AUD,9Y,3M BBSW,3.817372458786673
2025-01-24,AUD,9Y,3M BBSW,3.849455300029899
2025-01-23,AUD,9Y,3M BBSW,3.934996270598914
2025-01-22,AUD,9Y,3M BBSW,3.895269459365494
2025-01-21,AUD,9Y,3M BBSW,3.8859231395430007
2025-01-20,AUD,9Y,3M BBSW,3.86117171868673
2025-01-17,AUD,9Y,3M BBSW,3.948770094822579
2025-11-03,AUD,10Y,3M BBSW,4.201200000003654
2025-10-31,AUD,10Y,3M BBSW,4.169700000002985
2025-10-30,AUD,10Y,3M BBSW,4.156100000002851
2025-10-29,AUD,10Y,3M BBSW,4.180500000003225
2025-10-28,AUD,10Y,3M BBSW,4.039200000003077
2025-10-27,AUD,10Y,3M BBSW,4.039900000003636
2025-10-24,AUD,10Y,3M BBSW,3.996600100924091
2025-10-23,AUD,10Y,3M BBSW,4.013300000003897
2025-10-22,AUD,10Y,3M BBSW,3.965400000003098
2025-10-21,AUD,10Y,3M BBSW,3.985400000003166
2025-10-20,AUD,10Y,3M BBSW,3.951900000003016
2025-10-17,AUD,10Y,3M BBSW,3.9669993210857903
2025-10-16,AUD,10Y,3M BBSW,3.9494000000035863
2025-10-15,AUD,10Y,3M BBSW,4.042599879072961
2025-10-14,AUD,10Y,3M BBSW,4.06670078259156
2025-10-13,AUD,10Y,3M BBSW,4.078000000003724
2025-10-10,AUD,10Y,3M BBSW,4.127200714809515
2025-10-09,AUD,10Y,3M BBSW,4.150500000004517
2025-10-08,AUD,10Y,3M BBSW,4.104200000003617
2025-10-07,AUD,10Y,3M BBSW,4.125256237372138
2025-10-03,AUD,10Y,3M BBSW,4.100002654091638
2025-10-02,AUD,10Y,3M BBSW,4.100797245713799
2025-10-01,AUD,10Y,3M BBSW,4.122483430890343
2025-09-30,AUD,10Y,3M BBSW,4.139855029562253
2025-09-29,AUD,10Y,3M BBSW,4.096014968723928
2025-09-26,AUD,10Y,3M BBSW,4.132588783911127
2025-09-25,AUD,10Y,3M BBSW,4.148572235036639
2025-09-24,AUD,10Y,3M BBSW,4.110887738238963
2025-09-23,AUD,10Y,3M BBSW,4.020119714781767
2025-09-22,AUD,10Y,3M BBSW,4.0472570013225
2025-09-19,AUD,10Y,3M BBSW,4.022443906842723
2025-09-18,AUD,10Y,3M BBSW,4.008667165345267
2025-09-17,AUD,10Y,3M BBSW,4.007477342413281
2025-09-16,AUD,10Y,3M BBSW,3.982345876690331
2025-09-15,AUD,10Y,3M BBSW,3.9924912533156496
2025-09-12,AUD,10Y,3M BBSW,3.995289096532148
2025-09-11,AUD,10Y,3M BBSW,3.95392973866543
2025-09-10,AUD,10Y,3M BBSW,3.9832652526839993
2025-09-09,AUD,10Y,3M BBSW,4.037386414664196
2025-09-08,AUD,10Y,3M BBSW,3.9813933104638295
2025-09-05,AUD,10Y,3M BBSW,4.030308614533478
2025-09-04,AUD,10Y,3M BBSW,4.052945937910343
2025-09-03,AUD,10Y,3M BBSW,4.084625106620993
2025-09-02,AUD,10Y,3M BBSW,4.08283314880923
2025-09-01,AUD,10Y,3M BBSW,4.068148108791283
2025-08-29,AUD,10Y,3M BBSW,4.009530574977362
2025-08-28,AUD,10Y,3M BBSW,3.996672792495412
2025-08-27,AUD,10Y,3M BBSW,4.028121038407001
2025-08-26,AUD,10Y,3M BBSW,4.037043002394199
2025-08-25,AUD,10Y,3M BBSW,4.02715392110007
2025-08-22,AUD,10Y,3M BBSW,4.031327474680358
2025-08-21,AUD,10Y,3M BBSW,4.040028591623327
2025-08-20,AUD,10Y,3M BBSW,4.004644515883107
2025-08-19,AUD,10Y,3M BBSW,4.051074461996201
2025-08-18,AUD,10Y,3M BBSW,4.03934448810476
2025-08-15,AUD,10Y,3M BBSW,3.980654129826365
2025-08-14,AUD,10Y,3M BBSW,3.9809705356467937
2025-08-13,AUD,10Y,3M BBSW,3.942134805200384
2025-08-12,AUD,10Y,3M BBSW,3.990423805752146
2025-08-11,AUD,10Y,3M BBSW,3.9963589367301875
2025-08-08,AUD,10Y,3M BBSW,3.999485059873633
2025-08-07,AUD,10Y,3M BBSW,3.9933249191851283
2025-08-06,AUD,10Y,3M BBSW,3.965647955656546
2025-08-05,AUD,10Y,3M BBSW,3.975983671373312
2025-08-01,AUD,10Y,3M BBSW,3.965690103049731
2025-07-31,AUD,10Y,3M BBSW,4.03831374124875
2025-07-30,AUD,10Y,3M BBSW,4.030814681776277
2025-07-29,AUD,10Y,3M BBSW,4.049419118543629
2025-07-28,AUD,10Y,3M BBSW,4.083160259597723
2025-07-25,AUD,10Y,3M BBSW,4.083535818965759
2025-07-24,AUD,10Y,3M BBSW,4.08944619079257
2025-07-23,AUD,10Y,3M BBSW,4.062020205972024
2025-07-22,AUD,10Y,3M BBSW,4.027561527176013
2025-07-21,AUD,10Y,3M BBSW,4.042808723573386
2025-07-18,AUD,10Y,3M BBSW,4.083710570465583
2025-07-17,AUD,10Y,3M BBSW,4.062975329171562
2025-07-16,AUD,10Y,3M BBSW,4.121950148066621
2025-07-15,AUD,10Y,3M BBSW,4.165430397642271
2025-07-14,AUD,10Y,3M BBSW,4.101426610015885
2025-07-11,AUD,10Y,3M BBSW,4.098667953017933
2025-07-10,AUD,10Y,3M BBSW,4.062655256321202
2025-07-09,AUD,10Y,3M BBSW,4.03199731970655
2025-07-08,AUD,10Y,3M BBSW,4.053516559741314
2025-07-07,AUD,10Y,3M BBSW,3.969012356248906
2025-07-04,AUD,10Y,3M BBSW,3.940052477789623
2025-07-03,AUD,10Y,3M BBSW,3.961601880466474
2025-07-02,AUD,10Y,3M BBSW,3.9419665173696194
2025-07-01,AUD,10Y,3M BBSW,3.898380012311685
2025-06-30,AUD,10Y,3M BBSW,3.910667806196813
2025-06-27,AUD,10Y,3M BBSW,3.9118323816472427
2025-06-26,AUD,10Y,3M BBSW,3.880474110644008
2025-06-25,AUD,10Y,3M BBSW,3.890479835897715
2025-06-24,AUD,10Y,3M BBSW,3.906261215634733
2025-06-23,AUD,10Y,3M BBSW,3.9526512849240225
2025-06-20,AUD,10Y,3M BBSW,3.9573631654473576
2025-06-19,AUD,10Y,3M BBSW,3.953151217085903
2025-06-18,AUD,10Y,3M BBSW,3.9947672222501196
2025-06-17,AUD,10Y,3M BBSW,3.980131411456042
2025-06-16,AUD,10Y,3M BBSW,3.990308806824092
2025-06-13,AUD,10Y,3M BBSW,3.9827823642858835
2025-06-12,AUD,10Y,3M BBSW,3.913783861244248
2025-06-11,AUD,10Y,3M BBSW,3.988488123424695
2025-06-10,AUD,10Y,3M BBSW,4.031761449976045
2025-06-06,AUD,10Y,3M BBSW,4.082142328986602
2025-06-05,AUD,10Y,3M BBSW,4.012290623832366
2025-06-04,AUD,10Y,3M BBSW,3.952041605187989
2025-06-03,AUD,10Y,3M BBSW,3.9948381226055476
2025-06-02,AUD,10Y,3M BBSW,4.037361325588114
2025-05-30,AUD,10Y,3M BBSW,3.992230018257258
2025-05-29,AUD,10Y,3M BBSW,4.03175158940441
2025-05-28,AUD,10Y,3M BBSW,4.104998940323713
2025-05-27,AUD,10Y,3M BBSW,3.997132348673099
2025-05-26,AUD,10Y,3M BBSW,4.051800776093565
2025-05-23,AUD,10Y,3M BBSW,4.094997018529142
2025-05-22,AUD,10Y,3M BBSW,4.129446689342578
2025-05-21,AUD,10Y,3M BBSW,4.227504364516413
2025-05-20,AUD,10Y,3M BBSW,4.114542482905619
2025-05-19,AUD,10Y,3M BBSW,4.179248121755121
2025-05-16,AUD,10Y,3M BBSW,4.205004350038892
2025-05-15,AUD,10Y,3M BBSW,4.172383935536779
2025-05-14,AUD,10Y,3M BBSW,4.259984635170026
2025-05-13,AUD,10Y,3M BBSW,4.183959102724782
2025-05-12,AUD,10Y,3M BBSW,4.135752498660803
2025-05-09,AUD,10Y,3M BBSW,4.012306849811035
2025-05-08,AUD,10Y,3M BBSW,4.011762917520834
2025-05-07,AUD,10Y,3M BBSW,3.9471921544076363
2025-05-06,AUD,10Y,3M BBSW,4.033322909861237
2025-05-05,AUD,10Y,3M BBSW,4.014280949113012
2025-05-02,AUD,10Y,3M BBSW,4.00257133701618
2025-05-01,AUD,10Y,3M BBSW,3.9455247443616575
2025-04-30,AUD,10Y,3M BBSW,3.9084712290095176
2025-04-29,AUD,10Y,3M BBSW,3.922453874308376
2025-04-28,AUD,10Y,3M BBSW,3.931552089182888
2025-04-24,AUD,10Y,3M BBSW,3.9826084210465527
2025-04-23,AUD,10Y,3M BBSW,4.038218597179798
2025-04-22,AUD,10Y,3M BBSW,3.992642776116758
2025-04-17,AUD,10Y,3M BBSW,3.9959235028515385
2025-04-16,AUD,10Y,3M BBSW,4.024671827849581
2025-04-15,AUD,10Y,3M BBSW,4.089464652938965
2025-04-14,AUD,10Y,3M BBSW,4.108074652035441
2025-04-11,AUD,10Y,3M BBSW,4.218658240589172
2025-04-10,AUD,10Y,3M BBSW,4.131641537457986
2025-04-09,AUD,10Y,3M BBSW,4.036075392789648
2025-04-08,AUD,10Y,3M BBSW,4.002819960424793
2025-04-07,AUD,10Y,3M BBSW,4.058866662824412
2025-04-04,AUD,10Y,3M BBSW,3.911706654132089
2025-03-28,AUD,10Y,3M BBSW,4.170204845475381
2025-03-27,AUD,10Y,3M BBSW,4.21542134566877
2025-03-26,AUD,10Y,3M BBSW,4.227457911952172
2025-03-25,AUD,10Y,3M BBSW,4.210421470745416
2025-03-24,AUD,10Y,3M BBSW,4.18434547274452
2025-03-21,AUD,10Y,3M BBSW,4.164997545710849
2025-03-20,AUD,10Y,3M BBSW,4.171784279238236
2025-03-19,AUD,10Y,3M BBSW,4.172735555124688
2025-03-18,AUD,10Y,3M BBSW,4.203905718395047
2025-03-17,AUD,10Y,3M BBSW,4.188951677989558
2025-03-14,AUD,10Y,3M BBSW,4.207497003776409
2025-03-13,AUD,10Y,3M BBSW,4.181642558321514
2025-03-12,AUD,10Y,3M BBSW,4.229952077659119
2025-03-11,AUD,10Y,3M BBSW,4.224586418693721
2025-03-10,AUD,10Y,3M BBSW,4.170098483826071
2025-03-07,AUD,10Y,3M BBSW,4.219322892795878
2025-03-06,AUD,10Y,3M BBSW,4.245611991980555
2025-03-05,AUD,10Y,3M BBSW,4.277413695401014
2025-03-04,AUD,10Y,3M BBSW,4.189241078929943
2025-03-03,AUD,10Y,3M BBSW,4.103967188651662
2025-02-28,AUD,10Y,3M BBSW,4.154769350285036
2025-02-27,AUD,10Y,3M BBSW,4.169788227906398
2025-02-26,AUD,10Y,3M BBSW,4.186147254101185
2025-02-25,AUD,10Y,3M BBSW,4.217279495604044
2025-02-24,AUD,10Y,3M BBSW,4.2664024487933
2025-02-21,AUD,10Y,3M BBSW,4.328899374370242
2025-02-20,AUD,10Y,3M BBSW,4.376682733303038
2025-02-19,AUD,10Y,3M BBSW,4.368936765893143
2025-02-18,AUD,10Y,3M BBSW,4.38352927219409
2025-02-17,AUD,10Y,3M BBSW,4.295651967581596
2025-02-14,AUD,10Y,3M BBSW,4.269068324128873
2025-02-13,AUD,10Y,3M BBSW,4.274042621138689
2025-02-12,AUD,10Y,3M BBSW,4.37804535824353
2025-02-11,AUD,10Y,3M BBSW,4.294998521310194
2025-02-10,AUD,10Y,3M BBSW,4.220479971281171
2025-02-07,AUD,10Y,3M BBSW,4.244697218195679
2025-02-06,AUD,10Y,3M BBSW,4.181845872010354
2025-02-05,AUD,10Y,3M BBSW,3.65836231221675
2025-02-04,AUD,10Y,3M BBSW,3.8083931157292574
2025-02-03,AUD,10Y,3M BBSW,3.826051226258557
2025-01-31,AUD,10Y,3M BBSW,3.7251623906045026
2025-01-30,AUD,10Y,3M BBSW,3.7514878360863624
2025-01-29,AUD,10Y,3M BBSW,3.756494964243442
2025-01-28,AUD,10Y,3M BBSW,3.81703074715293
2025-01-24,AUD,10Y,3M BBSW,3.8487397705949133
2025-01-23,AUD,10Y,3M BBSW,3.937658860404594
2025-01-22,AUD,10Y,3M BBSW,3.895042145506896
2025-01-21,AUD,10Y,3M BBSW,3.88606427843441
2025-01-20,AUD,10Y,3M BBSW,3.860673011902965
2025-01-17,AUD,10Y,3M BBSW,3.9493917113904637
2025-11-03,AUD,12Y,3M BBSW,4.31380000000316
2025-10-31,AUD,12Y,3M BBSW,4.28110000000258
2025-10-30,AUD,12Y,3M BBSW,4.267600000002338
2025-10-29,AUD,12Y,3M BBSW,4.293000000002303
2025-10-28,AUD,12Y,3M BBSW,4.155400000002792
2025-10-27,AUD,12Y,3M BBSW,4.158700000002883
2025-10-24,AUD,12Y,3M BBSW,4.1165995757438
2025-10-23,AUD,12Y,3M BBSW,4.133100000002529
2025-10-22,AUD,12Y,3M BBSW,4.085400000001969
2025-10-21,AUD,12Y,3M BBSW,4.103300000002376
2025-10-20,AUD,12Y,3M BBSW,4.07080000000239
2025-10-17,AUD,12Y,3M BBSW,4.088299439097117
2025-10-16,AUD,12Y,3M BBSW,4.069600000002277
2025-10-15,AUD,12Y,3M BBSW,4.158999892006849
2025-10-14,AUD,12Y,3M BBSW,4.185800699570196
2025-10-13,AUD,12Y,3M BBSW,4.195500000002833
2025-10-10,AUD,12Y,3M BBSW,4.244700863226893
2025-10-09,AUD,12Y,3M BBSW,4.269200000002749
2025-10-08,AUD,12Y,3M BBSW,4.224300000002164
2025-10-07,AUD,12Y,3M BBSW,4.248527819219981
2025-10-03,AUD,12Y,3M BBSW,4.217420633790887
2025-10-02,AUD,12Y,3M BBSW,4.220399689744127
2025-10-01,AUD,12Y,3M BBSW,4.242962882112041
2025-09-30,AUD,12Y,3M BBSW,4.255219170946761
2025-09-29,AUD,12Y,3M BBSW,4.212169152948897
2025-09-26,AUD,12Y,3M BBSW,4.248450164236302
2025-09-25,AUD,12Y,3M BBSW,4.26815504711777
2025-09-24,AUD,12Y,3M BBSW,4.232584322094031
2025-09-23,AUD,12Y,3M BBSW,4.145560328309116
2025-09-22,AUD,12Y,3M BBSW,4.174827959250636
2025-09-19,AUD,12Y,3M BBSW,4.146920986388567
2025-09-18,AUD,12Y,3M BBSW,4.133255552890609
2025-09-17,AUD,12Y,3M BBSW,4.129268154586358
2025-09-16,AUD,12Y,3M BBSW,4.106273359546842
2025-09-15,AUD,12Y,3M BBSW,4.11334120763763
2025-09-12,AUD,12Y,3M BBSW,4.112068440002795
2025-09-11,AUD,12Y,3M BBSW,4.074202603948425
2025-09-10,AUD,12Y,3M BBSW,4.106830818946442
2025-09-09,AUD,12Y,3M BBSW,4.166369468330313
2025-09-08,AUD,12Y,3M BBSW,4.110291951027093
2025-09-05,AUD,12Y,3M BBSW,4.159921915545918
2025-09-04,AUD,12Y,3M BBSW,4.184955109146191
2025-09-03,AUD,12Y,3M BBSW,4.216518533154622
2025-09-02,AUD,12Y,3M BBSW,4.221089432723065
2025-09-01,AUD,12Y,3M BBSW,4.205358718903203
2025-08-29,AUD,12Y,3M BBSW,4.141126611046881
2025-08-28,AUD,12Y,3M BBSW,4.128208478073462
2025-08-27,AUD,12Y,3M BBSW,4.162824517835582
2025-08-26,AUD,12Y,3M BBSW,4.172124730099738
2025-08-25,AUD,12Y,3M BBSW,4.163295949866044
2025-08-22,AUD,12Y,3M BBSW,4.161919164162199
2025-08-21,AUD,12Y,3M BBSW,4.173233724974532
2025-08-20,AUD,12Y,3M BBSW,4.140254644522978
2025-08-19,AUD,12Y,3M BBSW,4.187380056088183
2025-08-18,AUD,12Y,3M BBSW,4.178791577413657
2025-08-15,AUD,12Y,3M BBSW,4.114361983414419
2025-08-14,AUD,12Y,3M BBSW,4.111613807822955
2025-08-13,AUD,12Y,3M BBSW,4.072405898361751
2025-08-12,AUD,12Y,3M BBSW,4.120878868639215
2025-08-11,AUD,12Y,3M BBSW,4.124861874961621
2025-08-08,AUD,12Y,3M BBSW,4.124746762918928
2025-08-07,AUD,12Y,3M BBSW,4.122681015136561
2025-08-06,AUD,12Y,3M BBSW,4.092401351951748
2025-08-05,AUD,12Y,3M BBSW,4.107288306410134
2025-08-01,AUD,12Y,3M BBSW,4.091737266812187
2025-07-31,AUD,12Y,3M BBSW,4.163880534980946
2025-07-30,AUD,12Y,3M BBSW,4.156403158449578
2025-07-29,AUD,12Y,3M BBSW,4.175912265974532
2025-07-28,AUD,12Y,3M BBSW,4.211527242206965
2025-07-25,AUD,12Y,3M BBSW,4.208361328512476
2025-07-24,AUD,12Y,3M BBSW,4.217643723710498
2025-07-23,AUD,12Y,3M BBSW,4.193432522648481
2025-07-22,AUD,12Y,3M BBSW,4.159147389291423
2025-07-21,AUD,12Y,3M BBSW,4.176470841930072
2025-07-18,AUD,12Y,3M BBSW,4.214467488261133
2025-07-17,AUD,12Y,3M BBSW,4.198866868825034
2025-07-16,AUD,12Y,3M BBSW,4.25246400959182
2025-07-15,AUD,12Y,3M BBSW,4.293683746683243
2025-07-14,AUD,12Y,3M BBSW,4.229102010558796
2025-07-11,AUD,12Y,3M BBSW,4.226785210648348
2025-07-10,AUD,12Y,3M BBSW,4.18978310548413
2025-07-09,AUD,12Y,3M BBSW,4.158937554849588
2025-07-08,AUD,12Y,3M BBSW,4.181411540528152
2025-07-07,AUD,12Y,3M BBSW,4.098864228344379
2025-07-04,AUD,12Y,3M BBSW,4.066834178884118
2025-07-03,AUD,12Y,3M BBSW,4.088803225049749
2025-07-02,AUD,12Y,3M BBSW,4.070416218948468
2025-07-01,AUD,12Y,3M BBSW,4.024597273046257
2025-06-30,AUD,12Y,3M BBSW,4.035558148769349
2025-06-27,AUD,12Y,3M BBSW,4.036081787289572
2025-06-26,AUD,12Y,3M BBSW,4.005233273125415
2025-06-25,AUD,12Y,3M BBSW,4.016501557418291
2025-06-24,AUD,12Y,3M BBSW,4.030460774773743
2025-06-23,AUD,12Y,3M BBSW,4.077403650237069
2025-06-20,AUD,12Y,3M BBSW,4.075601580537354
2025-06-19,AUD,12Y,3M BBSW,4.075509294167897
2025-06-18,AUD,12Y,3M BBSW,4.118026568376042
2025-06-17,AUD,12Y,3M BBSW,4.106659352121884
2025-06-16,AUD,12Y,3M BBSW,4.12164603685526
2025-06-13,AUD,12Y,3M BBSW,4.111009266230712
2025-06-12,AUD,12Y,3M BBSW,4.043034391962729
2025-06-11,AUD,12Y,3M BBSW,4.114621523056685
2025-06-10,AUD,12Y,3M BBSW,4.157369585558707
2025-06-06,AUD,12Y,3M BBSW,4.206633018923876
2025-06-05,AUD,12Y,3M BBSW,4.137855062123099
2025-06-04,AUD,12Y,3M BBSW,4.080190467823232
2025-06-03,AUD,12Y,3M BBSW,4.126341985306758
2025-06-02,AUD,12Y,3M BBSW,4.169723176059516
2025-05-30,AUD,12Y,3M BBSW,4.12098480352744
2025-05-29,AUD,12Y,3M BBSW,4.159990475578447
2025-05-28,AUD,12Y,3M BBSW,4.232232671743623
2025-05-27,AUD,12Y,3M BBSW,4.122332116698321
2025-05-26,AUD,12Y,3M BBSW,4.181884130147721
2025-05-23,AUD,12Y,3M BBSW,4.222674004094372
2025-05-22,AUD,12Y,3M BBSW,4.259271954872064
2025-05-21,AUD,12Y,3M BBSW,4.359952412869328
2025-05-20,AUD,12Y,3M BBSW,4.241315844344507
2025-05-19,AUD,12Y,3M BBSW,4.30061850251832
2025-05-16,AUD,12Y,3M BBSW,4.321290708961881
2025-05-15,AUD,12Y,3M BBSW,4.29064403317166
2025-05-14,AUD,12Y,3M BBSW,4.379475691131641
2025-05-13,AUD,12Y,3M BBSW,4.301858850305615
2025-05-12,AUD,12Y,3M BBSW,4.252340928505159
2025-05-09,AUD,12Y,3M BBSW,4.126768851080485
2025-05-08,AUD,12Y,3M BBSW,4.129653483259328
2025-05-07,AUD,12Y,3M BBSW,4.06817527648315
2025-05-06,AUD,12Y,3M BBSW,4.15748894592861
2025-05-05,AUD,12Y,3M BBSW,4.136700117865612
2025-05-02,AUD,12Y,3M BBSW,4.120117967801524
2025-05-01,AUD,12Y,3M BBSW,4.06718757366694
2025-04-30,AUD,12Y,3M BBSW,4.029246256019438
2025-04-29,AUD,12Y,3M BBSW,4.042510508180862
2025-04-28,AUD,12Y,3M BBSW,4.053860948919437
2025-04-24,AUD,12Y,3M BBSW,4.101904924199065
2025-04-23,AUD,12Y,3M BBSW,4.158835312680457
2025-04-22,AUD,12Y,3M BBSW,4.114326063562985
2025-04-17,AUD,12Y,3M BBSW,4.116626899292599
2025-04-16,AUD,12Y,3M BBSW,4.149869933459903
2025-04-15,AUD,12Y,3M BBSW,4.214269386258676
2025-04-14,AUD,12Y,3M BBSW,4.23411743769612
2025-04-11,AUD,12Y,3M BBSW,4.344397960742199
2025-04-10,AUD,12Y,3M BBSW,4.262618514972527
2025-04-09,AUD,12Y,3M BBSW,4.161738704818445
2025-04-08,AUD,12Y,3M BBSW,4.131559945402103
2025-04-07,AUD,12Y,3M BBSW,4.174008315258668
2025-04-04,AUD,12Y,3M BBSW,4.022299899649743
2025-03-28,AUD,12Y,3M BBSW,4.271334147461671
2025-03-27,AUD,12Y,3M BBSW,4.318902476284388
2025-03-26,AUD,12Y,3M BBSW,4.330577064414265
2025-03-25,AUD,12Y,3M BBSW,4.313333279925414
2025-03-24,AUD,12Y,3M BBSW,4.287380455233437
2025-03-21,AUD,12Y,3M BBSW,4.261629754886161
2025-03-20,AUD,12Y,3M BBSW,4.268978829174777
2025-03-19,AUD,12Y,3M BBSW,4.26876570857637
2025-03-18,AUD,12Y,3M BBSW,4.30195976041766
2025-03-17,AUD,12Y,3M BBSW,4.288201718058464
2025-03-14,AUD,12Y,3M BBSW,4.308161755470094
2025-03-13,AUD,12Y,3M BBSW,4.278958514885097
2025-03-12,AUD,12Y,3M BBSW,4.329781175891859
2025-03-11,AUD,12Y,3M BBSW,4.325425041553186
2025-03-10,AUD,12Y,3M BBSW,4.270411959088078
2025-03-07,AUD,12Y,3M BBSW,4.317143701014653
2025-03-06,AUD,12Y,3M BBSW,4.34153314440102
2025-03-05,AUD,12Y,3M BBSW,4.37345519526373
2025-03-04,AUD,12Y,3M BBSW,4.285085984301301
2025-03-03,AUD,12Y,3M BBSW,4.196802186355407
2025-02-28,AUD,12Y,3M BBSW,4.245862618196872
2025-02-27,AUD,12Y,3M BBSW,4.259752237127502
2025-02-26,AUD,12Y,3M BBSW,4.274494943171411
2025-02-25,AUD,12Y,3M BBSW,4.311799011384725
2025-02-24,AUD,12Y,3M BBSW,4.361735746981224
2025-02-21,AUD,12Y,3M BBSW,4.423161974323693
2025-02-20,AUD,12Y,3M BBSW,4.471330669456123
2025-02-19,AUD,12Y,3M BBSW,4.461169641462019
2025-02-18,AUD,12Y,3M BBSW,4.476973150076033
2025-02-17,AUD,12Y,3M BBSW,4.391284779334184
2025-02-14,AUD,12Y,3M BBSW,4.364251009265948
2025-02-13,AUD,12Y,3M BBSW,4.369083730954975
2025-02-12,AUD,12Y,3M BBSW,4.472948798298296
2025-02-11,AUD,12Y,3M BBSW,4.38951825790517
2025-02-10,AUD,12Y,3M BBSW,4.317577485826738
2025-02-07,AUD,12Y,3M BBSW,4.332011810694988
2025-02-06,AUD,12Y,3M BBSW,4.275689664707596
2025-02-05,AUD,12Y,3M BBSW,3.656301350718734
2025-02-04,AUD,12Y,3M BBSW,3.81067093913391
2025-02-03,AUD,12Y,3M BBSW,3.829574542976757
2025-01-31,AUD,12Y,3M BBSW,3.7232018434359944
2025-01-30,AUD,12Y,3M BBSW,3.750583946008512
2025-01-29,AUD,12Y,3M BBSW,3.7558499479062766
2025-01-28,AUD,12Y,3M BBSW,3.816527287732093
2025-01-24,AUD,12Y,3M BBSW,3.8476852410186524
2025-01-23,AUD,12Y,3M BBSW,3.9416213916552185
2025-01-22,AUD,12Y,3M BBSW,3.8947129456503973
2025-01-21,AUD,12Y,3M BBSW,3.886281281687974
2025-01-20,AUD,12Y,3M BBSW,3.859921170158888
2025-01-17,AUD,12Y,3M BBSW,3.9503286270980373
2025-11-03,AUD,15Y,3M BBSW,4.428800000001103
2025-10-31,AUD,15Y,3M BBSW,4.394600000000919
2025-10-30,AUD,15Y,3M BBSW,4.381400000001119
2025-10-29,AUD,15Y,3M BBSW,4.407800000001043
2025-10-28,AUD,15Y,3M BBSW,4.274200000001057
2025-10-27,AUD,15Y,3M BBSW,4.280000000001192
2025-10-24,AUD,15Y,3M BBSW,4.239201042185865
2025-10-23,AUD,15Y,3M BBSW,4.254700000000925
2025-10-22,AUD,15Y,3M BBSW,4.206700000001094
2025-10-21,AUD,15Y,3M BBSW,4.222700000001015
2025-10-20,AUD,15Y,3M BBSW,4.19210000000113
2025-10-17,AUD,15Y,3M BBSW,4.210700414411667
2025-10-16,AUD,15Y,3M BBSW,4.190900000001011
2025-10-15,AUD,15Y,3M BBSW,4.278001431569871
2025-10-14,AUD,15Y,3M BBSW,4.30470109720502
2025-10-13,AUD,15Y,3M BBSW,4.314200000001176
2025-10-10,AUD,15Y,3M BBSW,4.363601619689593
2025-10-09,AUD,15Y,3M BBSW,4.389300000001153
2025-10-08,AUD,15Y,3M BBSW,4.344300000001107
2025-10-07,AUD,15Y,3M BBSW,4.36949568893715
2025-10-03,AUD,15Y,3M BBSW,4.339850025238341
2025-10-02,AUD,15Y,3M BBSW,4.340027474682214
2025-10-01,AUD,15Y,3M BBSW,4.363090689208023
2025-09-30,AUD,15Y,3M BBSW,4.374557294673608
2025-09-29,AUD,15Y,3M BBSW,4.332469969706139
2025-09-26,AUD,15Y,3M BBSW,4.367996422253414
2025-09-25,AUD,15Y,3M BBSW,4.391121976544967
2025-09-24,AUD,15Y,3M BBSW,4.356771803816304
2025-09-23,AUD,15Y,3M BBSW,4.27096244136213
2025-09-22,AUD,15Y,3M BBSW,4.302187955105456
2025-09-19,AUD,15Y,3M BBSW,4.276602654453868
2025-09-18,AUD,15Y,3M BBSW,4.258421821000698
2025-09-17,AUD,15Y,3M BBSW,4.251464682036691
2025-09-16,AUD,15Y,3M BBSW,4.229077137148956
2025-09-15,AUD,15Y,3M BBSW,4.236226118514014
2025-09-12,AUD,15Y,3M BBSW,4.231637954246985
2025-09-11,AUD,15Y,3M BBSW,4.194739725989634
2025-09-10,AUD,15Y,3M BBSW,4.232679981293372
2025-09-09,AUD,15Y,3M BBSW,4.294023986497186
2025-09-08,AUD,15Y,3M BBSW,4.236627185671823
2025-09-05,AUD,15Y,3M BBSW,4.290154693979677
2025-09-04,AUD,15Y,3M BBSW,4.315431603520508
2025-09-03,AUD,15Y,3M BBSW,4.348416177260016
2025-09-02,AUD,15Y,3M BBSW,4.357317986552185
2025-09-01,AUD,15Y,3M BBSW,4.338672078456287
2025-08-29,AUD,15Y,3M BBSW,4.274608435857994
2025-08-28,AUD,15Y,3M BBSW,4.258037736507983
2025-08-27,AUD,15Y,3M BBSW,4.296152216380613
2025-08-26,AUD,15Y,3M BBSW,4.30621807221322
2025-08-25,AUD,15Y,3M BBSW,4.296787277750673
2025-08-22,AUD,15Y,3M BBSW,4.295386450415961
2025-08-21,AUD,15Y,3M BBSW,4.307520397422506
2025-08-20,AUD,15Y,3M BBSW,4.273864902878949
2025-08-19,AUD,15Y,3M BBSW,4.320401580548318
2025-08-18,AUD,15Y,3M BBSW,4.31449560923428
2025-08-15,AUD,15Y,3M BBSW,4.245404295890824
2025-08-14,AUD,15Y,3M BBSW,4.242311222984009
2025-08-13,AUD,15Y,3M BBSW,4.199875543174032
2025-08-12,AUD,15Y,3M BBSW,4.247560351571249
2025-08-11,AUD,15Y,3M BBSW,4.248723943402226
2025-08-08,AUD,15Y,3M BBSW,4.252155295185629
2025-08-07,AUD,15Y,3M BBSW,4.249931676780809
2025-08-06,AUD,15Y,3M BBSW,4.21645035580207
2025-08-05,AUD,15Y,3M BBSW,4.234636469048914
2025-08-01,AUD,15Y,3M BBSW,4.219611489332614
2025-07-31,AUD,15Y,3M BBSW,4.286390334963722
2025-07-30,AUD,15Y,3M BBSW,4.27898887330826
2025-07-29,AUD,15Y,3M BBSW,4.298726387265177
2025-07-28,AUD,15Y,3M BBSW,4.333815065834436
2025-07-25,AUD,15Y,3M BBSW,4.334650424868411
2025-07-24,AUD,15Y,3M BBSW,4.344916614396603
2025-07-23,AUD,15Y,3M BBSW,4.321998610507769
2025-07-22,AUD,15Y,3M BBSW,4.287260582079916
2025-07-21,AUD,15Y,3M BBSW,4.305359320872122
2025-07-18,AUD,15Y,3M BBSW,4.347460923581729
2025-07-17,AUD,15Y,3M BBSW,4.331853559365979
2025-07-16,AUD,15Y,3M BBSW,4.380766373828552
2025-07-15,AUD,15Y,3M BBSW,4.423122156043176
2025-07-14,AUD,15Y,3M BBSW,4.356196315707801
2025-07-11,AUD,15Y,3M BBSW,4.353029191473852
2025-07-10,AUD,15Y,3M BBSW,4.314217504223768
2025-07-09,AUD,15Y,3M BBSW,4.28228024285196
2025-07-08,AUD,15Y,3M BBSW,4.304329714498802
2025-07-07,AUD,15Y,3M BBSW,4.22279361731408
2025-07-04,AUD,15Y,3M BBSW,4.192812105776736
2025-07-03,AUD,15Y,3M BBSW,4.213717195646828
2025-07-02,AUD,15Y,3M BBSW,4.196135362187346
2025-07-01,AUD,15Y,3M BBSW,4.146766960065587
2025-06-30,AUD,15Y,3M BBSW,4.157304041410327
2025-06-27,AUD,15Y,3M BBSW,4.157052902488322
2025-06-26,AUD,15Y,3M BBSW,4.125674190183756
2025-06-25,AUD,15Y,3M BBSW,4.137636724276422
2025-06-24,AUD,15Y,3M BBSW,4.14862295343049
2025-06-23,AUD,15Y,3M BBSW,4.194986326043876
2025-06-20,AUD,15Y,3M BBSW,4.193900097811995
2025-06-19,AUD,15Y,3M BBSW,4.191273473213537
2025-06-18,AUD,15Y,3M BBSW,4.235315126692623
2025-06-17,AUD,15Y,3M BBSW,4.226252584472684
2025-06-16,AUD,15Y,3M BBSW,4.24002980124777
2025-06-13,AUD,15Y,3M BBSW,4.232180524736365
2025-06-12,AUD,15Y,3M BBSW,4.154514529162282
2025-06-11,AUD,15Y,3M BBSW,4.233983436663433
2025-06-10,AUD,15Y,3M BBSW,4.276221204425622
2025-06-06,AUD,15Y,3M BBSW,4.331191112342403
2025-06-05,AUD,15Y,3M BBSW,4.25891287415731
2025-06-04,AUD,15Y,3M BBSW,4.203664246641668
2025-06-03,AUD,15Y,3M BBSW,4.250924397675789
2025-06-02,AUD,15Y,3M BBSW,4.295793251498623
2025-05-30,AUD,15Y,3M BBSW,4.244575721977526
2025-05-29,AUD,15Y,3M BBSW,4.283662984765035
2025-05-28,AUD,15Y,3M BBSW,4.353910471797219
2025-05-27,AUD,15Y,3M BBSW,4.241805622883756
2025-05-26,AUD,15Y,3M BBSW,4.304312934634444
2025-05-23,AUD,15Y,3M BBSW,4.348338025670548
2025-05-22,AUD,15Y,3M BBSW,4.38435227063597
2025-05-21,AUD,15Y,3M BBSW,4.487138515439468
2025-05-20,AUD,15Y,3M BBSW,4.361804174136165
2025-05-19,AUD,15Y,3M BBSW,4.413069175974695
2025-05-16,AUD,15Y,3M BBSW,4.434437984700046
2025-05-15,AUD,15Y,3M BBSW,4.401961286150867
2025-05-14,AUD,15Y,3M BBSW,4.49198205328833
2025-05-13,AUD,15Y,3M BBSW,4.409880705390244
2025-05-12,AUD,15Y,3M BBSW,4.358736400246464
2025-05-09,AUD,15Y,3M BBSW,4.239080000690114
2025-05-08,AUD,15Y,3M BBSW,4.239896849715668
2025-05-07,AUD,15Y,3M BBSW,4.180699623098247
2025-05-06,AUD,15Y,3M BBSW,4.272015317317425
2025-05-05,AUD,15Y,3M BBSW,4.24780222967609
2025-05-02,AUD,15Y,3M BBSW,4.233406642614261
2025-05-01,AUD,15Y,3M BBSW,4.179598969282035
2025-04-30,AUD,15Y,3M BBSW,4.139338431376208
2025-04-29,AUD,15Y,3M BBSW,4.152255596573938
2025-04-28,AUD,15Y,3M BBSW,4.16342807906909
2025-04-24,AUD,15Y,3M BBSW,4.210519894358958
2025-04-23,AUD,15Y,3M BBSW,4.267811653330817
2025-04-22,AUD,15Y,3M BBSW,4.225269580117197
2025-04-17,AUD,15Y,3M BBSW,4.228247271716748
2025-04-16,AUD,15Y,3M BBSW,4.264486337618848
2025-04-15,AUD,15Y,3M BBSW,4.331547441018102
2025-04-14,AUD,15Y,3M BBSW,4.351249770353719
2025-04-11,AUD,15Y,3M BBSW,4.466990293042164
2025-04-10,AUD,15Y,3M BBSW,4.379542199944273
2025-04-09,AUD,15Y,3M BBSW,4.277106206101561
2025-04-08,AUD,15Y,3M BBSW,4.244864471395707
2025-04-07,AUD,15Y,3M BBSW,4.275745467845062
2025-04-04,AUD,15Y,3M BBSW,4.126722849763133
2025-03-28,AUD,15Y,3M BBSW,4.370051063831079
2025-03-27,AUD,15Y,3M BBSW,4.415799465980546
2025-03-26,AUD,15Y,3M BBSW,4.426989785940072
2025-03-25,AUD,15Y,3M BBSW,4.40781579487583
2025-03-24,AUD,15Y,3M BBSW,4.381454008361088
2025-03-21,AUD,15Y,3M BBSW,4.355571338026748
2025-03-20,AUD,15Y,3M BBSW,4.360424861338219
2025-03-19,AUD,15Y,3M BBSW,4.36008894345014
2025-03-18,AUD,15Y,3M BBSW,4.392990248216951
2025-03-17,AUD,15Y,3M BBSW,4.379802861910435
2025-03-14,AUD,15Y,3M BBSW,4.400533528487924
2025-03-13,AUD,15Y,3M BBSW,4.371707187087958
2025-03-12,AUD,15Y,3M BBSW,4.423699408772335
2025-03-11,AUD,15Y,3M BBSW,4.419946037911743
2025-03-10,AUD,15Y,3M BBSW,4.362115210161911
2025-03-07,AUD,15Y,3M BBSW,4.410118037121554
2025-03-06,AUD,15Y,3M BBSW,4.43309190855727
2025-03-05,AUD,15Y,3M BBSW,4.466185800122913
2025-03-04,AUD,15Y,3M BBSW,4.374914315238835
2025-03-03,AUD,15Y,3M BBSW,4.282531543870649
2025-02-28,AUD,15Y,3M BBSW,4.331147766231997
2025-02-27,AUD,15Y,3M BBSW,4.344973835683623
2025-02-26,AUD,15Y,3M BBSW,4.357973966002176
2025-02-25,AUD,15Y,3M BBSW,4.398446149646181
2025-02-24,AUD,15Y,3M BBSW,4.449580452043588
2025-02-21,AUD,15Y,3M BBSW,4.514720589875837
2025-02-20,AUD,15Y,3M BBSW,4.561398559828743
2025-02-19,AUD,15Y,3M BBSW,4.546914004586123
2025-02-18,AUD,15Y,3M BBSW,4.560991435520656
2025-02-17,AUD,15Y,3M BBSW,4.477815473757522
2025-02-14,AUD,15Y,3M BBSW,4.449288631701494
2025-02-13,AUD,15Y,3M BBSW,4.457144805481919
2025-02-12,AUD,15Y,3M BBSW,4.562483743523662
2025-02-11,AUD,15Y,3M BBSW,4.477142569478539
2025-02-10,AUD,15Y,3M BBSW,4.405911866260694
2025-02-07,AUD,15Y,3M BBSW,4.417978370847448
2025-02-06,AUD,15Y,3M BBSW,4.361879691067188
2025-02-05,AUD,15Y,3M BBSW,3.654275757406805
2025-02-04,AUD,15Y,3M BBSW,3.812919330377013
2025-02-03,AUD,15Y,3M BBSW,3.8330471985310375
2025-01-31,AUD,15Y,3M BBSW,3.7212761981350018
2025-01-30,AUD,15Y,3M BBSW,3.749693876169006
2025-01-29,AUD,15Y,3M BBSW,3.75521570160319
2025-01-28,AUD,15Y,3M BBSW,3.816036361201134
2025-01-24,AUD,15Y,3M BBSW,3.846636356773924
2025-01-23,AUD,15Y,3M BBSW,3.945507624812547
2025-01-22,AUD,15Y,3M BBSW,3.894388917608027
2025-01-21,AUD,15Y,3M BBSW,3.886500770498933
2025-01-20,AUD,15Y,3M BBSW,3.859185897483175
2025-01-17,AUD,15Y,3M BBSW,3.951227911601771
2025-11-03,AUD,20Y,3M BBSW,4.514100000006213
2025-10-31,AUD,20Y,3M BBSW,4.479700000005942
2025-10-30,AUD,20Y,3M BBSW,4.468000000005605
2025-10-29,AUD,20Y,3M BBSW,4.495700000005947
2025-10-28,AUD,20Y,3M BBSW,4.367100000005482
2025-10-27,AUD,20Y,3M BBSW,4.373000000005351
2025-10-24,AUD,20Y,3M BBSW,4.33570222488134
2025-10-23,AUD,20Y,3M BBSW,4.351100000005226
2025-10-22,AUD,20Y,3M BBSW,4.302800000004951
2025-10-21,AUD,20Y,3M BBSW,4.318000000005175
2025-10-20,AUD,20Y,3M BBSW,4.288400000004762
2025-10-17,AUD,20Y,3M BBSW,4.313702061214222
2025-10-16,AUD,20Y,3M BBSW,4.292100000004803
2025-10-15,AUD,20Y,3M BBSW,4.373338661584855
2025-10-14,AUD,20Y,3M BBSW,4.398636796890389
2025-10-13,AUD,20Y,3M BBSW,4.407000000006002
2025-10-10,AUD,20Y,3M BBSW,4.457502947400291
2025-10-09,AUD,20Y,3M BBSW,4.485900000006138
2025-10-08,AUD,20Y,3M BBSW,4.442200000005936
2025-10-07,AUD,20Y,3M BBSW,4.46350512337169
2025-10-03,AUD,20Y,3M BBSW,4.430642678718132
2025-10-02,AUD,20Y,3M BBSW,4.430963619589019
2025-10-01,AUD,20Y,3M BBSW,4.451832360601368
2025-09-30,AUD,20Y,3M BBSW,4.461430513772098
2025-09-29,AUD,20Y,3M BBSW,4.41942104986355
2025-09-26,AUD,20Y,3M BBSW,4.454021999698476
2025-09-25,AUD,20Y,3M BBSW,4.486014668198008
2025-09-24,AUD,20Y,3M BBSW,4.451929349641281
2025-09-23,AUD,20Y,3M BBSW,4.369469693424421
2025-09-22,AUD,20Y,3M BBSW,4.401904919791371
2025-09-19,AUD,20Y,3M BBSW,4.374940840822954
2025-09-18,AUD,20Y,3M BBSW,4.354795882025499
2025-09-17,AUD,20Y,3M BBSW,4.347569577282504
2025-09-16,AUD,20Y,3M BBSW,4.323180452422692
2025-09-15,AUD,20Y,3M BBSW,4.329347573427376
2025-09-12,AUD,20Y,3M BBSW,4.320698580489936
2025-09-11,AUD,20Y,3M BBSW,4.285421588558612
2025-09-10,AUD,20Y,3M BBSW,4.32788668292772
2025-09-09,AUD,20Y,3M BBSW,4.392479064801713
2025-09-08,AUD,20Y,3M BBSW,4.336064687281234
2025-09-05,AUD,20Y,3M BBSW,4.392704509754665
2025-09-04,AUD,20Y,3M BBSW,4.423640185286011
2025-09-03,AUD,20Y,3M BBSW,4.453199634915513
2025-09-02,AUD,20Y,3M BBSW,4.468493785546213
2025-09-01,AUD,20Y,3M BBSW,4.448484094253257
2025-08-29,AUD,20Y,3M BBSW,4.378264505619444
2025-08-28,AUD,20Y,3M BBSW,4.365477150693821
2025-08-27,AUD,20Y,3M BBSW,4.403050549055473
2025-08-26,AUD,20Y,3M BBSW,4.414924923914383
2025-08-25,AUD,20Y,3M BBSW,4.407611343003122
2025-08-22,AUD,20Y,3M BBSW,4.404321476036788
2025-08-21,AUD,20Y,3M BBSW,4.417260666364101
2025-08-20,AUD,20Y,3M BBSW,4.383558165594772
2025-08-19,AUD,20Y,3M BBSW,4.431312713889897
2025-08-18,AUD,20Y,3M BBSW,4.431208939449608
2025-08-15,AUD,20Y,3M BBSW,4.354914828048657
2025-08-14,AUD,20Y,3M BBSW,4.347045566235076
2025-08-13,AUD,20Y,3M BBSW,4.302274592114588
2025-08-12,AUD,20Y,3M BBSW,4.348766311959968
2025-08-11,AUD,20Y,3M BBSW,4.351213752969002
2025-08-08,AUD,20Y,3M BBSW,4.354950965187431
2025-08-07,AUD,20Y,3M BBSW,4.352106732271293
2025-08-06,AUD,20Y,3M BBSW,4.315156863159013
2025-08-05,AUD,20Y,3M BBSW,4.339528308194342
2025-08-01,AUD,20Y,3M BBSW,4.319740747252582
2025-07-31,AUD,20Y,3M BBSW,4.382793589124469
2025-07-30,AUD,20Y,3M BBSW,4.375247259158073
2025-07-29,AUD,20Y,3M BBSW,4.395984655292169
2025-07-28,AUD,20Y,3M BBSW,4.43399542439121
2025-07-25,AUD,20Y,3M BBSW,4.435387116993594
2025-07-24,AUD,20Y,3M BBSW,4.449003569275522
2025-07-23,AUD,20Y,3M BBSW,4.426045864853554
2025-07-22,AUD,20Y,3M BBSW,4.390903834688313
2025-07-21,AUD,20Y,3M BBSW,4.412627533322715
2025-07-18,AUD,20Y,3M BBSW,4.454606309829676
2025-07-17,AUD,20Y,3M BBSW,4.437644587471744
2025-07-16,AUD,20Y,3M BBSW,4.485396053387767
2025-07-15,AUD,20Y,3M BBSW,4.525849559975373
2025-07-14,AUD,20Y,3M BBSW,4.456500062738784
2025-07-11,AUD,20Y,3M BBSW,4.448459926918743
2025-07-10,AUD,20Y,3M BBSW,4.407180659020536
2025-07-09,AUD,20Y,3M BBSW,4.374678778905452
2025-07-08,AUD,20Y,3M BBSW,4.397038381042741
2025-07-07,AUD,20Y,3M BBSW,4.319075580028064
2025-07-04,AUD,20Y,3M BBSW,4.287798227238603
2025-07-03,AUD,20Y,3M BBSW,4.3063837962442
2025-07-02,AUD,20Y,3M BBSW,4.288549110495859
2025-07-01,AUD,20Y,3M BBSW,4.231409172017174
2025-06-30,AUD,20Y,3M BBSW,4.246744452182154
2025-06-27,AUD,20Y,3M BBSW,4.247073222429173
2025-06-26,AUD,20Y,3M BBSW,4.212740294533635
2025-06-25,AUD,20Y,3M BBSW,4.222745148098789
2025-06-24,AUD,20Y,3M BBSW,4.23382463972617
2025-06-23,AUD,20Y,3M BBSW,4.281015291178355
2025-06-20,AUD,20Y,3M BBSW,4.278443275689963
2025-06-19,AUD,20Y,3M BBSW,4.275548209806268
2025-06-18,AUD,20Y,3M BBSW,4.323021057584434
2025-06-17,AUD,20Y,3M BBSW,4.314962749268571
2025-06-16,AUD,20Y,3M BBSW,4.33262730499731
2025-06-13,AUD,20Y,3M BBSW,4.323729352913188
2025-06-12,AUD,20Y,3M BBSW,4.24514811628782
2025-06-11,AUD,20Y,3M BBSW,4.321510672601671
2025-06-10,AUD,20Y,3M BBSW,4.363225779611085
2025-06-06,AUD,20Y,3M BBSW,4.416481793578924
2025-06-05,AUD,20Y,3M BBSW,4.34581247901646
2025-06-04,AUD,20Y,3M BBSW,4.293503516863549
2025-06-03,AUD,20Y,3M BBSW,4.345622683457549
2025-06-02,AUD,20Y,3M BBSW,4.392217860937907
2025-05-30,AUD,20Y,3M BBSW,4.335174367524345
2025-05-29,AUD,20Y,3M BBSW,4.375336507429235
2025-05-28,AUD,20Y,3M BBSW,4.443910667885017
2025-05-27,AUD,20Y,3M BBSW,4.328110770249694
2025-05-26,AUD,20Y,3M BBSW,4.398138301233982
2025-05-23,AUD,20Y,3M BBSW,4.4406619272792
2025-05-22,AUD,20Y,3M BBSW,4.473333524665001
2025-05-21,AUD,20Y,3M BBSW,4.579455036998933
2025-05-20,AUD,20Y,3M BBSW,4.445738117901177
2025-05-19,AUD,20Y,3M BBSW,4.486015559399231
2025-05-16,AUD,20Y,3M BBSW,4.502676953813912
2025-05-15,AUD,20Y,3M BBSW,4.47391078051464
2025-05-14,AUD,20Y,3M BBSW,4.564674597402252
2025-05-13,AUD,20Y,3M BBSW,4.47808999626949
2025-05-12,AUD,20Y,3M BBSW,4.42430926821774
2025-05-09,AUD,20Y,3M BBSW,4.309302028360819
2025-05-08,AUD,20Y,3M BBSW,4.310726622616334
2025-05-07,AUD,20Y,3M BBSW,4.256744403821785
2025-05-06,AUD,20Y,3M BBSW,4.347485117376333
2025-05-05,AUD,20Y,3M BBSW,4.324884220988946
2025-05-02,AUD,20Y,3M BBSW,4.304912914049357
2025-05-01,AUD,20Y,3M BBSW,4.256694686810878
2025-04-30,AUD,20Y,3M BBSW,4.212656865562522
2025-04-29,AUD,20Y,3M BBSW,4.223773870991546
2025-04-28,AUD,20Y,3M BBSW,4.234918476424729
2025-04-24,AUD,20Y,3M BBSW,4.278773580248961
2025-04-23,AUD,20Y,3M BBSW,4.341464698475398
2025-04-22,AUD,20Y,3M BBSW,4.300401706647222
2025-04-17,AUD,20Y,3M BBSW,4.303661588593771
2025-04-16,AUD,20Y,3M BBSW,4.339742694261093
2025-04-15,AUD,20Y,3M BBSW,4.410997931212121
2025-04-14,AUD,20Y,3M BBSW,4.430263150079544
2025-04-11,AUD,20Y,3M BBSW,4.551513905564083
2025-04-10,AUD,20Y,3M BBSW,4.46248056525221
2025-04-09,AUD,20Y,3M BBSW,4.353977066522638
2025-04-08,AUD,20Y,3M BBSW,4.309362572790734
2025-04-07,AUD,20Y,3M BBSW,4.343513673613117
2025-04-04,AUD,20Y,3M BBSW,4.19783789784251
2025-03-28,AUD,20Y,3M BBSW,4.425076618142529
2025-03-27,AUD,20Y,3M BBSW,4.470544704502315
2025-03-26,AUD,20Y,3M BBSW,4.477448609161664
2025-03-25,AUD,20Y,3M BBSW,4.45835197912624
2025-03-24,AUD,20Y,3M BBSW,4.436831633664966
2025-03-21,AUD,20Y,3M BBSW,4.404748956542842
2025-03-20,AUD,20Y,3M BBSW,4.407442508264034
2025-03-19,AUD,20Y,3M BBSW,4.406845319100593
2025-03-18,AUD,20Y,3M BBSW,4.442340552030469
2025-03-17,AUD,20Y,3M BBSW,4.431500841023584
2025-03-14,AUD,20Y,3M BBSW,4.45262055964495
2025-03-13,AUD,20Y,3M BBSW,4.420018893240243
2025-03-12,AUD,20Y,3M BBSW,4.472859992564038
2025-03-11,AUD,20Y,3M BBSW,4.47168791885405
2025-03-10,AUD,20Y,3M BBSW,4.412718131425086
2025-03-07,AUD,20Y,3M BBSW,4.457809050003158
2025-03-06,AUD,20Y,3M BBSW,4.481503176150792
2025-03-05,AUD,20Y,3M BBSW,4.515935014786685
2025-03-04,AUD,20Y,3M BBSW,4.422962012158198
2025-03-03,AUD,20Y,3M BBSW,4.328031854804855
2025-02-28,AUD,20Y,3M BBSW,4.375464735456321
2025-02-27,AUD,20Y,3M BBSW,4.386908940710691
2025-02-26,AUD,20Y,3M BBSW,4.397612890164567
2025-02-25,AUD,20Y,3M BBSW,4.443432741179222
2025-02-24,AUD,20Y,3M BBSW,4.493192914957808
2025-02-21,AUD,20Y,3M BBSW,4.566292432267964
2025-02-20,AUD,20Y,3M BBSW,4.603451814707735
2025-02-19,AUD,20Y,3M BBSW,4.589635754939763
2025-02-18,AUD,20Y,3M BBSW,4.602301844566894
2025-02-17,AUD,20Y,3M BBSW,4.517249820213771
2025-02-14,AUD,20Y,3M BBSW,4.489840991223204
2025-02-13,AUD,20Y,3M BBSW,4.498697225873745
2025-02-12,AUD,20Y,3M BBSW,4.604337600797978
2025-02-11,AUD,20Y,3M BBSW,4.519460480928875
2025-02-10,AUD,20Y,3M BBSW,4.445065839760781
2025-02-07,AUD,20Y,3M BBSW,4.452078117761765
2025-02-06,AUD,20Y,3M BBSW,4.396788728144175
2025-02-05,AUD,20Y,3M BBSW,3.652299022789898
2025-02-04,AUD,20Y,3M BBSW,3.815105657556624
2025-02-03,AUD,20Y,3M BBSW,3.836437932534854
2025-01-31,AUD,20Y,3M BBSW,3.7193985263970357
2025-01-30,AUD,20Y,3M BBSW,3.748827500220985
2025-01-29,AUD,20Y,3M BBSW,3.754597025636129
2025-01-28,AUD,20Y,3M BBSW,3.815555453660282
2025-01-24,AUD,20Y,3M BBSW,3.845621438377337
2025-01-23,AUD,20Y,3M BBSW,3.949305315926831
2025-01-22,AUD,20Y,3M BBSW,3.894072716231392
2025-01-21,AUD,20Y,3M BBSW,3.886711250597852
2025-01-20,AUD,20Y,3M BBSW,3.8584704917157624
2025-01-17,AUD,20Y,3M BBSW,3.952116723005868
2025-11-03,AUD,25Y,3M BBSW,4.511399999998457
2025-10-31,AUD,25Y,3M BBSW,4.47839999999852
2025-10-30,AUD,25Y,3M BBSW,4.466999999998585
2025-10-29,AUD,25Y,3M BBSW,4.498199999998455
2025-10-28,AUD,25Y,3M BBSW,4.369299999998693
2025-10-27,AUD,25Y,3M BBSW,4.374599999998706
2025-10-24,AUD,25Y,3M BBSW,4.339303712180937
2025-10-23,AUD,25Y,3M BBSW,4.354499999998714
2025-10-22,AUD,25Y,3M BBSW,4.305600000005867
2025-10-21,AUD,25Y,3M BBSW,4.321499999998783
2025-10-20,AUD,25Y,3M BBSW,4.290800000005641
2025-10-17,AUD,25Y,3M BBSW,4.318402986038726
2025-10-16,AUD,25Y,3M BBSW,4.294600000005663
2025-10-15,AUD,25Y,3M BBSW,4.373159186912992
2025-10-14,AUD,25Y,3M BBSW,4.396300753612946
2025-10-13,AUD,25Y,3M BBSW,4.404499572383267
2025-10-10,AUD,25Y,3M BBSW,4.45600403945896
2025-10-09,AUD,25Y,3M BBSW,4.489399999998439
2025-10-08,AUD,25Y,3M BBSW,4.441899999998541
2025-10-07,AUD,25Y,3M BBSW,4.464777263615053
2025-10-03,AUD,25Y,3M BBSW,4.424918181197998
2025-10-02,AUD,25Y,3M BBSW,4.422813836632048
2025-10-01,AUD,25Y,3M BBSW,4.442504303248492
2025-09-30,AUD,25Y,3M BBSW,4.451879457255211
2025-09-29,AUD,25Y,3M BBSW,4.412676932021457
2025-09-26,AUD,25Y,3M BBSW,4.444141684290686
2025-09-25,AUD,25Y,3M BBSW,4.48139577835589
2025-09-24,AUD,25Y,3M BBSW,4.447230192481453
2025-09-23,AUD,25Y,3M BBSW,4.370724320734885
2025-09-22,AUD,25Y,3M BBSW,4.403558325347182
2025-09-19,AUD,25Y,3M BBSW,4.376687909288425
2025-09-18,AUD,25Y,3M BBSW,4.353948418538542
2025-09-17,AUD,25Y,3M BBSW,4.347018556026863
2025-09-16,AUD,25Y,3M BBSW,4.320507022888187
2025-09-15,AUD,25Y,3M BBSW,4.324911230871899
2025-09-12,AUD,25Y,3M BBSW,4.316056219441129
2025-09-11,AUD,25Y,3M BBSW,4.28566686120918
2025-09-10,AUD,25Y,3M BBSW,4.330908469393656
2025-09-09,AUD,25Y,3M BBSW,4.39998736481887
2025-09-08,AUD,25Y,3M BBSW,4.346414046595173
2025-09-05,AUD,25Y,3M BBSW,4.403372917703019
2025-09-04,AUD,25Y,3M BBSW,4.434666131900079
2025-09-03,AUD,25Y,3M BBSW,4.466496627443367
2025-09-02,AUD,25Y,3M BBSW,4.482143996864116
2025-09-01,AUD,25Y,3M BBSW,4.462209380438325
2025-08-29,AUD,25Y,3M BBSW,4.393268874757035
2025-08-28,AUD,25Y,3M BBSW,4.379952229729678
2025-08-27,AUD,25Y,3M BBSW,4.41833422744512
2025-08-26,AUD,25Y,3M BBSW,4.429953591473176
2025-08-25,AUD,25Y,3M BBSW,4.422819236115068
2025-08-22,AUD,25Y,3M BBSW,4.41953469091483
2025-08-21,AUD,25Y,3M BBSW,4.431937814655107
2025-08-20,AUD,25Y,3M BBSW,4.397164905785793
2025-08-19,AUD,25Y,3M BBSW,4.444766462830672
2025-08-18,AUD,25Y,3M BBSW,4.444548448355199
2025-08-15,AUD,25Y,3M BBSW,4.361540696194837
2025-08-14,AUD,25Y,3M BBSW,4.351347965628903
2025-08-13,AUD,25Y,3M BBSW,4.303814752947392
2025-08-12,AUD,25Y,3M BBSW,4.349860119364925
2025-08-11,AUD,25Y,3M BBSW,4.350811110576365
2025-08-08,AUD,25Y,3M BBSW,4.353870954634459
2025-08-07,AUD,25Y,3M BBSW,4.353786005860301
2025-08-06,AUD,25Y,3M BBSW,4.314573953840579
2025-08-05,AUD,25Y,3M BBSW,4.342154896167255
2025-08-01,AUD,25Y,3M BBSW,4.316364699554993
2025-07-31,AUD,25Y,3M BBSW,4.380321574638534
2025-07-30,AUD,25Y,3M BBSW,4.371389573504629
2025-07-29,AUD,25Y,3M BBSW,4.39508765483188
2025-07-28,AUD,25Y,3M BBSW,4.433073227835696
2025-07-25,AUD,25Y,3M BBSW,4.43566860264116
2025-07-24,AUD,25Y,3M BBSW,4.450509531041879
2025-07-23,AUD,25Y,3M BBSW,4.428362350935822
2025-07-22,AUD,25Y,3M BBSW,4.394264737015991
2025-07-21,AUD,25Y,3M BBSW,4.416954916107882
2025-07-18,AUD,25Y,3M BBSW,4.45953123581991
2025-07-17,AUD,25Y,3M BBSW,4.444095478671078
2025-07-16,AUD,25Y,3M BBSW,4.486892751617164
2025-07-15,AUD,25Y,3M BBSW,4.524740739285446
2025-07-14,AUD,25Y,3M BBSW,4.450844943201477
2025-07-11,AUD,25Y,3M BBSW,4.441100545499947
2025-07-10,AUD,25Y,3M BBSW,4.396698460104771
2025-07-09,AUD,25Y,3M BBSW,4.363805020393769
2025-07-08,AUD,25Y,3M BBSW,4.38715684202506
2025-07-07,AUD,25Y,3M BBSW,4.308187750145375
2025-07-04,AUD,25Y,3M BBSW,4.277205667752374
2025-07-03,AUD,25Y,3M BBSW,4.295430966497841
2025-07-02,AUD,25Y,3M BBSW,4.276621834874518
2025-07-01,AUD,25Y,3M BBSW,4.217529553367457
2025-06-30,AUD,25Y,3M BBSW,4.234665408221041
2025-06-27,AUD,25Y,3M BBSW,4.233722981265122
2025-06-26,AUD,25Y,3M BBSW,4.199131423577097
2025-06-25,AUD,25Y,3M BBSW,4.206671539100302
2025-06-24,AUD,25Y,3M BBSW,4.219182776182919
2025-06-23,AUD,25Y,3M BBSW,4.265849714314554
2025-06-20,AUD,25Y,3M BBSW,4.263982031236726
2025-06-19,AUD,25Y,3M BBSW,4.259644627710841
2025-06-18,AUD,25Y,3M BBSW,4.307431063915798
2025-06-17,AUD,25Y,3M BBSW,4.301384690213479
2025-06-16,AUD,25Y,3M BBSW,4.316563753848804
2025-06-13,AUD,25Y,3M BBSW,4.307339539579608
2025-06-12,AUD,25Y,3M BBSW,4.236732721734011
2025-06-11,AUD,25Y,3M BBSW,4.306016392921673
2025-06-10,AUD,25Y,3M BBSW,4.350022522308896
2025-06-06,AUD,25Y,3M BBSW,4.404302804721189
2025-06-05,AUD,25Y,3M BBSW,4.333583608908374
2025-06-04,AUD,25Y,3M BBSW,4.283665495246162
2025-06-03,AUD,25Y,3M BBSW,4.334473157459497
2025-06-02,AUD,25Y,3M BBSW,4.380449347174395
2025-05-30,AUD,25Y,3M BBSW,4.322018098409567
2025-05-29,AUD,25Y,3M BBSW,4.361936973342245
2025-05-28,AUD,25Y,3M BBSW,4.429447162837243
2025-05-27,AUD,25Y,3M BBSW,4.314487564939125
2025-05-26,AUD,25Y,3M BBSW,4.386280566449896
2025-05-23,AUD,25Y,3M BBSW,4.426625255616482
2025-05-22,AUD,25Y,3M BBSW,4.459343303795251
2025-05-21,AUD,25Y,3M BBSW,4.563811638756113
2025-05-20,AUD,25Y,3M BBSW,4.424679949450841
2025-05-19,AUD,25Y,3M BBSW,4.459166462658811
2025-05-16,AUD,25Y,3M BBSW,4.473341051867708
2025-05-15,AUD,25Y,3M BBSW,4.442841756220844
2025-05-14,AUD,25Y,3M BBSW,4.532400534535842
2025-05-13,AUD,25Y,3M BBSW,4.445919350010592
2025-05-12,AUD,25Y,3M BBSW,4.391238722975364
2025-05-09,AUD,25Y,3M BBSW,4.281981189033154
2025-05-08,AUD,25Y,3M BBSW,4.281178852823864
2025-05-07,AUD,25Y,3M BBSW,4.228902906108198
2025-05-06,AUD,25Y,3M BBSW,4.321470250588506
2025-05-05,AUD,25Y,3M BBSW,4.298168489076986
2025-05-02,AUD,25Y,3M BBSW,4.277702100734944
2025-05-01,AUD,25Y,3M BBSW,4.229833311597249
2025-04-30,AUD,25Y,3M BBSW,4.17828069241747
2025-04-29,AUD,25Y,3M BBSW,4.189681673089654
2025-04-28,AUD,25Y,3M BBSW,4.200260750071546
2025-04-24,AUD,25Y,3M BBSW,4.241788555963522
2025-04-23,AUD,25Y,3M BBSW,4.307035991827688
2025-04-22,AUD,25Y,3M BBSW,4.269659271236563
2025-04-17,AUD,25Y,3M BBSW,4.27099468930587
2025-04-16,AUD,25Y,3M BBSW,4.306687329292321
2025-04-15,AUD,25Y,3M BBSW,4.378021473889972
2025-04-14,AUD,25Y,3M BBSW,4.398187902900681
2025-04-11,AUD,25Y,3M BBSW,4.527963596489397
2025-04-10,AUD,25Y,3M BBSW,4.43600905651599
2025-04-09,AUD,25Y,3M BBSW,4.328662347045451
2025-04-08,AUD,25Y,3M BBSW,4.278685459118253
2025-04-07,AUD,25Y,3M BBSW,4.32029174118482
2025-04-04,AUD,25Y,3M BBSW,4.173461612826877
2025-03-28,AUD,25Y,3M BBSW,4.386664095342207
2025-03-27,AUD,25Y,3M BBSW,4.432360627210627
2025-03-26,AUD,25Y,3M BBSW,4.436038980433519
2025-03-25,AUD,25Y,3M BBSW,4.419568735190915
2025-03-24,AUD,25Y,3M BBSW,4.395636617546119
2025-03-21,AUD,25Y,3M BBSW,4.364038210586159
2025-03-20,AUD,25Y,3M BBSW,4.366945492594433
2025-03-19,AUD,25Y,3M BBSW,4.364646603080717
2025-03-18,AUD,25Y,3M BBSW,4.402413257996212
2025-03-17,AUD,25Y,3M BBSW,4.39024107499618
2025-03-14,AUD,25Y,3M BBSW,4.404967530058992
2025-03-13,AUD,25Y,3M BBSW,4.36864840243683
2025-03-12,AUD,25Y,3M BBSW,4.424187604224512
2025-03-11,AUD,25Y,3M BBSW,4.425185415761951
2025-03-10,AUD,25Y,3M BBSW,4.367060413855027
2025-03-07,AUD,25Y,3M BBSW,4.410844812578762
2025-03-06,AUD,25Y,3M BBSW,4.435460911962449
2025-03-05,AUD,25Y,3M BBSW,4.471966452974711
2025-03-04,AUD,25Y,3M BBSW,4.375012400616656
2025-03-03,AUD,25Y,3M BBSW,4.275843605481964
2025-02-28,AUD,25Y,3M BBSW,4.323644643025244
2025-02-27,AUD,25Y,3M BBSW,4.332949047036946
2025-02-26,AUD,25Y,3M BBSW,4.344056846554927
2025-02-25,AUD,25Y,3M BBSW,4.394741755591289
2025-02-24,AUD,25Y,3M BBSW,4.444409771557558
2025-02-21,AUD,25Y,3M BBSW,4.52019025938505
2025-02-20,AUD,25Y,3M BBSW,4.550638929310398
2025-02-19,AUD,25Y,3M BBSW,4.537968559096173
2025-02-18,AUD,25Y,3M BBSW,4.551131128871937
2025-02-17,AUD,25Y,3M BBSW,4.463457533021515
2025-02-14,AUD,25Y,3M BBSW,4.436649713764409
2025-02-13,AUD,25Y,3M BBSW,4.446431933029489
2025-02-12,AUD,25Y,3M BBSW,4.550702767130091
2025-02-11,AUD,25Y,3M BBSW,4.465717098810148
2025-02-10,AUD,25Y,3M BBSW,4.389083135484624
2025-02-07,AUD,25Y,3M BBSW,4.396221203058684
2025-02-06,AUD,25Y,3M BBSW,4.340455214211096
2025-02-05,AUD,25Y,3M BBSW,3.6511368391275485
2025-02-04,AUD,25Y,3M BBSW,3.816384638362709
2025-02-03,AUD,25Y,3M BBSW,3.838425931990361
2025-01-31,AUD,25Y,3M BBSW,3.718295172302803
2025-01-30,AUD,25Y,3M BBSW,3.748318077794937
2025-01-29,AUD,25Y,3M BBSW,3.754233364685517
2025-01-28,AUD,25Y,3M BBSW,3.815269964916764
2025-01-24,AUD,25Y,3M BBSW,3.8450232050200586
2025-01-23,AUD,25Y,3M BBSW,3.9515375780450746
2025-01-22,AUD,25Y,3M BBSW,3.893886836246628
2025-01-21,AUD,25Y,3M BBSW,3.88683119604838
2025-01-20,AUD,25Y,3M BBSW,3.8580490683196014
2025-01-17,AUD,25Y,3M BBSW,3.9526362025087947
2025-11-03,AUD,30Y,3M BBSW,4.479399999997172
2025-10-31,AUD,30Y,3M BBSW,4.446299999997265
2025-10-30,AUD,30Y,3M BBSW,4.434899999997371
2025-10-29,AUD,30Y,3M BBSW,4.467199999997177
2025-10-28,AUD,30Y,3M BBSW,4.336199999997476
2025-10-27,AUD,30Y,3M BBSW,4.342599999997519
2025-10-24,AUD,30Y,3M BBSW,4.307203737592491
2025-10-23,AUD,30Y,3M BBSW,4.322299999997528
2025-10-22,AUD,30Y,3M BBSW,4.273199999997741
2025-10-21,AUD,30Y,3M BBSW,4.288499999997611
2025-10-20,AUD,30Y,3M BBSW,4.258799999997827
2025-10-17,AUD,30Y,3M BBSW,4.287203369820725
2025-10-16,AUD,30Y,3M BBSW,4.262699999997804
2025-10-15,AUD,30Y,3M BBSW,4.338602181573687
2025-10-14,AUD,30Y,3M BBSW,4.359101025041001
2025-10-13,AUD,30Y,3M BBSW,4.368699613145171
2025-10-10,AUD,30Y,3M BBSW,4.420603934371687
2025-10-09,AUD,30Y,3M BBSW,4.457499999997021
2025-10-08,AUD,30Y,3M BBSW,4.408699999997272
2025-10-07,AUD,30Y,3M BBSW,4.429941630109706
2025-10-03,AUD,30Y,3M BBSW,4.386502488613619
2025-10-02,AUD,30Y,3M BBSW,4.38438320012724
2025-10-01,AUD,30Y,3M BBSW,4.40272394510043
2025-09-30,AUD,30Y,3M BBSW,4.409656790636387
2025-09-29,AUD,30Y,3M BBSW,4.373191632757297
2025-09-26,AUD,30Y,3M BBSW,4.403422860516742
2025-09-25,AUD,30Y,3M BBSW,4.445427090828547
2025-09-24,AUD,30Y,3M BBSW,4.413164199203472
2025-09-23,AUD,30Y,3M BBSW,4.340497067934593
2025-09-22,AUD,30Y,3M BBSW,4.374004044859609
2025-09-19,AUD,30Y,3M BBSW,4.347920236177412
2025-09-18,AUD,30Y,3M BBSW,4.323789485035194
2025-09-17,AUD,30Y,3M BBSW,4.317965266892791
2025-09-16,AUD,30Y,3M BBSW,4.288010218545134
2025-09-15,AUD,30Y,3M BBSW,4.291345948526095
2025-09-12,AUD,30Y,3M BBSW,4.283403149868674
2025-09-11,AUD,30Y,3M BBSW,4.256035333413558
2025-09-10,AUD,30Y,3M BBSW,4.301902821090486
2025-09-09,AUD,30Y,3M BBSW,4.376076295884651
2025-09-08,AUD,30Y,3M BBSW,4.326020030495751
2025-09-05,AUD,30Y,3M BBSW,4.382342574312157
2025-09-04,AUD,30Y,3M BBSW,4.414394099179477
2025-09-03,AUD,30Y,3M BBSW,4.449680524377437
2025-09-02,AUD,30Y,3M BBSW,4.463353934390728
2025-09-01,AUD,30Y,3M BBSW,4.445044581765302
2025-08-29,AUD,30Y,3M BBSW,4.373214251859069
2025-08-28,AUD,30Y,3M BBSW,4.359862281372311
2025-08-27,AUD,30Y,3M BBSW,4.398574357728459
2025-08-26,AUD,30Y,3M BBSW,4.410662994080112
2025-08-25,AUD,30Y,3M BBSW,4.402824334607362
2025-08-22,AUD,30Y,3M BBSW,4.400428484762223
2025-08-21,AUD,30Y,3M BBSW,4.413007078287785
2025-08-20,AUD,30Y,3M BBSW,4.377584070283009
2025-08-19,AUD,30Y,3M BBSW,4.424468787437728
2025-08-18,AUD,30Y,3M BBSW,4.427171245693552
2025-08-15,AUD,30Y,3M BBSW,4.336550640486949
2025-08-14,AUD,30Y,3M BBSW,4.326808416505111
2025-08-13,AUD,30Y,3M BBSW,4.277875402053263
2025-08-12,AUD,30Y,3M BBSW,4.320002218725444
2025-08-11,AUD,30Y,3M BBSW,4.320661842076137
2025-08-08,AUD,30Y,3M BBSW,4.325395709958677
2025-08-07,AUD,30Y,3M BBSW,4.327335654852586
2025-08-06,AUD,30Y,3M BBSW,4.288723746766039
2025-08-05,AUD,30Y,3M BBSW,4.315902549366312
2025-08-01,AUD,30Y,3M BBSW,4.286483519790603
2025-07-31,AUD,30Y,3M BBSW,4.348827732229759
2025-07-30,AUD,30Y,3M BBSW,4.340122067339054
2025-07-29,AUD,30Y,3M BBSW,4.36691912937184
2025-07-28,AUD,30Y,3M BBSW,4.404519311298719
2025-07-25,AUD,30Y,3M BBSW,4.410741890221531
2025-07-24,AUD,30Y,3M BBSW,4.430060177530639
2025-07-23,AUD,30Y,3M BBSW,4.405005633915354
2025-07-22,AUD,30Y,3M BBSW,4.371567306252327
2025-07-21,AUD,30Y,3M BBSW,4.396128500738161
2025-07-18,AUD,30Y,3M BBSW,4.438513131147936
2025-07-17,AUD,30Y,3M BBSW,4.422063426884411
2025-07-16,AUD,30Y,3M BBSW,4.46212983328709
2025-07-15,AUD,30Y,3M BBSW,4.49827578067917
2025-07-14,AUD,30Y,3M BBSW,4.419456777551945
2025-07-11,AUD,30Y,3M BBSW,4.407358481803136
2025-07-10,AUD,30Y,3M BBSW,4.358224092663678
2025-07-09,AUD,30Y,3M BBSW,4.325660184844668
2025-07-08,AUD,30Y,3M BBSW,4.348644084785698
2025-07-07,AUD,30Y,3M BBSW,4.270470756605473
2025-07-04,AUD,30Y,3M BBSW,4.239764202730769
2025-07-03,AUD,30Y,3M BBSW,4.257869902920262
2025-07-02,AUD,30Y,3M BBSW,4.239770119498407
2025-07-01,AUD,30Y,3M BBSW,4.176525241617281
2025-06-30,AUD,30Y,3M BBSW,4.193985105334622
2025-06-27,AUD,30Y,3M BBSW,4.192585429874467
2025-06-26,AUD,30Y,3M BBSW,4.15787364387397
2025-06-25,AUD,30Y,3M BBSW,4.163773802560302
2025-06-24,AUD,30Y,3M BBSW,4.175683239365252
2025-06-23,AUD,30Y,3M BBSW,4.222260758082082
2025-06-20,AUD,30Y,3M BBSW,4.219890840542168
2025-06-19,AUD,30Y,3M BBSW,4.2150282338445
2025-06-18,AUD,30Y,3M BBSW,4.264323905412571
2025-06-17,AUD,30Y,3M BBSW,4.257932419503242
2025-06-16,AUD,30Y,3M BBSW,4.278420265128369
2025-06-13,AUD,30Y,3M BBSW,4.260936656697692
2025-06-12,AUD,30Y,3M BBSW,4.19077737729124
2025-06-11,AUD,30Y,3M BBSW,4.26481192467653
2025-06-10,AUD,30Y,3M BBSW,4.30787819508418
2025-06-06,AUD,30Y,3M BBSW,4.364719156386148
2025-06-05,AUD,30Y,3M BBSW,4.292424057166199
2025-06-04,AUD,30Y,3M BBSW,4.246766088892638
2025-06-03,AUD,30Y,3M BBSW,4.29736733039312
2025-06-02,AUD,30Y,3M BBSW,4.341970303350107
2025-05-30,AUD,30Y,3M BBSW,4.280781802378311
2025-05-29,AUD,30Y,3M BBSW,4.319702078137044
2025-05-28,AUD,30Y,3M BBSW,4.387861716234253
2025-05-27,AUD,30Y,3M BBSW,4.272577539868393
2025-05-26,AUD,30Y,3M BBSW,4.346637429925021
2025-05-23,AUD,30Y,3M BBSW,4.384025698851582
2025-05-22,AUD,30Y,3M BBSW,4.415932206017096
2025-05-21,AUD,30Y,3M BBSW,4.520938062038388
2025-05-20,AUD,30Y,3M BBSW,4.375357016362427
2025-05-19,AUD,30Y,3M BBSW,4.408737040173443
2025-05-16,AUD,30Y,3M BBSW,4.41769137334453
2025-05-15,AUD,30Y,3M BBSW,4.385470642820276
2025-05-14,AUD,30Y,3M BBSW,4.474307488648612
2025-05-13,AUD,30Y,3M BBSW,4.387703637404297
2025-05-12,AUD,30Y,3M BBSW,4.332082129696779
2025-05-09,AUD,30Y,3M BBSW,4.226965618124188
2025-05-08,AUD,30Y,3M BBSW,4.227008386592813
2025-05-07,AUD,30Y,3M BBSW,4.177827832390465
2025-05-06,AUD,30Y,3M BBSW,4.268408052571288
2025-05-05,AUD,30Y,3M BBSW,4.245034147815548
2025-05-02,AUD,30Y,3M BBSW,4.225150354869249
2025-05-01,AUD,30Y,3M BBSW,4.176660942891747
2025-04-30,AUD,30Y,3M BBSW,4.120257264892876
2025-04-29,AUD,30Y,3M BBSW,4.131993418386366
2025-04-28,AUD,30Y,3M BBSW,4.142851053495611
2025-04-24,AUD,30Y,3M BBSW,4.184100629413376
2025-04-23,AUD,30Y,3M BBSW,4.250945197593467
2025-04-22,AUD,30Y,3M BBSW,4.216718893377373
2025-04-17,AUD,30Y,3M BBSW,4.216403423605098
2025-04-16,AUD,30Y,3M BBSW,4.252556494161085
2025-04-15,AUD,30Y,3M BBSW,4.323621625796818
2025-04-14,AUD,30Y,3M BBSW,4.34403683304541
2025-04-11,AUD,30Y,3M BBSW,4.477934639965019
2025-04-10,AUD,30Y,3M BBSW,4.386944478683011
2025-04-09,AUD,30Y,3M BBSW,4.281771171904703
2025-04-08,AUD,30Y,3M BBSW,4.228272005833538
2025-04-07,AUD,30Y,3M BBSW,4.276225353288949
2025-04-04,AUD,30Y,3M BBSW,4.128469929173548
2025-03-28,AUD,30Y,3M BBSW,4.328123722738478
2025-03-27,AUD,30Y,3M BBSW,4.370852757219349
2025-03-26,AUD,30Y,3M BBSW,4.377466741924338
2025-03-25,AUD,30Y,3M BBSW,4.359956555478055
2025-03-24,AUD,30Y,3M BBSW,4.336596182099576
2025-03-21,AUD,30Y,3M BBSW,4.303616101181706
2025-03-20,AUD,30Y,3M BBSW,4.306470558022165
2025-03-19,AUD,30Y,3M BBSW,4.303804261059898
2025-03-18,AUD,30Y,3M BBSW,4.340169123596056
2025-03-17,AUD,30Y,3M BBSW,4.327391433965268
2025-03-14,AUD,30Y,3M BBSW,4.339698934005409
2025-03-13,AUD,30Y,3M BBSW,4.299451009446777
2025-03-12,AUD,30Y,3M BBSW,4.359402152121247
2025-03-11,AUD,30Y,3M BBSW,4.361047845827744
2025-03-10,AUD,30Y,3M BBSW,4.302635634344554
2025-03-07,AUD,30Y,3M BBSW,4.345893878148638
2025-03-06,AUD,30Y,3M BBSW,4.372149130620928
2025-03-05,AUD,30Y,3M BBSW,4.410992236706754
2025-03-04,AUD,30Y,3M BBSW,4.309952654206143
2025-03-03,AUD,30Y,3M BBSW,4.208182312151906
2025-02-28,AUD,30Y,3M BBSW,4.254090975046909
2025-02-27,AUD,30Y,3M BBSW,4.2617047552895
2025-02-26,AUD,30Y,3M BBSW,4.273210938215429
2025-02-25,AUD,30Y,3M BBSW,4.327778719800223
2025-02-24,AUD,30Y,3M BBSW,4.380352578382395
2025-02-21,AUD,30Y,3M BBSW,4.458099423005317
2025-02-20,AUD,30Y,3M BBSW,4.483617249658297
2025-02-19,AUD,30Y,3M BBSW,4.471050573195702
2025-02-18,AUD,30Y,3M BBSW,4.483599248154537
2025-02-17,AUD,30Y,3M BBSW,4.396503229850262
2025-02-14,AUD,30Y,3M BBSW,4.366878663259918
2025-02-13,AUD,30Y,3M BBSW,4.378976759613252
2025-02-12,AUD,30Y,3M BBSW,4.482405639901353
2025-02-11,AUD,30Y,3M BBSW,4.39669196386575
2025-02-10,AUD,30Y,3M BBSW,4.320907971720757
2025-02-07,AUD,30Y,3M BBSW,4.326127489579862
2025-02-06,AUD,30Y,3M BBSW,4.270416955925807
2025-02-05,AUD,30Y,3M BBSW,3.650367400039187
2025-02-04,AUD,30Y,3M BBSW,3.8172324234692514
2025-02-03,AUD,30Y,3M BBSW,3.8397377252541514
2025-01-31,AUD,30Y,3M BBSW,3.717565980238935
2025-01-30,AUD,30Y,3M BBSW,3.7479794380147675
2025-01-29,AUD,30Y,3M BBSW,3.753990814888907
2025-01-28,AUD,30Y,3M BBSW,3.815082934445295
2025-01-24,AUD,30Y,3M BBSW,3.844628408246431
2025-01-23,AUD,30Y,3M BBSW,3.9530123974057934
2025-01-22,AUD,30Y,3M BBSW,3.893761802632133
2025-01-21,AUD,30Y,3M BBSW,3.886912967246588
2025-01-20,AUD,30Y,3M BBSW,3.857770994286019
2025-01-17,AUD,30Y,3M BBSW,3.9529802403628045
2025-11-03,AUD,35Y,3M BBSW,4.48259999999491
2025-10-31,AUD,35Y,3M BBSW,4.449499999994522
2025-10-30,AUD,35Y,3M BBSW,4.437099999994379
2025-10-29,AUD,35Y,3M BBSW,4.470699999993894
2025-10-28,AUD,35Y,3M BBSW,4.339699999993996
2025-10-27,AUD,35Y,3M BBSW,4.346299999994308
2025-10-24,AUD,35Y,3M BBSW,4.311103917280691
2025-10-23,AUD,35Y,3M BBSW,4.326199999994092
2025-10-22,AUD,35Y,3M BBSW,4.277199999995189
2025-10-21,AUD,35Y,3M BBSW,4.292199999994047
2025-10-20,AUD,35Y,3M BBSW,4.262299999995355
2025-10-17,AUD,35Y,3M BBSW,4.291303512806594
2025-10-16,AUD,35Y,3M BBSW,4.266599999995446
2025-10-15,AUD,35Y,3M BBSW,4.34200155438436
2025-10-14,AUD,35Y,3M BBSW,4.362300549084459
2025-10-13,AUD,35Y,3M BBSW,4.371999376688033
2025-10-10,AUD,35Y,3M BBSW,4.423904161920503
2025-10-09,AUD,35Y,3M BBSW,4.461299999999879
2025-10-08,AUD,35Y,3M BBSW,4.412299999994286
2025-10-07,AUD,35Y,3M BBSW,4.433571786947481
2025-10-03,AUD,35Y,3M BBSW,4.38973156976692
2025-10-02,AUD,35Y,3M BBSW,4.387560175233331
2025-10-01,AUD,35Y,3M BBSW,4.405553567022652
2025-09-30,AUD,35Y,3M BBSW,4.412306736041383
2025-09-29,AUD,35Y,3M BBSW,4.376029104515307
2025-09-26,AUD,35Y,3M BBSW,4.406214188059029
2025-09-25,AUD,35Y,3M BBSW,4.448950192498903
2025-09-24,AUD,35Y,3M BBSW,4.416691094197065
2025-09-23,AUD,35Y,3M BBSW,4.344612057877037
2025-09-22,AUD,35Y,3M BBSW,4.378023387138844
2025-09-19,AUD,35Y,3M BBSW,4.352194354785532
2025-09-18,AUD,35Y,3M BBSW,4.327903807029794
2025-09-17,AUD,35Y,3M BBSW,4.321982016984444
2025-09-16,AUD,35Y,3M BBSW,4.282583521303852
2025-09-15,AUD,35Y,3M BBSW,4.294878111451206
2025-09-12,AUD,35Y,3M BBSW,4.286779205392334
2025-09-11,AUD,35Y,3M BBSW,4.259849377190903
2025-09-10,AUD,35Y,3M BBSW,4.306029176525564
2025-09-09,AUD,35Y,3M BBSW,4.380788756397183
2025-09-08,AUD,35Y,3M BBSW,4.330926963214451
2025-09-05,AUD,35Y,3M BBSW,4.387615298945061
2025-09-04,AUD,35Y,3M BBSW,4.419802589814616
2025-09-03,AUD,35Y,3M BBSW,4.455290141351892
2025-09-02,AUD,35Y,3M BBSW,4.469166028193198
2025-09-01,AUD,35Y,3M BBSW,4.450863541096825
2025-08-29,AUD,35Y,3M BBSW,4.378780620943372
2025-08-28,AUD,35Y,3M BBSW,4.365475997009901
2025-08-27,AUD,35Y,3M BBSW,4.404191079001722
2025-08-26,AUD,35Y,3M BBSW,4.416380960229524
2025-08-25,AUD,35Y,3M BBSW,4.408538026664734
2025-08-22,AUD,35Y,3M BBSW,4.406193478781533
2025-08-21,AUD,35Y,3M BBSW,4.418819020079474
2025-08-20,AUD,35Y,3M BBSW,4.383008304665076
2025-08-19,AUD,35Y,3M BBSW,4.43008600976812
2025-08-18,AUD,35Y,3M BBSW,4.433183644952989
2025-08-15,AUD,35Y,3M BBSW,4.341521790932222
2025-08-14,AUD,35Y,3M BBSW,4.331623455502489
2025-08-13,AUD,35Y,3M BBSW,4.282406978519042
2025-08-12,AUD,35Y,3M BBSW,4.324332578645647
2025-08-11,AUD,35Y,3M BBSW,4.324786613597996
2025-08-08,AUD,35Y,3M BBSW,4.329670131307189
2025-08-07,AUD,35Y,3M BBSW,4.331951709153589
2025-08-06,AUD,35Y,3M BBSW,4.292360307897916
2025-08-05,AUD,35Y,3M BBSW,4.320435212310125
2025-08-01,AUD,35Y,3M BBSW,4.290722991855406
2025-07-31,AUD,35Y,3M BBSW,4.352621381460147
2025-07-30,AUD,35Y,3M BBSW,4.343962983073505
2025-07-29,AUD,35Y,3M BBSW,4.371055930675374
2025-07-28,AUD,35Y,3M BBSW,4.408750958214379
2025-07-25,AUD,35Y,3M BBSW,4.415319751051801
2025-07-24,AUD,35Y,3M BBSW,4.435086471609583
2025-07-23,AUD,35Y,3M BBSW,4.409849729915502
2025-07-22,AUD,35Y,3M BBSW,4.376405353613562
2025-07-21,AUD,35Y,3M BBSW,4.401267470892305
2025-07-18,AUD,35Y,3M BBSW,4.443908170373091
2025-07-17,AUD,35Y,3M BBSW,4.427507042692236
2025-07-16,AUD,35Y,3M BBSW,4.467366868895985
2025-07-15,AUD,35Y,3M BBSW,4.502928399626249
2025-07-14,AUD,35Y,3M BBSW,4.423513752647794
2025-07-11,AUD,35Y,3M BBSW,4.411153707943971
2025-07-10,AUD,35Y,3M BBSW,4.361568147905488
2025-07-09,AUD,35Y,3M BBSW,4.32880842530122
2025-07-08,AUD,35Y,3M BBSW,4.351801699534605
2025-07-07,AUD,35Y,3M BBSW,4.273817637068022
2025-07-04,AUD,35Y,3M BBSW,4.243168141630275
2025-07-03,AUD,35Y,3M BBSW,4.261217664867431
2025-07-02,AUD,35Y,3M BBSW,4.243121836310639
2025-07-01,AUD,35Y,3M BBSW,4.179364468558372
2025-06-30,AUD,35Y,3M BBSW,4.19694181155513
2025-06-27,AUD,35Y,3M BBSW,4.195484475170941
2025-06-26,AUD,35Y,3M BBSW,4.160714238437837
2025-06-25,AUD,35Y,3M BBSW,4.166316820613535
2025-06-24,AUD,35Y,3M BBSW,4.178131081160961
2025-06-23,AUD,35Y,3M BBSW,4.224801094959007
2025-06-20,AUD,35Y,3M BBSW,4.222386468850459
2025-06-19,AUD,35Y,3M BBSW,4.217473260860325
2025-06-18,AUD,35Y,3M BBSW,4.266868124868576
2025-06-17,AUD,35Y,3M BBSW,4.260581226788469
2025-06-16,AUD,35Y,3M BBSW,4.281343411981449
2025-06-13,AUD,35Y,3M BBSW,4.263490147516563
2025-06-12,AUD,35Y,3M BBSW,4.193581186125492
2025-06-11,AUD,35Y,3M BBSW,4.26745363385114
2025-06-10,AUD,35Y,3M BBSW,4.310623848271296
2025-06-06,AUD,35Y,3M BBSW,4.36772205252919
2025-06-05,AUD,35Y,3M BBSW,4.295375170919565
2025-06-04,AUD,35Y,3M BBSW,4.250007801614541
2025-06-03,AUD,35Y,3M BBSW,4.300813177025728
2025-06-02,AUD,35Y,3M BBSW,4.345314446517262
2025-05-30,AUD,35Y,3M BBSW,4.283783607172079
2025-05-29,AUD,35Y,3M BBSW,4.322758295701538
2025-05-28,AUD,35Y,3M BBSW,4.390721643378052
2025-05-27,AUD,35Y,3M BBSW,4.275229189121834
2025-05-26,AUD,35Y,3M BBSW,4.349787857614838
2025-05-23,AUD,35Y,3M BBSW,4.387032069841671
2025-05-22,AUD,35Y,3M BBSW,4.418891825508403
2025-05-21,AUD,35Y,3M BBSW,4.524109687184814
2025-05-20,AUD,35Y,3M BBSW,4.377419168705782
2025-05-19,AUD,35Y,3M BBSW,4.410180058466871
2025-05-16,AUD,35Y,3M BBSW,4.418497346375467
2025-05-15,AUD,35Y,3M BBSW,4.386250035273228
2025-05-14,AUD,35Y,3M BBSW,4.475075332929101
2025-05-13,AUD,35Y,3M BBSW,4.388164910812042
2025-05-12,AUD,35Y,3M BBSW,4.332338348158736
2025-05-09,AUD,35Y,3M BBSW,4.228070112818091
2025-05-08,AUD,35Y,3M BBSW,4.228054390261235
2025-05-07,AUD,35Y,3M BBSW,4.178880960657759
2025-05-06,AUD,35Y,3M BBSW,4.269765717142088
2025-05-05,AUD,35Y,3M BBSW,4.246284433845379
2025-05-02,AUD,35Y,3M BBSW,4.226448193990396
2025-05-01,AUD,35Y,3M BBSW,4.178109633606488
2025-04-30,AUD,35Y,3M BBSW,4.121009790938446
2025-04-29,AUD,35Y,3M BBSW,4.132745186447743
2025-04-28,AUD,35Y,3M BBSW,4.143594859678748
2025-04-24,AUD,35Y,3M BBSW,4.184737950082027
2025-04-23,AUD,35Y,3M BBSW,4.251688922141452
2025-04-22,AUD,35Y,3M BBSW,4.217857769913951
2025-04-17,AUD,35Y,3M BBSW,4.217592325472441
2025-04-16,AUD,35Y,3M BBSW,4.249427984955686
2025-04-15,AUD,35Y,3M BBSW,4.32259640121357
2025-04-14,AUD,35Y,3M BBSW,4.342419077372398
2025-04-11,AUD,35Y,3M BBSW,4.480141969466183
2025-04-10,AUD,35Y,3M BBSW,4.389198846675576
2025-04-09,AUD,35Y,3M BBSW,4.28351339012472
2025-04-08,AUD,35Y,3M BBSW,4.229511788972147
2025-04-07,AUD,35Y,3M BBSW,4.277643482523259
2025-04-04,AUD,35Y,3M BBSW,4.129827025040162
2025-03-28,AUD,35Y,3M BBSW,4.327597763706073
2025-03-27,AUD,35Y,3M BBSW,4.370287125391545
2025-03-26,AUD,35Y,3M BBSW,4.376694774157916
2025-03-25,AUD,35Y,3M BBSW,4.359179612823233
2025-03-24,AUD,35Y,3M BBSW,4.33581500294513
2025-03-21,AUD,35Y,3M BBSW,4.302683813307294
2025-03-20,AUD,35Y,3M BBSW,4.305188820781358
2025-03-19,AUD,35Y,3M BBSW,4.302624207973702
2025-03-18,AUD,35Y,3M BBSW,4.339093118885229
2025-03-17,AUD,35Y,3M BBSW,4.326214981995404
2025-03-14,AUD,35Y,3M BBSW,4.338367902815408
2025-03-13,AUD,35Y,3M BBSW,4.294886705027616
2025-03-12,AUD,35Y,3M BBSW,4.357929222873443
2025-03-11,AUD,35Y,3M BBSW,4.359771639061536
2025-03-10,AUD,35Y,3M BBSW,4.301353228963881
2025-03-07,AUD,35Y,3M BBSW,4.344461255779994
2025-03-06,AUD,35Y,3M BBSW,4.370867640020193
2025-03-05,AUD,35Y,3M BBSW,4.409811299695029
2025-03-04,AUD,35Y,3M BBSW,4.308262548920825
2025-03-03,AUD,35Y,3M BBSW,4.206081775597641
2025-02-28,AUD,35Y,3M BBSW,4.251357301885929
2025-02-27,AUD,35Y,3M BBSW,4.2588164616422
2025-02-26,AUD,35Y,3M BBSW,4.291274123787971
2025-02-25,AUD,35Y,3M BBSW,4.325187301259809
2025-02-24,AUD,35Y,3M BBSW,4.378548751051013
2025-02-21,AUD,35Y,3M BBSW,4.456612394108586
2025-02-20,AUD,35Y,3M BBSW,4.481915984729494
2025-02-19,AUD,35Y,3M BBSW,4.46885625227116
2025-02-18,AUD,35Y,3M BBSW,4.481403092936487
2025-02-17,AUD,35Y,3M BBSW,4.394299288489288
2025-02-14,AUD,35Y,3M BBSW,4.364846999978761
2025-02-13,AUD,35Y,3M BBSW,4.37727150314754
2025-02-12,AUD,35Y,3M BBSW,4.480118790043138
2025-02-11,AUD,35Y,3M BBSW,4.394398952866073
2025-02-10,AUD,35Y,3M BBSW,4.318605570620589
2025-02-07,AUD,35Y,3M BBSW,4.323436825641818
2025-02-06,AUD,35Y,3M BBSW,4.268305324474103
2025-02-05,AUD,35Y,3M BBSW,3.649825106908943
2025-02-04,AUD,35Y,3M BBSW,3.8178296212955405
2025-02-03,AUD,35Y,3M BBSW,3.840660774772154
2025-01-31,AUD,35Y,3M BBSW,3.7170530366955825
2025-01-30,AUD,35Y,3M BBSW,3.747742117237411
2025-01-29,AUD,35Y,3M BBSW,3.7538207964902695
2025-01-28,AUD,35Y,3M BBSW,3.814950723413109
2025-01-24,AUD,35Y,3M BBSW,3.844349923823858
2025-01-23,AUD,35Y,3M BBSW,3.954049491885176
2025-01-22,AUD,35Y,3M BBSW,3.893675019723846
2025-01-21,AUD,35Y,3M BBSW,3.886970554137377
2025-01-20,AUD,35Y,3M BBSW,3.8575745652273326
2025-01-17,AUD,35Y,3M BBSW,3.95322264368792
2025-11-11,AUD,3M,3M BBSW,3.6406999999999994
2025-11-10,AUD,3M,3M BBSW,3.6448
2025-11-07,AUD,3M,3M BBSW,3.6350000000000002
2025-11-06,AUD,3M,3M BBSW,3.6442999999999994
2025-11-05,AUD,3M,3M BBSW,3.6448999999999994
2025-11-04,AUD,3M,3M BBSW,3.6392
2025-11-03,AUD,3M,3M BBSW,3.6350000000000002
2025-10-31,AUD,3M,3M BBSW,3.6354000000000006
2025-10-30,AUD,3M,3M BBSW,3.6491
2025-10-29,AUD,3M,3M BBSW,3.5576
2025-10-28,AUD,3M,3M BBSW,3.5585
2025-10-27,AUD,3M,3M BBSW,3.5025
2025-10-24,AUD,3M,3M BBSW,3.5137
2025-10-23,AUD,3M,3M BBSW,3.4993999999999996
2025-10-22,AUD,3M,3M BBSW,3.4925000000000006
2025-10-21,AUD,3M,3M BBSW,3.4939999999999998
2025-10-20,AUD,3M,3M BBSW,3.4904000000000006
2025-10-17,AUD,3M,3M BBSW,3.4975
2025-10-16,AUD,3M,3M BBSW,3.5699999999999994
2025-10-15,AUD,3M,3M BBSW,3.5633
2025-10-14,AUD,3M,3M BBSW,3.5593
2025-10-13,AUD,3M,3M BBSW,3.575
2025-10-10,AUD,3M,3M BBSW,3.5865999999999993
2025-10-09,AUD,3M,3M BBSW,3.579
2025-10-08,AUD,3M,3M BBSW,3.582
2025-10-07,AUD,3M,3M BBSW,3.5888000000000004
2025-10-03,AUD,3M,3M BBSW,3.585
2025-10-02,AUD,3M,3M BBSW,3.6074999999999995
2025-10-01,AUD,3M,3M BBSW,3.6118000000000006
2025-09-30,AUD,3M,3M BBSW,3.5763999999999996
2025-09-29,AUD,3M,3M BBSW,3.5917999999999997
2025-09-26,AUD,3M,3M BBSW,3.5956
2025-09-25,AUD,3M,3M BBSW,3.5956999999999995
2025-09-24,AUD,3M,3M BBSW,3.5473999999999997
2025-09-23,AUD,3M,3M BBSW,3.556
2025-09-22,AUD,3M,3M BBSW,3.5468
2025-09-19,AUD,3M,3M BBSW,3.5483000000000002
2025-09-18,AUD,3M,3M BBSW,3.5589000000000004
2025-09-17,AUD,3M,3M BBSW,3.5575
2025-09-16,AUD,3M,3M BBSW,3.56
2025-09-15,AUD,3M,3M BBSW,3.5802
2025-09-12,AUD,3M,3M BBSW,3.5873000000000004
2025-09-11,AUD,3M,3M BBSW,3.5825000000000005
2025-09-10,AUD,3M,3M BBSW,3.5869
2025-09-09,AUD,3M,3M BBSW,3.5816
2025-09-08,AUD,3M,3M BBSW,3.575
2025-09-05,AUD,3M,3M BBSW,3.5835
2025-09-04,AUD,3M,3M BBSW,3.5831
2025-09-03,AUD,3M,3M BBSW,3.5748
2025-09-02,AUD,3M,3M BBSW,3.5735
2025-09-01,AUD,3M,3M BBSW,3.5624999999999996
2025-08-29,AUD,3M,3M BBSW,3.5728000000000004
2025-08-28,AUD,3M,3M BBSW,3.5622000000000003
2025-08-27,AUD,3M,3M BBSW,3.5363000000000007
2025-08-26,AUD,3M,3M BBSW,3.5481
2025-08-25,AUD,3M,3M BBSW,3.5547000000000004
2025-08-22,AUD,3M,3M BBSW,3.5591
2025-08-21,AUD,3M,3M BBSW,3.5715999999999997
2025-08-20,AUD,3M,3M BBSW,3.5725
2025-08-19,AUD,3M,3M BBSW,3.5807000000000007
2025-08-18,AUD,3M,3M BBSW,3.5900000000000003
2025-08-15,AUD,3M,3M BBSW,3.6164999999999994
2025-08-14,AUD,3M,3M BBSW,3.612
2025-08-13,AUD,3M,3M BBSW,3.6334
2025-08-12,AUD,3M,3M BBSW,3.6342
2025-08-11,AUD,3M,3M BBSW,3.6576999999999997
2025-08-08,AUD,3M,3M BBSW,3.6675
2025-08-07,AUD,3M,3M BBSW,3.6906000000000003
2025-08-06,AUD,3M,3M BBSW,3.6661
2025-08-05,AUD,3M,3M BBSW,3.6623
2025-08-01,AUD,3M,3M BBSW,3.6899
2025-07-31,AUD,3M,3M BBSW,3.6814
2025-07-30,AUD,3M,3M BBSW,3.7018000000000004
2025-07-29,AUD,3M,3M BBSW,3.7059
2025-07-28,AUD,3M,3M BBSW,3.701
2025-07-25,AUD,3M,3M BBSW,3.7197
2025-07-24,AUD,3M,3M BBSW,3.6900000000000004
2025-07-23,AUD,3M,3M BBSW,3.6900000000000004
2025-07-22,AUD,3M,3M BBSW,3.6935999999999996
2025-07-21,AUD,3M,3M BBSW,3.6817
2025-07-18,AUD,3M,3M BBSW,3.687
2025-07-17,AUD,3M,3M BBSW,3.71
2025-07-16,AUD,3M,3M BBSW,3.72
2025-07-15,AUD,3M,3M BBSW,3.7166000000000006
2025-07-14,AUD,3M,3M BBSW,3.7168
2025-07-11,AUD,3M,3M BBSW,3.7249999999999996
2025-07-10,AUD,3M,3M BBSW,3.7408000000000006
2025-07-09,AUD,3M,3M BBSW,3.7663
2025-07-08,AUD,3M,3M BBSW,3.5755000000000003
2025-07-07,AUD,3M,3M BBSW,3.5809
2025-07-04,AUD,3M,3M BBSW,3.5790999999999995
2025-07-03,AUD,3M,3M BBSW,3.583
2025-07-02,AUD,3M,3M BBSW,3.5886
2025-07-01,AUD,3M,3M BBSW,3.5967
2025-06-30,AUD,3M,3M BBSW,3.6037
2025-06-27,AUD,3M,3M BBSW,3.61
2025-06-26,AUD,3M,3M BBSW,3.62
2025-06-25,AUD,3M,3M BBSW,3.65
2025-06-24,AUD,3M,3M BBSW,3.6636
2025-06-23,AUD,3M,3M BBSW,3.6639
2025-06-20,AUD,3M,3M BBSW,3.6935999999999996
2025-06-19,AUD,3M,3M BBSW,3.6935999999999996
2025-06-18,AUD,3M,3M BBSW,3.6994
2025-06-17,AUD,3M,3M BBSW,3.7119
2025-06-16,AUD,3M,3M BBSW,3.7137999999999995
2025-06-13,AUD,3M,3M BBSW,3.7175
2025-06-12,AUD,3M,3M BBSW,3.7249999999999996
2025-06-11,AUD,3M,3M BBSW,3.7349
2025-06-10,AUD,3M,3M BBSW,3.7152
2025-06-06,AUD,3M,3M BBSW,3.7074999999999996
2025-06-05,AUD,3M,3M BBSW,3.7047999999999996
2025-06-04,AUD,3M,3M BBSW,3.7114000000000003
2025-06-03,AUD,3M,3M BBSW,3.7095
2025-06-02,AUD,3M,3M BBSW,3.705
2025-05-30,AUD,3M,3M BBSW,3.7249999999999996
2025-05-29,AUD,3M,3M BBSW,3.7294
2025-05-28,AUD,3M,3M BBSW,3.6900000000000004
2025-05-27,AUD,3M,3M BBSW,3.695
2025-05-26,AUD,3M,3M BBSW,3.7095
2025-05-23,AUD,3M,3M BBSW,3.7234999999999996
2025-05-22,AUD,3M,3M BBSW,3.7303
2025-05-21,AUD,3M,3M BBSW,3.7325
2025-05-20,AUD,3M,3M BBSW,3.7943
2025-05-19,AUD,3M,3M BBSW,3.8076
2025-05-16,AUD,3M,3M BBSW,3.7971999999999997
2025-05-15,AUD,3M,3M BBSW,3.7989999999999995
2025-05-14,AUD,3M,3M BBSW,3.7938
2025-05-13,AUD,3M,3M BBSW,3.7994
2025-05-12,AUD,3M,3M BBSW,3.8003
2025-05-09,AUD,3M,3M BBSW,3.8095999999999997
2025-05-08,AUD,3M,3M BBSW,3.8197999999999994
2025-05-07,AUD,3M,3M BBSW,3.8291
2025-05-06,AUD,3M,3M BBSW,3.8468
2025-05-05,AUD,3M,3M BBSW,3.85
2025-05-02,AUD,3M,3M BBSW,3.8647
2025-05-01,AUD,3M,3M BBSW,3.8796999999999997
2025-04-30,AUD,3M,3M BBSW,3.8745000000000003
2025-04-29,AUD,3M,3M BBSW,3.8925999999999994
2025-04-28,AUD,3M,3M BBSW,3.8961999999999994
2025-04-24,AUD,3M,3M BBSW,3.9182
2025-04-23,AUD,3M,3M BBSW,3.9367
2025-04-22,AUD,3M,3M BBSW,3.9522000000000004
2025-04-17,AUD,3M,3M BBSW,4.0084
2025-04-16,AUD,3M,3M BBSW,4.003
2025-04-15,AUD,3M,3M BBSW,4.0149
2025-04-14,AUD,3M,3M BBSW,4.0478
2025-04-11,AUD,3M,3M BBSW,4.0849
2025-04-10,AUD,3M,3M BBSW,4.1191
2025-04-09,AUD,3M,3M BBSW,4.07
2025-04-08,AUD,3M,3M BBSW,4.0619
2025-04-07,AUD,3M,3M BBSW,4.0211
2025-04-04,AUD,3M,3M BBSW,4.1139
2025-04-03,AUD,3M,3M BBSW,4.1277
2025-04-02,AUD,3M,3M BBSW,4.1175
2025-04-01,AUD,3M,3M BBSW,4.1191
2025-03-31,AUD,3M,3M BBSW,4.1254
2025-03-28,AUD,3M,3M BBSW,4.1312
2025-03-27,AUD,3M,3M BBSW,4.1109
2025-03-26,AUD,3M,3M BBSW,4.1075
2025-03-25,AUD,3M,3M BBSW,4.1145
2025-03-24,AUD,3M,3M BBSW,4.1168
2025-03-21,AUD,3M,3M BBSW,4.11
2025-03-20,AUD,3M,3M BBSW,4.1211
2025-03-19,AUD,3M,3M BBSW,4.115
2025-03-18,AUD,3M,3M BBSW,4.1125
2025-03-17,AUD,3M,3M BBSW,4.1137
2025-03-14,AUD,3M,3M BBSW,4.115
2025-03-13,AUD,3M,3M BBSW,4.1187
2025-03-12,AUD,3M,3M BBSW,4.1127
2025-03-11,AUD,3M,3M BBSW,4.1131
2025-03-10,AUD,3M,3M BBSW,4.11
2025-03-07,AUD,3M,3M BBSW,4.1113
2025-03-06,AUD,3M,3M BBSW,4.1182
2025-03-05,AUD,3M,3M BBSW,4.1173
2025-03-04,AUD,3M,3M BBSW,4.1164
2025-03-03,AUD,3M,3M BBSW,4.1153
2025-02-28,AUD,3M,3M BBSW,4.116
2025-02-27,AUD,3M,3M BBSW,4.1194
2025-02-26,AUD,3M,3M BBSW,4.1172
2025-02-25,AUD,3M,3M BBSW,4.1245
2025-02-24,AUD,3M,3M BBSW,4.1287
2025-02-21,AUD,3M,3M BBSW,4.1423
2025-02-20,AUD,3M,3M BBSW,4.1473
2025-02-19,AUD,3M,3M BBSW,4.1485
2025-02-18,AUD,3M,3M BBSW,4.1691
2025-02-17,AUD,3M,3M BBSW,4.174
2025-02-14,AUD,3M,3M BBSW,4.1793
2025-02-13,AUD,3M,3M BBSW,4.1957
2025-02-12,AUD,3M,3M BBSW,4.2039
2025-02-11,AUD,3M,3M BBSW,4.1944
2025-02-10,AUD,3M,3M BBSW,4.203
2025-02-07,AUD,3M,3M BBSW,4.21
2025-02-06,AUD,3M,3M BBSW,4.21
2025-02-05,AUD,3M,3M BBSW,4.2208
2025-02-04,AUD,3M,3M BBSW,4.2277
2025-02-03,AUD,3M,3M BBSW,4.2349
2025-01-31,AUD,3M,3M BBSW,4.2496
2025-01-30,AUD,3M,3M BBSW,4.2553
2025-01-29,AUD,3M,3M BBSW,4.2943
2025-01-28,AUD,3M,3M BBSW,4.2903
2025-01-24,AUD,3M,3M BBSW,4.315
2025-01-23,AUD,3M,3M BBSW,4.3285
2025-01-22,AUD,3M,3M BBSW,4.3329
2025-01-21,AUD,3M,3M BBSW,4.3323
2025-01-20,AUD,3M,3M BBSW,4.3331
2025-01-17,AUD,3M,3M BBSW,4.3308
2025-01-16,AUD,3M,3M BBSW,4.3399
2025-01-15,AUD,3M,3M BBSW,4.3584
2025-01-14,AUD,3M,3M BBSW,4.3411
2025-01-13,AUD,3M,3M BBSW,4.3397
2025-01-10,AUD,3M,3M BBSW,4.3528
2025-01-09,AUD,3M,3M BBSW,4.3469
2025-01-08,AUD,3M,3M BBSW,4.3781
2025-01-07,AUD,3M,3M BBSW,4.3777
2025-01-06,AUD,3M,3M BBSW,4.3875
2025-01-03,AUD,3M,3M BBSW,4.3877
2025-01-02,AUD,3M,3M BBSW,4.3975
2024-12-31,AUD,3M,3M BBSW,4.4163
2024-12-30,AUD,3M,3M BBSW,4.42
2024-12-27,AUD,3M,3M BBSW,4.4321
2024-12-24,AUD,3M,3M BBSW,4.4387
2024-12-23,AUD,3M,3M BBSW,4.4513
2024-12-20,AUD,3M,3M BBSW,4.4483
2024-12-19,AUD,3M,3M BBSW,4.4627
2024-12-18,AUD,3M,3M BBSW,4.468
2024-12-17,AUD,3M,3M BBSW,4.4656
2024-12-16,AUD,3M,3M BBSW,4.4599
2024-12-13,AUD,3M,3M BBSW,4.4604
2024-12-12,AUD,3M,3M BBSW,4.4483
2024-12-11,AUD,3M,3M BBSW,4.4388
2024-12-10,AUD,3M,3M BBSW,4.4443
2024-12-09,AUD,3M,3M BBSW,4.4397
2024-12-06,AUD,3M,3M BBSW,4.426
2024-12-05,AUD,3M,3M BBSW,4.4257
2024-12-04,AUD,3M,3M BBSW,4.4227
2024-12-03,AUD,3M,3M BBSW,4.4273
2024-12-02,AUD,3M,3M BBSW,4.436
2024-11-29,AUD,3M,3M BBSW,4.4278
2024-11-28,AUD,3M,3M BBSW,4.4216
2024-11-27,AUD,3M,3M BBSW,4.415
2024-11-26,AUD,3M,3M BBSW,4.4179
2024-11-25,AUD,3M,3M BBSW,4.4151
2024-11-22,AUD,3M,3M BBSW,4.4229
2024-11-21,AUD,3M,3M BBSW,4.4227
2024-11-20,AUD,3M,3M BBSW,4.42
2024-11-19,AUD,3M,3M BBSW,4.4235
2024-11-18,AUD,3M,3M BBSW,4.4263
2024-11-15,AUD,3M,3M BBSW,4.4194
2024-11-14,AUD,3M,3M BBSW,4.4273
2024-11-13,AUD,3M,3M BBSW,4.4125
2024-11-12,AUD,3M,3M BBSW,4.4165
2024-11-11,AUD,3M,3M BBSW,4.4131
2024-11-08,AUD,3M,3M BBSW,4.4192
2024-11-07,AUD,3M,3M BBSW,4.415
2024-11-06,AUD,3M,3M BBSW,4.4231
2024-11-05,AUD,3M,3M BBSW,4.4106
2024-11-04,AUD,3M,3M BBSW,4.4211
2024-11-01,AUD,3M,3M BBSW,4.4117
2024-10-31,AUD,3M,3M BBSW,4.4183
2024-10-30,AUD,3M,3M BBSW,4.3905
2024-10-29,AUD,3M,3M BBSW,4.3911
2024-10-28,AUD,3M,3M BBSW,4.3956
2024-10-25,AUD,3M,3M BBSW,4.3836
2024-10-24,AUD,3M,3M BBSW,4.3937
2024-10-23,AUD,3M,3M BBSW,4.3976
2024-10-22,AUD,3M,3M BBSW,4.386
2024-10-21,AUD,3M,3M BBSW,4.38
2024-10-18,AUD,3M,3M BBSW,4.387
2024-10-17,AUD,3M,3M BBSW,4.3717
2024-10-16,AUD,3M,3M BBSW,4.3932
2024-10-15,AUD,3M,3M BBSW,4.4038
2024-10-14,AUD,3M,3M BBSW,4.415
2024-10-11,AUD,3M,3M BBSW,4.4197
2024-10-10,AUD,3M,3M BBSW,4.4246
2024-10-09,AUD,3M,3M BBSW,4.4246
2024-10-08,AUD,3M,3M BBSW,4.4249
2024-10-04,AUD,3M,3M BBSW,4.4144
2024-10-03,AUD,3M,3M BBSW,4.42
2024-10-02,AUD,3M,3M BBSW,4.4292
2024-10-01,AUD,3M,3M BBSW,4.4333
2024-09-30,AUD,3M,3M BBSW,4.4341
2024-09-27,AUD,3M,3M BBSW,4.4414
2024-09-26,AUD,3M,3M BBSW,4.4338
2024-09-25,AUD,3M,3M BBSW,4.4267
2024-09-24,AUD,3M,3M BBSW,4.4382
2024-09-23,AUD,3M,3M BBSW,4.4283
2024-09-20,AUD,3M,3M BBSW,4.42
2024-09-19,AUD,3M,3M BBSW,4.4155
2024-09-18,AUD,3M,3M BBSW,4.4231
2024-09-17,AUD,3M,3M BBSW,4.4177
2024-09-16,AUD,3M,3M BBSW,4.4161
2024-09-13,AUD,3M,3M BBSW,4.4245
2024-09-12,AUD,3M,3M BBSW,4.42
2024-09-11,AUD,3M,3M BBSW,4.4327
2024-09-10,AUD,3M,3M BBSW,4.421
2024-09-09,AUD,3M,3M BBSW,4.4053
2024-09-06,AUD,3M,3M BBSW,4.4027
2024-09-05,AUD,3M,3M BBSW,4.3875
2024-09-04,AUD,3M,3M BBSW,4.4094
2024-09-03,AUD,3M,3M BBSW,4.3996
2024-09-02,AUD,3M,3M BBSW,4.3966
2024-08-30,AUD,3M,3M BBSW,4.3937
2024-08-29,AUD,3M,3M BBSW,4.3865
2024-08-28,AUD,3M,3M BBSW,4.3675
2024-08-27,AUD,3M,3M BBSW,4.3641
2024-08-26,AUD,3M,3M BBSW,4.3511
2024-08-23,AUD,3M,3M BBSW,4.3525
2024-08-22,AUD,3M,3M BBSW,4.3651
2024-08-21,AUD,3M,3M BBSW,4.3793
2024-08-20,AUD,3M,3M BBSW,4.3685
2024-08-19,AUD,3M,3M BBSW,4.3642
2024-08-16,AUD,3M,3M BBSW,4.3672
2024-08-15,AUD,3M,3M BBSW,4.3392
2024-08-14,AUD,3M,3M BBSW,4.3563
2024-08-13,AUD,3M,3M BBSW,4.3567
2024-08-12,AUD,3M,3M BBSW,4.3729
2024-08-09,AUD,3M,3M BBSW,4.3791
2024-08-08,AUD,3M,3M BBSW,4.3861
2024-08-07,AUD,3M,3M BBSW,4.3903
2024-08-06,AUD,3M,3M BBSW,4.3542
2024-08-02,AUD,3M,3M BBSW,4.4102
2024-08-01,AUD,3M,3M BBSW,4.417
2024-07-31,AUD,3M,3M BBSW,4.4899
2024-07-30,AUD,3M,3M BBSW,4.491
2024-07-29,AUD,3M,3M BBSW,4.48
2024-07-26,AUD,3M,3M BBSW,4.485
2024-07-25,AUD,3M,3M BBSW,4.4905
2024-07-24,AUD,3M,3M BBSW,4.47
2024-07-23,AUD,3M,3M BBSW,4.4788
2024-07-22,AUD,3M,3M BBSW,4.4699
2024-07-19,AUD,3M,3M BBSW,4.465
2024-07-18,AUD,3M,3M BBSW,4.4389
2024-07-17,AUD,3M,3M BBSW,4.4461
2024-07-16,AUD,3M,3M BBSW,4.4424
2024-07-15,AUD,3M,3M BBSW,4.4533
2024-07-12,AUD,3M,3M BBSW,4.4569
2024-07-11,AUD,3M,3M BBSW,4.4575
2024-07-10,AUD,3M,3M BBSW,4.4609
2024-07-09,AUD,3M,3M BBSW,4.4633
2024-07-08,AUD,3M,3M BBSW,4.4621
2024-07-05,AUD,3M,3M BBSW,4.4616
2024-07-04,AUD,3M,3M BBSW,4.4589
2024-07-03,AUD,3M,3M BBSW,4.4596
2024-07-02,AUD,3M,3M BBSW,4.4455
2024-07-01,AUD,3M,3M BBSW,4.4488
2024-06-28,AUD,3M,3M BBSW,4.4453
2024-06-27,AUD,3M,3M BBSW,4.4583
2024-06-26,AUD,3M,3M BBSW,4.3983
2024-06-25,AUD,3M,3M BBSW,4.401
2024-06-24,AUD,3M,3M BBSW,4.3923
2024-06-21,AUD,3M,3M BBSW,4.4056
2024-06-20,AUD,3M,3M BBSW,4.38
2024-06-19,AUD,3M,3M BBSW,4.3768
2024-06-18,AUD,3M,3M BBSW,4.3714
2024-06-17,AUD,3M,3M BBSW,4.3709
2024-06-14,AUD,3M,3M BBSW,4.3678
2024-06-13,AUD,3M,3M BBSW,4.3659
2024-06-12,AUD,3M,3M BBSW,4.3598
2024-06-11,AUD,3M,3M BBSW,4.3573
2024-06-07,AUD,3M,3M BBSW,4.3537
2024-06-06,AUD,3M,3M BBSW,4.3458
2024-06-05,AUD,3M,3M BBSW,4.3519
2024-06-04,AUD,3M,3M BBSW,4.3547
2024-06-03,AUD,3M,3M BBSW,4.3492
2024-05-31,AUD,3M,3M BBSW,4.35
2024-05-30,AUD,3M,3M BBSW,4.3496
2024-05-29,AUD,3M,3M BBSW,4.3425
2024-05-28,AUD,3M,3M BBSW,4.335
2024-05-27,AUD,3M,3M BBSW,4.335
2024-05-24,AUD,3M,3M BBSW,4.3403
2024-05-23,AUD,3M,3M BBSW,4.335
2024-05-22,AUD,3M,3M BBSW,4.335
2024-05-21,AUD,3M,3M BBSW,4.3426
2024-05-20,AUD,3M,3M BBSW,4.3425
2024-05-17,AUD,3M,3M BBSW,4.345
2024-05-16,AUD,3M,3M BBSW,4.3542
2024-05-15,AUD,3M,3M BBSW,4.37
2024-05-14,AUD,3M,3M BBSW,4.3703
2024-05-13,AUD,3M,3M BBSW,4.3704
2024-05-10,AUD,3M,3M BBSW,4.3818
2024-05-09,AUD,3M,3M BBSW,4.3775
2024-05-08,AUD,3M,3M BBSW,4.3787
2024-05-07,AUD,3M,3M BBSW,4.4181
2024-05-06,AUD,3M,3M BBSW,4.4117
2024-05-03,AUD,3M,3M BBSW,4.4071
2024-05-02,AUD,3M,3M BBSW,4.4106
2024-05-01,AUD,3M,3M BBSW,4.3996
2024-04-30,AUD,3M,3M BBSW,4.4086
2024-04-29,AUD,3M,3M BBSW,4.4111
2024-04-26,AUD,3M,3M BBSW,4.4122
2024-04-24,AUD,3M,3M BBSW,4.3705
2024-04-23,AUD,3M,3M BBSW,4.3682
2024-04-22,AUD,3M,3M BBSW,4.3669
2024-04-19,AUD,3M,3M BBSW,4.3625
2024-04-18,AUD,3M,3M BBSW,4.3633
2024-04-17,AUD,3M,3M BBSW,4.3591
2024-04-16,AUD,3M,3M BBSW,4.3555
2024-04-15,AUD,3M,3M BBSW,4.3554
2024-04-12,AUD,3M,3M BBSW,4.3403
2024-04-11,AUD,3M,3M BBSW,4.3549
2024-04-10,AUD,3M,3M BBSW,4.3458
2024-04-09,AUD,3M,3M BBSW,4.3468
2024-04-08,AUD,3M,3M BBSW,4.3487
2024-04-05,AUD,3M,3M BBSW,4.3554
2024-04-04,AUD,3M,3M BBSW,4.3447
2024-04-03,AUD,3M,3M BBSW,4.3455
2024-04-02,AUD,3M,3M BBSW,4.34
2024-03-28,AUD,3M,3M BBSW,4.3442
2024-03-27,AUD,3M,3M BBSW,4.3436
2024-03-26,AUD,3M,3M BBSW,4.3505
2024-03-25,AUD,3M,3M BBSW,4.3537
2024-03-22,AUD,3M,3M BBSW,4.3497
2024-03-21,AUD,3M,3M BBSW,4.3528
2024-03-20,AUD,3M,3M BBSW,4.351
2024-03-19,AUD,3M,3M BBSW,4.3485
2024-03-18,AUD,3M,3M BBSW,4.3539
2024-03-15,AUD,3M,3M BBSW,4.3448
2024-03-14,AUD,3M,3M BBSW,4.3445
2024-03-13,AUD,3M,3M BBSW,4.348
2024-03-12,AUD,3M,3M BBSW,4.3454
2024-03-11,AUD,3M,3M BBSW,4.3456
2024-03-08,AUD,3M,3M BBSW,4.3501
2024-03-07,AUD,3M,3M BBSW,4.35
2024-03-06,AUD,3M,3M BBSW,4.3433
2024-03-05,AUD,3M,3M BBSW,4.3465
2024-03-04,AUD,3M,3M BBSW,4.3387
2024-03-01,AUD,3M,3M BBSW,4.3375
2024-02-29,AUD,3M,3M BBSW,4.335
2024-02-28,AUD,3M,3M BBSW,4.3398
2024-02-27,AUD,3M,3M BBSW,4.3349
2024-02-26,AUD,3M,3M BBSW,4.3356
2024-02-23,AUD,3M,3M BBSW,4.3351
2024-02-22,AUD,3M,3M BBSW,4.3373
2024-02-21,AUD,3M,3M BBSW,4.3326
2024-02-20,AUD,3M,3M BBSW,4.3329
2024-02-19,AUD,3M,3M BBSW,4.34
2024-02-16,AUD,3M,3M BBSW,4.338
2024-02-15,AUD,3M,3M BBSW,4.3476
2024-02-14,AUD,3M,3M BBSW,4.3459
2024-02-13,AUD,3M,3M BBSW,4.3455
2024-02-12,AUD,3M,3M BBSW,4.3472
2024-02-09,AUD,3M,3M BBSW,4.3436
2024-02-08,AUD,3M,3M BBSW,4.3445
2024-02-07,AUD,3M,3M BBSW,4.349
2024-02-06,AUD,3M,3M BBSW,4.3477
2024-02-05,AUD,3M,3M BBSW,4.3492
2024-02-02,AUD,3M,3M BBSW,4.3228
2024-02-01,AUD,3M,3M BBSW,4.3252
2024-01-31,AUD,3M,3M BBSW,4.346
2024-01-30,AUD,3M,3M BBSW,4.3443
2024-01-29,AUD,3M,3M BBSW,4.3564
2024-01-25,AUD,3M,3M BBSW,4.3515
2024-01-24,AUD,3M,3M BBSW,4.3501
2024-01-23,AUD,3M,3M BBSW,4.345
2024-01-22,AUD,3M,3M BBSW,4.3463
2024-01-19,AUD,3M,3M BBSW,4.3389
2024-01-18,AUD,3M,3M BBSW,4.35
2024-01-17,AUD,3M,3M BBSW,4.3502
2024-01-16,AUD,3M,3M BBSW,4.3508
2024-01-15,AUD,3M,3M BBSW,4.3502
2024-01-12,AUD,3M,3M BBSW,4.355
2024-01-11,AUD,3M,3M BBSW,4.3574
2024-01-10,AUD,3M,3M BBSW,4.3637
2024-01-09,AUD,3M,3M BBSW,4.3593
2024-01-08,AUD,3M,3M BBSW,4.3629
2024-01-05,AUD,3M,3M BBSW,4.3617
2024-01-04,AUD,3M,3M BBSW,4.3637
2024-01-03,AUD,3M,3M BBSW,4.3613
2024-01-02,AUD,3M,3M BBSW,4.3578
2023-12-29,AUD,3M,3M BBSW,4.3575
2023-12-28,AUD,3M,3M BBSW,4.36
2023-12-27,AUD,3M,3M BBSW,4.3651
2023-12-22,AUD,3M,3M BBSW,4.3693
2023-12-21,AUD,3M,3M BBSW,4.3633
2023-12-20,AUD,3M,3M BBSW,4.3653
2023-12-19,AUD,3M,3M BBSW,4.3669
2023-12-18,AUD,3M,3M BBSW,4.3625
2023-12-15,AUD,3M,3M BBSW,4.35
2023-12-14,AUD,3M,3M BBSW,4.3541
2023-12-13,AUD,3M,3M BBSW,4.3583
2023-12-12,AUD,3M,3M BBSW,4.3552
2023-12-11,AUD,3M,3M BBSW,4.3602
2023-12-08,AUD,3M,3M BBSW,4.3444
2023-12-07,AUD,3M,3M BBSW,4.3503
2023-12-06,AUD,3M,3M BBSW,4.3548
2023-12-05,AUD,3M,3M BBSW,4.3756
2023-12-04,AUD,3M,3M BBSW,4.3668
2023-12-01,AUD,3M,3M BBSW,4.3696
2023-11-30,AUD,3M,3M BBSW,4.3674
2023-11-29,AUD,3M,3M BBSW,4.3881
2023-11-28,AUD,3M,3M BBSW,4.3744
2023-11-27,AUD,3M,3M BBSW,4.3775
2023-11-24,AUD,3M,3M BBSW,4.3786
2023-11-23,AUD,3M,3M BBSW,4.3982
2023-11-22,AUD,3M,3M BBSW,4.3658
2023-11-21,AUD,3M,3M BBSW,4.3829
2023-11-20,AUD,3M,3M BBSW,4.3828
2023-11-17,AUD,3M,3M BBSW,4.3805
2023-11-16,AUD,3M,3M BBSW,4.388
2023-11-15,AUD,3M,3M BBSW,4.3974
2023-11-14,AUD,3M,3M BBSW,4.4116
2023-11-13,AUD,3M,3M BBSW,4.4186
2023-11-10,AUD,3M,3M BBSW,4.4142
2023-11-09,AUD,3M,3M BBSW,4.4029
2023-11-08,AUD,3M,3M BBSW,4.4142
2023-11-07,AUD,3M,3M BBSW,4.3672
2023-11-06,AUD,3M,3M BBSW,4.3472
2023-11-03,AUD,3M,3M BBSW,4.3538
2023-11-02,AUD,3M,3M BBSW,4.3497
2023-11-01,AUD,3M,3M BBSW,4.3521
2023-10-31,AUD,3M,3M BBSW,4.3507
2023-10-30,AUD,3M,3M BBSW,4.3418
2023-10-27,AUD,3M,3M BBSW,4.3142
2023-10-26,AUD,3M,3M BBSW,4.3326
2023-10-25,AUD,3M,3M BBSW,4.2429
2023-10-24,AUD,3M,3M BBSW,4.2273
2023-10-23,AUD,3M,3M BBSW,4.21
2023-10-20,AUD,3M,3M BBSW,4.2198
2023-10-19,AUD,3M,3M BBSW,4.2167
2023-10-18,AUD,3M,3M BBSW,4.2006
2023-10-17,AUD,3M,3M BBSW,4.1542
2023-10-16,AUD,3M,3M BBSW,4.1517
2023-10-13,AUD,3M,3M BBSW,4.1541
2023-10-12,AUD,3M,3M BBSW,4.135
2023-10-11,AUD,3M,3M BBSW,4.1396
2023-10-10,AUD,3M,3M BBSW,4.1383
2023-10-09,AUD,3M,3M BBSW,4.1394
2023-10-06,AUD,3M,3M BBSW,4.129
2023-10-05,AUD,3M,3M BBSW,4.1366
2023-10-04,AUD,3M,3M BBSW,4.14
2023-10-03,AUD,3M,3M BBSW,4.1571
2023-09-29,AUD,3M,3M BBSW,4.14
2023-09-28,AUD,3M,3M BBSW,4.1469
2023-09-27,AUD,3M,3M BBSW,4.1398
2023-09-26,AUD,3M,3M BBSW,4.1356
2023-09-25,AUD,3M,3M BBSW,4.1388
2023-09-22,AUD,3M,3M BBSW,4.1455
2023-09-21,AUD,3M,3M BBSW,4.14
2023-09-20,AUD,3M,3M BBSW,4.1352
2023-09-19,AUD,3M,3M BBSW,4.1256
2023-09-18,AUD,3M,3M BBSW,4.1194
2023-09-15,AUD,3M,3M BBSW,4.1273
2023-09-14,AUD,3M,3M BBSW,4.1225
2023-09-13,AUD,3M,3M BBSW,4.1163
2023-09-12,AUD,3M,3M BBSW,4.1238
2023-09-11,AUD,3M,3M BBSW,4.127
2023-09-08,AUD,3M,3M BBSW,4.121
2023-09-07,AUD,3M,3M BBSW,4.1203
2023-09-06,AUD,3M,3M BBSW,4.1228
2023-09-05,AUD,3M,3M BBSW,4.1251
2023-09-04,AUD,3M,3M BBSW,4.125
2023-09-01,AUD,3M,3M BBSW,4.1335
2023-08-31,AUD,3M,3M BBSW,4.1304
2023-08-30,AUD,3M,3M BBSW,4.1303
2023-08-29,AUD,3M,3M BBSW,4.1381
2023-08-28,AUD,3M,3M BBSW,4.135
2023-08-25,AUD,3M,3M BBSW,4.137
2023-08-24,AUD,3M,3M BBSW,4.1372
2023-08-23,AUD,3M,3M BBSW,4.1445
2023-08-22,AUD,3M,3M BBSW,4.142
2023-08-21,AUD,3M,3M BBSW,4.1443
2023-08-18,AUD,3M,3M BBSW,4.1499
2023-08-17,AUD,3M,3M BBSW,4.1621
2023-08-16,AUD,3M,3M BBSW,4.1543
2023-08-15,AUD,3M,3M BBSW,4.1716
2023-08-14,AUD,3M,3M BBSW,4.168
2023-08-11,AUD,3M,3M BBSW,4.1679
2023-08-10,AUD,3M,3M BBSW,4.1663
2023-08-09,AUD,3M,3M BBSW,4.178
2023-08-08,AUD,3M,3M BBSW,4.1777
2023-08-04,AUD,3M,3M BBSW,4.1899
2023-08-03,AUD,3M,3M BBSW,4.18
2023-08-02,AUD,3M,3M BBSW,4.1881
2023-08-01,AUD,3M,3M BBSW,4.2627
2023-07-31,AUD,3M,3M BBSW,4.2569
2023-07-28,AUD,3M,3M BBSW,4.2812
2023-07-27,AUD,3M,3M BBSW,4.2759
2023-07-26,AUD,3M,3M BBSW,4.35
2023-07-25,AUD,3M,3M BBSW,4.3546
2023-07-24,AUD,3M,3M BBSW,4.3575
2023-07-21,AUD,3M,3M BBSW,4.3579
2023-07-20,AUD,3M,3M BBSW,4.297
2023-07-19,AUD,3M,3M BBSW,4.285
2023-07-18,AUD,3M,3M BBSW,4.2874
2023-07-17,AUD,3M,3M BBSW,4.2983
2023-07-14,AUD,3M,3M BBSW,4.2891
2023-07-13,AUD,3M,3M BBSW,4.2929
2023-07-12,AUD,3M,3M BBSW,4.305
2023-07-11,AUD,3M,3M BBSW,4.3013
2023-07-10,AUD,3M,3M BBSW,4.31
2023-07-07,AUD,3M,3M BBSW,4.3026
2023-07-06,AUD,3M,3M BBSW,4.28
2023-07-05,AUD,3M,3M BBSW,4.268
2023-07-04,AUD,3M,3M BBSW,4.3348
2023-07-03,AUD,3M,3M BBSW,4.3492
2023-06-30,AUD,3M,3M BBSW,4.3507
2023-06-29,AUD,3M,3M BBSW,4.2926
2023-06-28,AUD,3M,3M BBSW,4.3055
2023-06-27,AUD,3M,3M BBSW,4.298
2023-06-26,AUD,3M,3M BBSW,4.3172
2023-06-23,AUD,3M,3M BBSW,4.3213
2023-06-22,AUD,3M,3M BBSW,4.2835
2023-06-21,AUD,3M,3M BBSW,4.283
2023-06-20,AUD,3M,3M BBSW,4.3179
2023-06-19,AUD,3M,3M BBSW,4.3153
2023-06-16,AUD,3M,3M BBSW,4.3024
2023-06-15,AUD,3M,3M BBSW,4.236
2023-06-14,AUD,3M,3M BBSW,4.2199
2023-06-13,AUD,3M,3M BBSW,4.2165
2023-06-09,AUD,3M,3M BBSW,4.2067
2023-06-08,AUD,3M,3M BBSW,4.2019
2023-06-07,AUD,3M,3M BBSW,4.1793
2023-06-06,AUD,3M,3M BBSW,4.0504
2023-06-05,AUD,3M,3M BBSW,4.0726
2023-06-02,AUD,3M,3M BBSW,4.0217
2023-06-01,AUD,3M,3M BBSW,4.0145
2023-05-31,AUD,3M,3M BBSW,3.9818
2023-05-30,AUD,3M,3M BBSW,3.958
2023-05-29,AUD,3M,3M BBSW,3.9537000000000004
2023-05-26,AUD,3M,3M BBSW,3.9475999999999996
2023-05-25,AUD,3M,3M BBSW,3.9297
2023-05-24,AUD,3M,3M BBSW,3.923
2023-05-23,AUD,3M,3M BBSW,3.9155
2023-05-22,AUD,3M,3M BBSW,3.9167
2023-05-19,AUD,3M,3M BBSW,3.9293999999999993
2023-05-18,AUD,3M,3M BBSW,3.9185999999999996
2023-05-17,AUD,3M,3M BBSW,3.9226000000000005
2023-05-16,AUD,3M,3M BBSW,3.9122
2023-05-15,AUD,3M,3M BBSW,3.8959
2023-05-12,AUD,3M,3M BBSW,3.885
2023-05-11,AUD,3M,3M BBSW,3.8743
2023-05-10,AUD,3M,3M BBSW,3.8774
2023-05-09,AUD,3M,3M BBSW,3.8759
2023-05-08,AUD,3M,3M BBSW,3.8761000000000005
2023-05-05,AUD,3M,3M BBSW,3.8715
2023-05-04,AUD,3M,3M BBSW,3.872
2023-05-03,AUD,3M,3M BBSW,3.8740000000000006
2023-05-02,AUD,3M,3M BBSW,3.6859
2023-05-01,AUD,3M,3M BBSW,3.6674000000000007
2023-04-28,AUD,3M,3M BBSW,3.6781
2023-04-27,AUD,3M,3M BBSW,3.6586
2023-04-26,AUD,3M,3M BBSW,3.6761000000000004
2023-04-24,AUD,3M,3M BBSW,3.6832
2023-04-21,AUD,3M,3M BBSW,3.6821
2023-04-20,AUD,3M,3M BBSW,3.6857
2023-04-19,AUD,3M,3M BBSW,3.679
2023-04-18,AUD,3M,3M BBSW,3.6612999999999998
2023-04-17,AUD,3M,3M BBSW,3.6608
2023-04-14,AUD,3M,3M BBSW,3.6543
2023-04-13,AUD,3M,3M BBSW,3.6448
2023-04-12,AUD,3M,3M BBSW,3.6469999999999994
2023-04-11,AUD,3M,3M BBSW,3.6527
2023-04-06,AUD,3M,3M BBSW,3.639
2023-04-05,AUD,3M,3M BBSW,3.6431
2023-04-04,AUD,3M,3M BBSW,3.6983
2023-04-03,AUD,3M,3M BBSW,3.6991000000000005
2023-03-31,AUD,3M,3M BBSW,3.7149999999999994
2023-03-30,AUD,3M,3M BBSW,3.7088
2023-03-29,AUD,3M,3M BBSW,3.7044
2023-03-28,AUD,3M,3M BBSW,3.6991000000000005
2023-03-27,AUD,3M,3M BBSW,3.695
2023-03-23,AUD,3M,3M BBSW,3.696
2023-03-22,AUD,3M,3M BBSW,3.6884
2023-03-21,AUD,3M,3M BBSW,3.6732
2023-03-20,AUD,3M,3M BBSW,3.6885000000000003
2023-03-17,AUD,3M,3M BBSW,3.6857
2023-03-16,AUD,3M,3M BBSW,3.6615
2023-03-15,AUD,3M,3M BBSW,3.6583000000000006
2023-03-14,AUD,3M,3M BBSW,3.6379999999999995
2023-03-13,AUD,3M,3M BBSW,3.6446
2023-03-10,AUD,3M,3M BBSW,3.64
2023-03-09,AUD,3M,3M BBSW,3.6361
2023-03-08,AUD,3M,3M BBSW,3.6332000000000004
2023-03-07,AUD,3M,3M BBSW,3.6324
2023-03-06,AUD,3M,3M BBSW,3.6324999999999994
2023-03-03,AUD,3M,3M BBSW,3.6286
2023-03-02,AUD,3M,3M BBSW,3.6237
2023-03-01,AUD,3M,3M BBSW,3.5949
2023-02-28,AUD,3M,3M BBSW,3.5628
2023-02-27,AUD,3M,3M BBSW,3.55
2023-02-24,AUD,3M,3M BBSW,3.5134
2023-02-23,AUD,3M,3M BBSW,3.505
2023-02-22,AUD,3M,3M BBSW,3.5224000000000006
2023-02-21,AUD,3M,3M BBSW,3.4993999999999996
2023-02-20,AUD,3M,3M BBSW,3.4745
2023-02-17,AUD,3M,3M BBSW,3.4651999999999994
2023-02-16,AUD,3M,3M BBSW,3.4736
2023-02-15,AUD,3M,3M BBSW,3.4866
2023-02-14,AUD,3M,3M BBSW,3.489
2023-02-13,AUD,3M,3M BBSW,3.5002
2023-02-10,AUD,3M,3M BBSW,3.4681
2025-11-12,AUD,10Y,3M BBSW,4.241200000003022
2025-11-11,AUD,10Y,3M BBSW,4.213400000002991
2025-11-10,AUD,10Y,3M BBSW,4.219300000003154
2025-11-07,AUD,10Y,3M BBSW,4.169699827949236
2025-11-06,AUD,10Y,3M BBSW,4.165600000003946
2025-11-05,AUD,10Y,3M BBSW,4.197700000003382
2025-11-04,AUD,10Y,3M BBSW,4.178700000003159
2025-11-12,AUD,12Y,3M BBSW,4.352700000002459
2025-11-11,AUD,12Y,3M BBSW,4.322000000002848
2025-11-10,AUD,12Y,3M BBSW,4.329500000003081
2025-11-07,AUD,12Y,3M BBSW,4.281800345762921
2025-11-06,AUD,12Y,3M BBSW,4.276200000002793
2025-11-05,AUD,12Y,3M BBSW,4.309400000002459
2025-11-04,AUD,12Y,3M BBSW,4.288800000002817
2025-11-12,AUD,15Y,3M BBSW,4.466500000001117
2025-11-11,AUD,15Y,3M BBSW,4.434400000000971
2025-11-10,AUD,15Y,3M BBSW,4.44440000000114
2025-11-07,AUD,15Y,3M BBSW,4.398600795105301
2025-11-06,AUD,15Y,3M BBSW,4.388700000000927
2025-11-05,AUD,15Y,3M BBSW,4.421800000001003
2025-11-04,AUD,15Y,3M BBSW,4.401200000001053
2025-11-12,AUD,18M,3M BBSW,3.5794999999947374
2025-11-11,AUD,18M,3M BBSW,3.576400000000045
2025-11-10,AUD,18M,3M BBSW,3.575499999996364
2025-11-07,AUD,18M,3M BBSW,3.5415974091469056
2025-11-06,AUD,18M,3M BBSW,3.536400000000018
2025-11-05,AUD,18M,3M BBSW,3.555500000000008
2025-11-04,AUD,18M,3M BBSW,3.5465000000000164
2025-11-12,AUD,1Y,3M BBSW,3.575000000000022
2025-11-11,AUD,1Y,3M BBSW,3.5766999999999936
2025-11-10,AUD,1Y,3M BBSW,3.576500000000002
2025-11-07,AUD,1Y,3M BBSW,3.547292220113877
2025-11-06,AUD,1Y,3M BBSW,3.544999999999999
2025-11-05,AUD,1Y,3M BBSW,3.560600000000008
2025-11-04,AUD,1Y,3M BBSW,3.553800000000016
2025-11-12,AUD,20Y,3M BBSW,4.549800000006277
2025-11-11,AUD,20Y,3M BBSW,4.517300000006268
2025-11-10,AUD,20Y,3M BBSW,4.528500000006185
2025-11-07,AUD,20Y,3M BBSW,4.484302616757674
2025-11-06,AUD,20Y,3M BBSW,4.472800000005879
2025-11-05,AUD,20Y,3M BBSW,4.503500000006362
2025-11-04,AUD,20Y,3M BBSW,4.483200000006319
2025-11-12,AUD,25Y,3M BBSW,4.547399999998405
2025-11-11,AUD,25Y,3M BBSW,4.515999999998452
2025-11-10,AUD,25Y,3M BBSW,4.527299999998431
2025-11-07,AUD,25Y,3M BBSW,4.484503426687211
2025-11-06,AUD,25Y,3M BBSW,4.469099999998564
2025-11-05,AUD,25Y,3M BBSW,4.501099999998394
2025-11-04,AUD,25Y,3M BBSW,4.479399999998476
2025-11-12,AUD,2Y,3M BBSW,3.600200000000008
2025-11-11,AUD,2Y,3M BBSW,3.5957000000000106
2025-11-10,AUD,2Y,3M BBSW,3.592100000000007
2025-11-07,AUD,2Y,3M BBSW,3.551692353931557
2025-11-06,AUD,2Y,3M BBSW,3.548000000000003
2025-11-05,AUD,2Y,3M BBSW,3.5671000000000093
2025-11-04,AUD,2Y,3M BBSW,3.558300000000006
2025-11-12,AUD,30M,3M BBSW,3.631599999994227
2025-11-11,AUD,30M,3M BBSW,3.622499999991676
2025-11-10,AUD,30M,3M BBSW,3.618000000005037
2025-11-07,AUD,30M,3M BBSW,3.5756946448537845
2025-11-06,AUD,30M,3M BBSW,3.570699999995149
2025-11-05,AUD,30M,3M BBSW,3.592099999998581
2025-11-04,AUD,30M,3M BBSW,3.5831999999961046
2025-11-12,AUD,30Y,3M BBSW,4.516899999997132
2025-11-11,AUD,30Y,3M BBSW,4.484899999997161
2025-11-10,AUD,30Y,3M BBSW,4.496399999997151
2025-11-07,AUD,30Y,3M BBSW,4.453803278624349
2025-11-06,AUD,30Y,3M BBSW,4.436899999997324
2025-11-05,AUD,30Y,3M BBSW,4.466599999997048
2025-11-04,AUD,30Y,3M BBSW,4.44509999999716
2025-11-12,AUD,35Y,3M BBSW,4.520599999995106
2025-11-11,AUD,35Y,3M BBSW,4.488499999994709
2025-11-10,AUD,35Y,3M BBSW,4.499699999994626
2025-11-07,AUD,35Y,3M BBSW,4.457203509517751
2025-11-06,AUD,35Y,3M BBSW,4.439999999995169
2025-11-05,AUD,35Y,3M BBSW,4.469399999994159
2025-11-04,AUD,35Y,3M BBSW,4.447999999994709
2025-11-12,AUD,3Y,3M BBSW,3.6687999999781207
2025-11-11,AUD,3Y,3M BBSW,3.654099999982432
2025-11-10,AUD,3Y,3M BBSW,3.6499000000028343
2025-11-07,AUD,3Y,3M BBSW,3.6085950277909626
2025-11-06,AUD,3Y,3M BBSW,3.60089999997724
2025-11-05,AUD,3Y,3M BBSW,3.625400000002731
2025-11-04,AUD,3Y,3M BBSW,3.615999999971177
2025-11-12,AUD,4Y,3M BBSW,3.747200000000086
2025-11-11,AUD,4Y,3M BBSW,3.726800000000073
2025-11-10,AUD,4Y,3M BBSW,3.724799999975165
2025-11-07,AUD,4Y,3M BBSW,3.680795952652686
2025-11-06,AUD,4Y,3M BBSW,3.6729000000001335
2025-11-05,AUD,4Y,3M BBSW,3.6983999999750634
2025-11-04,AUD,4Y,3M BBSW,3.687399999976995
2025-11-12,AUD,5Y,3M BBSW,3.830700000006725
2025-11-11,AUD,5Y,3M BBSW,3.8089000000091544
2025-11-10,AUD,5Y,3M BBSW,3.805599999994754
2025-11-07,AUD,5Y,3M BBSW,3.762198451897183
2025-11-06,AUD,5Y,3M BBSW,3.754900000001873
2025-11-05,AUD,5Y,3M BBSW,3.782599999995177
2025-11-04,AUD,5Y,3M BBSW,3.7699999999906324
2025-11-12,AUD,6M,3M BBSW,3.6080999999999976
2025-11-11,AUD,6M,3M BBSW,3.60919999999998
2025-11-10,AUD,6M,3M BBSW,3.61140000000001
2025-11-07,AUD,6M,3M BBSW,3.601000000000001
2025-11-06,AUD,6M,3M BBSW,3.601200000000002
2025-11-05,AUD,6M,3M BBSW,3.6117999999999895
2025-11-04,AUD,6M,3M BBSW,3.611099999999977
2025-11-03,AUD,6M,3M BBSW,3.601600000000009
2025-10-31,AUD,6M,3M BBSW,3.591099999999988
2025-10-30,AUD,6M,3M BBSW,3.593200000000026
2025-10-29,AUD,6M,3M BBSW,3.606899999999181
2025-10-28,AUD,6M,3M BBSW,3.475300000000034
2025-10-27,AUD,6M,3M BBSW,3.481199999999993
2025-10-24,AUD,6M,3M BBSW,3.420000000000011
2025-10-23,AUD,6M,3M BBSW,3.434199999999996
2025-10-22,AUD,6M,3M BBSW,3.415400000000015
2025-10-21,AUD,6M,3M BBSW,3.419999999999998
2025-10-20,AUD,6M,3M BBSW,3.414800000000003
2025-10-17,AUD,6M,3M BBSW,3.389100000000299
2025-10-16,AUD,6M,3M BBSW,3.398900000000261
2025-10-15,AUD,6M,3M BBSW,3.5209999999999924
2025-10-14,AUD,6M,3M BBSW,3.518899999999993
2025-10-13,AUD,6M,3M BBSW,3.513800000000004
2025-10-10,AUD,6M,3M BBSW,3.549000000000017
2025-10-09,AUD,6M,3M BBSW,3.546400000000016
2025-10-08,AUD,6M,3M BBSW,3.5293000000000454
2025-10-07,AUD,6M,3M BBSW,3.530200000000029
2025-10-03,AUD,6M,3M BBSW,3.4541872478446733
2025-10-02,AUD,6M,3M BBSW,3.5225000000000195
2025-10-01,AUD,6M,3M BBSW,3.537036816952038
2025-09-30,AUD,6M,3M BBSW,3.5508000000048225
2025-09-29,AUD,6M,3M BBSW,3.4922872810967647
2025-09-26,AUD,6M,3M BBSW,3.5361170668430706
2025-09-25,AUD,6M,3M BBSW,3.533665131031806
2025-09-24,AUD,6M,3M BBSW,3.5409999999999915
2025-09-23,AUD,6M,3M BBSW,3.45160000000003
2025-09-22,AUD,6M,3M BBSW,3.441763908557771
2025-09-19,AUD,6M,3M BBSW,3.435900000000067
2025-09-18,AUD,6M,3M BBSW,3.436000000000086
2025-09-17,AUD,6M,3M BBSW,3.445000000000029
2025-09-16,AUD,6M,3M BBSW,3.449899999930218
2025-09-15,AUD,6M,3M BBSW,3.488347924512758
2025-09-12,AUD,6M,3M BBSW,3.4677999999870384
2025-09-11,AUD,6M,3M BBSW,3.466599999986498
2025-09-10,AUD,6M,3M BBSW,3.466300000042286
2025-09-09,AUD,6M,3M BBSW,3.48349999996165
2025-09-08,AUD,6M,3M BBSW,3.451708991535217
2025-09-05,AUD,6M,3M BBSW,3.479899999984707
2025-09-04,AUD,6M,3M BBSW,3.4827999999856094
2025-09-03,AUD,6M,3M BBSW,3.492200000042514
2025-09-02,AUD,6M,3M BBSW,3.461599999953392
2025-09-01,AUD,6M,3M BBSW,3.443354856721524
2025-08-29,AUD,6M,3M BBSW,3.4803384655955965
2025-08-28,AUD,6M,3M BBSW,3.473900588799602
2025-08-27,AUD,6M,3M BBSW,3.44880000002994
2025-08-26,AUD,6M,3M BBSW,3.440299999979727
2025-08-25,AUD,6M,3M BBSW,3.442500000052304
2025-08-22,AUD,6M,3M BBSW,3.434107614280393
2025-08-21,AUD,6M,3M BBSW,3.414837370305309
2025-08-20,AUD,6M,3M BBSW,3.445000000088752
2025-08-19,AUD,6M,3M BBSW,3.4551000000466567
2025-08-18,AUD,6M,3M BBSW,3.456100000049504
2025-08-15,AUD,6M,3M BBSW,3.494064863957528
2025-08-14,AUD,6M,3M BBSW,3.479181064955634
2025-08-13,AUD,6M,3M BBSW,3.452499999967455
2025-08-12,AUD,6M,3M BBSW,3.472300000063835
2025-08-11,AUD,6M,3M BBSW,3.501200000062347
2025-08-08,AUD,6M,3M BBSW,3.48353729820227
2025-08-07,AUD,6M,3M BBSW,3.472809761048391
2025-08-06,AUD,6M,3M BBSW,3.5181000001065206
2025-08-05,AUD,6M,3M BBSW,3.5016000000624525
2025-08-01,AUD,6M,3M BBSW,3.516550242271943
2025-07-31,AUD,6M,3M BBSW,3.5487047211484635
2025-07-30,AUD,6M,3M BBSW,3.523900000177386
2025-07-29,AUD,6M,3M BBSW,3.541600000062064
2025-07-28,AUD,6M,3M BBSW,3.551000000055665
2025-07-25,AUD,6M,3M BBSW,3.525418847459203
2025-07-24,AUD,6M,3M BBSW,3.499586516041552
2025-07-23,AUD,6M,3M BBSW,3.5362000001235963
2025-07-22,AUD,6M,3M BBSW,3.521500000065197
2025-07-21,AUD,6M,3M BBSW,3.521800000058378
2025-07-18,AUD,6M,3M BBSW,3.4922893183473995
2025-07-17,AUD,6M,3M BBSW,3.468455554199998
2025-07-16,AUD,6M,3M BBSW,3.5774000001071884
2025-07-15,AUD,6M,3M BBSW,3.5920999999747045
2025-07-14,AUD,6M,3M BBSW,3.574500000049792
2025-07-11,AUD,6M,3M BBSW,3.549070973962797
2025-07-10,AUD,6M,3M BBSW,3.5389973600231306
2025-07-09,AUD,6M,3M BBSW,3.579700000156326
2025-07-08,AUD,6M,3M BBSW,3.594499999966157
2025-07-07,AUD,6M,3M BBSW,3.4265000000569654
2025-07-04,AUD,6M,3M BBSW,3.401946826185992
2025-07-03,AUD,6M,3M BBSW,3.391586339121355
2025-07-02,AUD,6M,3M BBSW,3.4096999999814406
2025-07-01,AUD,6M,3M BBSW,3.395023557579758
2025-06-30,AUD,6M,3M BBSW,3.421400000068272
2025-06-27,AUD,6M,3M BBSW,3.388424113314612
2025-06-26,AUD,6M,3M BBSW,3.37027219745664
2025-06-25,AUD,6M,3M BBSW,3.36396627759978
2025-06-24,AUD,6M,3M BBSW,3.471900000072857
2025-06-23,AUD,6M,3M BBSW,3.483000000068893
2025-06-20,AUD,6M,3M BBSW,3.4720027525768202
2025-06-19,AUD,6M,3M BBSW,3.5267999999725066
2025-06-18,AUD,6M,3M BBSW,3.5327000001412894
2025-06-17,AUD,6M,3M BBSW,3.518300000074026
2025-06-16,AUD,6M,3M BBSW,3.524500000071013
2025-06-13,AUD,6M,3M BBSW,3.47872982458455
2025-06-12,AUD,6M,3M BBSW,3.532699999968397
2025-06-11,AUD,6M,3M BBSW,3.561800000121287
2025-06-10,AUD,6M,3M BBSW,3.5680000000500653
2025-06-06,AUD,6M,3M BBSW,3.52373071133272
2025-06-05,AUD,6M,3M BBSW,3.539099999946905
2025-06-04,AUD,6M,3M BBSW,3.528100000123407
2025-06-03,AUD,6M,3M BBSW,3.5348000000609394
2025-06-02,AUD,6M,3M BBSW,3.561400000049871
2025-05-30,AUD,6M,3M BBSW,3.595885714410917
2025-05-29,AUD,6M,3M BBSW,3.6018911386342065
2025-05-28,AUD,6M,3M BBSW,3.6133999999477613
2025-05-27,AUD,6M,3M BBSW,3.56370000004079
2025-05-26,AUD,6M,3M BBSW,3.56199999997153
2025-05-23,AUD,6M,3M BBSW,3.5585168308441393
2025-05-22,AUD,6M,3M BBSW,3.558884582348138
2025-05-21,AUD,6M,3M BBSW,3.613200000006929
2025-05-20,AUD,6M,3M BBSW,3.600400000071305
2025-05-19,AUD,6M,3M BBSW,3.708599999988001
2025-05-16,AUD,6M,3M BBSW,3.689382116810301
2025-05-15,AUD,6M,3M BBSW,3.724259709833319
2025-05-14,AUD,6M,3M BBSW,3.6960000000022855
2025-05-13,AUD,6M,3M BBSW,3.6904999999800863
2025-05-12,AUD,6M,3M BBSW,3.6965000000323855
2025-05-09,AUD,6M,3M BBSW,3.6304172324792683
2025-05-08,AUD,6M,3M BBSW,3.617056394359212
2025-05-07,AUD,6M,3M BBSW,3.646800000028054
2025-05-06,AUD,6M,3M BBSW,3.653700000065965
2025-05-05,AUD,6M,3M BBSW,3.66360000006378
2025-05-02,AUD,6M,3M BBSW,3.641994765460757
2025-05-01,AUD,6M,3M BBSW,3.619626130704825
2025-04-30,AUD,6M,3M BBSW,3.667200000097528
2025-04-29,AUD,6M,3M BBSW,3.645600000138648
2025-04-28,AUD,6M,3M BBSW,3.656200000080192
2025-04-24,AUD,6M,3M BBSW,3.669999999940934
2025-04-23,AUD,6M,3M BBSW,3.686199999910853
2025-04-22,AUD,6M,3M BBSW,3.696400000089548
2025-04-17,AUD,6M,3M BBSW,3.704600000037432
2025-04-16,AUD,6M,3M BBSW,3.6934000000193685
2025-04-15,AUD,6M,3M BBSW,3.708800000111538
2025-04-14,AUD,6M,3M BBSW,3.7043000001265236
2025-04-11,AUD,6M,3M BBSW,3.7048799296826735
2025-04-10,AUD,6M,3M BBSW,3.725599999962084
2025-04-09,AUD,6M,3M BBSW,3.7662000001065192
2025-04-08,AUD,6M,3M BBSW,3.72490000012135
2025-04-07,AUD,6M,3M BBSW,3.802200000072262
2025-04-04,AUD,6M,3M BBSW,3.7637701305841613
2025-03-28,AUD,6M,3M BBSW,3.975485763272118
2025-03-27,AUD,6M,3M BBSW,3.958384013607012
2025-03-26,AUD,6M,3M BBSW,3.993400000050979
2025-03-25,AUD,6M,3M BBSW,3.995500000106964
2025-03-24,AUD,6M,3M BBSW,3.992200000039682
2025-03-21,AUD,6M,3M BBSW,3.962957711422292
2025-03-20,AUD,6M,3M BBSW,3.945521195552157
2025-03-19,AUD,6M,3M BBSW,4.012099999958426
2025-03-18,AUD,6M,3M BBSW,4.009400000030153
2025-03-17,AUD,6M,3M BBSW,4.005900000031948
2025-03-14,AUD,6M,3M BBSW,3.971849595969573
2025-03-13,AUD,6M,3M BBSW,3.9512598746009
2025-03-12,AUD,6M,3M BBSW,4.005799999956955
2025-03-11,AUD,6M,3M BBSW,3.996500000036422
2025-03-10,AUD,6M,3M BBSW,3.986100000038876
2025-03-07,AUD,6M,3M BBSW,3.974691889807327
2025-03-06,AUD,6M,3M BBSW,3.960263493319231
2025-03-05,AUD,6M,3M BBSW,4.018099999900507
2025-03-04,AUD,6M,3M BBSW,4.007000000033932
2025-03-03,AUD,6M,3M BBSW,3.997900000037422
2025-02-28,AUD,6M,3M BBSW,4.01139999987326
2025-02-27,AUD,6M,3M BBSW,4.013999999892439
2025-02-26,AUD,6M,3M BBSW,4.025000000018208
2025-02-25,AUD,6M,3M BBSW,4.027283025590149
2025-02-24,AUD,6M,3M BBSW,4.013900243520207
2025-02-21,AUD,6M,3M BBSW,4.067799999966041
2025-02-20,AUD,6M,3M BBSW,4.072099999950975
2025-02-19,AUD,6M,3M BBSW,4.064300000005268
2025-02-18,AUD,6M,3M BBSW,4.07757720270914
2025-02-17,AUD,6M,3M BBSW,4.039555947809087
2025-02-14,AUD,6M,3M BBSW,4.067399999949616
2025-02-13,AUD,6M,3M BBSW,4.057799999915295
2025-02-12,AUD,6M,3M BBSW,4.099499999992657
2025-02-11,AUD,6M,3M BBSW,4.085577282618832
2025-02-10,AUD,6M,3M BBSW,4.044131967482329
2025-02-07,AUD,6M,3M BBSW,4.066999999947917
2025-02-06,AUD,6M,3M BBSW,4.056199999903291
2025-02-05,AUD,6M,3M BBSW,4.064599999972988
2025-02-04,AUD,6M,3M BBSW,4.056278556929005
2025-02-03,AUD,6M,3M BBSW,4.034996360608146
2025-01-31,AUD,6M,3M BBSW,4.091899999929885
2025-01-30,AUD,6M,3M BBSW,4.092599999943697
2025-01-29,AUD,6M,3M BBSW,4.104399999913566
2025-01-28,AUD,6M,3M BBSW,4.153700000067893
2025-01-24,AUD,6M,3M BBSW,4.171499999947899
2025-01-23,AUD,6M,3M BBSW,4.177899999949203
2025-01-22,AUD,6M,3M BBSW,4.197200000044038
2025-01-21,AUD,6M,3M BBSW,4.191470019508362
2025-01-20,AUD,6M,3M BBSW,4.172009767858049
2025-01-17,AUD,6M,3M BBSW,4.202399999952002
2025-01-16,AUD,6M,3M BBSW,4.203799999999458
2025-01-15,AUD,6M,3M BBSW,4.199199999952445
2025-01-14,AUD,6M,3M BBSW,4.232499999880719
2025-01-13,AUD,6M,3M BBSW,4.196994975028135
2025-01-10,AUD,6M,3M BBSW,4.212199999835931
2025-01-09,AUD,6M,3M BBSW,4.198199999999443
2025-01-08,AUD,6M,3M BBSW,4.202599999949441
2025-01-07,AUD,6M,3M BBSW,4.240199999951995
2025-01-06,AUD,6M,3M BBSW,4.197891335047053
2025-01-03,AUD,6M,3M BBSW,4.203599999893361
2025-01-02,AUD,6M,3M BBSW,4.204200000110222
2024-12-31,AUD,6M,3M BBSW,4.216667814722433
2024-12-30,AUD,6M,3M BBSW,4.221968537374699
2024-12-27,AUD,6M,3M BBSW,4.225900000134431
2024-12-24,AUD,6M,3M BBSW,4.244400000144271
2024-12-23,AUD,6M,3M BBSW,4.258664092555724
2024-12-20,AUD,6M,3M BBSW,4.27920000010441
2024-12-19,AUD,6M,3M BBSW,4.286399999999997
2024-12-18,AUD,6M,3M BBSW,4.299399999946337
2024-12-17,AUD,6M,3M BBSW,4.301599999947189
2024-12-16,AUD,6M,3M BBSW,4.318154305607607
2024-12-13,AUD,6M,3M BBSW,4.328900000000065
2024-12-12,AUD,6M,3M BBSW,4.338000000116016
2024-12-11,AUD,6M,3M BBSW,4.281299999945473
2024-12-10,AUD,6M,3M BBSW,4.291800000059364
2024-12-09,AUD,6M,3M BBSW,4.315661590651651
2024-12-06,AUD,6M,3M BBSW,4.30160000010924
2024-12-05,AUD,6M,3M BBSW,4.319900000105986
2024-12-04,AUD,6M,3M BBSW,4.303399999942894
2024-12-03,AUD,6M,3M BBSW,4.357399999948625
2024-12-02,AUD,6M,3M BBSW,4.359345641809507
2024-11-29,AUD,6M,3M BBSW,4.359474737032738
2024-11-28,AUD,6M,3M BBSW,4.367500000105156
2024-11-27,AUD,6M,3M BBSW,4.355999999955178
2024-11-26,AUD,6M,3M BBSW,4.359000000044137
2024-11-25,AUD,6M,3M BBSW,4.339253569052621
2024-11-22,AUD,6M,3M BBSW,4.372905236357824
2024-11-21,AUD,6M,3M BBSW,4.381200000097434
2024-11-20,AUD,6M,3M BBSW,4.378200000000078
2024-11-19,AUD,6M,3M BBSW,4.372400000042755
2024-11-18,AUD,6M,3M BBSW,4.340347280700327
2024-11-15,AUD,6M,3M BBSW,4.416542245561476
2024-11-14,AUD,6M,3M BBSW,4.393300000110403
2024-11-13,AUD,6M,3M BBSW,4.402500000175582
2024-11-12,AUD,6M,3M BBSW,4.396199999953722
2024-11-11,AUD,6M,3M BBSW,4.359742278622611
2024-11-08,AUD,6M,3M BBSW,4.373504565332411
2024-11-07,AUD,6M,3M BBSW,4.376400000124707
2024-11-06,AUD,6M,3M BBSW,4.37540000017518
2024-11-05,AUD,6M,3M BBSW,4.379800000040719
2024-11-04,AUD,6M,3M BBSW,4.3359712249667
2024-11-01,AUD,6M,3M BBSW,4.362107635590506
2024-10-31,AUD,6M,3M BBSW,4.385711817520882
2024-10-30,AUD,6M,3M BBSW,4.38180000004136
2024-10-29,AUD,6M,3M BBSW,4.345199999962593
2024-10-28,AUD,6M,3M BBSW,4.337900000039063
2024-10-24,AUD,6M,3M BBSW,4.331900000109075
2024-10-23,AUD,6M,3M BBSW,4.35229999981804
2024-10-22,AUD,6M,3M BBSW,4.348799999842905
2024-10-21,AUD,6M,3M BBSW,4.311635664718935
2024-10-17,AUD,6M,3M BBSW,4.336300000087618
2024-10-16,AUD,6M,3M BBSW,4.285800000000995
2024-10-15,AUD,6M,3M BBSW,4.311900000041426
2024-10-14,AUD,6M,3M BBSW,4.324800000040662
2024-10-11,AUD,6M,3M BBSW,4.332515987315468
2024-10-10,AUD,6M,3M BBSW,4.332200000133903
2024-10-09,AUD,6M,3M BBSW,4.337999999896399
2024-10-08,AUD,6M,3M BBSW,4.325000000042016
2024-10-04,AUD,6M,3M BBSW,4.299126897082002
2024-10-03,AUD,6M,3M BBSW,4.283700000000417
2024-10-02,AUD,6M,3M BBSW,4.291599999955323
2024-10-01,AUD,6M,3M BBSW,4.2947625103849
2024-09-30,AUD,6M,3M BBSW,4.273411034819519
2024-09-27,AUD,6M,3M BBSW,4.291600000158476
2024-09-26,AUD,6M,3M BBSW,4.297060734821669
2024-09-25,AUD,6M,3M BBSW,4.292128018110267
2024-09-24,AUD,6M,3M BBSW,4.280999999876602
2024-09-23,AUD,6M,3M BBSW,4.296187364012302
2024-09-20,AUD,6M,3M BBSW,4.301700000133378
2024-09-19,AUD,6M,3M BBSW,4.302200000107928
2024-09-18,AUD,6M,3M BBSW,4.285300000038782
2024-09-17,AUD,6M,3M BBSW,4.276000000038661
2024-09-16,AUD,6M,3M BBSW,4.246358675944728
2024-09-13,AUD,6M,3M BBSW,4.276400000000145
2024-09-12,AUD,6M,3M BBSW,4.294900000105693
2024-09-11,AUD,6M,3M BBSW,4.315799999955821
2024-09-10,AUD,6M,3M BBSW,4.307199999945961
2024-09-09,AUD,6M,3M BBSW,4.296188044429243
2024-09-06,AUD,6M,3M BBSW,4.321099999903042
2024-09-05,AUD,6M,3M BBSW,4.318799999875409
2024-09-04,AUD,6M,3M BBSW,4.31259999985908
2024-09-03,AUD,6M,3M BBSW,4.322699999860098
2024-09-02,AUD,6M,3M BBSW,4.319461776289406
2024-08-30,AUD,6M,3M BBSW,4.343128769039677
2024-08-29,AUD,6M,3M BBSW,4.336280424128089
2024-08-27,AUD,6M,3M BBSW,4.272799999956797
2024-08-26,AUD,6M,3M BBSW,4.260399999876741
2024-08-23,AUD,6M,3M BBSW,4.248554369985333
2024-08-22,AUD,6M,3M BBSW,4.243914170862145
2024-08-21,AUD,6M,3M BBSW,4.299700000000295
2024-08-20,AUD,6M,3M BBSW,4.297899999999837
2024-08-19,AUD,6M,3M BBSW,4.304399999887576
2024-08-16,AUD,6M,3M BBSW,4.279976758885184
2024-08-15,AUD,6M,3M BBSW,4.37624545074629
2024-08-14,AUD,6M,3M BBSW,4.273600000000235
2024-08-13,AUD,6M,3M BBSW,4.28599999999983
2024-08-12,AUD,6M,3M BBSW,4.310499999872333
2024-08-09,AUD,6M,3M BBSW,4.299765114567119
2024-08-08,AUD,6M,3M BBSW,4.280620393693942
2024-08-07,AUD,6M,3M BBSW,4.33040000000039
2024-08-06,AUD,6M,3M BBSW,4.32660000007377
2024-08-02,AUD,6M,3M BBSW,4.291017743940649
2024-08-01,AUD,6M,3M BBSW,4.319601758544555
2024-07-31,AUD,6M,3M BBSW,4.413199999833544
2024-07-30,AUD,6M,3M BBSW,4.488399999999702
2024-07-29,AUD,6M,3M BBSW,4.500599999946354
2024-07-26,AUD,6M,3M BBSW,4.439479136503522
2024-07-24,AUD,6M,3M BBSW,4.495999999999531
2024-07-23,AUD,6M,3M BBSW,4.501399999999715
2024-07-22,AUD,6M,3M BBSW,4.492299999946352
2024-07-19,AUD,6M,3M BBSW,4.473184021215301
2024-07-18,AUD,6M,3M BBSW,4.428140279501534
2024-07-17,AUD,6M,3M BBSW,4.452700000000361
2024-07-16,AUD,6M,3M BBSW,4.452799999999786
2024-07-15,AUD,6M,3M BBSW,4.464899999946323
2024-07-12,AUD,6M,3M BBSW,4.450810975954174
2024-07-11,AUD,6M,3M BBSW,4.439913343472517
2024-07-10,AUD,6M,3M BBSW,4.500700000000363
2024-07-09,AUD,6M,3M BBSW,4.506399999999797
2024-07-08,AUD,6M,3M BBSW,4.510099999857406
2024-07-05,AUD,6M,3M BBSW,4.483161922786885
2024-07-04,AUD,6M,3M BBSW,4.468903499046557
2024-07-03,AUD,6M,3M BBSW,4.515200000000368
2024-07-02,AUD,6M,3M BBSW,4.504899999999814
2024-07-01,AUD,6M,3M BBSW,4.488545652288765
2024-06-28,AUD,6M,3M BBSW,4.46295505818936
2024-06-27,AUD,6M,3M BBSW,4.504999999898521
2024-06-26,AUD,6M,3M BBSW,4.488812516394404
2024-06-24,AUD,6M,3M BBSW,4.42200000000018
2024-06-21,AUD,6M,3M BBSW,4.380468990687288
2024-06-20,AUD,6M,3M BBSW,4.416599999904673
2024-06-19,AUD,6M,3M BBSW,4.412999999999574
2024-06-18,AUD,6M,3M BBSW,4.404999999872255
2024-06-17,AUD,6M,3M BBSW,4.381199999862888
2024-06-14,AUD,6M,3M BBSW,4.49282456997603
2024-06-13,AUD,6M,3M BBSW,4.382899999830273
2024-06-12,AUD,6M,3M BBSW,4.354299999999532
2024-06-11,AUD,6M,3M BBSW,4.392199999858187
2024-06-07,AUD,6M,3M BBSW,4.347927265797045
2024-06-06,AUD,6M,3M BBSW,4.374100000103812
2024-06-05,AUD,6M,3M BBSW,4.370800000137288
2024-06-04,AUD,6M,3M BBSW,4.374799999861562
2024-06-03,AUD,6M,3M BBSW,4.387199999860395
2024-05-31,AUD,6M,3M BBSW,4.427559909053871
2024-05-30,AUD,6M,3M BBSW,4.421495971872674
2024-05-29,AUD,6M,3M BBSW,4.410500000000203
2024-05-28,AUD,6M,3M BBSW,4.395100000069772
2024-05-27,AUD,6M,3M BBSW,4.373099999884844
2024-05-24,AUD,6M,3M BBSW,4.359023837305855
2024-05-23,AUD,6M,3M BBSW,4.331182804337043
2024-05-22,AUD,6M,3M BBSW,4.379000000000202
2024-05-21,AUD,6M,3M BBSW,4.363799999999866
2024-05-20,AUD,6M,3M BBSW,4.369299999876715
2024-05-17,AUD,6M,3M BBSW,4.341424611428591
2024-05-16,AUD,6M,3M BBSW,4.32465148812016
2024-05-15,AUD,6M,3M BBSW,4.392500000000324
2024-05-14,AUD,6M,3M BBSW,4.412099999999835
2024-05-13,AUD,6M,3M BBSW,4.407799999874753
2024-05-10,AUD,6M,3M BBSW,4.402678655776546
2024-05-09,AUD,6M,3M BBSW,4.377683223059909
2024-05-08,AUD,6M,3M BBSW,4.430900000000236
2024-05-07,AUD,6M,3M BBSW,4.432499999999795
2024-05-06,AUD,6M,3M BBSW,4.475399999855742
2024-05-03,AUD,6M,3M BBSW,4.430463692159345
2024-05-02,AUD,6M,3M BBSW,4.409837583575409
2024-05-01,AUD,6M,3M BBSW,4.464799999999822
2024-04-30,AUD,6M,3M BBSW,4.464199999999444
2024-04-29,AUD,6M,3M BBSW,4.471900000000225
2024-04-26,AUD,6M,3M BBSW,4.42936570486292
2024-04-24,AUD,6M,3M BBSW,4.432399999849365
2024-04-23,AUD,6M,3M BBSW,4.374800000070299
2024-04-22,AUD,6M,3M BBSW,4.369899999950275
2024-04-19,AUD,6M,3M BBSW,4.314206447570378
2024-04-18,AUD,6M,3M BBSW,4.369999999909616
2024-04-17,AUD,6M,3M BBSW,4.367499999999837
2024-04-16,AUD,6M,3M BBSW,4.369399999883293
2024-04-15,AUD,6M,3M BBSW,4.362099999881679
2024-04-12,AUD,6M,3M BBSW,4.301148140724941
2024-04-11,AUD,6M,3M BBSW,4.359399999999701
2024-04-10,AUD,6M,3M BBSW,4.350699999999881
2024-04-09,AUD,6M,3M BBSW,4.33379999987803
2024-04-08,AUD,6M,3M BBSW,4.339499999894829
2024-04-04,AUD,6M,3M BBSW,4.335699999889732
2024-04-03,AUD,6M,3M BBSW,4.333100000000485
2024-04-02,AUD,6M,3M BBSW,4.332700000000074
2024-03-28,AUD,6M,3M BBSW,4.280523882066372
2024-03-27,AUD,6M,3M BBSW,4.3226999999027
2024-03-26,AUD,6M,3M BBSW,4.324299999999867
2024-03-25,AUD,6M,3M BBSW,4.323399999887649
2024-03-22,AUD,6M,3M BBSW,4.301353412087039
2024-03-21,AUD,6M,3M BBSW,4.28477788987795
2024-03-20,AUD,6M,3M BBSW,4.318300000000226
2024-03-19,AUD,6M,3M BBSW,4.318100000102096
2024-03-18,AUD,6M,3M BBSW,4.329300000000059
2024-03-15,AUD,6M,3M BBSW,4.418645795239176
2024-03-14,AUD,6M,3M BBSW,4.405061894551968
2024-03-13,AUD,6M,3M BBSW,4.320000000000208
2024-03-12,AUD,6M,3M BBSW,4.316199999999706
2024-03-11,AUD,6M,3M BBSW,4.311199999888171
2024-03-08,AUD,6M,3M BBSW,4.29544858485512
2024-03-07,AUD,6M,3M BBSW,4.284580168713015
2024-03-06,AUD,6M,3M BBSW,4.327100000000244
2024-03-05,AUD,6M,3M BBSW,4.325700000071073
2024-03-04,AUD,6M,3M BBSW,4.33450000000014
2024-03-01,AUD,6M,3M BBSW,4.308412089727896
2024-02-29,AUD,6M,3M BBSW,4.334800000000579
2024-02-28,AUD,6M,3M BBSW,4.328800000001309
2024-02-27,AUD,6M,3M BBSW,4.342799999905139
2024-02-26,AUD,6M,3M BBSW,4.33084471226325
2024-02-23,AUD,6M,3M BBSW,4.329600000000256
2024-02-22,AUD,6M,3M BBSW,4.326400000000325
2024-02-21,AUD,6M,3M BBSW,4.326399999905018
2024-02-20,AUD,6M,3M BBSW,4.314400000000098
2024-02-19,AUD,6M,3M BBSW,4.322346474814991
2024-02-16,AUD,6M,3M BBSW,4.334599999902988
2024-02-15,AUD,6M,3M BBSW,4.32770000015141
2024-02-14,AUD,6M,3M BBSW,4.350999999824412
2024-02-13,AUD,6M,3M BBSW,4.3517999998222
2024-02-12,AUD,6M,3M BBSW,4.343343186318541
2024-02-09,AUD,6M,3M BBSW,4.344100000000268
2024-02-08,AUD,6M,3M BBSW,4.333900000000299
2024-02-07,AUD,6M,3M BBSW,4.333299999906629
2024-02-06,AUD,6M,3M BBSW,4.331700000000072
2024-02-05,AUD,6M,3M BBSW,4.308299993558247
2024-02-02,AUD,6M,3M BBSW,4.306299999833017
2024-02-01,AUD,6M,3M BBSW,4.280499999890234
2024-01-31,AUD,6M,3M BBSW,4.276600000000045
2024-01-30,AUD,6M,3M BBSW,4.323899999880268
2024-01-29,AUD,6M,3M BBSW,4.323600000000032
2024-01-25,AUD,6M,3M BBSW,4.34614577643403
2024-01-24,AUD,6M,3M BBSW,4.354600000000454
2024-01-23,AUD,6M,3M BBSW,4.347500000000023
2024-01-22,AUD,6M,3M BBSW,4.33880000000007
2024-01-19,AUD,6M,3M BBSW,4.353499999896247
2024-01-18,AUD,6M,3M BBSW,4.350600000000241
2024-01-17,AUD,6M,3M BBSW,4.35849999990675
2024-01-16,AUD,6M,3M BBSW,4.350799999819512
2024-01-15,AUD,6M,3M BBSW,4.338000000087717
2024-01-12,AUD,6M,3M BBSW,4.326800000000294
2024-01-11,AUD,6M,3M BBSW,4.331400000156456
2024-01-10,AUD,6M,3M BBSW,4.345599999904941
2024-01-09,AUD,6M,3M BBSW,4.338599999903431
2024-01-08,AUD,6M,3M BBSW,4.347199999908314
2024-01-05,AUD,6M,3M BBSW,4.359599999830957
2024-01-04,AUD,6M,3M BBSW,4.349600000095549
2024-01-03,AUD,6M,3M BBSW,4.34339999990098
2024-01-02,AUD,6M,3M BBSW,4.339799999900286
2023-12-29,AUD,6M,3M BBSW,4.339844186540851
2023-12-28,AUD,6M,3M BBSW,4.315200000000015
2023-12-27,AUD,6M,3M BBSW,4.321599999999707
2023-12-22,AUD,6M,3M BBSW,4.290362424271891
2023-12-21,AUD,6M,3M BBSW,4.328500000000711
2023-12-20,AUD,6M,3M BBSW,4.333700000158338
2023-12-19,AUD,6M,3M BBSW,4.348499999867186
2023-12-18,AUD,6M,3M BBSW,4.337299999902205
2023-12-15,AUD,6M,3M BBSW,4.389065417608017
2023-12-14,AUD,6M,3M BBSW,4.337100000000309
2023-12-13,AUD,6M,3M BBSW,4.326299999999885
2023-12-12,AUD,6M,3M BBSW,4.38509999986351
2023-12-11,AUD,6M,3M BBSW,4.384000000000027
2023-12-07,AUD,6M,3M BBSW,4.378099999826989
2023-12-06,AUD,6M,3M BBSW,4.361900000000425
2023-12-05,AUD,6M,3M BBSW,4.39529999989457
2023-12-04,AUD,6M,3M BBSW,4.46209999982291
2023-12-01,AUD,6M,3M BBSW,4.385934984501716
2023-11-30,AUD,6M,3M BBSW,4.444800000123464
2023-11-29,AUD,6M,3M BBSW,4.440300000000217
2023-11-28,AUD,6M,3M BBSW,4.480200000000043
2023-11-27,AUD,6M,3M BBSW,4.480399999886348
2023-11-24,AUD,6M,3M BBSW,4.492353766277509
2023-11-23,AUD,6M,3M BBSW,4.487599999856736
2023-11-22,AUD,6M,3M BBSW,4.496400000000081
2023-11-21,AUD,6M,3M BBSW,4.438099999869641
2023-11-20,AUD,6M,3M BBSW,4.456199999884189
2023-11-17,AUD,6M,3M BBSW,4.452768427457791
2023-11-16,AUD,6M,3M BBSW,4.437899999893256
2023-11-15,AUD,6M,3M BBSW,4.474300000146314
2023-11-14,AUD,6M,3M BBSW,4.485800000040074
2023-11-13,AUD,6M,3M BBSW,4.508399999839402
2023-11-10,AUD,6M,3M BBSW,4.504753752702046
2023-11-09,AUD,6M,3M BBSW,4.504499999893921
2023-11-08,AUD,6M,3M BBSW,4.48079999999995
2023-11-07,AUD,6M,3M BBSW,4.488399999837731
2023-11-06,AUD,6M,3M BBSW,4.479399999842395
2023-11-03,AUD,6M,3M BBSW,4.451265607800811
2023-11-02,AUD,6M,3M BBSW,4.463000000106315
2023-11-01,AUD,6M,3M BBSW,4.465299999894967
2023-10-31,AUD,6M,3M BBSW,4.510471140347022
2023-10-30,AUD,6M,3M BBSW,4.474300000042911
2023-10-26,AUD,6M,3M BBSW,4.423813419714222
2023-10-25,AUD,6M,3M BBSW,4.400790138683957
2023-10-24,AUD,6M,3M BBSW,4.345299999821628
2023-10-23,AUD,6M,3M BBSW,4.317600000000155
2023-10-20,AUD,6M,3M BBSW,4.273050728723336
2023-10-19,AUD,6M,3M BBSW,4.32379999983463
2023-10-18,AUD,6M,3M BBSW,4.337800000000325
2023-10-17,AUD,6M,3M BBSW,4.323399999823379
2023-10-16,AUD,6M,3M BBSW,4.238399999887581
2023-10-12,AUD,6M,3M BBSW,4.237899999891235
2023-10-11,AUD,6M,3M BBSW,4.216299999999721
2023-10-10,AUD,6M,3M BBSW,4.220599999901324
2023-10-09,AUD,6M,3M BBSW,4.211999999901255
2023-10-05,AUD,6M,3M BBSW,4.228199999876216
2023-10-04,AUD,6M,3M BBSW,4.240199999999768
2023-10-03,AUD,6M,3M BBSW,4.262199999999951
2023-09-29,AUD,6M,3M BBSW,4.284714429743212
2023-09-28,AUD,6M,3M BBSW,4.272099999886185
2023-09-27,AUD,6M,3M BBSW,4.260600000096341
2023-09-26,AUD,6M,3M BBSW,4.258548333271161
2023-09-25,AUD,6M,3M BBSW,4.264400249228691
2023-09-22,AUD,6M,3M BBSW,4.26200000000024
2023-09-21,AUD,6M,3M BBSW,4.272300000143584
2023-09-20,AUD,6M,3M BBSW,4.271699999845374
2023-09-19,AUD,6M,3M BBSW,4.247699999902292
2023-09-18,AUD,6M,3M BBSW,4.226700000000045
2023-09-15,AUD,6M,3M BBSW,4.220700000000333
2023-09-14,AUD,6M,3M BBSW,4.214800000000244
2023-09-13,AUD,6M,3M BBSW,4.212900000000078
2023-09-12,AUD,6M,3M BBSW,4.220400000000026
2023-09-11,AUD,6M,3M BBSW,4.21580000000007
2023-09-08,AUD,6M,3M BBSW,4.209500000000302
2023-09-07,AUD,6M,3M BBSW,4.190199999881481
2023-09-06,AUD,6M,3M BBSW,4.190199999896524
2023-09-05,AUD,6M,3M BBSW,4.213400000000093
2023-09-04,AUD,6M,3M BBSW,4.219500000000035
2023-09-01,AUD,6M,3M BBSW,4.211399999889803
2023-08-31,AUD,6M,3M BBSW,4.219398471466097
2023-08-30,AUD,6M,3M BBSW,4.235963586774486
2023-08-28,AUD,6M,3M BBSW,4.227499999960126
2023-08-25,AUD,6M,3M BBSW,4.209159544021754
2023-08-24,AUD,6M,3M BBSW,4.185254708547357
2023-08-23,AUD,6M,3M BBSW,4.222700000000253
2023-08-22,AUD,6M,3M BBSW,4.237199999999838
2023-08-21,AUD,6M,3M BBSW,4.241299999879434
2023-08-18,AUD,6M,3M BBSW,4.223280270171738
2023-08-17,AUD,6M,3M BBSW,4.215430553953126
2023-08-16,AUD,6M,3M BBSW,4.259800000000247
2023-08-15,AUD,6M,3M BBSW,4.276899999999751
2023-08-14,AUD,6M,3M BBSW,4.291699999876577
2023-08-11,AUD,6M,3M BBSW,4.248438564935719
2023-08-10,AUD,6M,3M BBSW,4.212659940914746
2023-08-09,AUD,6M,3M BBSW,4.274900000000335
2023-08-08,AUD,6M,3M BBSW,4.264299999999734
2023-08-04,AUD,6M,3M BBSW,4.248738817377252
2023-08-03,AUD,6M,3M BBSW,4.233634847491484
2023-08-02,AUD,6M,3M BBSW,4.269699999866004
2023-08-01,AUD,6M,3M BBSW,4.309099999999745
2023-07-31,AUD,6M,3M BBSW,4.367099999947056
2023-07-28,AUD,6M,3M BBSW,4.333663052038833
2023-07-27,AUD,6M,3M BBSW,4.335539739198367
2023-07-25,AUD,6M,3M BBSW,4.473599999999771
2023-07-24,AUD,6M,3M BBSW,4.467999999902304
2023-07-21,AUD,6M,3M BBSW,4.455276228644059
2023-07-20,AUD,6M,3M BBSW,4.406678205798313
2023-07-19,AUD,6M,3M BBSW,4.399399999870885
2023-07-18,AUD,6M,3M BBSW,4.407899999999721
2023-07-17,AUD,6M,3M BBSW,4.410600000056316
2023-07-14,AUD,6M,3M BBSW,4.427535997068532
2023-07-13,AUD,6M,3M BBSW,4.340782687048518
2023-07-12,AUD,6M,3M BBSW,4.418599999866893
2023-07-11,AUD,6M,3M BBSW,4.459199999999758
2023-07-10,AUD,6M,3M BBSW,4.467899999945217
2023-07-07,AUD,6M,3M BBSW,4.476648972240494
2023-07-06,AUD,6M,3M BBSW,4.434778993159427
2023-07-05,AUD,6M,3M BBSW,4.447000000000141
2023-07-04,AUD,6M,3M BBSW,4.456999999999875
2023-07-03,AUD,6M,3M BBSW,4.482799999866375
2023-06-30,AUD,6M,3M BBSW,4.528489444578645
2023-06-29,AUD,6M,3M BBSW,4.473300000156688
2023-06-28,AUD,6M,3M BBSW,4.438199999853469
2023-06-27,AUD,6M,3M BBSW,4.467499999900319
2023-06-26,AUD,6M,3M BBSW,4.442662916408334
2023-06-22,AUD,6M,3M BBSW,4.499499999844231
2023-06-21,AUD,6M,3M BBSW,4.454499999879284
2023-06-20,AUD,6M,3M BBSW,4.474499999887632
2023-06-19,AUD,6M,3M BBSW,4.518100000000056
2023-06-15,AUD,6M,3M BBSW,4.473800000154828
2023-06-14,AUD,6M,3M BBSW,4.418599999888876
2023-06-13,AUD,6M,3M BBSW,4.404099999848625
2023-06-09,AUD,6M,3M BBSW,4.341489829811359
2023-06-08,AUD,6M,3M BBSW,4.391399999836263
2023-06-07,AUD,6M,3M BBSW,4.36670000000036
2023-06-06,AUD,6M,3M BBSW,4.252400000144864
2023-06-05,AUD,6M,3M BBSW,4.169000000000053
2023-06-01,AUD,6M,3M BBSW,4.116199999905999
2023-05-31,AUD,6M,3M BBSW,4.06465361230494
2023-05-30,AUD,6M,3M BBSW,4.023500000000032
2023-05-29,AUD,6M,3M BBSW,4.010599999963183
2023-05-26,AUD,6M,3M BBSW,3.9914812828572286
2023-05-25,AUD,6M,3M BBSW,3.968287819950058
2023-05-24,AUD,6M,3M BBSW,3.996400000000137
2023-05-23,AUD,6M,3M BBSW,3.987900000146568
2023-05-22,AUD,6M,3M BBSW,3.9819000000000915
2023-05-19,AUD,6M,3M BBSW,3.9699023272309
2023-05-18,AUD,6M,3M BBSW,3.956019748430805
2023-05-17,AUD,6M,3M BBSW,3.972800000126909
2023-05-16,AUD,6M,3M BBSW,3.959100000163022
2023-05-15,AUD,6M,3M BBSW,3.9472999998363774
2023-05-12,AUD,6M,3M BBSW,3.877125256187086
2023-05-11,AUD,6M,3M BBSW,3.842933021051148
2023-05-10,AUD,6M,3M BBSW,3.884000000000223
2023-05-09,AUD,6M,3M BBSW,3.880000000099685
2023-05-08,AUD,6M,3M BBSW,3.883500000000105
2023-05-05,AUD,6M,3M BBSW,3.853464588821666
2023-05-04,AUD,6M,3M BBSW,3.808501950438712
2023-05-03,AUD,6M,3M BBSW,3.87700000000027
2023-05-02,AUD,6M,3M BBSW,3.811700000000326
2023-05-01,AUD,6M,3M BBSW,3.7136000000000413
2023-04-28,AUD,6M,3M BBSW,3.642969275614509
2023-04-27,AUD,6M,3M BBSW,3.697299999875164
2023-04-26,AUD,6M,3M BBSW,3.672400000104907
2023-04-24,AUD,6M,3M BBSW,3.7274000000001415
2023-04-21,AUD,6M,3M BBSW,3.702131472757158
2023-04-20,AUD,6M,3M BBSW,3.733300000000313
2023-04-19,AUD,6M,3M BBSW,3.735600000128693
2023-04-18,AUD,6M,3M BBSW,3.72050000016522
2023-04-17,AUD,6M,3M BBSW,3.674899999858714
2023-04-14,AUD,6M,3M BBSW,3.7119266033188834
2023-04-13,AUD,6M,3M BBSW,3.664699999999912
2023-04-12,AUD,6M,3M BBSW,3.639599999856262
2023-04-11,AUD,6M,3M BBSW,3.6227000000000555
2023-04-06,AUD,6M,3M BBSW,3.589800000000593
2023-04-05,AUD,6M,3M BBSW,3.5988000000006117
2023-04-04,AUD,6M,3M BBSW,3.632600000000087
2023-04-03,AUD,6M,3M BBSW,3.671899999828079
2023-03-31,AUD,6M,3M BBSW,3.672377747024954
2023-03-30,AUD,6M,3M BBSW,3.6839304648083133
2023-03-29,AUD,6M,3M BBSW,3.6727999998894174
2023-03-28,AUD,6M,3M BBSW,3.652000000000343
2023-03-27,AUD,6M,3M BBSW,3.630000000000088
2023-03-24,AUD,6M,3M BBSW,3.591627142061385
2023-03-23,AUD,6M,3M BBSW,3.590546744035729
2023-03-22,AUD,6M,3M BBSW,3.607500000000277
2023-03-21,AUD,6M,3M BBSW,3.600599999999881
2023-03-20,AUD,6M,3M BBSW,3.5513999999522468
2023-03-17,AUD,6M,3M BBSW,3.537730932833071
2023-03-16,AUD,6M,3M BBSW,3.57926935505293
2023-03-15,AUD,6M,3M BBSW,3.5750999998660484
2023-03-14,AUD,6M,3M BBSW,3.683699999999865
2023-03-13,AUD,6M,3M BBSW,3.630099999946484
2023-03-10,AUD,6M,3M BBSW,3.758088932215026
2023-03-09,AUD,6M,3M BBSW,3.7679485973143816
2023-03-08,AUD,6M,3M BBSW,3.83180000012569
2023-03-07,AUD,6M,3M BBSW,3.830200000140245
2023-03-06,AUD,6M,3M BBSW,3.863399999837692
2023-03-03,AUD,6M,3M BBSW,3.8651722420470094
2023-03-02,AUD,6M,3M BBSW,3.856599888509018
2023-03-01,AUD,6M,3M BBSW,3.88009999988073
2023-02-28,AUD,6M,3M BBSW,3.884576094345007
2023-02-27,AUD,6M,3M BBSW,3.8306106345659634
2023-02-24,AUD,6M,3M BBSW,3.8318999998806462
2023-02-23,AUD,6M,3M BBSW,3.827899999882325
2023-02-22,AUD,6M,3M BBSW,3.818800000139897
2025-11-12,AUD,6Y,3M BBSW,3.920499999992318
2025-11-11,AUD,6Y,3M BBSW,3.897099999991871
2025-11-10,AUD,6Y,3M BBSW,3.897299999991846
2025-11-07,AUD,6Y,3M BBSW,3.851401006985663
2025-11-06,AUD,6Y,3M BBSW,3.844499999989003
2025-11-05,AUD,6Y,3M BBSW,3.876199999993704
2025-11-04,AUD,6Y,3M BBSW,3.859999999996312
2025-11-12,AUD,7Y,3M BBSW,4.012499999997991
2025-11-11,AUD,7Y,3M BBSW,3.987800000006101
2025-11-10,AUD,7Y,3M BBSW,3.9891000000034165
2025-11-07,AUD,7Y,3M BBSW,3.942497854272267
2025-11-06,AUD,7Y,3M BBSW,3.936400000004108
2025-11-05,AUD,7Y,3M BBSW,3.96860000001739
2025-11-04,AUD,7Y,3M BBSW,3.950400000003417
2025-11-12,AUD,8Y,3M BBSW,4.096200000014425
2025-11-11,AUD,8Y,3M BBSW,4.070100000011194
2025-11-10,AUD,8Y,3M BBSW,4.074499999991888
2025-11-07,AUD,8Y,3M BBSW,4.026298775272442
2025-11-06,AUD,8Y,3M BBSW,4.020599999999802
2025-11-05,AUD,8Y,3M BBSW,4.053900000000709
2025-11-04,AUD,8Y,3M BBSW,4.035300000005293
2025-11-12,AUD,9M,3M BBSW,3.5857000000000334
2025-11-11,AUD,9M,3M BBSW,3.5881000000000154
2025-11-10,AUD,9M,3M BBSW,3.5885000000000145
2025-11-07,AUD,9M,3M BBSW,3.567899326173079
2025-11-06,AUD,9M,3M BBSW,3.567200000000017
2025-11-05,AUD,9M,3M BBSW,3.580100000000028
2025-11-04,AUD,9M,3M BBSW,3.5763000000000016
2025-11-12,AUD,9Y,3M BBSW,4.173000000003062
2025-11-11,AUD,9Y,3M BBSW,4.146700000001382
2025-11-10,AUD,9Y,3M BBSW,4.152200000002007
2025-11-07,AUD,9Y,3M BBSW,4.102999389362807
2025-11-06,AUD,9Y,3M BBSW,4.098699999988345
2025-11-05,AUD,9Y,3M BBSW,4.13059999999512
2025-11-04,AUD,9Y,3M BBSW,4.111999999996818
2025-11-13,AUD,18M,3M BBSW,3.6787
2025-11-13,AUD,1Y,3M BBSW,3.6516
2025-11-13,AUD,2Y,3M BBSW,3.7180999999999997
2025-11-13,AUD,30M,3M BBSW,3.759
2025-11-13,AUD,35Y,3M BBSW,4.588699999999999
2025-11-13,AUD,3Y,3M BBSW,3.7989999999999995
2025-11-13,AUD,6M,3M BBSW,3.6500999999999997
2025-11-13,AUD,9M,3M BBSW,3.6509
2025-11-13,AUD,10Y,3M BBSW,4.5149
2025-11-13,AUD,12Y,3M BBSW,4.609599999999999
2025-11-13,AUD,15Y,3M BBSW,4.7096
2025-11-13,AUD,20Y,3M BBSW,4.7924
2025-11-13,AUD,25Y,3M BBSW,4.7949
2025-11-13,AUD,30Y,3M BBSW,4.7685
2025-11-13,AUD,4Y,3M BBSW,4.1225
2025-11-13,AUD,5Y,3M BBSW,4.1793
2025-11-13,AUD,6Y,3M BBSW,4.252000000000001
2025-11-13,AUD,7Y,3M BBSW,4.325699999999999
2025-11-13,AUD,8Y,3M BBSW,4.3965
2025-11-13,AUD,9Y,3M BBSW,4.4599
2022-04-15,AUD,15M,3M BBSW,1.7878724372569557
2022-04-18,AUD,15M,3M BBSW,1.7395870433878418
2022-04-25,AUD,15M,3M BBSW,2.169226589199149
2022-06-13,AUD,15M,3M BBSW,3.503138347751981
2022-08-01,AUD,15M,3M BBSW,3.074601607711511
2022-09-22,AUD,15M,3M BBSW,3.8446501462913543
2022-10-03,AUD,15M,3M BBSW,3.510675016392824
2022-12-26,AUD,15M,3M BBSW,3.8465694443459104
2022-12-27,AUD,15M,3M BBSW,3.8802334713618416
2023-01-02,AUD,15M,3M BBSW,3.939969850306671
2023-01-26,AUD,15M,3M BBSW,3.7273478344420776
2023-04-07,AUD,15M,3M BBSW,3.4316873994673145
2023-04-10,AUD,15M,3M BBSW,3.489379028063984
2023-04-25,AUD,15M,3M BBSW,3.6470742260307847
2023-06-02,AUD,15M,3M BBSW,4.0513121287343115
2023-06-12,AUD,15M,3M BBSW,4.477581662701751
2023-06-16,AUD,15M,3M BBSW,4.645532443936924
2023-06-23,AUD,15M,3M BBSW,4.6259514176476815
2023-07-26,AUD,15M,3M BBSW,4.521610544221939
2023-08-07,AUD,15M,3M BBSW,4.260920269452209
2023-08-29,AUD,15M,3M BBSW,4.263946690812459
2023-10-02,AUD,15M,3M BBSW,4.4104178296877405
2023-10-06,AUD,15M,3M BBSW,4.288353352386784
2023-10-13,AUD,15M,3M BBSW,4.274797889419281
2023-10-27,AUD,15M,3M BBSW,4.513610323877702
2023-12-08,AUD,15M,3M BBSW,4.306498724802626
2023-12-25,AUD,15M,3M BBSW,4.092757770326927
2023-12-26,AUD,15M,3M BBSW,4.088475662250701
2024-01-01,AUD,15M,3M BBSW,4.121195378371668
2024-01-26,AUD,15M,3M BBSW,4.116605162341142
2024-03-29,AUD,15M,3M BBSW,4.095868572650808
2024-04-01,AUD,15M,3M BBSW,4.139713823891628
2024-04-05,AUD,15M,3M BBSW,4.154421896605177
2024-04-25,AUD,15M,3M BBSW,4.468967407822382
2024-06-10,AUD,15M,3M BBSW,4.355194803548365
2024-06-25,AUD,15M,3M BBSW,4.449892982233362
2024-07-25,AUD,15M,3M BBSW,4.3285990179297
2024-08-05,AUD,15M,3M BBSW,4.001598414602476
2024-08-28,AUD,15M,3M BBSW,3.923706707270024
2024-10-07,AUD,15M,3M BBSW,4.027096002821616
2024-10-18,AUD,15M,3M BBSW,4.127928556558776
2024-10-25,AUD,15M,3M BBSW,4.059998036722775
2024-12-25,AUD,15M,3M BBSW,3.949381999692307
2024-12-26,AUD,15M,3M BBSW,3.942957784536025
2025-01-01,AUD,15M,3M BBSW,3.937098065126801
2025-01-27,AUD,15M,3M BBSW,3.9436791229291694
2025-03-31,AUD,15M,3M BBSW,3.558932226697508
2025-04-01,AUD,15M,3M BBSW,3.485154314098028
2025-04-02,AUD,15M,3M BBSW,3.428211394231822
2025-04-03,AUD,15M,3M BBSW,3.402698009714808
2025-04-18,AUD,15M,3M BBSW,3.326677008061725
2025-04-21,AUD,15M,3M BBSW,3.303879455909441
2025-04-25,AUD,15M,3M BBSW,3.2630768726380452
2025-06-09,AUD,15M,3M BBSW,3.325847649306878
2025-08-04,AUD,15M,3M BBSW,3.299378738048544
2025-10-06,AUD,15M,3M BBSW,3.4531091570347403
2022-04-15,AUD,18M,3M BBSW,1.9733011353772014
2022-04-18,AUD,18M,3M BBSW,1.9469138318805317
2022-04-25,AUD,18M,3M BBSW,2.4138937326024656
2022-06-13,AUD,18M,3M BBSW,3.5998733505159435
2022-08-01,AUD,18M,3M BBSW,3.112310555133269
2022-09-22,AUD,18M,3M BBSW,3.8976438442872845
2022-10-03,AUD,18M,3M BBSW,3.56400912013222
2022-12-26,AUD,18M,3M BBSW,3.9123679824913355
2022-12-27,AUD,18M,3M BBSW,3.93637660381782
2023-01-02,AUD,18M,3M BBSW,3.9921913830151508
2023-01-26,AUD,18M,3M BBSW,3.731364590661907
2023-04-07,AUD,18M,3M BBSW,3.409300059767497
2023-04-10,AUD,18M,3M BBSW,3.465524910160341
2023-04-25,AUD,18M,3M BBSW,3.5997069460548174
2023-06-02,AUD,18M,3M BBSW,4.003434792779393
2023-06-12,AUD,18M,3M BBSW,4.445211446626895
2023-06-16,AUD,18M,3M BBSW,4.6075943470327285
2023-06-23,AUD,18M,3M BBSW,4.594216793493769
2023-07-26,AUD,18M,3M BBSW,4.4903095142618845
2023-08-07,AUD,18M,3M BBSW,4.198103686979711
2023-08-29,AUD,18M,3M BBSW,4.248796065284152
2023-10-02,AUD,18M,3M BBSW,4.387196424406786
2023-10-06,AUD,18M,3M BBSW,4.259614610105443
2023-10-13,AUD,18M,3M BBSW,4.239624006997364
2023-10-27,AUD,18M,3M BBSW,4.5148848618954585
2023-12-08,AUD,18M,3M BBSW,4.24011000610839
2023-12-25,AUD,18M,3M BBSW,4.062099534941628
2023-12-26,AUD,18M,3M BBSW,4.041308308127258
2024-01-01,AUD,18M,3M BBSW,4.067633569802807
2024-01-26,AUD,18M,3M BBSW,4.093066346466816
2024-03-29,AUD,18M,3M BBSW,4.057384504903499
2024-04-01,AUD,18M,3M BBSW,4.082172399144353
2024-04-05,AUD,18M,3M BBSW,4.068939764932581
2024-04-25,AUD,18M,3M BBSW,4.4512415166723045
2024-06-10,AUD,18M,3M BBSW,4.318883600432549
2024-06-25,AUD,18M,3M BBSW,4.3959189381359645
2024-07-25,AUD,18M,3M BBSW,4.2524982483269
2024-08-05,AUD,18M,3M BBSW,3.9382307616466052
2024-08-28,AUD,18M,3M BBSW,3.8401305094918396
2024-10-07,AUD,18M,3M BBSW,3.952802331962149
2024-10-18,AUD,18M,3M BBSW,4.086157708690646
2024-10-25,AUD,18M,3M BBSW,4.0360248399465775
2024-12-25,AUD,18M,3M BBSW,3.896484217227414
2024-12-26,AUD,18M,3M BBSW,3.885214240719136
2025-01-01,AUD,18M,3M BBSW,3.8826918925983263
2025-01-27,AUD,18M,3M BBSW,3.9085149430488344
2025-03-31,AUD,18M,3M BBSW,3.5092172308253384
2025-04-01,AUD,18M,3M BBSW,3.432781866290438
2025-04-02,AUD,18M,3M BBSW,3.3756846573642725
2025-04-03,AUD,18M,3M BBSW,3.352643179831953
2025-04-18,AUD,18M,3M BBSW,3.2582885678131746
2025-04-21,AUD,18M,3M BBSW,3.243152994015995
2025-04-25,AUD,18M,3M BBSW,3.194444845573633
2025-06-09,AUD,18M,3M BBSW,3.2991279860824334
2025-08-04,AUD,18M,3M BBSW,3.2930945523864796
2025-10-06,AUD,18M,3M BBSW,3.44416161514702
2018-06-11,AUD,1Y,3M BBSW,1.9991003739929212
2018-08-06,AUD,1Y,3M BBSW,2.0183279680178066
2018-10-01,AUD,1Y,3M BBSW,1.9420607283967346
2018-12-25,AUD,1Y,3M BBSW,1.9798836169778802
2018-12-26,AUD,1Y,3M BBSW,1.9808769735189733
2019-01-01,AUD,1Y,3M BBSW,1.9489090897570096
2019-01-28,AUD,1Y,3M BBSW,1.9154280161008004
2019-04-19,AUD,1Y,3M BBSW,1.5984391885210294
2019-04-22,AUD,1Y,3M BBSW,1.6540494774733305
2019-04-25,AUD,1Y,3M BBSW,1.3660509056138292
2019-06-10,AUD,1Y,3M BBSW,1.1796682483226089
2019-08-05,AUD,1Y,3M BBSW,0.8369495844347409
2019-10-07,AUD,1Y,3M BBSW,0.6999051206464748
2019-12-25,AUD,1Y,3M BBSW,0.8332040491986745
2019-12-26,AUD,1Y,3M BBSW,0.8344548166318556
2020-01-01,AUD,1Y,3M BBSW,0.8545216672534108
2020-01-27,AUD,1Y,3M BBSW,0.6584016768548102
2020-04-10,AUD,1Y,3M BBSW,0.269763016639126
2020-04-13,AUD,1Y,3M BBSW,0.2542582200861446
2020-06-08,AUD,1Y,3M BBSW,0.18481838414218807
2020-08-03,AUD,1Y,3M BBSW,0.12873903345944607
2020-10-05,AUD,1Y,3M BBSW,7.6985300461363
2020-12-25,AUD,1Y,3M BBSW,2.0067112259569786
2020-12-28,AUD,1Y,3M BBSW,2.1063081235582395
2021-01-01,AUD,1Y,3M BBSW,2.339177282262617
2021-01-26,AUD,1Y,3M BBSW,2.440434126375891
2021-04-02,AUD,1Y,3M BBSW,7.908853798631648
2021-04-05,AUD,1Y,3M BBSW,7.164477946779312
2021-06-14,AUD,1Y,3M BBSW,4.948196795365142
2021-08-02,AUD,1Y,3M BBSW,4.880463264988447
2021-10-04,AUD,1Y,3M BBSW,7.284067280619014
2021-12-27,AUD,1Y,3M BBSW,0.343202745563728
2021-12-28,AUD,1Y,3M BBSW,0.3455195976686086
2022-01-03,AUD,1Y,3M BBSW,0.41480484803381723
2022-01-26,AUD,1Y,3M BBSW,0.6230293004383485
2022-04-15,AUD,1Y,3M BBSW,1.4966828755754311
2022-04-18,AUD,1Y,3M BBSW,1.4588998615400963
2022-04-25,AUD,1Y,3M BBSW,1.8631834475646967
2022-06-13,AUD,1Y,3M BBSW,3.2710618750531375
2022-08-01,AUD,1Y,3M BBSW,3.0616093820297445
2022-09-22,AUD,1Y,3M BBSW,3.748287351182536
2022-10-03,AUD,1Y,3M BBSW,3.439637747837244
2022-12-26,AUD,1Y,3M BBSW,3.7456607454695243
2022-12-27,AUD,1Y,3M BBSW,3.7895322482945013
2023-01-02,AUD,1Y,3M BBSW,3.847249419764557
2023-01-26,AUD,1Y,3M BBSW,3.7082400863661777
2023-04-07,AUD,1Y,3M BBSW,3.471867326666621
2023-04-10,AUD,1Y,3M BBSW,3.528488532133804
2023-04-25,AUD,1Y,3M BBSW,3.6758028952332253
2023-06-02,AUD,1Y,3M BBSW,4.082615348646917
2023-06-12,AUD,1Y,3M BBSW,4.495388060161572
2023-06-16,AUD,1Y,3M BBSW,4.655491205563072
2023-06-23,AUD,1Y,3M BBSW,4.599026890994812
2023-07-26,AUD,1Y,3M BBSW,4.508085916951503
2023-08-07,AUD,1Y,3M BBSW,4.263772597031765
2023-08-29,AUD,1Y,3M BBSW,4.260669526049219
2023-10-02,AUD,1Y,3M BBSW,4.37715141182442
2023-10-06,AUD,1Y,3M BBSW,4.235501602839181
2023-10-13,AUD,1Y,3M BBSW,4.244092138924024
2023-10-27,AUD,1Y,3M BBSW,4.4734909493758375
2023-12-08,AUD,1Y,3M BBSW,4.3065248920931545
2023-12-25,AUD,1Y,3M BBSW,4.209970514522545
2023-12-26,AUD,1Y,3M BBSW,4.190178134404995
2024-01-01,AUD,1Y,3M BBSW,4.190135355993655
2024-01-26,AUD,1Y,3M BBSW,4.170316280152996
2024-03-29,AUD,1Y,3M BBSW,4.192870259478855
2024-04-01,AUD,1Y,3M BBSW,4.208803654000441
2024-04-05,AUD,1Y,3M BBSW,4.215472421192104
2024-04-25,AUD,1Y,3M BBSW,4.480643125906634
2024-06-10,AUD,1Y,3M BBSW,4.374302732018722
2024-06-25,AUD,1Y,3M BBSW,4.472659410451419
2024-07-25,AUD,1Y,3M BBSW,4.380433724475927
2024-08-05,AUD,1Y,3M BBSW,4.085638496747484
2024-08-28,AUD,1Y,3M BBSW,4.025090776477397
2024-10-07,AUD,1Y,3M BBSW,4.1030922855749195
2024-10-18,AUD,1Y,3M BBSW,4.2250100594139335
2024-10-25,AUD,1Y,3M BBSW,4.166657448509463
2024-12-25,AUD,1Y,3M BBSW,4.0127599157998715
2024-12-26,AUD,1Y,3M BBSW,3.9941389820834607
2025-01-01,AUD,1Y,3M BBSW,3.9999656541288195
2025-01-27,AUD,1Y,3M BBSW,3.9829667373898245
2025-03-31,AUD,1Y,3M BBSW,3.572893477371275
2025-04-01,AUD,1Y,3M BBSW,3.5117066207953935
2025-04-02,AUD,1Y,3M BBSW,3.4702866324979924
2025-04-03,AUD,1Y,3M BBSW,3.4584682256648214
2025-04-18,AUD,1Y,3M BBSW,3.408037193468628
2025-04-21,AUD,1Y,3M BBSW,3.3892478649934903
2025-04-25,AUD,1Y,3M BBSW,3.3483232603523536
2025-06-09,AUD,1Y,3M BBSW,3.3674773203395825
2025-08-04,AUD,1Y,3M BBSW,3.3249481872886752
2025-10-06,AUD,1Y,3M BBSW,3.4517790963574817
2022-04-15,AUD,21M,3M BBSW,2.2107542142684182
2022-04-18,AUD,21M,3M BBSW,2.1697894334737424
2022-04-25,AUD,21M,3M BBSW,2.6082276983143533
2022-06-13,AUD,21M,3M BBSW,3.724465209237895
2022-08-01,AUD,21M,3M BBSW,3.08704577839853
2022-09-22,AUD,21M,3M BBSW,3.927715255964238
2022-10-03,AUD,21M,3M BBSW,3.5937862482986893
2022-12-26,AUD,21M,3M BBSW,3.926513343444385
2022-12-27,AUD,21M,3M BBSW,3.948351001307051
2023-01-02,AUD,21M,3M BBSW,4.010499369846836
2023-01-26,AUD,21M,3M BBSW,3.7154003047932616
2023-04-07,AUD,21M,3M BBSW,3.364319101933643
2023-04-10,AUD,21M,3M BBSW,3.401303893990092
2023-04-25,AUD,21M,3M BBSW,3.564912967673391
2023-06-02,AUD,21M,3M BBSW,3.951030360980892
2023-06-12,AUD,21M,3M BBSW,4.406409338054946
2023-06-16,AUD,21M,3M BBSW,4.554994867049537
2023-06-23,AUD,21M,3M BBSW,4.540838888765001
2023-07-26,AUD,21M,3M BBSW,4.464361969864017
2023-08-07,AUD,21M,3M BBSW,4.171164733391999
2023-08-29,AUD,21M,3M BBSW,4.2068238843841455
2023-10-02,AUD,21M,3M BBSW,4.385002225536293
2023-10-06,AUD,21M,3M BBSW,4.2478121592306275
2023-10-13,AUD,21M,3M BBSW,4.226999955681294
2023-10-27,AUD,21M,3M BBSW,4.499787298277489
2023-12-08,AUD,21M,3M BBSW,4.234698867622494
2023-12-25,AUD,21M,3M BBSW,3.977035040911408
2023-12-26,AUD,21M,3M BBSW,3.9554597217189387
2024-01-01,AUD,21M,3M BBSW,4.006600588851739
2024-01-26,AUD,21M,3M BBSW,4.022292324538837
2024-03-29,AUD,21M,3M BBSW,4.001222458165907
2024-04-01,AUD,21M,3M BBSW,4.0415197940043
2024-04-05,AUD,21M,3M BBSW,4.047374936451044
2024-04-25,AUD,21M,3M BBSW,4.408899958607997
2024-06-10,AUD,21M,3M BBSW,4.2795039855429975
2024-06-25,AUD,21M,3M BBSW,4.377635080392153
2024-07-25,AUD,21M,3M BBSW,4.21913094393963
2024-08-05,AUD,21M,3M BBSW,3.862121513358705
2024-08-28,AUD,21M,3M BBSW,3.760998754421526
2024-10-07,AUD,21M,3M BBSW,3.8857582816263587
2024-10-18,AUD,21M,3M BBSW,4.032342060736773
2024-10-25,AUD,21M,3M BBSW,3.984442757729012
2024-12-25,AUD,21M,3M BBSW,3.8741440303170878
2024-12-26,AUD,21M,3M BBSW,3.863955605317584
2025-01-01,AUD,21M,3M BBSW,3.856225297679684
2025-01-27,AUD,21M,3M BBSW,3.8831027469249073
2025-03-31,AUD,21M,3M BBSW,3.4852467025386886
2025-04-01,AUD,21M,3M BBSW,3.412364977347643
2025-04-02,AUD,21M,3M BBSW,3.3586788442800364
2025-04-03,AUD,21M,3M BBSW,3.338350353819592
2025-04-18,AUD,21M,3M BBSW,3.255216483665752
2025-04-21,AUD,21M,3M BBSW,3.224968463377933
2025-04-25,AUD,21M,3M BBSW,3.185466475063023
2025-06-09,AUD,21M,3M BBSW,3.2927575981333583
2025-08-04,AUD,21M,3M BBSW,3.26872989884349
2025-10-06,AUD,21M,3M BBSW,3.447927806376487
2018-06-11,AUD,2Y,3M BBSW,2.108363392061457
2018-08-06,AUD,2Y,3M BBSW,2.0905747876397625
2018-10-01,AUD,2Y,3M BBSW,2.0469485183902925
2018-12-25,AUD,2Y,3M BBSW,1.9283999595136145
2018-12-26,AUD,2Y,3M BBSW,1.933773721102568
2019-01-01,AUD,2Y,3M BBSW,1.9009907157609043
2019-01-28,AUD,2Y,3M BBSW,1.8583316864289139
2019-04-19,AUD,2Y,3M BBSW,1.5646262684198455
2019-04-22,AUD,2Y,3M BBSW,1.5997697552813093
2019-04-25,AUD,2Y,3M BBSW,1.3049595831556946
2019-06-10,AUD,2Y,3M BBSW,1.1412811741119089
2019-08-05,AUD,2Y,3M BBSW,0.7257783732754477
2019-10-07,AUD,2Y,3M BBSW,0.6151005469724361
2019-12-25,AUD,2Y,3M BBSW,0.8891818292460749
2019-12-26,AUD,2Y,3M BBSW,0.8917816799778908
2020-01-01,AUD,2Y,3M BBSW,0.9139605872798591
2020-01-27,AUD,2Y,3M BBSW,0.581126029585738
2020-04-10,AUD,2Y,3M BBSW,0.3293900489525684
2020-04-13,AUD,2Y,3M BBSW,0.31881501437219706
2020-06-08,AUD,2Y,3M BBSW,0.19821772232164483
2020-08-03,AUD,2Y,3M BBSW,0.16200664962090844
2020-10-05,AUD,2Y,3M BBSW,0.11704170927204591
2020-12-25,AUD,2Y,3M BBSW,8.48116557438758
2020-12-28,AUD,2Y,3M BBSW,7.272761918700777
2021-01-01,AUD,2Y,3M BBSW,7.271920795486605
2021-01-26,AUD,2Y,3M BBSW,7.843021922130375
2021-04-02,AUD,2Y,3M BBSW,0.17384850943345292
2021-04-05,AUD,2Y,3M BBSW,0.16889078171740068
2021-06-14,AUD,2Y,3M BBSW,0.13667871847755297
2021-08-02,AUD,2Y,3M BBSW,0.18331104351721
2021-10-04,AUD,2Y,3M BBSW,0.2667454592729883
2021-12-27,AUD,2Y,3M BBSW,0.8535804319397721
2021-12-28,AUD,2Y,3M BBSW,0.8519008049653825
2022-01-03,AUD,2Y,3M BBSW,0.9423972949420305
2022-01-26,AUD,2Y,3M BBSW,1.2357153247738006
2022-04-15,AUD,2Y,3M BBSW,2.2945790733572093
2022-04-18,AUD,2Y,3M BBSW,2.3067364427292936
2022-04-25,AUD,2Y,3M BBSW,2.782346120778808
2022-06-13,AUD,2Y,3M BBSW,3.6371342431384353
2022-08-01,AUD,2Y,3M BBSW,3.042267109790287
2022-09-22,AUD,2Y,3M BBSW,3.923062893417258
2022-10-03,AUD,2Y,3M BBSW,3.648128339783353
2022-12-26,AUD,2Y,3M BBSW,3.967667570936145
2022-12-27,AUD,2Y,3M BBSW,3.98439863115976
2023-01-02,AUD,2Y,3M BBSW,4.044203537240871
2023-01-26,AUD,2Y,3M BBSW,3.709556254881047
2023-04-07,AUD,2Y,3M BBSW,3.3342003563261198
2023-04-10,AUD,2Y,3M BBSW,3.3770895164464783
2023-04-25,AUD,2Y,3M BBSW,3.5335024977447977
2023-06-02,AUD,2Y,3M BBSW,3.884885702706016
2023-06-12,AUD,2Y,3M BBSW,4.346251828773529
2023-06-16,AUD,2Y,3M BBSW,4.513223542251599
2023-06-23,AUD,2Y,3M BBSW,4.51144899386494
2023-07-26,AUD,2Y,3M BBSW,4.442105009341528
2023-08-07,AUD,2Y,3M BBSW,4.1273932678217555
2023-08-29,AUD,2Y,3M BBSW,4.165076463730119
2023-10-02,AUD,2Y,3M BBSW,4.353524499825808
2023-10-06,AUD,2Y,3M BBSW,4.2158490895718375
2023-10-13,AUD,2Y,3M BBSW,4.217157031234128
2023-10-27,AUD,2Y,3M BBSW,4.510709270275723
2023-12-08,AUD,2Y,3M BBSW,4.188384069334356
2023-12-25,AUD,2Y,3M BBSW,3.929327185266138
2023-12-26,AUD,2Y,3M BBSW,3.903195520728649
2024-01-01,AUD,2Y,3M BBSW,3.956220233535467
2024-01-26,AUD,2Y,3M BBSW,3.9832704578357228
2024-03-29,AUD,2Y,3M BBSW,3.9307432895839467
2024-04-01,AUD,2Y,3M BBSW,3.9922911119488065
2024-04-05,AUD,2Y,3M BBSW,4.00037587516216
2024-04-25,AUD,2Y,3M BBSW,4.397048981437553
2024-06-10,AUD,2Y,3M BBSW,4.248466852227994
2024-06-25,AUD,2Y,3M BBSW,4.339274598370139
2024-07-25,AUD,2Y,3M BBSW,4.160348150887969
2024-08-05,AUD,2Y,3M BBSW,3.80983351579567
2024-08-28,AUD,2Y,3M BBSW,3.6795630845925418
2024-10-07,AUD,2Y,3M BBSW,3.8437405729526306
2024-10-18,AUD,2Y,3M BBSW,3.9803573951572697
2024-10-25,AUD,2Y,3M BBSW,3.9332439537572523
2024-12-25,AUD,2Y,3M BBSW,3.8591905707117147
2024-12-26,AUD,2Y,3M BBSW,3.8438629518326923
2025-01-01,AUD,2Y,3M BBSW,3.825149555811986
2025-01-27,AUD,2Y,3M BBSW,3.877969822318246
2025-03-31,AUD,2Y,3M BBSW,3.454738525365439
2025-04-01,AUD,2Y,3M BBSW,3.3810067559134636
2025-04-02,AUD,2Y,3M BBSW,3.3285520460226237
2025-04-03,AUD,2Y,3M BBSW,3.311741852405356
2025-04-18,AUD,2Y,3M BBSW,3.2271686710495358
2025-04-21,AUD,2Y,3M BBSW,3.1968664556687427
2025-04-25,AUD,2Y,3M BBSW,3.1622124704512125
2025-06-09,AUD,2Y,3M BBSW,3.2975394573961454
2025-08-04,AUD,2Y,3M BBSW,3.254487026710236
2025-10-06,AUD,2Y,3M BBSW,3.4591967724971155
2025-01-27,AUD,30M,3M BBSW,3.871316087185364
2025-03-31,AUD,30M,3M BBSW,3.4191091018430138
2025-04-01,AUD,30M,3M BBSW,3.3399299785851158
2025-04-02,AUD,30M,3M BBSW,3.28694854323938
2025-04-03,AUD,30M,3M BBSW,3.2752739836885967
2025-04-18,AUD,30M,3M BBSW,3.2442743267378664
2025-04-21,AUD,30M,3M BBSW,3.2109674997260482
2025-04-25,AUD,30M,3M BBSW,3.179577997656731
2025-06-09,AUD,30M,3M BBSW,3.330932103555098
2025-08-04,AUD,30M,3M BBSW,3.2511026229762816
2025-10-06,AUD,30M,3M BBSW,3.483235893731133
2023-03-24,AUD,3M,3M BBSW,3.696664326582228
2023-04-07,AUD,3M,3M BBSW,3.649013556779638
2023-04-10,AUD,3M,3M BBSW,3.656459440565057
2023-04-25,AUD,3M,3M BBSW,3.6856235571954805
2023-06-12,AUD,3M,3M BBSW,4.214864051256663
2023-08-07,AUD,3M,3M BBSW,4.179543514488531
2023-10-02,AUD,3M,3M BBSW,4.161547670061105
2023-12-25,AUD,3M,3M BBSW,4.373844842982359
2023-12-26,AUD,3M,3M BBSW,4.370172706065228
2024-01-01,AUD,3M,3M BBSW,4.355810361580629
2024-01-26,AUD,3M,3M BBSW,4.355828068958274
2024-03-29,AUD,3M,3M BBSW,4.343695174122274
2024-04-01,AUD,3M,3M BBSW,4.336686316654902
2024-04-25,AUD,3M,3M BBSW,4.389957254512802
2024-06-10,AUD,3M,3M BBSW,4.358371558214457
2024-08-05,AUD,3M,3M BBSW,4.346305571006046
2024-10-07,AUD,3M,3M BBSW,4.422472540096495
2024-12-25,AUD,3M,3M BBSW,4.431888031019643
2024-12-26,AUD,3M,3M BBSW,4.431527648422152
2025-01-01,AUD,3M,3M BBSW,4.408563130420391
2025-01-27,AUD,3M,3M BBSW,4.283643778662702
2025-04-18,AUD,3M,3M BBSW,4.0081556545862105
2025-04-21,AUD,3M,3M BBSW,3.9686534379417187
2025-04-25,AUD,3M,3M BBSW,3.9047998906254757
2025-06-09,AUD,3M,3M BBSW,3.7021949579235693
2025-08-04,AUD,3M,3M BBSW,3.6732268127236374
2025-10-06,AUD,3M,3M BBSW,3.5866863522839916
2018-06-11,AUD,3Y,3M BBSW,2.2419082393354484
2018-08-06,AUD,3Y,3M BBSW,2.169765711345045
2018-10-01,AUD,3Y,3M BBSW,2.12877208436573
2018-12-25,AUD,3Y,3M BBSW,1.952653108946403
2018-12-26,AUD,3Y,3M BBSW,1.956897227506622
2019-01-01,AUD,3Y,3M BBSW,1.9165012667078862
2019-01-28,AUD,3Y,3M BBSW,1.869339167706106
2019-04-19,AUD,3Y,3M BBSW,1.5853415474742898
2019-04-22,AUD,3Y,3M BBSW,1.6110355366415494
2019-04-25,AUD,3Y,3M BBSW,1.323129369671028
2019-06-10,AUD,3Y,3M BBSW,1.1479873342430051
2019-08-05,AUD,3Y,3M BBSW,0.7198862909091132
2019-10-07,AUD,3Y,3M BBSW,0.6088495920157582
2019-12-25,AUD,3Y,3M BBSW,0.9341305148826784
2019-12-26,AUD,3Y,3M BBSW,0.9417561167497529
2020-01-01,AUD,3Y,3M BBSW,0.9751432787372987
2020-01-27,AUD,3Y,3M BBSW,0.6121956841337441
2020-04-10,AUD,3Y,3M BBSW,0.3797812985283415
2020-04-13,AUD,3Y,3M BBSW,0.371397449658904
2020-06-08,AUD,3Y,3M BBSW,0.2796032689572422
2020-08-03,AUD,3Y,3M BBSW,0.19712824552642502
2020-10-05,AUD,3Y,3M BBSW,0.15473446811153416
2020-12-25,AUD,3Y,3M BBSW,0.15855510682897858
2020-12-28,AUD,3Y,3M BBSW,0.14527973876162256
2021-01-01,AUD,3Y,3M BBSW,0.14793515839298926
2021-01-26,AUD,3Y,3M BBSW,0.1575911679571313
2021-04-02,AUD,3Y,3M BBSW,0.3297571234835424
2021-04-05,AUD,3Y,3M BBSW,0.3367367402938548
2021-06-14,AUD,3Y,3M BBSW,0.32191434345363656
2021-08-02,AUD,3Y,3M BBSW,0.34027472069388204
2021-10-04,AUD,3Y,3M BBSW,0.5396426372925526
2021-12-27,AUD,3Y,3M BBSW,1.1683668012911645
2021-12-28,AUD,3Y,3M BBSW,1.176739324305061
2022-01-03,AUD,3Y,3M BBSW,1.2924462783883957
2022-01-26,AUD,3Y,3M BBSW,1.6156954859506811
2022-04-15,AUD,3Y,3M BBSW,2.5241423322436383
2022-04-18,AUD,3Y,3M BBSW,2.5314710042349042
2022-04-25,AUD,3Y,3M BBSW,2.9764103767466397
2022-06-13,AUD,3Y,3M BBSW,3.7813492837256795
2022-08-01,AUD,3Y,3M BBSW,2.9893432749723385
2022-09-22,AUD,3Y,3M BBSW,3.9384808937931144
2022-10-03,AUD,3Y,3M BBSW,3.714594782366672
2022-12-26,AUD,3Y,3M BBSW,3.9435192818532383
2022-12-27,AUD,3Y,3M BBSW,3.9791784125686314
2023-01-02,AUD,3Y,3M BBSW,4.015492746404708
2023-01-26,AUD,3Y,3M BBSW,3.636079253942675
2023-04-07,AUD,3Y,3M BBSW,3.197795258240068
2023-04-10,AUD,3Y,3M BBSW,3.2596326483078175
2023-04-25,AUD,3Y,3M BBSW,3.4342932942692186
2023-06-02,AUD,3Y,3M BBSW,3.748445217087484
2023-06-12,AUD,3Y,3M BBSW,4.196480818019396
2023-06-16,AUD,3Y,3M BBSW,4.330462975192013
2023-06-23,AUD,3Y,3M BBSW,4.34714949228798
2023-07-26,AUD,3Y,3M BBSW,4.312715950378572
2023-08-07,AUD,3Y,3M BBSW,3.94513427040454
2023-08-29,AUD,3Y,3M BBSW,4.058092978965571
2023-10-02,AUD,3Y,3M BBSW,4.306403196835195
2023-10-06,AUD,3Y,3M BBSW,4.207746015605063
2023-10-13,AUD,3Y,3M BBSW,4.178813880920213
2023-10-27,AUD,3Y,3M BBSW,4.501317438271487
2023-12-08,AUD,3Y,3M BBSW,4.091856202111589
2023-12-25,AUD,3Y,3M BBSW,3.7936708277860722
2023-12-26,AUD,3Y,3M BBSW,3.7670669694835848
2024-01-01,AUD,3Y,3M BBSW,3.8312745656464484
2024-01-26,AUD,3Y,3M BBSW,3.884269915450705
2024-03-29,AUD,3Y,3M BBSW,3.8273951340088446
2024-04-01,AUD,3Y,3M BBSW,3.87640490523233
2024-04-05,AUD,3Y,3M BBSW,3.916239797950756
2024-04-25,AUD,3Y,3M BBSW,4.314840316858181
2024-06-10,AUD,3Y,3M BBSW,4.121274654827612
2024-06-25,AUD,3Y,3M BBSW,4.2467975423966005
2024-07-25,AUD,3Y,3M BBSW,4.0281589031277605
2024-08-05,AUD,3Y,3M BBSW,3.7070369371624166
2024-08-28,AUD,3Y,3M BBSW,3.559456314704837
2024-10-07,AUD,3Y,3M BBSW,3.771935666752219
2024-10-18,AUD,3Y,3M BBSW,3.938867722087438
2024-10-25,AUD,3Y,3M BBSW,3.893588880415534
2024-12-25,AUD,3Y,3M BBSW,3.8475938209223672
2024-12-26,AUD,3Y,3M BBSW,3.8202385956263614
2025-01-01,AUD,3Y,3M BBSW,3.784222957066278
2025-01-27,AUD,3Y,3M BBSW,3.8633029172944697
2025-03-31,AUD,3Y,3M BBSW,3.384844500769079
2025-04-01,AUD,3Y,3M BBSW,3.302715279874766
2025-04-02,AUD,3Y,3M BBSW,3.252317938785691
2025-04-03,AUD,3Y,3M BBSW,3.2497878024842426
2025-04-18,AUD,3Y,3M BBSW,3.24935353319816
2025-04-21,AUD,3Y,3M BBSW,3.2119911318809757
2025-04-25,AUD,3Y,3M BBSW,3.195727127814816
2025-06-09,AUD,3Y,3M BBSW,3.359910324146743
2025-08-04,AUD,3Y,3M BBSW,3.258421940079099
2025-10-06,AUD,3Y,3M BBSW,3.5088489528112743
2023-04-07,AUD,9M,3M BBSW,3.505800746577291
2023-04-10,AUD,9M,3M BBSW,3.561740855643193
2023-04-25,AUD,9M,3M BBSW,3.6620720428023854
2023-06-02,AUD,9M,3M BBSW,4.138166282271047
2023-06-12,AUD,9M,3M BBSW,4.4586896044451105
2023-06-16,AUD,9M,3M BBSW,4.609580454344536
2023-06-23,AUD,9M,3M BBSW,4.6036289006671405
2023-07-26,AUD,9M,3M BBSW,4.462035528445116
2023-08-07,AUD,9M,3M BBSW,4.255645376189313
2023-08-29,AUD,9M,3M BBSW,4.252542228644997
2023-10-02,AUD,9M,3M BBSW,4.343640213657741
2023-10-06,AUD,9M,3M BBSW,4.25893392826955
2023-10-13,AUD,9M,3M BBSW,4.260237175822313
2023-10-27,AUD,9M,3M BBSW,4.473301565935459
2023-12-08,AUD,9M,3M BBSW,4.324282227047124
2023-12-25,AUD,9M,3M BBSW,4.291954442501612
2023-12-26,AUD,9M,3M BBSW,4.27267963423562
2024-01-01,AUD,9M,3M BBSW,4.269595390304222
2024-01-26,AUD,9M,3M BBSW,4.278193636006167
2024-03-29,AUD,9M,3M BBSW,4.212725438982365
2024-04-01,AUD,9M,3M BBSW,4.253332958754591
2024-04-05,AUD,9M,3M BBSW,4.23784390020587
2024-04-25,AUD,9M,3M BBSW,4.475711393416221
2024-06-10,AUD,9M,3M BBSW,4.412147738059515
2024-06-25,AUD,9M,3M BBSW,4.485553443659777
2024-07-25,AUD,9M,3M BBSW,4.430930000210098
2024-08-05,AUD,9M,3M BBSW,4.207693709859302
2024-08-28,AUD,9M,3M BBSW,4.16139497592121
2024-10-07,AUD,9M,3M BBSW,4.208094611283814
2024-10-18,AUD,9M,3M BBSW,4.294773665410136
2024-10-25,AUD,9M,3M BBSW,4.2388554410143024
2024-12-25,AUD,9M,3M BBSW,4.096116277482566
2024-12-26,AUD,9M,3M BBSW,4.07510693640953
2025-01-01,AUD,9M,3M BBSW,4.081057560525776
2025-01-27,AUD,9M,3M BBSW,4.073226351421559
2025-03-31,AUD,9M,3M BBSW,3.7354760892540146
2025-04-01,AUD,9M,3M BBSW,3.6782859687434715
2025-04-02,AUD,9M,3M BBSW,3.6329711426307387
2025-04-03,AUD,9M,3M BBSW,3.6108430210648086
2025-04-18,AUD,9M,3M BBSW,3.488790293212465
2025-04-21,AUD,9M,3M BBSW,3.502125090027591
2025-04-25,AUD,9M,3M BBSW,3.425717368425584
2025-06-09,AUD,9M,3M BBSW,3.4564058965110966
2025-08-04,AUD,9M,3M BBSW,3.3942713824846806
2025-10-06,AUD,9M,3M BBSW,3.488751981914837
2025-12-05,AUD,6M,3M BBSW,3.7195
2025-12-04,AUD,6M,3M BBSW,3.717799999999078
2025-12-03,AUD,6M,3M BBSW,3.70719999999958
2025-12-02,AUD,6M,3M BBSW,3.688199999999951
2025-12-01,AUD,6M,3M BBSW,3.680300000000028
2025-11-28,AUD,6M,3M BBSW,3.673518493054853
2025-11-27,AUD,6M,3M BBSW,3.673699999999982
2025-11-26,AUD,6M,3M BBSW,3.664100000000006
2025-11-25,AUD,6M,3M BBSW,3.628900000000004
2025-11-24,AUD,6M,3M BBSW,3.631699999999981
2025-11-21,AUD,6M,3M BBSW,3.622299999999982
2025-11-20,AUD,6M,3M BBSW,3.620100000000016
2025-11-19,AUD,6M,3M BBSW,3.62290000000002
2025-11-18,AUD,6M,3M BBSW,3.613700000000005
2025-11-17,AUD,6M,3M BBSW,3.632900000000009
2025-11-14,AUD,6M,3M BBSW,3.628509971378804
2025-12-05,AUD,9M,3M BBSW,3.7728
2025-12-04,AUD,9M,3M BBSW,3.769699999999676
2025-12-03,AUD,9M,3M BBSW,3.753599999999764
2025-12-02,AUD,9M,3M BBSW,3.722699999999936
2025-12-01,AUD,9M,3M BBSW,3.705899301406074
2025-11-28,AUD,9M,3M BBSW,3.692878152595574
2025-11-27,AUD,9M,3M BBSW,3.691499999999996
2025-11-26,AUD,9M,3M BBSW,3.672799999999982
2025-11-25,AUD,9M,3M BBSW,3.628100000000014
2025-11-24,AUD,9M,3M BBSW,3.625400000000016
2025-11-21,AUD,9M,3M BBSW,3.612596956073215
2025-11-20,AUD,9M,3M BBSW,3.61309999999999
2025-11-19,AUD,9M,3M BBSW,3.6186
2025-11-18,AUD,9M,3M BBSW,3.600499999999997
2025-11-17,AUD,9M,3M BBSW,3.626699999999996
2025-11-14,AUD,9M,3M BBSW,3.624602996985581
2025-12-05,AUD,1Y,3M BBSW,3.8264
2025-12-04,AUD,1Y,3M BBSW,3.823499999999867
2025-12-03,AUD,1Y,3M BBSW,3.801399999999914
2025-12-02,AUD,1Y,3M BBSW,3.761799999999947
2025-12-01,AUD,1Y,3M BBSW,3.736200180354848
2025-11-28,AUD,1Y,3M BBSW,3.715619534013415
2025-11-27,AUD,1Y,3M BBSW,3.7122
2025-11-26,AUD,1Y,3M BBSW,3.689200000000001
2025-11-25,AUD,1Y,3M BBSW,3.627899999990568
2025-11-24,AUD,1Y,3M BBSW,3.622900000000009
2025-11-21,AUD,1Y,3M BBSW,3.608789830502529
2025-11-20,AUD,1Y,3M BBSW,3.610600000000025
2025-11-19,AUD,1Y,3M BBSW,3.617000000000011
2025-11-18,AUD,1Y,3M BBSW,3.595100000000016
2025-11-17,AUD,1Y,3M BBSW,3.624400000000021
2025-11-14,AUD,1Y,3M BBSW,3.62349578191139
2025-12-05,AUD,18M,3M BBSW,3.8949
2025-12-04,AUD,18M,3M BBSW,3.895299999999999
2025-12-03,AUD,18M,3M BBSW,3.870199999999999
2025-12-02,AUD,18M,3M BBSW,3.826400000000012
2025-12-01,AUD,18M,3M BBSW,3.787199325119722
2025-11-28,AUD,18M,3M BBSW,3.759331483717193
2025-11-27,AUD,18M,3M BBSW,3.751700000000004
2025-11-26,AUD,18M,3M BBSW,3.727100000000006
2025-11-25,AUD,18M,3M BBSW,3.648000000000008
2025-11-24,AUD,18M,3M BBSW,3.641199999999997
2025-11-21,AUD,18M,3M BBSW,3.626895542903491
2025-11-20,AUD,18M,3M BBSW,3.6311
2025-11-19,AUD,18M,3M BBSW,3.637600000000005
2025-11-18,AUD,18M,3M BBSW,3.609800000000009
2025-11-17,AUD,18M,3M BBSW,3.644700000000003
2025-11-14,AUD,18M,3M BBSW,3.642098413006539
2025-12-05,AUD,2Y,3M BBSW,3.9433
2025-12-04,AUD,2Y,3M BBSW,3.945000000000009
2025-12-03,AUD,2Y,3M BBSW,3.922800000000012
2025-12-02,AUD,2Y,3M BBSW,3.878500000000009
2025-12-01,AUD,2Y,3M BBSW,3.836499946691299
2025-11-28,AUD,2Y,3M BBSW,3.799797259295416
2025-11-27,AUD,2Y,3M BBSW,3.789900000000006
2025-11-26,AUD,2Y,3M BBSW,3.765400000000017
2025-11-25,AUD,2Y,3M BBSW,3.677900000000005
2025-11-24,AUD,2Y,3M BBSW,3.669300000000011
2025-11-21,AUD,2Y,3M BBSW,3.664890074195783
2025-11-20,AUD,2Y,3M BBSW,3.657800000000007
2025-11-19,AUD,2Y,3M BBSW,3.667700000000012
2025-11-18,AUD,2Y,3M BBSW,3.635600000000008
2025-11-17,AUD,2Y,3M BBSW,3.677500000000002
2025-11-14,AUD,2Y,3M BBSW,3.670692621452938
2025-12-05,AUD,3Y,3M BBSW,4.0262
2025-12-04,AUD,3Y,3M BBSW,4.0409999999854
2025-12-03,AUD,3Y,3M BBSW,4.009200000002794
2025-12-02,AUD,3Y,3M BBSW,3.968900000003293
2025-12-01,AUD,3Y,3M BBSW,3.922403017644912
2025-11-28,AUD,3Y,3M BBSW,3.876663895303468
2025-11-27,AUD,3Y,3M BBSW,3.865300000003484
2025-11-26,AUD,3Y,3M BBSW,3.845600000002494
2025-11-25,AUD,3Y,3M BBSW,3.758899999984124
2025-11-24,AUD,3Y,3M BBSW,3.743399999968634
2025-11-21,AUD,3Y,3M BBSW,3.733793853425454
2025-11-20,AUD,3Y,3M BBSW,3.725099999987588
2025-11-19,AUD,3Y,3M BBSW,3.74969999997835
2025-11-18,AUD,3Y,3M BBSW,3.710799999967197
2025-11-17,AUD,3Y,3M BBSW,3.762499999977568
2025-11-14,AUD,3Y,3M BBSW,3.754695285663844
2025-12-05,AUD,4Y,3M BBSW,4.1078
2025-12-04,AUD,4Y,3M BBSW,4.120199999999979
2025-12-03,AUD,4Y,3M BBSW,4.084899999976264
2025-12-02,AUD,4Y,3M BBSW,4.052999999977992
2025-12-01,AUD,4Y,3M BBSW,4.010601971144175
2025-11-28,AUD,4Y,3M BBSW,3.951271390776359
2025-11-27,AUD,4Y,3M BBSW,3.939499999977565
2025-11-26,AUD,4Y,3M BBSW,3.922700000000082
2025-11-25,AUD,4Y,3M BBSW,3.840600000000076
2025-11-24,AUD,4Y,3M BBSW,3.822899999972831
2025-11-21,AUD,4Y,3M BBSW,3.818894758543095
2025-11-20,AUD,4Y,3M BBSW,3.809100000000091
2025-11-19,AUD,4Y,3M BBSW,3.83700000000005
2025-11-18,AUD,4Y,3M BBSW,3.795699999975255
2025-11-17,AUD,4Y,3M BBSW,3.852700000000106
2025-11-14,AUD,4Y,3M BBSW,3.837196353673394
2025-12-05,AUD,5Y,3M BBSW,4.1868
2025-12-04,AUD,5Y,3M BBSW,4.196899999992751
2025-12-03,AUD,5Y,3M BBSW,4.158799999989913
2025-12-02,AUD,5Y,3M BBSW,4.132899999990245
2025-12-01,AUD,5Y,3M BBSW,4.094299427606597
2025-11-28,AUD,5Y,3M BBSW,4.024176206855583
2025-11-27,AUD,5Y,3M BBSW,4.010799999995371
2025-11-26,AUD,5Y,3M BBSW,3.99929999999465
2025-11-25,AUD,5Y,3M BBSW,3.924799999996035
2025-11-24,AUD,5Y,3M BBSW,3.905899999992023
2025-11-21,AUD,5Y,3M BBSW,3.9105977989279
2025-11-20,AUD,5Y,3M BBSW,3.899700000020653
2025-11-19,AUD,5Y,3M BBSW,3.929000000001945
2025-11-18,AUD,5Y,3M BBSW,3.88629999998886
2025-11-17,AUD,5Y,3M BBSW,3.941199999992821
2025-11-14,AUD,5Y,3M BBSW,3.924199163023933
2025-12-05,AUD,6Y,3M BBSW,4.2664
2025-12-04,AUD,6Y,3M BBSW,4.271899999989573
2025-12-03,AUD,6Y,3M BBSW,4.237199999982794
2025-12-02,AUD,6Y,3M BBSW,4.216899999994226
2025-12-01,AUD,6Y,3M BBSW,4.179799740224397
2025-11-28,AUD,6Y,3M BBSW,4.105079360991241
2025-11-27,AUD,6Y,3M BBSW,4.093199999991532
2025-11-26,AUD,6Y,3M BBSW,4.082599999992537
2025-11-25,AUD,6Y,3M BBSW,4.011799999992914
2025-11-24,AUD,6Y,3M BBSW,3.994899999994276
2025-11-21,AUD,6Y,3M BBSW,4.003200815384262
2025-11-20,AUD,6Y,3M BBSW,3.991499999992133
2025-11-19,AUD,6Y,3M BBSW,4.023499999994012
2025-11-18,AUD,6Y,3M BBSW,3.981899999999906
2025-11-17,AUD,6Y,3M BBSW,4.032799999991185
2025-11-14,AUD,6Y,3M BBSW,4.012502142598762
2025-12-05,AUD,7Y,3M BBSW,4.3443
2025-12-04,AUD,7Y,3M BBSW,4.348300000007847
2025-12-03,AUD,7Y,3M BBSW,4.312800000011506
2025-12-02,AUD,7Y,3M BBSW,4.298600000002422
2025-12-01,AUD,7Y,3M BBSW,4.263499892429722
2025-11-28,AUD,7Y,3M BBSW,4.185298651783499
2025-11-27,AUD,7Y,3M BBSW,4.174800000004038
2025-11-26,AUD,7Y,3M BBSW,4.165600000001842
2025-11-25,AUD,7Y,3M BBSW,4.100700000006756
2025-11-24,AUD,7Y,3M BBSW,4.08420000000182
2025-11-21,AUD,7Y,3M BBSW,4.097197474235094
2025-11-20,AUD,7Y,3M BBSW,4.084899999986384
2025-11-19,AUD,7Y,3M BBSW,4.117399999997626
2025-11-18,AUD,7Y,3M BBSW,4.076099999997068
2025-11-17,AUD,7Y,3M BBSW,4.12560000000239
2025-11-14,AUD,7Y,3M BBSW,4.101300483515207
2025-12-05,AUD,8Y,3M BBSW,4.4159
2025-12-04,AUD,8Y,3M BBSW,4.420199999997194
2025-12-03,AUD,8Y,3M BBSW,4.384299999995156
2025-12-02,AUD,8Y,3M BBSW,4.374599999998355
2025-12-01,AUD,8Y,3M BBSW,4.341300081480175
2025-11-28,AUD,8Y,3M BBSW,4.259600133010265
2025-11-27,AUD,8Y,3M BBSW,4.24939999999783
2025-11-26,AUD,8Y,3M BBSW,4.241200000008358
2025-11-25,AUD,8Y,3M BBSW,4.181300000002302
2025-11-24,AUD,8Y,3M BBSW,4.167499999987475
2025-11-21,AUD,8Y,3M BBSW,4.1821985219721
2025-11-20,AUD,8Y,3M BBSW,4.167700000001369
2025-11-19,AUD,8Y,3M BBSW,4.201600000001847
2025-11-18,AUD,8Y,3M BBSW,4.162600000001233
2025-11-17,AUD,8Y,3M BBSW,4.209999999997404
2025-11-14,AUD,8Y,3M BBSW,4.18349993930409
2025-12-05,AUD,9Y,3M BBSW,4.4808
2025-12-04,AUD,9Y,3M BBSW,4.484999999999006
2025-12-03,AUD,9Y,3M BBSW,4.44989999999904
2025-12-02,AUD,9Y,3M BBSW,4.443399999986044
2025-12-01,AUD,9Y,3M BBSW,4.41130168278609
2025-11-28,AUD,9Y,3M BBSW,4.327386566832419
2025-11-27,AUD,9Y,3M BBSW,4.317599999999136
2025-11-26,AUD,9Y,3M BBSW,4.310499999997516
2025-11-25,AUD,9Y,3M BBSW,4.255499999990218
2025-11-24,AUD,9Y,3M BBSW,4.242700000006068
2025-11-21,AUD,9Y,3M BBSW,4.259199245840732
2025-11-20,AUD,9Y,3M BBSW,4.244699999999122
2025-11-19,AUD,9Y,3M BBSW,4.278400000001701
2025-11-18,AUD,9Y,3M BBSW,4.239799999993448
2025-11-17,AUD,9Y,3M BBSW,4.287000000003043
2025-11-14,AUD,9Y,3M BBSW,4.257300605986533
2025-12-05,AUD,10Y,3M BBSW,4.537
2025-12-04,AUD,10Y,3M BBSW,4.540100000005143
2025-12-03,AUD,10Y,3M BBSW,4.504700000004602
2025-12-02,AUD,10Y,3M BBSW,4.503600000004523
2025-12-01,AUD,10Y,3M BBSW,4.472301860421365
2025-11-28,AUD,10Y,3M BBSW,4.387987459398084
2025-11-27,AUD,10Y,3M BBSW,4.377700000004467
2025-11-26,AUD,10Y,3M BBSW,4.372300000002808
2025-11-25,AUD,10Y,3M BBSW,4.320900000003665
2025-11-24,AUD,10Y,3M BBSW,4.309000000002914
2025-11-21,AUD,10Y,3M BBSW,4.328099730058868
2025-11-20,AUD,10Y,3M BBSW,4.314100000004535
2025-11-19,AUD,10Y,3M BBSW,4.347600000002687
2025-11-18,AUD,10Y,3M BBSW,4.308600000003432
2025-11-17,AUD,10Y,3M BBSW,4.354400000003793
2025-11-14,AUD,10Y,3M BBSW,4.322701030250696
2025-12-05,AUD,12Y,3M BBSW,4.6335
2025-12-04,AUD,12Y,3M BBSW,4.636500000003399
2025-12-03,AUD,12Y,3M BBSW,4.603600000002683
2025-12-02,AUD,12Y,3M BBSW,4.607300000003475
2025-12-01,AUD,12Y,3M BBSW,4.5761021415253
2025-11-28,AUD,12Y,3M BBSW,4.491769869694704
2025-11-27,AUD,12Y,3M BBSW,4.48280000000294
2025-11-26,AUD,12Y,3M BBSW,4.476000000002633
2025-11-25,AUD,12Y,3M BBSW,4.431100000003376
2025-11-24,AUD,12Y,3M BBSW,4.419000000003168
2025-11-21,AUD,12Y,3M BBSW,4.440100410923213
2025-11-20,AUD,12Y,3M BBSW,4.428900000003354
2025-11-19,AUD,12Y,3M BBSW,4.461000000002913
2025-11-18,AUD,12Y,3M BBSW,4.422100000003465
2025-11-17,AUD,12Y,3M BBSW,4.464200000003606
2025-11-14,AUD,12Y,3M BBSW,4.428688079824491
2025-12-05,AUD,15Y,3M BBSW,4.7317
2025-12-04,AUD,15Y,3M BBSW,4.73420000000096
2025-12-03,AUD,15Y,3M BBSW,4.703600000001152
2025-12-02,AUD,15Y,3M BBSW,4.712300000001281
2025-12-01,AUD,15Y,3M BBSW,4.68250255197135
2025-11-28,AUD,15Y,3M BBSW,4.599591512753166
2025-11-27,AUD,15Y,3M BBSW,4.590900000001223
2025-11-26,AUD,15Y,3M BBSW,4.586000000001136
2025-11-25,AUD,15Y,3M BBSW,4.546200000001225
2025-11-24,AUD,15Y,3M BBSW,4.535300000001239
2025-11-21,AUD,15Y,3M BBSW,4.556900902165656
2025-11-20,AUD,15Y,3M BBSW,4.54760000000122
2025-11-19,AUD,15Y,3M BBSW,4.581000000001251
2025-11-18,AUD,15Y,3M BBSW,4.540600000001138
2025-11-17,AUD,15Y,3M BBSW,4.576200000001156
2025-11-14,AUD,15Y,3M BBSW,4.536902905161528
2025-12-05,AUD,20Y,3M BBSW,4.8034
2025-12-04,AUD,20Y,3M BBSW,4.804500000000308
2025-12-03,AUD,20Y,3M BBSW,4.780400000000278
2025-12-02,AUD,20Y,3M BBSW,4.790300000000276
2025-12-01,AUD,20Y,3M BBSW,4.762902864951972
2025-11-28,AUD,20Y,3M BBSW,4.681494308708131
2025-11-27,AUD,20Y,3M BBSW,4.673500000007637
2025-11-26,AUD,20Y,3M BBSW,4.666500000007686
2025-11-25,AUD,20Y,3M BBSW,4.632700000007274
2025-11-24,AUD,20Y,3M BBSW,4.623000000007214
2025-11-21,AUD,20Y,3M BBSW,4.643102873767961
2025-11-20,AUD,20Y,3M BBSW,4.635400000006682
2025-11-19,AUD,20Y,3M BBSW,4.66750000000751
2025-11-18,AUD,20Y,3M BBSW,4.627400000007122
2025-11-17,AUD,20Y,3M BBSW,4.656400000007685
2025-11-14,AUD,20Y,3M BBSW,4.617905202368171
2025-12-05,AUD,25Y,3M BBSW,4.7949
2025-12-04,AUD,25Y,3M BBSW,4.795999999997001
2025-12-03,AUD,25Y,3M BBSW,4.774099999997371
2025-12-02,AUD,25Y,3M BBSW,4.782799999997406
2025-12-01,AUD,25Y,3M BBSW,4.75900270812502
2025-11-28,AUD,25Y,3M BBSW,4.676298242843345
2025-11-27,AUD,25Y,3M BBSW,4.669899999997944
2025-11-26,AUD,25Y,3M BBSW,4.662699999997952
2025-11-25,AUD,25Y,3M BBSW,4.630999999998119
2025-11-24,AUD,25Y,3M BBSW,4.622899999998088
2025-11-21,AUD,25Y,3M BBSW,4.647303768570656
2025-11-20,AUD,25Y,3M BBSW,4.636699999998195
2025-11-19,AUD,25Y,3M BBSW,4.667499999997945
2025-11-18,AUD,25Y,3M BBSW,4.625999999998162
2025-11-17,AUD,25Y,3M BBSW,4.651499999998006
2025-11-14,AUD,25Y,3M BBSW,4.61060576028625
2025-12-05,AUD,30Y,3M BBSW,4.7505
2025-12-04,AUD,30Y,3M BBSW,4.751299999994792
2025-12-03,AUD,30Y,3M BBSW,4.734699999995433
2025-12-02,AUD,30Y,3M BBSW,4.744799999995627
2025-12-01,AUD,30Y,3M BBSW,4.72060278097781
2025-11-28,AUD,30Y,3M BBSW,4.637898063740698
2025-11-27,AUD,30Y,3M BBSW,4.635499999996434
2025-11-26,AUD,30Y,3M BBSW,4.628199999996442
2025-11-25,AUD,30Y,3M BBSW,4.598999999996681
2025-11-24,AUD,30Y,3M BBSW,4.590599999996632
2025-11-21,AUD,30Y,3M BBSW,4.617503657026879
2025-11-20,AUD,30Y,3M BBSW,4.608199999996855
2025-11-19,AUD,30Y,3M BBSW,4.635299999996456
2025-11-18,AUD,30Y,3M BBSW,4.594999999996766
2025-11-17,AUD,30Y,3M BBSW,4.617299999996507
2025-11-14,AUD,30Y,3M BBSW,4.578005736369295
2025-12-05,AUD,35Y,3M BBSW,4.7519
2025-12-04,AUD,35Y,3M BBSW,4.752699999999829
2025-12-03,AUD,35Y,3M BBSW,4.736699999999846
2025-12-02,AUD,35Y,3M BBSW,4.746999999993677
2025-12-01,AUD,35Y,3M BBSW,4.7233027051024
2025-11-28,AUD,35Y,3M BBSW,4.640298038783095
2025-11-27,AUD,35Y,3M BBSW,4.637699999994316
2025-11-26,AUD,35Y,3M BBSW,4.63089999999437
2025-11-25,AUD,35Y,3M BBSW,4.602199999994427
2025-11-24,AUD,35Y,3M BBSW,4.593899999993867
2025-11-21,AUD,35Y,3M BBSW,4.621303911502389
2025-11-20,AUD,35Y,3M BBSW,4.61189999999451
2025-11-19,AUD,35Y,3M BBSW,4.638699999993722
2025-11-18,AUD,35Y,3M BBSW,4.598499999994693
2025-11-17,AUD,35Y,3M BBSW,4.620199999994856
2025-11-14,AUD,35Y,3M BBSW,4.580806079852802
